MA_GIAO_DICH,MA_KHACH_HANG,MA_SAN_PHAM,KHU_VUC,SO_LUONG,DON_GIA,THOI_GIAN
TX_0000001,KH_GUEST,20979,United Kingdom,12,32500.0,2024-10-13 02:51:34
TX_0000002,KH_17757,21212,United Kingdom,10,14300.0,2025-08-16 10:41:48
TX_0000003,KH_20476,SP_111821003,MIEN_BAC,8,2000.0,2025-06-30 12:07:04
TX_0000004,KH_GUEST,84755,United Kingdom,4,32240.0,2025-06-28 00:25:35
TX_0000005,KH_GUEST,22694,United Kingdom,1,131560.0,2024-08-13 07:27:32
TX_0000006,KH_15508,22969,United Kingdom,24,37700.0,2026-07-09 17:37:33
TX_0000007,KH_20295,SP_35042297,MIEN_BAC,3,55000.0,2025-06-24 09:26:48
TX_0000008,KH_16101,23484,United Kingdom,8,75140.0,2025-04-15 18:00:23
TX_0000009,KH_GUEST,23202,United Kingdom,1,107380.0,2024-07-18 23:13:09
TX_0000010,KH_20361,SP_154858227,MIEN_NAM,2,25000.0,2025-11-12 04:07:36
TX_0000011,KH_GUEST,22922,United Kingdom,1,280540.0,2024-04-22 20:06:22
TX_0000012,KH_15834,22570,United Kingdom,2,97500.0,2024-10-25 11:53:57
TX_0000013,KH_GUEST,23494,United Kingdom,2,323960.0,2024-08-17 12:06:26
TX_0000014,KH_20020,SP_160449800,MIEN_NAM,1,79000.0,2025-12-15 21:11:47
TX_0000015,KH_16818,23112,United Kingdom,2,195000.0,2024-05-29 02:29:22
TX_0000016,KH_14759,22829,United Kingdom,2,258700.0,2026-04-25 10:09:09
TX_0000017,KH_17131,23393,United Kingdom,3,97500.0,2026-06-05 14:30:25
TX_0000018,KH_20363,SP_262974253,MIEN_NAM,3,32000.0,2026-06-25 16:49:14
TX_0000019,KH_20388,SP_263025426,MIEN_NAM,1,45000.0,2025-04-13 12:24:28
TX_0000020,KH_20060,SP_209643731,MIEN_BAC,3,88900.0,2025-09-07 11:55:36
TX_0000021,KH_15756,22670,United Kingdom,1,32500.0,2026-03-15 23:13:11
TX_0000022,KH_17367,17003,United Kingdom,36,7540.0,2025-09-17 23:34:26
TX_0000023,KH_13089,84970L,United Kingdom,24,24700.0,2025-10-12 02:47:30
TX_0000024,KH_14715,84949,United Kingdom,6,42900.0,2024-10-21 20:45:40
TX_0000025,KH_20373,SP_251446835,MIEN_TRUNG,1,845500.0,2025-01-22 08:55:04
TX_0000026,KH_16713,22750,United Kingdom,2,97500.0,2024-05-10 13:53:19
TX_0000027,KH_14535,21755,United Kingdom,1,154700.0,2026-02-17 03:35:15
TX_0000028,KH_18210,22843,United Kingdom,2,175500.0,2024-12-30 19:20:35
TX_0000029,KH_16558,23052,United Kingdom,2,214500.0,2026-02-18 18:27:28
TX_0000030,KH_15281,22565,United Kingdom,12,22100.0,2025-06-08 01:50:09
TX_0000031,KH_15005,23200,United Kingdom,2,54080.0,2024-07-04 10:11:40
TX_0000032,KH_GUEST,20723,United Kingdom,1,42380.0,2024-11-18 03:15:26
TX_0000033,KH_14449,84596L,United Kingdom,2,10920.0,2025-06-19 10:08:00
TX_0000034,KH_GUEST,22670,United Kingdom,1,63960.0,2026-05-19 02:18:02
TX_0000035,KH_20380,SP_191981357,MIEN_TRUNG,2,37800.0,2026-06-27 20:52:07
TX_0000036,KH_15640,22109,United Kingdom,16,88140.0,2024-08-15 10:31:58
TX_0000037,KH_20332,SP_160205765,MIEN_NAM,1,169000.0,2025-04-04 06:33:32
TX_0000038,KH_15491,47590B,United Kingdom,3,141700.0,2025-11-07 22:40:11
TX_0000039,KH_20086,SP_146730318,MIEN_BAC,1,78000.0,2025-04-10 12:07:59
TX_0000040,KH_20282,SP_249570831,MIEN_NAM,1,16455.0,2025-11-23 01:36:59
TX_0000041,KH_GUEST,22652,United Kingdom,6,109460.0,2025-02-10 12:42:56
TX_0000042,KH_15955,22969,United Kingdom,24,37700.0,2025-09-29 11:19:20
TX_0000043,KH_13536,22607,United Kingdom,2,258700.0,2024-04-10 13:04:26
TX_0000044,KH_20272,SP_4902541,MIEN_NAM,2,149000.0,2025-05-29 08:41:54
TX_0000045,KH_13137,22728,United Kingdom,3,97500.0,2025-02-26 06:49:58
TX_0000046,KH_GUEST,21109,United Kingdom,1,345540.0,2026-05-07 17:26:42
TX_0000047,KH_15311,22139,United Kingdom,2,128700.0,2026-10-03 22:32:06
TX_0000048,KH_14606,22277,United Kingdom,1,54600.0,2026-07-30 20:50:33
TX_0000049,KH_20197,SP_100428164,MIEN_TRUNG,1,549000.0,2026-05-09 07:43:21
TX_0000050,KH_16216,72803A,United Kingdom,4,110500.0,2024-08-20 20:01:52
TX_0000051,KH_14911,21224,EIRE,10,32500.0,2026-01-23 15:07:23
TX_0000052,KH_14888,23203,United Kingdom,10,50700.0,2024-06-08 07:48:36
TX_0000053,KH_13969,85132B,United Kingdom,2,50700.0,2025-04-06 16:23:59
TX_0000054,KH_20326,SP_123607103,MIEN_TRUNG,2,499000.0,2025-04-15 00:40:47
TX_0000055,KH_GUEST,22580,United Kingdom,4,107380.0,2025-09-18 00:36:10
TX_0000056,KH_16709,22910,United Kingdom,24,76700.0,2026-06-20 11:26:33
TX_0000057,KH_GUEST,84912B,United Kingdom,1,85540.0,2025-08-27 06:24:59
TX_0000058,KH_17841,21485,United Kingdom,1,128700.0,2025-11-07 22:15:54
TX_0000059,KH_20128,SP_71693858,MIEN_NAM,2,159000.0,2025-10-29 12:13:45
TX_0000060,KH_GUEST,21226,United Kingdom,2,21580.0,2024-09-13 21:40:38
TX_0000061,KH_GUEST,22663,United Kingdom,6,63960.0,2024-10-07 08:07:35
TX_0000062,KH_14810,21928,United Kingdom,6,54080.0,2024-12-14 04:39:40
TX_0000063,KH_13081,22081,United Kingdom,10,42900.0,2024-07-22 23:24:49
TX_0000064,KH_GUEST,22315,United Kingdom,11,32500.0,2025-02-24 00:49:53
TX_0000065,KH_14761,22228,United Kingdom,12,22100.0,2026-08-19 03:24:37
TX_0000066,KH_13777,22147,United Kingdom,14,32500.0,2024-04-11 07:54:53
TX_0000067,KH_17530,22757,United Kingdom,2,32500.0,2025-12-29 11:15:02
TX_0000068,KH_16898,40016,United Kingdom,24,10920.0,2024-05-24 23:11:01
TX_0000069,KH_20098,SP_136074259,MIEN_BAC,5,74500.0,2026-09-10 19:53:16
TX_0000070,KH_20325,SP_98598297,MIEN_NAM,4,180000.0,2026-08-24 03:24:39
TX_0000071,KH_12357,22511,Switzerland,12,97500.0,2025-01-11 02:43:08
TX_0000072,KH_14323,23160,United Kingdom,12,32500.0,2025-02-14 07:26:40
TX_0000073,KH_13089,84380,United Kingdom,12,32500.0,2026-06-21 05:39:40
TX_0000074,KH_17047,21908,United Kingdom,12,54600.0,2026-09-25 23:30:14
TX_0000075,KH_12535,21622,France,4,128700.0,2024-11-12 00:24:59
TX_0000076,KH_GUEST,22249,United Kingdom,6,20540.0,2024-10-13 02:45:51
TX_0000077,KH_15039,21668,United Kingdom,2,32500.0,2024-05-03 09:52:40
TX_0000078,KH_15785,20728,United Kingdom,10,42900.0,2024-08-20 07:57:16
TX_0000079,KH_17589,21563,United Kingdom,6,76700.0,2026-04-03 05:28:03
TX_0000080,KH_16340,23168,United Kingdom,4,32500.0,2024-02-18 05:16:10
TX_0000081,KH_14667,20764,United Kingdom,1,97500.0,2026-01-15 09:35:53
TX_0000082,KH_20112,SP_146945785,MIEN_NAM,3,237000.0,2025-04-06 09:22:37
TX_0000083,KH_20237,SP_138624459,MIEN_TRUNG,2,79000.0,2025-06-25 00:08:09
TX_0000084,KH_20469,SP_249005242,MIEN_BAC,1,31000.0,2026-01-02 22:31:10
TX_0000085,KH_14401,21382,United Kingdom,15,19500.0,2026-08-29 13:30:19
TX_0000086,KH_20213,SP_111821157,MIEN_NAM,3,17000.0,2025-04-27 14:36:57
TX_0000087,KH_20013,SP_263026861,MIEN_TRUNG,2,2500.0,2026-09-02 02:49:30
TX_0000088,KH_17515,21166,United Kingdom,2,54080.0,2024-03-30 21:58:41
TX_0000089,KH_17528,22429,United Kingdom,2,110500.0,2024-10-31 17:31:30
TX_0000090,KH_20360,SP_144197803,MIEN_NAM,1,20000.0,2026-03-26 07:58:28
TX_0000091,KH_20279,SP_242643975,MIEN_BAC,2,386750.0,2026-09-09 02:46:48
TX_0000092,KH_GUEST,22738,United Kingdom,2,107380.0,2025-10-05 02:01:54
TX_0000093,KH_17769,23578,United Kingdom,3,50700.0,2025-03-20 02:37:31
TX_0000094,KH_GUEST,23203,United Kingdom,1,107380.0,2025-01-02 10:53:55
TX_0000095,KH_17841,23266,United Kingdom,3,32500.0,2025-12-21 22:54:32
TX_0000096,KH_15615,23581,United Kingdom,10,54080.0,2024-02-16 17:33:25
TX_0000097,KH_20267,SP_194143865,MIEN_NAM,1,265000.0,2026-07-16 19:43:28
TX_0000098,KH_20303,SP_169331134,MIEN_BAC,3,448200.0,2026-05-16 22:17:33
TX_0000099,KH_20352,SP_124274978,MIEN_NAM,1,46550.0,2026-09-13 12:32:41
TX_0000100,KH_13869,22564,United Kingdom,4,32500.0,2024-04-07 17:16:46
TX_0000101,KH_20312,SP_82704182,MIEN_NAM,1,245000.0,2026-05-07 16:46:08
TX_0000102,KH_15658,21755,United Kingdom,4,154700.0,2024-06-08 17:02:05
TX_0000103,KH_16767,23241,United Kingdom,12,54080.0,2024-10-12 16:06:52
TX_0000104,KH_GUEST,85132A,United Kingdom,2,220220.0,2025-11-13 03:47:05
TX_0000105,KH_20088,SP_45999915,MIEN_BAC,3,200000.0,2025-07-07 06:49:02
TX_0000106,KH_16751,23343,United Kingdom,10,54080.0,2024-05-12 00:45:36
TX_0000107,KH_13124,22629,United Kingdom,6,50700.0,2025-08-27 22:17:27
TX_0000108,KH_20193,SP_45301483,MIEN_BAC,1,75000.0,2025-09-04 17:57:58
TX_0000109,KH_17059,20728,United Kingdom,2,42900.0,2025-06-25 01:29:38
TX_0000110,KH_20495,SP_212474358,MIEN_NAM,4,31500.0,2026-07-06 22:46:13
TX_0000111,KH_GUEST,22474,United Kingdom,1,280540.0,2024-08-21 18:31:56
TX_0000112,KH_20433,SP_155773757,MIEN_NAM,1,45000.0,2026-07-02 07:29:04
TX_0000113,KH_17372,21124,United Kingdom,2,32500.0,2024-10-30 21:39:41
TX_0000114,KH_15906,22966,United Kingdom,6,32500.0,2024-09-16 01:28:25
TX_0000115,KH_17049,23118,United Kingdom,2,195000.0,2024-03-12 07:43:12
TX_0000116,KH_14156,21976,EIRE,24,14300.0,2024-03-12 23:30:03
TX_0000117,KH_GUEST,90018B,United Kingdom,1,110240.0,2025-10-02 23:18:10
TX_0000118,KH_20450,SP_565575,MIEN_NAM,1,2585000.0,2025-07-16 18:58:27
TX_0000119,KH_GUEST,85039B,United Kingdom,1,42380.0,2024-09-21 21:14:36
TX_0000120,KH_16283,22946,United Kingdom,1,440700.0,2025-08-23 16:17:46
TX_0000121,KH_GUEST,21232,United Kingdom,1,63960.0,2025-08-13 21:12:58
TX_0000122,KH_17879,22212,United Kingdom,1,54600.0,2026-07-10 21:12:23
TX_0000123,KH_20189,SP_14014319,MIEN_NAM,3,190000.0,2025-08-24 01:46:56
TX_0000124,KH_12433,22544,Norway,24,10920.0,2026-03-20 07:11:00
TX_0000125,KH_12731,22746,France,24,54600.0,2025-09-24 23:01:37
TX_0000126,KH_GUEST,22550,United Kingdom,1,193960.0,2024-08-22 05:16:22
TX_0000127,KH_12615,22343,France,48,22100.0,2026-05-13 23:02:48
TX_0000128,KH_20017,SP_194407692,MIEN_BAC,5,1890000.0,2025-06-15 03:10:02
TX_0000129,KH_GUEST,47566,United Kingdom,2,220220.0,2026-06-14 09:19:39
TX_0000130,KH_20039,SP_72881680,MIEN_BAC,1,119900.0,2025-11-04 16:02:51
TX_0000131,KH_15804,84077,United Kingdom,48,7540.0,2025-03-05 08:21:22
TX_0000132,KH_16788,20981,United Kingdom,1,22100.0,2024-08-17 19:11:34
TX_0000133,KH_13069,47590A,United Kingdom,3,141700.0,2026-06-07 22:57:07
TX_0000134,KH_20204,SP_17589565,MIEN_TRUNG,1,350000.0,2025-08-30 19:32:42
TX_0000135,KH_20190,SP_146944063,MIEN_NAM,1,263000.0,2025-10-11 19:17:57
TX_0000136,KH_20493,SP_22015762,MIEN_TRUNG,3,40200.0,2026-07-02 07:51:49
TX_0000137,KH_16201,23343,United Kingdom,10,54080.0,2026-01-25 10:07:57
TX_0000138,KH_GUEST,22654,United Kingdom,2,323960.0,2024-07-07 04:48:43
TX_0000139,KH_20139,SP_125428381,MIEN_NAM,1,70000.0,2025-11-23 21:22:55
TX_0000140,KH_20028,SP_159964954,MIEN_NAM,1,400000.0,2025-06-23 01:02:40
TX_0000141,KH_20172,SP_167472202,MIEN_BAC,2,315000.0,2026-03-25 17:03:47
TX_0000142,KH_14032,22900,United Kingdom,6,84500.0,2025-01-07 15:38:47
TX_0000143,KH_20186,SP_45067416,MIEN_NAM,1,950000.0,2026-07-02 14:56:33
TX_0000144,KH_17314,21124,United Kingdom,48,32500.0,2025-01-19 13:09:36
TX_0000145,KH_20010,SP_196810699,MIEN_NAM,4,630000.0,2025-06-26 21:09:07
TX_0000146,KH_GUEST,20777,United Kingdom,2,42380.0,2025-10-14 04:46:23
TX_0000147,KH_20021,SP_194568375,MIEN_NAM,3,14520000.0,2025-07-08 06:26:27
TX_0000148,KH_GUEST,16238,United Kingdom,2,10920.0,2024-01-03 17:33:57
TX_0000149,KH_20251,SP_179566621,MIEN_TRUNG,2,4749.0,2026-02-15 22:42:42
TX_0000150,KH_14547,84406B,United Kingdom,1,107900.0,2024-11-02 18:50:22
TX_0000151,KH_20277,SP_193720436,MIEN_NAM,3,585000.0,2026-03-26 04:08:25
TX_0000152,KH_17282,21975,United Kingdom,1,14300.0,2024-02-13 17:51:19
TX_0000153,KH_20320,SP_252356225,MIEN_BAC,1,175000.0,2025-09-19 07:18:07
TX_0000154,KH_13098,20727,United Kingdom,20,42900.0,2024-06-25 18:14:21
TX_0000155,KH_20077,SP_119426224,MIEN_NAM,1,2100.0,2025-08-14 23:26:37
TX_0000156,KH_20430,SP_263026794,MIEN_NAM,4,11000.0,2025-01-25 05:20:27
TX_0000157,KH_20248,SP_190514909,MIEN_BAC,1,74349.0,2025-01-29 07:25:29
TX_0000158,KH_14426,20967,United Kingdom,4,97500.0,2025-11-23 04:48:08
TX_0000159,KH_GUEST,22105,United Kingdom,2,109460.0,2026-03-17 17:47:23
TX_0000160,KH_15053,23318,United Kingdom,2,64740.0,2024-08-28 17:14:39
TX_0000161,KH_17345,21078,United Kingdom,4,22100.0,2025-11-16 09:04:58
TX_0000162,KH_GUEST,21714,United Kingdom,2,63960.0,2024-09-23 15:18:27
TX_0000163,KH_20432,SP_176217968,MIEN_BAC,2,189000.0,2025-05-19 09:08:38
TX_0000164,KH_20290,SP_181908917,MIEN_BAC,1,480000.0,2025-09-12 19:38:38
TX_0000165,KH_20469,SP_44472626,MIEN_NAM,3,250000.0,2025-12-06 16:37:43
TX_0000166,KH_20049,SP_252912221,MIEN_TRUNG,2,189000.0,2026-08-21 20:44:45
TX_0000167,KH_16110,22749,United Kingdom,1,97500.0,2025-01-27 20:20:22
TX_0000168,KH_18022,23287,United Kingdom,1,22100.0,2024-07-20 13:39:58
TX_0000169,KH_12476,23543,Germany,3,214500.0,2024-08-10 08:11:36
TX_0000170,KH_20029,SP_85800889,MIEN_NAM,4,238000.0,2025-04-17 03:46:55
TX_0000171,KH_GUEST,22379,United Kingdom,7,128960.0,2024-10-28 05:41:20
TX_0000172,KH_13505,22653,Switzerland,10,50700.0,2026-09-08 08:45:19
TX_0000173,KH_20069,SP_138662153,MIEN_BAC,1,52500.0,2026-01-08 03:47:45
TX_0000174,KH_15039,21922,United Kingdom,3,206700.0,2024-06-02 14:28:42
TX_0000175,KH_15028,22091,United Kingdom,4,32500.0,2025-06-05 14:21:12
TX_0000176,KH_20192,SP_77963388,MIEN_NAM,1,441000.0,2026-09-08 06:02:45
TX_0000177,KH_GUEST,21125,United Kingdom,2,32500.0,2025-02-12 22:25:16
TX_0000178,KH_20363,SP_263025623,MIEN_NAM,5,25000.0,2026-08-16 00:52:31
TX_0000179,KH_16710,22333,United Kingdom,4,42900.0,2025-06-11 15:16:03
TX_0000180,KH_GUEST,20717,United Kingdom,8,63960.0,2024-07-04 15:30:08
TX_0000181,KH_15984,23512,United Kingdom,1,54080.0,2024-03-05 02:04:50
TX_0000182,KH_15356,22659,United Kingdom,2,50700.0,2026-06-05 00:53:29
TX_0000183,KH_16395,22100,United Kingdom,1,10140.0,2024-10-04 04:32:49
TX_0000184,KH_17648,22485,United Kingdom,2,331500.0,2024-04-21 06:41:58
TX_0000185,KH_20205,SP_79974816,MIEN_NAM,1,380000.0,2026-09-27 08:12:44
TX_0000186,KH_GUEST,22087,United Kingdom,21,150540.0,2024-08-30 09:10:06
TX_0000187,KH_20149,SP_24496785,MIEN_NAM,2,649000.0,2026-07-19 18:37:22
TX_0000188,KH_18177,85099F,United Kingdom,10,54080.0,2025-02-23 03:06:21
TX_0000189,KH_17888,84946,United Kingdom,30,32500.0,2024-12-25 09:34:11
TX_0000190,KH_14583,22998,United Kingdom,1,10920.0,2026-01-24 22:32:11
TX_0000191,KH_12748,82616B,United Kingdom,1,32500.0,2026-01-14 00:25:09
TX_0000192,KH_17811,20914,United Kingdom,1,76700.0,2024-04-28 16:43:26
TX_0000193,KH_20002,SP_194498923,MIEN_BAC,2,920000.0,2026-01-15 21:22:01
TX_0000194,KH_GUEST,21213,United Kingdom,2,32500.0,2026-03-02 02:32:50
TX_0000195,KH_20092,SP_93181764,MIEN_TRUNG,1,441000.0,2026-06-30 06:23:47
TX_0000196,KH_20061,SP_4701087,MIEN_NAM,1,1628000.0,2025-09-06 13:52:35
TX_0000197,KH_20310,SP_190681359,MIEN_TRUNG,1,69000.0,2025-11-18 16:31:27
TX_0000198,KH_15764,22950,United Kingdom,12,37700.0,2025-06-22 12:48:07
TX_0000199,KH_16655,22526,United Kingdom,1,331500.0,2024-03-05 01:13:43
TX_0000200,KH_20173,SP_263025443,MIEN_NAM,5,1000.0,2026-07-21 20:24:22
TX_0000201,KH_17920,21242,United Kingdom,1,43940.0,2024-10-15 16:44:33
TX_0000202,KH_14096,84969,United Kingdom,2,85540.0,2025-08-10 10:04:49
TX_0000203,KH_20465,SP_208677826,MIEN_TRUNG,1,1188000.0,2025-11-28 12:40:11
TX_0000204,KH_17962,21634,United Kingdom,24,10140.0,2025-12-17 22:19:07
TX_0000205,KH_14126,21479,United Kingdom,4,110500.0,2025-01-14 01:43:08
TX_0000206,KH_14426,21397,United Kingdom,12,10140.0,2024-05-09 04:59:36
TX_0000207,KH_16033,22443,United Kingdom,1,206700.0,2025-03-08 18:03:49
TX_0000208,KH_14629,21879,United Kingdom,2,16900.0,2026-02-05 16:11:01
TX_0000209,KH_16110,22195,United Kingdom,1,42900.0,2025-10-25 22:13:07
TX_0000210,KH_15506,21907,United Kingdom,2,54600.0,2026-03-20 07:54:05
TX_0000211,KH_20433,SP_263025494,MIEN_NAM,1,20000.0,2025-07-22 19:39:05
TX_0000212,KH_17218,23084,United Kingdom,5,54080.0,2025-01-10 23:39:23
TX_0000213,KH_14713,23290,United Kingdom,4,32500.0,2025-10-05 02:23:33
TX_0000214,KH_20180,SP_263026396,MIEN_BAC,1,5200.0,2026-08-07 12:05:44
TX_0000215,KH_18102,48184,United Kingdom,14,119080.0,2026-09-16 13:10:16
TX_0000216,KH_12448,22630,Spain,12,50700.0,2025-08-17 11:34:00
TX_0000217,KH_16949,16008,United Kingdom,24,3120.0,2025-08-28 05:14:41
TX_0000218,KH_GUEST,20974,United Kingdom,1,32500.0,2025-01-30 09:43:45
TX_0000219,KH_GUEST,22069,United Kingdom,10,109460.0,2025-10-28 17:37:17
TX_0000220,KH_GUEST,23256,United Kingdom,1,107900.0,2024-12-15 19:03:49
TX_0000221,KH_20182,SP_190519918,MIEN_BAC,1,535500.0,2025-10-29 05:24:23
TX_0000222,KH_15179,23322,United Kingdom,12,76700.0,2024-01-24 04:49:28
TX_0000223,KH_14606,35953,United Kingdom,1,32500.0,2025-04-02 23:30:19
TX_0000224,KH_12567,22554,France,12,42900.0,2025-03-10 10:31:45
TX_0000225,KH_18257,22969,United Kingdom,24,37700.0,2026-09-14 01:12:31
TX_0000226,KH_20313,SP_252037139,MIEN_NAM,5,7000.0,2025-12-25 02:18:15
TX_0000227,KH_20243,SP_146949825,MIEN_BAC,3,158000.0,2026-06-23 14:37:02
TX_0000228,KH_13183,85150,United Kingdom,18,66300.0,2024-03-17 21:13:10
TX_0000229,KH_12748,22078,United Kingdom,10,54600.0,2026-08-28 19:40:51
TX_0000230,KH_17757,22680,United Kingdom,1,32500.0,2026-04-27 16:35:45
TX_0000231,KH_20060,SP_75705343,MIEN_NAM,2,66053.0,2026-08-11 05:50:52
TX_0000232,KH_17843,90010A,United Kingdom,1,232700.0,2026-02-18 12:41:50
TX_0000233,KH_16942,23202,United Kingdom,2,54080.0,2024-02-21 16:07:51
TX_0000234,KH_20440,SP_49124279,MIEN_BAC,1,449100.0,2025-02-24 22:19:27
TX_0000235,KH_12501,21499,Germany,25,10920.0,2026-03-20 16:44:44
TX_0000236,KH_12357,23315,Switzerland,6,258700.0,2024-11-20 15:05:13
TX_0000237,KH_14898,22296,United Kingdom,12,42900.0,2025-08-06 03:33:18
TX_0000238,KH_20322,SP_184126082,MIEN_BAC,1,351000.0,2025-05-26 02:14:36
TX_0000239,KH_14179,22621,United Kingdom,1,42900.0,2026-09-26 13:06:43
TX_0000240,KH_20139,SP_149754322,MIEN_TRUNG,1,756000.0,2025-06-13 03:16:03
TX_0000241,KH_13110,22424,United Kingdom,1,331500.0,2025-02-19 06:54:55
TX_0000242,KH_13552,21915,United Kingdom,12,32500.0,2025-09-30 08:49:42
TX_0000243,KH_GUEST,21479,United Kingdom,3,237380.0,2026-09-21 17:47:32
TX_0000244,KH_15159,20675,United Kingdom,8,32500.0,2026-06-08 11:28:05
TX_0000245,KH_20236,SP_175110949,MIEN_BAC,4,999000.0,2026-02-07 04:14:06
TX_0000246,KH_16923,23192,United Kingdom,1,42900.0,2026-02-26 15:54:09
TX_0000247,KH_20366,SP_201964537,MIEN_TRUNG,1,265000.0,2026-05-05 07:45:38
TX_0000248,KH_20405,SP_177559642,MIEN_NAM,4,113143.0,2025-08-21 02:37:12
TX_0000249,KH_13005,20750,United Kingdom,2,206700.0,2025-04-12 23:40:17
TX_0000250,KH_16024,21403,United Kingdom,48,3120.0,2025-08-30 22:35:10
TX_0000251,KH_17841,20970,United Kingdom,1,97500.0,2024-12-07 18:15:04
TX_0000252,KH_20396,SP_192859602,MIEN_NAM,1,329000.0,2025-12-04 20:18:28
TX_0000253,KH_14527,21216,United Kingdom,1,128700.0,2024-09-10 03:52:12
TX_0000254,KH_14738,21174,United Kingdom,12,54080.0,2025-12-26 20:00:08
TX_0000255,KH_18097,70006,United Kingdom,48,10920.0,2024-01-07 04:04:51
TX_0000256,KH_13950,82580,United Kingdom,12,14300.0,2025-09-22 07:01:05
TX_0000257,KH_16794,23300,United Kingdom,1,42900.0,2024-02-14 00:39:36
TX_0000258,KH_14911,84877B,EIRE,24,32500.0,2024-06-30 21:25:31
TX_0000259,KH_20475,SP_263025731,MIEN_BAC,3,10500.0,2026-01-16 05:16:05
TX_0000260,KH_20048,SP_262916043,MIEN_NAM,4,6000.0,2026-04-26 11:13:18
TX_0000261,KH_18260,84978,United Kingdom,12,32500.0,2025-08-05 03:27:41
TX_0000262,KH_20495,SP_198059482,MIEN_NAM,2,659000.0,2025-12-04 09:17:50
TX_0000263,KH_GUEST,23203,United Kingdom,3,107380.0,2024-06-10 08:52:23
TX_0000264,KH_12721,22333,France,8,42900.0,2024-01-12 23:57:07
TX_0000265,KH_16360,21744,United Kingdom,3,76700.0,2025-03-10 15:34:05
TX_0000266,KH_13384,23192,United Kingdom,24,42900.0,2024-11-01 00:48:17
TX_0000267,KH_14769,84976,United Kingdom,6,43940.0,2026-03-10 00:31:11
TX_0000268,KH_14769,21754,United Kingdom,3,154700.0,2024-12-12 09:48:27
TX_0000269,KH_16813,21901,United Kingdom,3,16900.0,2025-08-15 10:45:43
TX_0000270,KH_GUEST,22748,United Kingdom,1,85540.0,2024-03-05 15:13:12
TX_0000271,KH_GUEST,85039B,United Kingdom,1,42380.0,2026-10-03 05:27:39
TX_0000272,KH_GUEST,22577,United Kingdom,4,21580.0,2025-11-05 23:06:52
TX_0000273,KH_GUEST,23173,United Kingdom,1,518960.0,2025-11-23 13:40:05
TX_0000274,KH_16729,23078,United Kingdom,24,32500.0,2024-03-08 02:11:38
TX_0000275,KH_20158,SP_209606090,MIEN_BAC,1,2390000.0,2025-05-20 14:01:31
TX_0000276,KH_20129,SP_185978305,MIEN_NAM,2,445000.0,2026-03-22 06:52:51
TX_0000277,KH_14096,22812,United Kingdom,3,107380.0,2026-01-18 15:34:35
TX_0000278,KH_14502,85062,United Kingdom,3,42900.0,2026-02-12 13:09:39
TX_0000279,KH_GUEST,71270,United Kingdom,2,63960.0,2026-04-25 19:27:57
TX_0000280,KH_16734,23503,United Kingdom,12,32500.0,2025-02-05 10:09:12
TX_0000281,KH_12901,21977,United Kingdom,12,10920.0,2025-04-12 18:21:50
TX_0000282,KH_GUEST,22488,United Kingdom,1,85540.0,2025-06-22 01:32:05
TX_0000283,KH_20285,SP_170104951,MIEN_NAM,4,50000.0,2026-05-08 10:19:09
TX_0000284,KH_13552,23111,United Kingdom,8,270400.0,2024-09-23 08:42:17
TX_0000285,KH_13632,22766,United Kingdom,2,76700.0,2024-06-26 01:25:23
TX_0000286,KH_17764,23093,United Kingdom,8,64740.0,2025-04-10 08:41:02
TX_0000287,KH_GUEST,22659,United Kingdom,1,107380.0,2026-04-05 02:34:26
TX_0000288,KH_13089,23108,United Kingdom,6,162500.0,2025-12-09 01:30:33
TX_0000289,KH_13426,20981,United Kingdom,12,22100.0,2025-05-14 03:46:03
TX_0000290,KH_20051,SP_875262,MIEN_NAM,1,95000.0,2025-07-02 00:20:31
TX_0000291,KH_15038,90024D,United Kingdom,1,221000.0,2025-03-22 10:08:09
TX_0000292,KH_14035,82486,United Kingdom,6,232700.0,2026-08-15 03:32:07
TX_0000293,KH_20287,SP_249953298,MIEN_BAC,1,110000.0,2026-06-30 00:29:10
TX_0000294,KH_14796,37450,United Kingdom,1,76700.0,2026-02-02 03:52:54
TX_0000295,KH_13518,22622,United Kingdom,2,310700.0,2026-03-15 11:38:41
TX_0000296,KH_13488,23069,United Kingdom,2,162500.0,2024-07-21 02:01:45
TX_0000297,KH_13678,81952B,United Kingdom,15,4940.0,2024-07-11 08:19:20
TX_0000298,KH_16978,22600,United Kingdom,10,22100.0,2025-11-22 19:27:06
TX_0000299,KH_20082,SP_45631170,MIEN_BAC,1,33000.0,2025-09-21 05:02:47
TX_0000300,KH_13798,85123A,United Kingdom,12,66300.0,2024-05-04 12:43:30
TX_0000301,KH_12359,22511,Cyprus,8,32500.0,2026-02-11 13:30:09
TX_0000302,KH_14171,84987,United Kingdom,2,37700.0,2025-12-22 09:11:16
TX_0000303,KH_16511,22924,United Kingdom,6,22100.0,2024-07-10 22:59:05
TX_0000304,KH_16638,21110,United Kingdom,2,175500.0,2024-11-19 15:51:25
TX_0000305,KH_20288,SP_149447746,MIEN_NAM,2,45000.0,2025-05-12 01:20:58
TX_0000306,KH_GUEST,35598D,United Kingdom,1,63960.0,2025-06-22 14:36:11
TX_0000307,KH_13680,85123A,United Kingdom,6,76700.0,2025-10-16 17:46:25
TX_0000308,KH_GUEST,21485,United Kingdom,1,286520.0,2025-05-31 07:11:19
TX_0000309,KH_20417,SP_144198761,MIEN_NAM,5,40000.0,2025-08-03 11:10:40
TX_0000310,KH_15036,22348,United Kingdom,1,22100.0,2024-12-21 17:33:58
TX_0000311,KH_12553,22622,France,2,310700.0,2025-04-05 18:28:04
TX_0000312,KH_GUEST,21935,United Kingdom,18,42380.0,2025-04-12 18:17:50
TX_0000313,KH_20409,SP_177580851,MIEN_NAM,1,186853.0,2025-07-14 06:35:03
TX_0000314,KH_20320,SP_167547665,MIEN_NAM,2,20000.0,2026-10-04 05:42:46
TX_0000315,KH_12398,20983,Switzerland,12,22100.0,2026-08-15 07:10:51
TX_0000316,KH_16033,21715,United Kingdom,1,66300.0,2025-12-18 11:00:11
TX_0000317,KH_GUEST,22594,United Kingdom,6,42380.0,2025-07-29 16:47:33
TX_0000318,KH_14658,48187,United Kingdom,1,214500.0,2026-04-26 10:40:35
TX_0000319,KH_17750,17084A,United Kingdom,25,5460.0,2026-01-09 09:47:02
TX_0000320,KH_GUEST,84970s,United Kingdom,2,54080.0,2025-11-03 19:01:41
TX_0000321,KH_14156,22536,EIRE,4,10920.0,2026-04-26 10:40:53
TX_0000322,KH_14461,22859,United Kingdom,4,42900.0,2025-05-19 02:15:09
TX_0000323,KH_20064,SP_121769120,MIEN_NAM,2,56000.0,2025-03-09 06:15:10
TX_0000324,KH_20400,SP_190846410,MIEN_NAM,3,1500000.0,2026-10-01 14:44:11
TX_0000325,KH_13089,22661,United Kingdom,10,22100.0,2025-02-08 15:05:27
TX_0000326,KH_14382,23549,United Kingdom,25,10920.0,2024-11-20 04:43:45
TX_0000327,KH_14049,21790,United Kingdom,6,22100.0,2024-11-05 17:02:09
TX_0000328,KH_13495,84949,United Kingdom,24,42900.0,2025-06-08 23:00:47
TX_0000329,KH_16904,22841,United Kingdom,1,206700.0,2024-12-17 17:52:10
TX_0000330,KH_12705,21156,Germany,8,50700.0,2026-08-25 07:33:07
TX_0000331,KH_GUEST,23203,United Kingdom,2,107380.0,2026-03-30 13:03:45
TX_0000332,KH_20071,SP_200721591,MIEN_NAM,1,890000.0,2026-04-25 07:03:04
TX_0000333,KH_GUEST,21257,United Kingdom,1,410540.0,2026-07-13 22:06:14
TX_0000334,KH_20343,SP_253075501,MIEN_NAM,4,56000.0,2025-08-02 10:41:46
TX_0000335,KH_20422,SP_4763199,MIEN_NAM,1,790000.0,2026-08-12 07:33:45
TX_0000336,KH_20317,SP_71492695,MIEN_BAC,1,499000.0,2026-05-18 00:52:14
TX_0000337,KH_GUEST,22412,United Kingdom,1,107380.0,2024-03-31 04:14:53
TX_0000338,KH_20379,SP_263027399,MIEN_BAC,1,75000.0,2025-07-22 09:57:12
TX_0000339,KH_13124,23245,United Kingdom,4,128700.0,2025-09-23 06:12:15
TX_0000340,KH_17346,23208,United Kingdom,1,42900.0,2024-08-07 10:28:41
TX_0000341,KH_13015,23360,United Kingdom,12,50700.0,2024-12-25 23:16:12
TX_0000342,KH_GUEST,22565,United Kingdom,6,42380.0,2026-08-27 04:37:29
TX_0000343,KH_GUEST,22080,United Kingdom,1,109460.0,2025-04-16 07:45:06
TX_0000344,KH_14092,23399,United Kingdom,12,22100.0,2026-03-21 17:41:17
TX_0000345,KH_17293,23090,United Kingdom,12,21580.0,2025-04-15 09:30:12
TX_0000346,KH_20311,SP_121331069,MIEN_NAM,1,5000.0,2026-03-05 05:08:27
TX_0000347,KH_20045,SP_72101983,MIEN_BAC,2,327000.0,2026-08-29 13:46:26
TX_0000348,KH_16168,22668,United Kingdom,10,76700.0,2024-03-22 03:21:17
TX_0000349,KH_20358,SP_262837119,MIEN_BAC,1,129000.0,2025-11-08 14:24:55
TX_0000350,KH_GUEST,22138,United Kingdom,1,280540.0,2026-04-13 14:57:58
TX_0000351,KH_14984,48194,United Kingdom,1,214500.0,2025-05-03 03:08:17
TX_0000352,KH_20093,SP_177557628,MIEN_NAM,3,26291.0,2026-02-19 04:03:24
TX_0000353,KH_20379,SP_66677355,MIEN_BAC,1,58900.0,2026-02-14 17:42:29
TX_0000354,KH_16814,22897,United Kingdom,3,37700.0,2024-06-04 01:30:24
TX_0000355,KH_20085,SP_214656184,MIEN_NAM,1,1350000.0,2026-09-14 10:50:16
TX_0000356,KH_20497,SP_168227025,MIEN_NAM,1,327750.0,2026-05-16 02:35:35
TX_0000357,KH_GUEST,84997C,United Kingdom,1,215540.0,2025-06-17 00:54:44
TX_0000358,KH_13725,37447,United Kingdom,12,38740.0,2026-06-16 14:56:40
TX_0000359,KH_13069,21870,United Kingdom,4,32500.0,2024-05-07 13:21:48
TX_0000360,KH_12748,22553,United Kingdom,3,42900.0,2025-05-18 04:02:52
TX_0000361,KH_17624,21980,United Kingdom,24,7540.0,2025-04-18 02:28:17
TX_0000362,KH_12901,21787,United Kingdom,15,22100.0,2024-10-14 15:58:13
TX_0000363,KH_13694,21159,United Kingdom,12,10140.0,2024-01-16 00:46:44
TX_0000364,KH_20320,SP_146949483,MIEN_BAC,1,250000.0,2025-09-30 10:18:03
TX_0000365,KH_GUEST,85123A,United Kingdom,9,76700.0,2024-12-22 22:20:06
TX_0000366,KH_15787,48194,United Kingdom,1,214500.0,2025-05-04 13:48:06
TX_0000367,KH_13408,21914,United Kingdom,12,32500.0,2024-06-18 20:03:31
TX_0000368,KH_GUEST,21220,United Kingdom,4,21580.0,2024-05-27 17:19:39
TX_0000369,KH_20126,SP_57774432,MIEN_BAC,4,34000.0,2026-07-31 16:08:25
TX_0000370,KH_13471,23293,United Kingdom,8,21580.0,2025-01-08 08:19:41
TX_0000371,KH_14904,21933,United Kingdom,10,42900.0,2025-02-09 13:42:51
TX_0000372,KH_12682,22892,France,12,32500.0,2025-06-01 20:05:42
TX_0000373,KH_20370,SP_52582741,MIEN_BAC,3,173000.0,2026-09-16 04:16:29
TX_0000374,KH_14606,21464,United Kingdom,1,110500.0,2025-09-15 05:12:10
TX_0000375,KH_20421,SP_33877972,MIEN_BAC,1,139000.0,2025-04-23 22:09:07
TX_0000376,KH_GUEST,21372,United Kingdom,1,153660.0,2024-08-05 10:24:50
TX_0000377,KH_13266,22993,United Kingdom,12,32500.0,2024-10-06 14:13:31
TX_0000378,KH_20489,SP_190681316,MIEN_BAC,1,79000.0,2025-12-29 02:08:37
TX_0000379,KH_GUEST,22995,United Kingdom,1,21580.0,2024-07-23 09:28:52
TX_0000380,KH_15058,84970L,United Kingdom,2,24700.0,2025-05-17 22:55:21
TX_0000381,KH_14515,22851,United Kingdom,1,22100.0,2024-11-19 19:37:18
TX_0000382,KH_20034,SP_144045322,MIEN_NAM,2,200000.0,2026-06-10 07:58:45
TX_0000383,KH_GUEST,21523,United Kingdom,4,375180.0,2024-07-16 03:08:25
TX_0000384,KH_12681,22365,France,2,206700.0,2025-03-21 02:58:20
TX_0000385,KH_GUEST,22131,United Kingdom,1,107380.0,2025-06-30 22:13:21
TX_0000386,KH_GUEST,22203,United Kingdom,1,198120.0,2026-03-16 17:01:00
TX_0000387,KH_20288,SP_168496004,MIEN_NAM,1,390600.0,2026-06-18 17:32:15
TX_0000388,KH_20411,SP_206996379,MIEN_TRUNG,2,590750.0,2025-07-04 22:32:09
TX_0000389,KH_18118,23201,United Kingdom,1,54080.0,2026-03-28 03:57:38
TX_0000390,KH_20004,SP_196018658,MIEN_NAM,3,185250.0,2025-12-12 08:25:21
TX_0000391,KH_17302,20766,United Kingdom,4,97500.0,2024-05-23 22:07:27
TX_0000392,KH_20103,SP_243093604,MIEN_NAM,2,5180000.0,2026-08-07 23:10:47
TX_0000393,KH_15021,22119,United Kingdom,1,180700.0,2024-05-24 16:48:17
TX_0000394,KH_14944,23569,United Kingdom,24,128700.0,2026-02-10 19:57:23
TX_0000395,KH_15238,23245,United Kingdom,4,128700.0,2025-09-25 12:01:21
TX_0000396,KH_17858,22784,United Kingdom,6,128700.0,2024-12-12 07:06:43
TX_0000397,KH_20233,SP_255223163,MIEN_BAC,2,446000.0,2025-06-29 07:57:08
TX_0000398,KH_13565,20778,United Kingdom,3,42900.0,2025-07-09 10:30:49
TX_0000399,KH_14711,23298,United Kingdom,1,128700.0,2025-01-28 19:41:02
TX_0000400,KH_GUEST,21051,United Kingdom,2,42380.0,2024-01-18 22:57:29
TX_0000401,KH_20199,SP_125100689,MIEN_BAC,1,79000.0,2026-02-08 14:14:47
TX_0000402,KH_20037,SP_67318898,MIEN_NAM,1,450000.0,2026-03-20 19:45:48
TX_0000403,KH_14056,23196,United Kingdom,2,37700.0,2024-01-20 03:39:00
TX_0000404,KH_16942,21756,United Kingdom,1,154700.0,2026-02-09 22:13:23
TX_0000405,KH_14765,23080,United Kingdom,3,214500.0,2024-09-15 19:10:51
TX_0000406,KH_GUEST,20974,United Kingdom,25,32500.0,2025-08-04 15:47:38
TX_0000407,KH_20087,SP_249950135,MIEN_NAM,1,95000.0,2026-09-06 07:18:36
TX_0000408,KH_20331,SP_125100411,MIEN_NAM,1,75000.0,2026-09-14 12:37:38
TX_0000409,KH_20420,SP_50273977,MIEN_NAM,1,44000.0,2025-02-11 08:08:59
TX_0000410,KH_14769,23355,United Kingdom,2,128700.0,2024-08-09 03:44:26
TX_0000411,KH_13155,23472,United Kingdom,2,388700.0,2026-08-31 16:22:36
TX_0000412,KH_20166,SP_57428824,MIEN_NAM,1,1207000.0,2025-12-02 12:47:31
TX_0000413,KH_20091,SP_158663627,MIEN_BAC,3,332500.0,2026-05-30 11:23:56
TX_0000414,KH_GUEST,21216,United Kingdom,2,280540.0,2026-04-03 10:17:03
TX_0000415,KH_13107,71459,United Kingdom,17,18720.0,2024-10-26 00:47:35
TX_0000416,KH_GUEST,23228,United Kingdom,2,63960.0,2024-07-05 21:31:44
TX_0000417,KH_14031,15056N,United Kingdom,12,154700.0,2024-08-27 09:04:12
TX_0000418,KH_20051,SP_138385893,MIEN_NAM,1,26999.0,2026-01-03 06:49:53
TX_0000419,KH_20373,SP_252398599,MIEN_TRUNG,1,1650000.0,2026-05-11 10:14:02
TX_0000420,KH_20358,SP_96272623,MIEN_NAM,1,657000.0,2025-08-17 17:15:09
TX_0000421,KH_13599,84819,United Kingdom,16,22100.0,2024-08-10 14:07:11
TX_0000422,KH_20210,SP_68235507,MIEN_NAM,1,189000.0,2025-06-19 17:36:43
TX_0000423,KH_17340,22197,United Kingdom,13,22100.0,2025-12-18 21:23:29
TX_0000424,KH_16839,22789,United Kingdom,36,42900.0,2026-02-24 23:40:42
TX_0000425,KH_20243,SP_212981495,MIEN_NAM,1,1380000.0,2026-10-05 11:48:22
TX_0000426,KH_GUEST,22028,United Kingdom,2,21580.0,2024-03-18 23:21:07
TX_0000427,KH_20136,SP_197206161,MIEN_BAC,5,500000.0,2025-04-02 12:39:27
TX_0000428,KH_GUEST,22555,United Kingdom,2,85540.0,2025-10-20 15:15:17
TX_0000429,KH_GUEST,22328,United Kingdom,1,150540.0,2025-03-18 21:12:40
TX_0000430,KH_GUEST,20726,United Kingdom,16,131560.0,2026-05-19 10:57:45
TX_0000431,KH_GUEST,21931,United Kingdom,1,109460.0,2025-12-01 16:02:12
TX_0000432,KH_GUEST,23084,United Kingdom,3,107380.0,2024-04-19 14:05:40
TX_0000433,KH_20006,SP_183040437,MIEN_NAM,1,50000.0,2025-08-28 11:27:49
TX_0000434,KH_20486,SP_193177968,MIEN_NAM,1,896000.0,2025-05-29 03:55:39
TX_0000435,KH_20222,SP_109112944,MIEN_NAM,2,169000.0,2026-07-09 15:02:05
TX_0000436,KH_GUEST,35916C,United Kingdom,26,42380.0,2025-10-22 21:24:46
TX_0000437,KH_12877,22629,United Kingdom,1,50700.0,2025-05-02 16:52:22
TX_0000438,KH_20486,SP_155785459,MIEN_NAM,4,55000.0,2026-01-21 15:42:53
TX_0000439,KH_17719,21394,United Kingdom,29,10140.0,2025-12-26 07:02:39
TX_0000440,KH_GUEST,22573,United Kingdom,3,43160.0,2025-10-01 17:46:54
TX_0000441,KH_20185,SP_57127803,MIEN_NAM,2,649000.0,2025-08-25 20:13:11
TX_0000442,KH_20314,SP_87043396,MIEN_NAM,1,428000.0,2025-12-21 19:44:13
TX_0000443,KH_20379,SP_157216744,MIEN_NAM,1,76000.0,2025-05-01 01:29:36
TX_0000444,KH_12748,22138,United Kingdom,1,128700.0,2025-05-22 17:07:44
TX_0000445,KH_20300,SP_263025446,MIEN_NAM,4,22000.0,2025-04-24 15:41:32
TX_0000446,KH_14498,23302,United Kingdom,2,42900.0,2024-03-09 01:01:03
TX_0000447,KH_14541,20898,United Kingdom,12,76700.0,2026-02-21 18:16:52
TX_0000448,KH_20403,SP_175830469,MIEN_TRUNG,1,1539000.0,2025-03-21 11:39:07
TX_0000449,KH_20051,SP_263026413,MIEN_NAM,2,25000.0,2026-10-05 01:54:13
TX_0000450,KH_16392,22375,United Kingdom,1,110500.0,2024-11-08 19:33:10
TX_0000451,KH_20426,SP_192924389,MIEN_NAM,4,23750.0,2025-07-07 04:13:13
TX_0000452,KH_20375,SP_249004786,MIEN_NAM,1,18000.0,2026-07-10 09:22:23
TX_0000453,KH_20184,SP_87670334,MIEN_BAC,3,249000.0,2026-08-04 01:18:25
TX_0000454,KH_GUEST,72800E,United Kingdom,1,85540.0,2026-02-07 08:20:31
TX_0000455,KH_GUEST,48189,United Kingdom,4,432380.0,2024-12-11 14:47:40
TX_0000456,KH_GUEST,21207,United Kingdom,6,42900.0,2025-03-21 17:30:48
TX_0000457,KH_17091,85099B,United Kingdom,10,54080.0,2024-07-23 21:11:12
TX_0000458,KH_20429,SP_263026714,MIEN_NAM,1,25000.0,2025-10-09 20:57:43
TX_0000459,KH_12965,21986,United Kingdom,2,10140.0,2026-05-17 02:53:45
TX_0000460,KH_14498,22558,United Kingdom,2,42900.0,2026-04-06 05:55:15
TX_0000461,KH_20058,SP_143115030,MIEN_BAC,1,19000.0,2026-01-02 11:18:02
TX_0000462,KH_GUEST,22422,United Kingdom,1,32500.0,2025-09-17 10:53:46
TX_0000463,KH_20295,SP_136313599,MIEN_BAC,2,599000.0,2025-08-09 12:03:40
TX_0000464,KH_GUEST,84946,United Kingdom,8,63960.0,2024-07-23 06:00:06
TX_0000465,KH_20300,SP_168498791,MIEN_NAM,2,116312.0,2026-07-30 06:18:35
TX_0000466,KH_GUEST,21945,United Kingdom,2,21580.0,2025-08-02 18:43:59
TX_0000467,KH_14107,21980,United Kingdom,24,7540.0,2026-03-14 05:28:24
TX_0000468,KH_20399,SP_173054252,MIEN_TRUNG,3,79000.0,2025-03-29 13:26:56
TX_0000469,KH_20397,SP_183364890,MIEN_TRUNG,3,1290000.0,2025-10-27 11:19:56
TX_0000470,KH_16971,84997C,United Kingdom,1,107900.0,2024-09-01 22:41:01
TX_0000471,KH_20327,SP_263025891,MIEN_NAM,1,1000.0,2025-04-22 19:38:43
TX_0000472,KH_15500,23316,United Kingdom,2,258700.0,2025-07-26 12:48:01
TX_0000473,KH_16942,23200,United Kingdom,2,54080.0,2026-08-06 18:18:28
TX_0000474,KH_12748,21990,United Kingdom,1,32500.0,2025-06-25 22:52:35
TX_0000475,KH_13394,84380,United Kingdom,24,32500.0,2025-02-05 12:52:05
TX_0000476,KH_14535,23152,United Kingdom,2,97500.0,2024-08-03 02:51:27
TX_0000477,KH_20001,SP_247854822,MIEN_NAM,1,57000.0,2026-02-18 17:00:03
TX_0000478,KH_13753,79000,United Kingdom,12,22100.0,2025-03-18 07:59:14
TX_0000479,KH_20198,SP_189683169,MIEN_NAM,1,33250.0,2025-01-16 01:03:30
TX_0000480,KH_12500,23406,Germany,2,162500.0,2024-04-16 15:53:47
TX_0000481,KH_14282,22994,United Kingdom,24,10920.0,2026-10-01 12:14:44
TX_0000482,KH_GUEST,21934,United Kingdom,3,42380.0,2024-01-15 16:16:15
TX_0000483,KH_20168,SP_144197246,MIEN_NAM,1,54000.0,2026-06-22 11:15:01
TX_0000484,KH_15906,22751,United Kingdom,3,97500.0,2024-03-10 11:47:44
TX_0000485,KH_16426,22557,United Kingdom,1,42900.0,2024-04-15 16:36:59
TX_0000486,KH_17049,22728,United Kingdom,4,97500.0,2026-07-30 14:12:07
TX_0000487,KH_14297,22630,United Kingdom,12,50700.0,2025-12-17 00:12:10
TX_0000488,KH_17694,21064,United Kingdom,4,154700.0,2025-12-22 19:48:47
TX_0000489,KH_20033,SP_174919705,MIEN_TRUNG,1,195000.0,2025-08-03 23:30:04
TX_0000490,KH_20432,SP_205289375,MIEN_TRUNG,1,2750000.0,2025-07-10 06:05:03
TX_0000491,KH_20380,SP_20875285,MIEN_BAC,3,59000.0,2026-06-27 15:20:31
TX_0000492,KH_GUEST,20733,United Kingdom,3,21580.0,2026-08-15 09:27:18
TX_0000493,KH_20088,SP_185306348,MIEN_BAC,1,79500.0,2026-09-17 19:31:05
TX_0000494,KH_20076,SP_44472626,MIEN_NAM,1,250000.0,2026-05-25 13:45:29
TX_0000495,KH_17450,82552,United Kingdom,29,44200.0,2026-07-20 05:12:54
TX_0000496,KH_13334,22349,United Kingdom,2,97500.0,2026-10-01 18:32:10
TX_0000497,KH_20240,SP_225920036,MIEN_NAM,3,49000.0,2026-01-29 13:11:37
TX_0000498,KH_15125,23203,United Kingdom,17,46540.0,2024-07-01 04:17:44
TX_0000499,KH_12731,22029,France,12,10920.0,2024-11-16 22:28:32
TX_0000500,KH_12868,22028,United Kingdom,12,10920.0,2024-12-27 00:38:55
TX_0000501,KH_15719,21931,United Kingdom,4,54080.0,2024-01-14 13:17:30
TX_0000502,KH_GUEST,21441,United Kingdom,1,42380.0,2024-01-26 08:31:04
TX_0000503,KH_20478,SP_116796089,MIEN_BAC,3,43000.0,2025-01-05 08:37:05
TX_0000504,KH_15164,85152,United Kingdom,4,54600.0,2025-03-19 16:37:08
TX_0000505,KH_17220,22563,United Kingdom,2,32500.0,2026-08-05 01:52:48
TX_0000506,KH_20063,SP_195329423,MIEN_BAC,2,28000.0,2025-06-03 07:52:43
TX_0000507,KH_15005,21033,United Kingdom,4,54080.0,2026-05-23 14:49:39
TX_0000508,KH_20450,SP_197583078,MIEN_BAC,1,1188000.0,2025-12-07 11:33:14
TX_0000509,KH_20144,SP_251925407,MIEN_NAM,1,1300000.0,2025-06-02 04:30:07
TX_0000510,KH_16945,23378,United Kingdom,24,10140.0,2026-05-30 10:00:21
TX_0000511,KH_20416,SP_34240189,MIEN_BAC,2,649000.0,2025-05-06 10:58:40
TX_0000512,KH_15513,82484,United Kingdom,12,175500.0,2026-06-10 22:05:41
TX_0000513,KH_15025,22622,United Kingdom,1,310700.0,2024-07-12 17:03:14
TX_0000514,KH_13458,22385,United Kingdom,10,54080.0,2024-08-05 14:03:28
TX_0000515,KH_GUEST,22446,United Kingdom,1,63960.0,2026-06-18 01:36:43
TX_0000516,KH_20499,SP_138623741,MIEN_NAM,2,70000.0,2025-06-30 05:43:02
TX_0000517,KH_16241,23067,United Kingdom,1,107900.0,2026-07-24 10:30:02
TX_0000518,KH_GUEST,21912,United Kingdom,1,193960.0,2024-07-18 07:55:17
TX_0000519,KH_15708,22967,United Kingdom,1,76700.0,2025-04-26 03:04:16
TX_0000520,KH_20232,SP_189942950,MIEN_NAM,3,155000.0,2025-07-08 09:44:34
TX_0000521,KH_GUEST,22616,United Kingdom,1,21580.0,2026-02-23 12:50:41
TX_0000522,KH_13599,22725,United Kingdom,2,97500.0,2025-04-06 03:25:05
TX_0000523,KH_20264,SP_46040936,MIEN_NAM,3,99000.0,2025-08-04 01:57:57
TX_0000524,KH_GUEST,22819,United Kingdom,1,10920.0,2024-10-20 13:27:06
TX_0000525,KH_14646,20752,Netherlands,18,54600.0,2024-03-16 01:25:47
TX_0000526,KH_20124,SP_173798763,MIEN_NAM,1,20000.0,2026-07-20 20:58:04
TX_0000527,KH_14769,22193,United Kingdom,1,221000.0,2024-04-20 22:36:21
TX_0000528,KH_16764,20727,United Kingdom,2,42900.0,2026-01-03 14:01:37
TX_0000529,KH_20356,SP_206291484,MIEN_NAM,2,47000.0,2026-08-21 04:38:38
TX_0000530,KH_16923,20727,United Kingdom,2,42900.0,2026-10-04 09:50:47
TX_0000531,KH_14911,22843,EIRE,2,175500.0,2026-09-09 13:18:03
TX_0000532,KH_17214,22322,United Kingdom,12,22100.0,2024-03-21 01:59:02
TX_0000533,KH_17841,22120,United Kingdom,1,258700.0,2026-02-24 03:58:23
TX_0000534,KH_16005,23014,United Kingdom,2,102700.0,2024-06-23 20:23:25
TX_0000535,KH_GUEST,21812,United Kingdom,3,85540.0,2024-03-02 02:07:48
TX_0000536,KH_16745,21977,United Kingdom,12,10920.0,2025-02-07 02:24:05
TX_0000537,KH_20061,SP_187010559,MIEN_TRUNG,2,485000.0,2025-07-27 13:31:25
TX_0000538,KH_14646,23519,Netherlands,28,85540.0,2025-09-25 12:35:12
TX_0000539,KH_20384,SP_199551858,MIEN_NAM,1,1055000.0,2026-09-22 01:50:05
TX_0000540,KH_13151,72741,United Kingdom,9,37700.0,2024-08-25 11:30:40
TX_0000541,KH_20143,SP_159497492,MIEN_TRUNG,3,50000.0,2025-09-04 20:37:57
TX_0000542,KH_20073,SP_115255034,MIEN_BAC,1,66300.0,2026-03-18 12:08:33
TX_0000543,KH_17841,23225,United Kingdom,4,21580.0,2024-01-19 14:41:25
TX_0000544,KH_GUEST,22384,United Kingdom,1,128960.0,2025-08-14 03:42:40
TX_0000545,KH_GUEST,23179,United Kingdom,1,150540.0,2024-02-02 21:08:35
TX_0000546,KH_20024,SP_262980585,MIEN_NAM,1,565000.0,2025-07-06 04:08:26
TX_0000547,KH_20202,SP_146492792,MIEN_NAM,1,51000.0,2025-03-13 03:06:57
TX_0000548,KH_GUEST,22698,United Kingdom,2,150540.0,2025-07-01 20:50:04
TX_0000549,KH_20491,SP_263025588,MIEN_NAM,4,35000.0,2025-01-23 12:46:44
TX_0000550,KH_14353,22759,United Kingdom,12,42900.0,2025-07-06 18:49:03
TX_0000551,KH_GUEST,21179,United Kingdom,1,42380.0,2026-03-03 09:14:54
TX_0000552,KH_20184,SP_53111744,MIEN_NAM,2,119000.0,2025-01-12 05:20:44
TX_0000553,KH_GUEST,22855,United Kingdom,1,63960.0,2025-03-14 11:17:13
TX_0000554,KH_20213,SP_22015749,MIEN_BAC,1,65000.0,2025-10-13 05:34:09
TX_0000555,KH_20386,SP_194020028,MIEN_BAC,1,95000.0,2025-09-05 15:26:44
TX_0000556,KH_14237,22487,United Kingdom,2,258700.0,2025-05-21 06:46:37
TX_0000557,KH_20371,SP_166034899,MIEN_BAC,1,175000.0,2026-01-07 23:43:53
TX_0000558,KH_12748,21832,United Kingdom,2,42900.0,2024-10-10 14:36:36
TX_0000559,KH_15179,22634,United Kingdom,2,258700.0,2025-08-11 12:53:48
TX_0000560,KH_15532,20616,United Kingdom,1,19500.0,2024-03-10 16:59:39
TX_0000561,KH_15752,22586,United Kingdom,2,22100.0,2026-05-20 14:29:22
TX_0000562,KH_20426,SP_215590741,MIEN_BAC,1,1190000.0,2025-07-28 23:11:36
TX_0000563,KH_GUEST,23093,United Kingdom,2,128960.0,2025-05-10 23:31:16
TX_0000564,KH_14606,21232,United Kingdom,1,32500.0,2025-03-27 05:33:16
TX_0000565,KH_13209,22328,United Kingdom,6,76700.0,2026-02-17 01:00:21
TX_0000566,KH_16033,22384,United Kingdom,2,42900.0,2024-08-16 15:57:35
TX_0000567,KH_17841,22227,United Kingdom,3,16900.0,2024-06-19 07:44:25
TX_0000568,KH_16943,22841,United Kingdom,4,206700.0,2024-10-23 03:47:33
TX_0000569,KH_20006,SP_32079976,MIEN_NAM,3,13300.0,2025-10-13 02:14:12
TX_0000570,KH_20200,SP_148007542,MIEN_NAM,4,25000.0,2025-07-31 21:29:21
TX_0000571,KH_GUEST,82482,United Kingdom,1,128960.0,2025-04-22 02:02:30
TX_0000572,KH_15632,20727,United Kingdom,10,42900.0,2025-03-19 06:43:09
TX_0000573,KH_15028,21121,United Kingdom,1,32500.0,2024-03-05 16:17:01
TX_0000574,KH_GUEST,21484,United Kingdom,1,198120.0,2024-05-26 19:50:09
TX_0000575,KH_13589,22485,United Kingdom,2,331500.0,2024-08-23 10:57:22
TX_0000576,KH_17188,22971,United Kingdom,6,66300.0,2025-12-02 12:26:19
TX_0000577,KH_13951,47566,United Kingdom,4,128700.0,2025-12-07 22:49:27
TX_0000578,KH_20279,SP_190857650,MIEN_BAC,1,2079000.0,2026-06-27 13:24:53
TX_0000579,KH_GUEST,20655,United Kingdom,1,63960.0,2026-04-11 09:35:24
TX_0000580,KH_14547,85099B,United Kingdom,6,54080.0,2026-02-21 03:29:05
TX_0000581,KH_15576,85045,United Kingdom,2,128700.0,2025-07-31 09:22:52
TX_0000582,KH_14535,21922,United Kingdom,7,206700.0,2024-11-15 21:11:06
TX_0000583,KH_17365,22635,United Kingdom,1,258700.0,2025-07-24 11:30:29
TX_0000584,KH_20339,SP_146493331,MIEN_BAC,1,73000.0,2025-02-24 02:04:28
TX_0000585,KH_20198,SP_138624403,MIEN_BAC,1,62000.0,2025-11-30 14:45:39
TX_0000586,KH_20402,SP_5756295,MIEN_NAM,2,23000.0,2026-06-29 18:04:39
TX_0000587,KH_17813,23324,United Kingdom,3,54080.0,2026-07-22 10:44:47
TX_0000588,KH_GUEST,21239,United Kingdom,2,42380.0,2025-07-26 20:43:26
TX_0000589,KH_GUEST,23203,United Kingdom,5,107380.0,2024-10-30 21:50:27
TX_0000590,KH_15811,23298,United Kingdom,3,128700.0,2024-07-18 06:17:17
TX_0000591,KH_20405,SP_199107302,MIEN_BAC,5,396000.0,2025-07-28 17:31:02
TX_0000592,KH_GUEST,22805,United Kingdom,6,63960.0,2024-02-12 14:48:48
TX_0000593,KH_20421,SP_76017141,MIEN_TRUNG,2,799000.0,2025-10-08 13:42:27
TX_0000594,KH_17236,22921,United Kingdom,5,16900.0,2025-07-15 12:43:08
TX_0000595,KH_13198,22332,United Kingdom,8,42900.0,2026-07-04 18:48:36
TX_0000596,KH_18022,21990,United Kingdom,1,32500.0,2024-03-27 18:43:39
TX_0000597,KH_13001,84531B,United Kingdom,3,50700.0,2024-10-23 23:30:46
TX_0000598,KH_GUEST,20728,United Kingdom,2,107380.0,2024-03-02 03:05:37
TX_0000599,KH_20486,SP_177579822,MIEN_NAM,2,157535.0,2025-01-31 05:45:36
TX_0000600,KH_20107,SP_107616590,MIEN_BAC,1,15000.0,2026-01-23 12:39:28
TX_0000601,KH_15755,22169,United Kingdom,2,221000.0,2026-04-24 13:21:58
TX_0000602,KH_12841,22668,United Kingdom,5,76700.0,2025-12-11 10:13:52
TX_0000603,KH_17841,47563A,United Kingdom,3,32500.0,2024-04-27 10:32:30
TX_0000604,KH_14096,20914,United Kingdom,3,150540.0,2025-01-14 19:59:02
TX_0000605,KH_GUEST,37450,United Kingdom,4,153660.0,2026-05-20 05:55:55
TX_0000606,KH_20331,SP_208886783,MIEN_TRUNG,1,1116000.0,2025-04-29 08:33:54
TX_0000607,KH_14388,84755,United Kingdom,16,16900.0,2025-06-26 06:25:47
TX_0000608,KH_20197,SP_181220023,MIEN_NAM,1,55000.0,2025-08-29 21:22:23
TX_0000609,KH_12578,22939,Italy,4,128700.0,2024-07-21 22:08:18
TX_0000610,KH_20413,SP_179758387,MIEN_TRUNG,1,590000.0,2025-05-21 08:22:30
TX_0000611,KH_20485,SP_93234192,MIEN_BAC,2,326430.0,2025-08-10 22:00:27
TX_0000612,KH_20313,SP_152648587,MIEN_NAM,3,99000.0,2026-01-17 09:07:02
TX_0000613,KH_20215,SP_44589613,MIEN_NAM,2,85000.0,2026-08-09 23:31:13
TX_0000614,KH_GUEST,22075,United Kingdom,1,42380.0,2025-10-15 13:14:45
TX_0000615,KH_16814,82484,United Kingdom,6,206700.0,2025-03-19 12:26:47
TX_0000616,KH_15440,21174,United Kingdom,1,54080.0,2024-01-14 15:21:28
TX_0000617,KH_16398,23284,United Kingdom,2,206700.0,2024-02-08 06:07:35
TX_0000618,KH_20422,SP_144332857,MIEN_BAC,2,143000.0,2026-02-27 03:53:36
TX_0000619,KH_20435,SP_213495429,MIEN_NAM,1,1690000.0,2026-07-07 03:26:03
TX_0000620,KH_GUEST,22493,United Kingdom,1,85540.0,2025-01-12 22:06:49
TX_0000621,KH_20292,SP_203069092,MIEN_NAM,1,69000.0,2025-08-17 12:11:37
TX_0000622,KH_16713,23395,United Kingdom,4,97500.0,2026-07-21 22:52:33
TX_0000623,KH_15529,22726,United Kingdom,2,97500.0,2024-07-24 05:10:40
TX_0000624,KH_20415,SP_166451119,MIEN_TRUNG,1,99000.0,2026-04-22 04:44:42
TX_0000625,KH_GUEST,21154,United Kingdom,3,85540.0,2025-06-24 05:13:39
TX_0000626,KH_20032,SP_176610211,MIEN_NAM,2,65000.0,2025-08-06 08:47:29
TX_0000627,KH_12502,POST,Spain,6,728000.0,2026-03-02 16:24:22
TX_0000628,KH_20481,SP_179176306,MIEN_BAC,3,1489000.0,2026-09-07 17:24:42
TX_0000629,KH_14911,22635,EIRE,4,258700.0,2024-12-17 06:40:24
TX_0000630,KH_14096,85199S,United Kingdom,1,21580.0,2026-02-03 21:44:51
TX_0000631,KH_16361,84032B,United Kingdom,2,76700.0,2026-01-23 23:24:29
TX_0000632,KH_20272,SP_145271980,MIEN_NAM,5,269000.0,2025-04-22 08:19:16
TX_0000633,KH_GUEST,23203,United Kingdom,1,107380.0,2024-08-28 20:48:35
TX_0000634,KH_14541,84997B,United Kingdom,7,107900.0,2025-05-25 23:28:10
TX_0000635,KH_13428,22496,United Kingdom,2,76700.0,2024-08-09 12:35:55
TX_0000636,KH_13901,15056P,United Kingdom,3,154700.0,2026-06-30 16:16:50
TX_0000637,KH_17527,22078,United Kingdom,10,54600.0,2024-02-13 17:30:20
TX_0000638,KH_17049,85099F,United Kingdom,10,54080.0,2024-03-03 13:58:18
TX_0000639,KH_17412,22662,United Kingdom,10,42900.0,2026-05-24 21:35:46
TX_0000640,KH_15869,22650,United Kingdom,4,37700.0,2026-01-13 00:12:41
TX_0000641,KH_15059,22948,United Kingdom,4,22100.0,2026-01-31 15:12:14
TX_0000642,KH_GUEST,46776E,United Kingdom,3,107380.0,2025-10-10 20:56:59
TX_0000643,KH_14159,21931,United Kingdom,2,54080.0,2026-09-29 01:13:05
TX_0000644,KH_GUEST,21871,United Kingdom,1,85540.0,2026-03-31 20:14:32
TX_0000645,KH_20366,SP_263027175,MIEN_NAM,2,190000.0,2026-02-28 19:19:21
TX_0000646,KH_16919,82583,United Kingdom,4,54600.0,2024-05-25 18:34:22
TX_0000647,KH_14936,22604,Channel Islands,6,66300.0,2026-03-02 17:25:37
TX_0000648,KH_13127,20719,United Kingdom,10,22100.0,2024-04-14 07:24:56
TX_0000649,KH_GUEST,20707,United Kingdom,4,21580.0,2024-06-06 21:26:50
TX_0000650,KH_GUEST,22174,United Kingdom,3,87360.0,2025-02-08 04:05:49
TX_0000651,KH_GUEST,20733,United Kingdom,6,21580.0,2026-02-08 05:58:51
TX_0000652,KH_12589,22838,France,2,388700.0,2024-05-18 18:57:05
TX_0000653,KH_GUEST,22584,United Kingdom,2,131560.0,2025-02-04 05:20:28
TX_0000654,KH_20068,SP_213891995,MIEN_NAM,3,235000.0,2025-03-12 19:26:04
TX_0000655,KH_GUEST,22384,United Kingdom,2,128960.0,2025-09-26 19:29:57
TX_0000656,KH_14367,21829,United Kingdom,1,5460.0,2024-01-29 10:21:19
TX_0000657,KH_GUEST,22569,United Kingdom,1,198120.0,2025-07-02 17:24:35
TX_0000658,KH_GUEST,22881,United Kingdom,1,107380.0,2024-02-01 01:47:04
TX_0000659,KH_20486,SP_207419584,MIEN_NAM,2,110000.0,2025-04-27 22:43:59
TX_0000660,KH_20262,SP_108913495,MIEN_BAC,4,195000.0,2026-07-21 04:25:01
TX_0000661,KH_14527,23068,United Kingdom,1,64740.0,2025-01-10 22:21:16
TX_0000662,KH_12372,22551,Denmark,12,42900.0,2025-04-30 11:51:08
TX_0000663,KH_17841,22755,United Kingdom,3,22100.0,2025-12-24 04:04:26
TX_0000664,KH_20125,SP_194041830,MIEN_NAM,1,712500.0,2025-11-27 17:15:40
TX_0000665,KH_13148,22882,United Kingdom,1,50700.0,2024-12-07 01:16:26
TX_0000666,KH_20473,SP_172993342,MIEN_NAM,1,260000.0,2025-05-26 22:58:13
TX_0000667,KH_20374,SP_163722601,MIEN_BAC,1,449000.0,2025-06-01 03:27:40
TX_0000668,KH_15189,23163,United Kingdom,8,64740.0,2026-01-31 07:24:03
TX_0000669,KH_13969,23240,United Kingdom,2,107900.0,2024-12-24 13:39:54
TX_0000670,KH_17965,22570,United Kingdom,1,97500.0,2025-09-03 11:56:13
TX_0000671,KH_20070,SP_73308735,MIEN_NAM,1,14900.0,2026-01-04 21:55:25
TX_0000672,KH_17974,21094,United Kingdom,5,22100.0,2026-08-21 02:26:17
TX_0000673,KH_GUEST,21866,United Kingdom,2,63960.0,2025-09-30 20:22:41
TX_0000674,KH_20194,SP_190466907,MIEN_BAC,1,600000.0,2025-07-10 02:37:48
TX_0000675,KH_12851,21991,United Kingdom,1,32500.0,2024-08-29 17:27:11
TX_0000676,KH_16919,21524,United Kingdom,2,206700.0,2024-02-14 17:01:40
TX_0000677,KH_13263,22077,United Kingdom,4,50700.0,2026-01-13 22:57:07
TX_0000678,KH_20197,SP_263027321,MIEN_BAC,3,1500.0,2026-04-02 22:08:33
TX_0000679,KH_14656,22586,United Kingdom,1,22100.0,2026-08-16 05:34:16
TX_0000680,KH_20373,SP_207936081,MIEN_TRUNG,1,13188000.0,2026-05-19 02:30:26
TX_0000681,KH_16353,82552,United Kingdom,12,37700.0,2025-09-29 03:15:49
TX_0000682,KH_12841,79321,United Kingdom,5,149500.0,2025-10-26 02:32:05
TX_0000683,KH_15159,22669,United Kingdom,5,76700.0,2026-06-16 23:22:06
TX_0000684,KH_13069,21705,United Kingdom,24,10140.0,2026-05-01 01:12:26
TX_0000685,KH_13047,23175,United Kingdom,6,84500.0,2025-11-12 00:02:01
TX_0000686,KH_20483,SP_124276032,MIEN_TRUNG,1,25650.0,2026-05-25 20:38:15
TX_0000687,KH_13809,82494L,Cyprus,2,76700.0,2025-08-20 11:31:39
TX_0000688,KH_20097,SP_221744298,MIEN_TRUNG,2,433000.0,2025-11-29 08:34:36
TX_0000689,KH_17505,22665,United Kingdom,6,76700.0,2024-02-17 02:19:12
TX_0000690,KH_20114,SP_10108091,MIEN_NAM,1,2789000.0,2026-02-04 16:25:08
TX_0000691,KH_20263,SP_82499355,MIEN_NAM,2,40000.0,2026-05-19 21:09:12
TX_0000692,KH_17069,71459,United Kingdom,1,22100.0,2025-02-07 23:10:54
TX_0000693,KH_GUEST,23493,United Kingdom,1,85540.0,2024-08-12 11:23:51
TX_0000694,KH_14691,23356,United Kingdom,6,154700.0,2025-10-11 14:07:19
TX_0000695,KH_16233,23517,United Kingdom,6,75140.0,2024-03-13 12:01:15
TX_0000696,KH_17444,82613D,Canada,8,32500.0,2025-12-28 21:27:06
TX_0000697,KH_13481,22969,United Kingdom,12,37700.0,2025-03-09 23:16:54
TX_0000698,KH_20161,SP_151971478,MIEN_BAC,1,485000.0,2026-07-08 18:56:40
TX_0000699,KH_GUEST,85131D,United Kingdom,2,22100.0,2024-10-15 07:08:24
TX_0000700,KH_14664,22620,United Kingdom,1,37700.0,2024-07-04 09:28:44
TX_0000701,KH_20068,SP_191576208,MIEN_NAM,1,380000.0,2025-11-24 00:50:52
TX_0000702,KH_12748,22096,United Kingdom,2,10140.0,2025-05-22 14:21:29
TX_0000703,KH_13694,23404,United Kingdom,36,107900.0,2024-07-20 10:25:52
TX_0000704,KH_17238,21928,United Kingdom,3,54080.0,2024-12-08 17:26:45
TX_0000705,KH_20305,SP_20271474,MIEN_BAC,1,119000.0,2026-05-04 15:12:33
TX_0000706,KH_17084,23154,United Kingdom,12,54080.0,2024-05-18 12:16:10
TX_0000707,KH_12471,22728,Germany,4,97500.0,2026-08-02 13:04:30
TX_0000708,KH_20129,SP_94901381,MIEN_NAM,3,640000.0,2026-09-09 19:04:46
TX_0000709,KH_14534,21623,United Kingdom,1,258700.0,2025-09-18 23:40:45
TX_0000710,KH_12853,23173,United Kingdom,2,258700.0,2024-10-23 03:29:03
TX_0000711,KH_15696,22988,United Kingdom,12,32500.0,2025-10-14 13:04:26
TX_0000712,KH_GUEST,21210,United Kingdom,2,75920.0,2025-07-07 10:50:10
TX_0000713,KH_13901,22274,United Kingdom,12,76700.0,2025-07-21 10:31:51
TX_0000714,KH_17651,23570,United Kingdom,12,32500.0,2026-04-25 20:06:11
TX_0000715,KH_17293,23201,United Kingdom,1,54080.0,2026-06-04 20:27:38
TX_0000716,KH_13988,23479,United Kingdom,2,204100.0,2024-07-23 12:51:35
TX_0000717,KH_16466,23329,United Kingdom,4,42900.0,2025-09-05 16:15:38
TX_0000718,KH_20146,SP_78969771,MIEN_TRUNG,2,119064.0,2025-08-20 23:05:18
TX_0000719,KH_20006,SP_120455291,MIEN_NAM,1,159000.0,2026-08-05 00:39:21
TX_0000720,KH_14541,22483,United Kingdom,15,76700.0,2024-01-22 03:45:31
TX_0000721,KH_14849,23438,United Kingdom,12,32500.0,2025-04-20 16:13:31
TX_0000722,KH_GUEST,84029G,United Kingdom,5,198120.0,2025-09-21 23:24:34
TX_0000723,KH_20056,SP_149351232,MIEN_BAC,1,210000.0,2025-10-03 08:08:02
TX_0000724,KH_20065,SP_70859168,MIEN_NAM,1,513000.0,2026-01-17 03:38:53
TX_0000725,KH_GUEST,22032,United Kingdom,1,11180.0,2025-07-16 02:30:14
TX_0000726,KH_15144,48188,United Kingdom,10,184080.0,2024-10-04 14:50:40
TX_0000727,KH_20131,SP_35865431,MIEN_BAC,1,120000.0,2026-01-23 14:57:06
TX_0000728,KH_20479,SP_35042206,MIEN_BAC,1,890000.0,2026-08-10 22:34:34
TX_0000729,KH_GUEST,23192,United Kingdom,2,85540.0,2026-07-23 02:01:18
TX_0000730,KH_12518,21680,Germany,12,22100.0,2025-01-26 15:30:54
TX_0000731,KH_GUEST,22838,United Kingdom,1,757380.0,2026-07-27 14:04:31
TX_0000732,KH_12669,22859,France,12,42900.0,2024-05-11 03:53:10
TX_0000733,KH_GUEST,21930,United Kingdom,22,128960.0,2026-02-07 14:44:20
TX_0000734,KH_GUEST,22377,United Kingdom,1,107380.0,2025-10-08 16:10:58
TX_0000735,KH_20135,SP_161254122,MIEN_BAC,1,99000.0,2026-03-22 01:27:19
TX_0000736,KH_18073,23052,United Kingdom,2,214500.0,2025-04-20 09:44:32
TX_0000737,KH_20435,SP_69441223,MIEN_TRUNG,2,179000.0,2026-08-13 17:47:35
TX_0000738,KH_14730,79160,United Kingdom,1,54600.0,2024-05-13 03:30:34
TX_0000739,KH_14299,84879,United Kingdom,16,43940.0,2024-06-30 20:40:15
TX_0000740,KH_14178,22457,United Kingdom,2,76700.0,2025-10-31 19:33:01
TX_0000741,KH_17813,22865,United Kingdom,1,54600.0,2024-05-31 12:33:44
TX_0000742,KH_14527,21243,United Kingdom,1,43940.0,2025-09-11 15:19:00
TX_0000743,KH_13654,21062,United Kingdom,12,22100.0,2024-08-07 21:45:38
TX_0000744,KH_20301,SP_31840556,MIEN_NAM,3,87999.0,2025-03-01 00:23:04
TX_0000745,KH_20103,SP_136741637,MIEN_BAC,2,422100.0,2025-03-11 10:57:03
TX_0000746,KH_16242,23411,United Kingdom,2,128700.0,2026-10-06 16:38:48
TX_0000747,KH_12681,22320,France,3,154700.0,2024-08-15 20:44:20
TX_0000748,KH_20421,SP_194041528,MIEN_BAC,1,250000.0,2025-04-03 15:54:52
TX_0000749,KH_14472,21823,United Kingdom,1,37700.0,2026-09-19 10:35:56
TX_0000750,KH_15472,20956,United Kingdom,3,32500.0,2025-03-20 08:21:56
TX_0000751,KH_20162,SP_13297482,MIEN_NAM,8,259000.0,2025-07-21 11:46:22
TX_0000752,KH_13458,23209,United Kingdom,10,42900.0,2025-10-30 18:45:12
TX_0000753,KH_13614,84927F,United Kingdom,2,54600.0,2024-10-15 23:22:14
TX_0000754,KH_18237,21671,United Kingdom,12,32500.0,2025-05-04 04:12:46
TX_0000755,KH_13004,22772,United Kingdom,12,32500.0,2026-09-20 04:55:05
TX_0000756,KH_GUEST,23197,United Kingdom,1,85540.0,2025-10-12 04:29:11
TX_0000757,KH_13168,23231,United Kingdom,25,10920.0,2024-10-03 23:10:57
TX_0000758,KH_13418,23298,United Kingdom,24,128700.0,2025-03-06 14:48:46
TX_0000759,KH_16033,20757,United Kingdom,3,22100.0,2025-08-01 12:17:26
TX_0000760,KH_20127,SP_191629763,MIEN_BAC,1,2999000.0,2026-07-27 10:53:33
TX_0000761,KH_17017,21918,United Kingdom,24,10920.0,2025-02-10 14:32:08
TX_0000762,KH_20371,SP_647730,MIEN_BAC,5,125100.0,2025-04-11 08:19:02
TX_0000763,KH_15719,85099F,United Kingdom,4,54080.0,2024-12-24 04:08:19
TX_0000764,KH_20126,SP_263025494,MIEN_NAM,1,20000.0,2026-06-01 09:23:02
TX_0000765,KH_15673,22197,United Kingdom,13,22100.0,2026-01-04 10:09:42
TX_0000766,KH_14911,23167,EIRE,24,21580.0,2024-06-29 23:30:57
TX_0000767,KH_15615,23201,United Kingdom,10,54080.0,2024-10-01 07:53:06
TX_0000768,KH_GUEST,21870,United Kingdom,1,87360.0,2026-09-13 01:29:35
TX_0000769,KH_GUEST,22131,United Kingdom,1,107380.0,2026-03-21 15:46:25
TX_0000770,KH_14963,23505,United Kingdom,5,32500.0,2025-05-02 03:14:56
TX_0000771,KH_12971,22577,United Kingdom,22,7540.0,2026-01-11 15:43:50
TX_0000772,KH_20321,SP_205924868,MIEN_TRUNG,5,90250.0,2026-06-25 06:34:31
TX_0000773,KH_14505,23207,United Kingdom,4,42900.0,2026-01-16 08:26:32
TX_0000774,KH_13985,22083,United Kingdom,6,76700.0,2024-07-03 09:22:12
TX_0000775,KH_GUEST,23301,United Kingdom,1,85540.0,2024-12-13 12:03:21
TX_0000776,KH_GUEST,21468,United Kingdom,1,97500.0,2026-07-03 01:16:47
TX_0000777,KH_GUEST,47593B,United Kingdom,3,21580.0,2024-09-25 02:49:22
TX_0000778,KH_GUEST,46776F,United Kingdom,1,107380.0,2026-09-01 14:02:53
TX_0000779,KH_GUEST,22817,United Kingdom,5,10920.0,2024-11-16 04:46:15
TX_0000780,KH_GUEST,22565,United Kingdom,2,42380.0,2024-07-07 16:25:33
TX_0000781,KH_GUEST,84251C,United Kingdom,1,21580.0,2024-03-19 20:49:43
TX_0000782,KH_20063,SP_108157821,MIEN_TRUNG,1,79900.0,2025-04-14 04:18:49
TX_0000783,KH_20295,SP_135538994,MIEN_BAC,1,40000.0,2026-04-01 21:46:01
TX_0000784,KH_12841,22965,United Kingdom,3,54600.0,2026-01-09 19:12:57
TX_0000785,KH_17735,21558,United Kingdom,6,66300.0,2025-10-05 11:03:11
TX_0000786,KH_GUEST,22693,United Kingdom,1,65000.0,2026-01-22 03:51:59
TX_0000787,KH_15993,21617,United Kingdom,2,32500.0,2024-06-06 02:27:57
TX_0000788,KH_20356,SP_217511498,MIEN_NAM,1,219000.0,2025-08-23 14:09:06
TX_0000789,KH_GUEST,23159,United Kingdom,1,107380.0,2025-06-18 01:08:32
TX_0000790,KH_14527,35970,United Kingdom,1,43940.0,2025-02-10 08:06:48
TX_0000791,KH_20297,SP_111868804,MIEN_NAM,8,635000.0,2025-08-18 08:28:46
TX_0000792,KH_14462,84879,United Kingdom,8,43940.0,2025-06-19 12:10:32
TX_0000793,KH_20447,SP_78878492,MIEN_NAM,2,199000.0,2025-06-03 23:55:48
TX_0000794,KH_14546,22111,United Kingdom,1,128700.0,2025-11-06 04:48:05
TX_0000795,KH_18122,22086,United Kingdom,2,76700.0,2025-10-06 20:37:05
TX_0000796,KH_12539,23245,Spain,4,128700.0,2025-03-23 18:31:34
TX_0000797,KH_16161,22241,United Kingdom,3,32500.0,2025-03-05 02:35:54
TX_0000798,KH_16880,21623,United Kingdom,1,258700.0,2025-02-18 08:14:20
TX_0000799,KH_GUEST,21773,United Kingdom,1,63960.0,2025-10-13 23:53:19
TX_0000800,KH_14140,22595,United Kingdom,12,22100.0,2026-02-26 16:16:22
TX_0000801,KH_17164,22838,United Kingdom,1,388700.0,2026-04-17 19:50:42
TX_0000802,KH_17450,22138,United Kingdom,6,132600.0,2026-07-11 22:36:53
TX_0000803,KH_17693,21992,United Kingdom,12,32500.0,2026-07-08 21:59:31
TX_0000804,KH_20215,SP_76825875,MIEN_NAM,1,2093000.0,2026-06-30 22:38:13
TX_0000805,KH_GUEST,20653,United Kingdom,1,63960.0,2025-09-01 15:03:39
TX_0000806,KH_16919,21084,United Kingdom,8,4940.0,2026-03-04 02:42:35
TX_0000807,KH_20083,SP_249720809,MIEN_NAM,3,1082050.0,2026-09-14 19:40:00
TX_0000808,KH_20086,SP_169473853,MIEN_TRUNG,1,1790000.0,2025-10-30 23:01:24
TX_0000809,KH_20486,SP_179551939,MIEN_BAC,1,149000.0,2025-09-26 21:38:32
TX_0000810,KH_17841,84596L,United Kingdom,8,10920.0,2025-08-25 22:25:17
TX_0000811,KH_GUEST,22269,United Kingdom,2,21580.0,2025-06-23 09:59:18
TX_0000812,KH_GUEST,21873,United Kingdom,1,85540.0,2026-04-30 10:30:10
TX_0000813,KH_13340,48184,United Kingdom,30,175500.0,2026-09-05 23:24:58
TX_0000814,KH_14911,23177,EIRE,8,58500.0,2024-02-12 01:46:11
TX_0000815,KH_GUEST,20726,United Kingdom,2,107380.0,2025-01-12 07:49:13
TX_0000816,KH_17841,22681,United Kingdom,1,32500.0,2026-03-07 23:25:23
TX_0000817,KH_20457,SP_263027195,MIEN_BAC,1,40000.0,2025-07-03 09:35:32
TX_0000818,KH_17169,22601,United Kingdom,12,22100.0,2024-11-26 10:47:39
TX_0000819,KH_14903,22896,United Kingdom,2,66300.0,2025-10-25 21:57:43
TX_0000820,KH_15021,85123A,United Kingdom,2,76700.0,2025-04-07 04:22:05
TX_0000821,KH_17244,21326,United Kingdom,48,16900.0,2026-09-13 17:48:24
TX_0000822,KH_20387,SP_145619638,MIEN_TRUNG,1,31500.0,2025-01-16 05:28:06
TX_0000823,KH_GUEST,22869,United Kingdom,1,107380.0,2025-04-26 21:49:00
TX_0000824,KH_20427,SP_10107993,MIEN_NAM,1,1349000.0,2025-09-21 14:28:32
TX_0000825,KH_20476,SP_163871149,MIEN_NAM,1,179000.0,2026-01-12 11:34:34
TX_0000826,KH_17061,22498,United Kingdom,5,154700.0,2024-12-23 12:47:37
TX_0000827,KH_18283,23209,United Kingdom,2,42900.0,2025-05-14 21:40:13
TX_0000828,KH_14258,37446,United Kingdom,32,32500.0,2026-07-11 21:23:59
TX_0000829,KH_14606,20727,United Kingdom,1,42900.0,2024-09-07 05:56:40
TX_0000830,KH_13596,21888,United Kingdom,1,97500.0,2024-05-01 06:12:06
TX_0000831,KH_13999,20725,United Kingdom,10,42900.0,2024-10-24 18:25:55
TX_0000832,KH_14224,23043,United Kingdom,1,162500.0,2025-10-12 14:45:29
TX_0000833,KH_16550,20751,United Kingdom,4,54600.0,2024-03-28 16:26:02
TX_0000834,KH_16729,47566,United Kingdom,4,128700.0,2026-03-01 18:08:19
TX_0000835,KH_16210,21175,United Kingdom,12,66300.0,2025-03-19 11:25:08
TX_0000836,KH_13668,23321,United Kingdom,4,42900.0,2025-10-22 02:17:03
TX_0000837,KH_13034,23351,United Kingdom,12,32500.0,2026-09-27 01:35:07
TX_0000838,KH_20197,SP_207011340,MIEN_BAC,1,599000.0,2025-05-02 15:47:04
TX_0000839,KH_20253,SP_179946157,MIEN_BAC,1,10440000.0,2026-02-10 06:43:30
TX_0000840,KH_GUEST,22114,United Kingdom,42,215540.0,2025-05-17 04:15:25
TX_0000841,KH_20088,SP_136959426,MIEN_NAM,2,265000.0,2025-08-15 01:08:48
TX_0000842,KH_14587,22882,United Kingdom,1,50700.0,2026-10-01 00:58:38
TX_0000843,KH_20435,SP_171765620,MIEN_TRUNG,2,1000.0,2025-05-08 05:26:42
TX_0000844,KH_20473,SP_138624523,MIEN_BAC,2,69000.0,2026-04-12 06:18:13
TX_0000845,KH_GUEST,21166,United Kingdom,2,109460.0,2025-12-06 21:33:26
TX_0000846,KH_14527,23283,United Kingdom,1,206700.0,2024-02-26 06:48:59
TX_0000847,KH_20452,SP_114878236,MIEN_BAC,4,90000.0,2025-04-08 09:09:19
TX_0000848,KH_GUEST,22629,United Kingdom,1,63960.0,2026-05-03 10:32:32
TX_0000849,KH_14796,21818,United Kingdom,5,10140.0,2026-06-01 14:27:56
TX_0000850,KH_20449,SP_198539690,MIEN_NAM,2,264690.0,2025-06-23 03:50:24
TX_0000851,KH_20117,SP_204249392,MIEN_NAM,1,522500.0,2025-09-10 05:58:52
TX_0000852,KH_20484,SP_263026390,MIEN_TRUNG,2,3500.0,2026-10-04 07:07:06
TX_0000853,KH_20441,SP_200998800,MIEN_NAM,2,58000.0,2026-02-15 15:38:43
TX_0000854,KH_17690,22076,United Kingdom,12,42900.0,2026-06-20 05:29:18
TX_0000855,KH_20261,SP_114696819,MIEN_BAC,3,26000.0,2025-11-09 18:49:45
TX_0000856,KH_16173,23298,United Kingdom,3,128700.0,2024-11-24 12:15:10
TX_0000857,KH_17530,21888,United Kingdom,1,97500.0,2025-05-06 10:32:42
TX_0000858,KH_20465,SP_144753804,MIEN_BAC,4,20000.0,2025-11-25 12:04:07
TX_0000859,KH_GUEST,21329,United Kingdom,4,21580.0,2025-01-03 01:35:29
TX_0000860,KH_GUEST,35924,United Kingdom,9,42380.0,2026-08-14 02:05:50
TX_0000861,KH_20257,SP_139142223,MIEN_TRUNG,1,99000.0,2025-10-14 14:50:02
TX_0000862,KH_13376,21112,United Kingdom,6,76700.0,2024-11-05 02:53:35
TX_0000863,KH_15529,84077,United Kingdom,48,7540.0,2024-08-10 08:19:05
TX_0000864,KH_12669,POST,France,6,468000.0,2026-07-27 22:57:01
TX_0000865,KH_20485,SP_149568494,MIEN_BAC,1,239000.0,2025-10-07 13:37:37
TX_0000866,KH_13755,22179,United Kingdom,1,175500.0,2025-01-21 03:44:35
TX_0000867,KH_20334,SP_151972030,MIEN_BAC,2,457000.0,2025-07-14 16:01:30
TX_0000868,KH_17841,22995,United Kingdom,1,10920.0,2024-05-02 07:38:23
TX_0000869,KH_12952,23581,United Kingdom,10,54080.0,2024-03-06 06:43:04
TX_0000870,KH_17364,22345,United Kingdom,6,22100.0,2025-03-24 06:47:30
TX_0000871,KH_20186,SP_78969771,MIEN_TRUNG,2,119064.0,2025-10-22 00:25:48
TX_0000872,KH_15356,22355,United Kingdom,10,22100.0,2026-04-23 20:49:29
TX_0000873,KH_20384,SP_149567658,MIEN_BAC,1,159000.0,2026-05-29 18:58:43
TX_0000874,KH_GUEST,22144,United Kingdom,2,107380.0,2025-03-18 20:30:51
TX_0000875,KH_20396,SP_212554319,MIEN_NAM,2,239000.0,2025-05-03 02:53:05
TX_0000876,KH_20226,SP_143886037,MIEN_BAC,1,1068000.0,2025-08-29 19:09:56
TX_0000877,KH_GUEST,22960,United Kingdom,1,215540.0,2026-05-11 17:58:30
TX_0000878,KH_20023,SP_71509352,MIEN_BAC,2,71900.0,2025-12-30 19:55:13
TX_0000879,KH_GUEST,22379,United Kingdom,4,109460.0,2026-08-08 01:18:46
TX_0000880,KH_17420,23242,United Kingdom,6,54080.0,2024-10-30 04:20:14
TX_0000881,KH_GUEST,22726,United Kingdom,2,215540.0,2024-10-09 04:55:03
TX_0000882,KH_GUEST,90018B,United Kingdom,1,107900.0,2025-05-11 01:01:15
TX_0000883,KH_18239,23138,United Kingdom,12,37700.0,2025-07-03 03:57:41
TX_0000884,KH_14262,21878,United Kingdom,12,22100.0,2026-03-15 16:30:05
TX_0000885,KH_20422,SP_212559695,MIEN_NAM,5,81600.0,2026-07-17 16:34:08
TX_0000886,KH_GUEST,23175,United Kingdom,1,193960.0,2025-11-07 09:56:25
TX_0000887,KH_GUEST,21028,United Kingdom,1,21580.0,2024-10-03 14:07:04
TX_0000888,KH_GUEST,22746,United Kingdom,1,107380.0,2025-10-02 22:53:47
TX_0000889,KH_16782,22327,United Kingdom,2,76700.0,2024-05-24 04:34:51
TX_0000890,KH_16293,22767,United Kingdom,2,258700.0,2025-10-01 15:59:53
TX_0000891,KH_14096,85039B,United Kingdom,1,42380.0,2026-08-29 12:20:35
TX_0000892,KH_20306,SP_67603428,MIEN_BAC,2,96000.0,2026-05-19 05:36:34
TX_0000893,KH_20174,SP_190514961,MIEN_BAC,1,199045.0,2026-03-07 05:16:40
TX_0000894,KH_15005,22472,United Kingdom,1,128700.0,2024-07-10 00:01:52
TX_0000895,KH_20022,SP_249091286,MIEN_NAM,1,1980000.0,2025-09-13 19:40:01
TX_0000896,KH_20326,SP_71098971,MIEN_NAM,3,49000.0,2025-11-21 22:34:42
TX_0000897,KH_20044,SP_173056469,MIEN_NAM,1,69000.0,2025-04-21 05:03:53
TX_0000898,KH_16549,21155,United Kingdom,1,66300.0,2025-03-02 23:02:53
TX_0000899,KH_15059,82482,United Kingdom,6,66300.0,2025-02-23 21:07:49
TX_0000900,KH_15506,22515,United Kingdom,1,54600.0,2024-08-09 18:40:29
TX_0000901,KH_15187,84945,United Kingdom,17,22100.0,2024-04-01 23:31:18
TX_0000902,KH_GUEST,22680,United Kingdom,3,63960.0,2026-06-13 21:37:20
TX_0000903,KH_14911,22809,EIRE,6,76700.0,2025-08-22 07:25:42
TX_0000904,KH_14415,23355,United Kingdom,3,128700.0,2024-10-25 13:41:22
TX_0000905,KH_GUEST,22411,United Kingdom,6,107380.0,2026-06-09 21:27:09
TX_0000906,KH_20194,SP_53575098,MIEN_NAM,1,46750.0,2026-04-30 04:01:33
TX_0000907,KH_16928,23034,United Kingdom,36,37700.0,2024-01-22 10:43:40
TX_0000908,KH_12682,22383,France,10,42900.0,2025-01-06 06:52:02
TX_0000909,KH_17338,22949,United Kingdom,4,37700.0,2024-01-20 16:12:16
TX_0000910,KH_20190,SP_183337159,MIEN_BAC,3,649999.0,2026-07-09 05:06:28
TX_0000911,KH_20469,SP_164588007,MIEN_BAC,1,900000.0,2025-07-23 19:40:46
TX_0000912,KH_20496,SP_194816086,MIEN_NAM,2,25545.0,2026-01-04 21:39:41
TX_0000913,KH_13408,22456,United Kingdom,18,110500.0,2026-01-31 03:17:12
TX_0000914,KH_GUEST,21242,United Kingdom,1,85540.0,2025-07-09 19:48:45
TX_0000915,KH_13476,22285,United Kingdom,12,42900.0,2025-05-18 13:36:22
TX_0000916,KH_20222,SP_179912640,MIEN_NAM,2,500000.0,2025-06-07 07:27:28
TX_0000917,KH_20278,SP_207011340,MIEN_BAC,1,599000.0,2025-02-17 19:26:57
TX_0000918,KH_12942,21735,United Kingdom,2,331500.0,2025-10-07 23:18:24
TX_0000919,KH_12901,21915,United Kingdom,24,32500.0,2025-08-22 22:32:42
TX_0000920,KH_20466,SP_196056514,MIEN_TRUNG,1,69000.0,2026-01-23 09:21:45
TX_0000921,KH_20228,SP_33850741,MIEN_BAC,3,69000.0,2025-08-23 19:53:55
TX_0000922,KH_GUEST,22698,United Kingdom,1,150540.0,2024-01-15 20:21:54
TX_0000923,KH_14159,20725,United Kingdom,4,42900.0,2024-08-18 10:59:03
TX_0000924,KH_17871,21399,United Kingdom,48,10140.0,2024-05-10 10:41:13
TX_0000925,KH_16395,20728,United Kingdom,3,42900.0,2026-01-05 08:51:27
TX_0000926,KH_GUEST,22449,United Kingdom,1,63960.0,2025-08-09 13:37:49
TX_0000927,KH_16218,22805,United Kingdom,12,32500.0,2024-05-30 04:24:15
TX_0000928,KH_20285,SP_198787271,MIEN_BAC,2,1700000.0,2026-08-07 12:14:41
TX_0000929,KH_12420,85203,Cyprus,24,10920.0,2024-09-27 02:16:07
TX_0000930,KH_16706,22548,United Kingdom,2,32500.0,2025-09-07 23:28:38
TX_0000931,KH_14159,23205,United Kingdom,2,22100.0,2025-11-14 18:48:02
TX_0000932,KH_16940,23199,United Kingdom,4,54080.0,2024-09-16 05:14:41
TX_0000933,KH_GUEST,85099B,United Kingdom,2,107380.0,2024-02-21 18:15:57
TX_0000934,KH_15298,22059,United Kingdom,12,38740.0,2025-10-16 21:38:05
TX_0000935,KH_17758,23203,United Kingdom,3,54080.0,2024-09-03 16:04:36
TX_0000936,KH_14869,82483,United Kingdom,2,180700.0,2026-02-18 06:20:55
TX_0000937,KH_GUEST,22384,United Kingdom,1,107380.0,2026-06-03 15:39:13
TX_0000938,KH_GUEST,84558A,United Kingdom,1,59540.0,2026-06-24 08:19:48
TX_0000939,KH_20229,SP_166353180,MIEN_NAM,4,53000.0,2026-08-18 06:28:33
TX_0000940,KH_20290,SP_104741767,MIEN_TRUNG,1,8900.0,2025-08-01 03:14:59
TX_0000941,KH_20280,SP_189336866,MIEN_NAM,4,785000.0,2025-08-27 00:50:44
TX_0000942,KH_15311,22670,United Kingdom,2,32500.0,2025-12-23 07:58:51
TX_0000943,KH_20302,SP_180103221,MIEN_BAC,1,513000.0,2025-05-24 08:36:09
TX_0000944,KH_20277,SP_248641354,MIEN_NAM,2,70000.0,2026-08-19 09:16:24
TX_0000945,KH_16657,22344,United Kingdom,2,22100.0,2024-07-26 18:53:00
TX_0000946,KH_20271,SP_78630755,MIEN_NAM,2,769000.0,2025-08-30 15:02:16
TX_0000947,KH_GUEST,21403,United Kingdom,2,10920.0,2026-05-09 23:59:02
TX_0000948,KH_20432,SP_257866952,MIEN_NAM,3,389000.0,2025-10-18 22:15:20
TX_0000949,KH_13982,22464,United Kingdom,18,42900.0,2026-06-25 05:51:02
TX_0000950,KH_GUEST,84032B,United Kingdom,1,153660.0,2025-12-12 20:19:30
TX_0000951,KH_GUEST,85131B,United Kingdom,5,21580.0,2025-04-07 19:31:03
TX_0000952,KH_GUEST,82483,United Kingdom,3,193960.0,2024-05-07 18:22:49
TX_0000953,KH_GUEST,23161,United Kingdom,2,63960.0,2026-05-01 15:58:52
TX_0000954,KH_14646,23189,Netherlands,48,64740.0,2024-07-11 07:45:35
TX_0000955,KH_14298,21485,United Kingdom,6,110500.0,2024-02-06 08:16:51
TX_0000956,KH_14060,22467,United Kingdom,36,66300.0,2025-08-29 15:13:33
TX_0000957,KH_20462,SP_153836562,MIEN_BAC,1,399000.0,2026-02-20 22:17:49
TX_0000958,KH_GUEST,84563B,United Kingdom,1,109460.0,2026-06-22 03:21:31
TX_0000959,KH_GUEST,21458,United Kingdom,1,63960.0,2025-06-09 06:14:05
TX_0000960,KH_20076,SP_198508920,MIEN_BAC,2,180000.0,2025-09-15 14:57:33
TX_0000961,KH_20249,SP_57138134,MIEN_BAC,3,649000.0,2025-05-13 14:12:08
TX_0000962,KH_14606,22414,United Kingdom,1,206700.0,2025-07-14 07:42:09
TX_0000963,KH_15872,62018,United Kingdom,1,50700.0,2026-07-23 11:41:19
TX_0000964,KH_GUEST,22784,United Kingdom,1,280540.0,2025-05-17 02:06:34
TX_0000965,KH_14796,51014L,United Kingdom,12,10140.0,2024-12-16 16:00:02
TX_0000966,KH_20033,SP_74448095,MIEN_BAC,1,150000.0,2025-12-29 17:34:58
TX_0000967,KH_12772,84997C,Portugal,4,107900.0,2026-03-05 17:00:19
TX_0000968,KH_14422,23032,United Kingdom,6,42900.0,2025-12-24 05:06:48
TX_0000969,KH_14412,22734,United Kingdom,12,75140.0,2026-01-12 10:54:09
TX_0000970,KH_17365,22210,United Kingdom,1,21580.0,2025-06-16 22:13:20
TX_0000971,KH_17491,22086,United Kingdom,12,76700.0,2026-07-25 01:55:56
TX_0000972,KH_14422,22595,United Kingdom,12,22100.0,2026-06-02 04:10:23
TX_0000973,KH_13527,15034,United Kingdom,24,3640.0,2024-12-31 00:00:07
TX_0000974,KH_20491,SP_198508759,MIEN_TRUNG,3,200000.0,2025-09-07 11:16:22
TX_0000975,KH_14156,22927,EIRE,4,154700.0,2025-07-18 01:37:46
TX_0000976,KH_15814,21877,United Kingdom,24,37700.0,2026-05-04 16:23:02
TX_0000977,KH_20275,SP_68152487,MIEN_TRUNG,1,145041.0,2025-01-23 19:23:33
TX_0000978,KH_20272,SP_171783683,MIEN_NAM,1,518000.0,2025-01-13 16:46:25
TX_0000979,KH_16150,20866,United Kingdom,12,32500.0,2024-03-06 09:56:43
TX_0000980,KH_13334,22776,United Kingdom,1,258700.0,2025-03-23 13:59:31
TX_0000981,KH_GUEST,22682,United Kingdom,1,63960.0,2025-04-26 22:35:31
TX_0000982,KH_15719,21932,United Kingdom,2,76700.0,2026-07-08 18:26:56
TX_0000983,KH_GUEST,21125,United Kingdom,3,32500.0,2024-08-08 22:49:04
TX_0000984,KH_GUEST,20986,United Kingdom,2,21580.0,2024-08-12 04:51:47
TX_0000985,KH_20474,SP_139222331,MIEN_TRUNG,4,30000.0,2025-04-21 22:37:57
TX_0000986,KH_GUEST,21124,Unspecified,7,32500.0,2025-08-12 02:57:33
TX_0000987,KH_20049,SP_157254316,MIEN_TRUNG,3,500000.0,2026-02-24 19:56:17
TX_0000988,KH_20161,SP_50490162,MIEN_NAM,1,899100.0,2026-05-27 05:48:53
TX_0000989,KH_15301,21844,United Kingdom,24,76700.0,2026-09-12 16:58:32
TX_0000990,KH_15589,47580,United Kingdom,6,66300.0,2025-08-09 21:03:05
TX_0000991,KH_14096,23275,United Kingdom,4,63960.0,2026-08-06 21:50:40
TX_0000992,KH_20144,SP_68950316,MIEN_NAM,2,4499.0,2025-04-03 13:35:52
TX_0000993,KH_16026,22792,United Kingdom,12,22100.0,2025-05-09 22:54:36
TX_0000994,KH_20199,SP_144197475,MIEN_NAM,1,54000.0,2026-06-16 22:59:54
TX_0000995,KH_14923,22424,United Kingdom,1,331500.0,2024-04-28 23:40:00
TX_0000996,KH_15521,22045,United Kingdom,25,10920.0,2025-07-13 08:26:46
TX_0000997,KH_20457,SP_137135943,MIEN_BAC,2,219000.0,2026-06-25 17:39:20
TX_0000998,KH_17850,21071,United Kingdom,6,27560.0,2024-02-16 21:19:27
TX_0000999,KH_GUEST,22132,United Kingdom,1,42380.0,2024-04-19 01:12:30
TX_0001000,KH_16678,23552,United Kingdom,6,54080.0,2025-08-09 15:50:31
TX_0001001,KH_12731,22195,France,24,42900.0,2025-12-10 03:29:14
TX_0001002,KH_13137,23242,United Kingdom,1,54080.0,2024-03-27 01:41:10
TX_0001003,KH_13162,84755,United Kingdom,16,16900.0,2024-07-20 09:38:04
TX_0001004,KH_20007,SP_204237296,MIEN_NAM,5,550000.0,2025-10-14 21:48:38
TX_0001005,KH_GUEST,22743,United Kingdom,2,150540.0,2024-07-27 03:32:54
TX_0001006,KH_14606,48116,United Kingdom,1,206700.0,2025-07-22 03:17:06
TX_0001007,KH_20337,SP_173035913,MIEN_NAM,2,69000.0,2025-12-17 09:40:21
TX_0001008,KH_20441,SP_201252299,MIEN_NAM,3,65550.0,2025-07-29 18:31:40
TX_0001009,KH_20484,SP_159848418,MIEN_BAC,3,139000.0,2025-05-01 03:18:04
TX_0001010,KH_20208,SP_119426224,MIEN_NAM,2,2100.0,2026-05-18 12:05:32
TX_0001011,KH_15861,23501,United Kingdom,3,32500.0,2024-11-05 11:44:37
TX_0001012,KH_17159,21991,United Kingdom,12,32500.0,2026-08-30 03:25:04
TX_0001013,KH_20462,SP_127184499,MIEN_NAM,1,1299000.0,2025-07-12 10:44:25
TX_0001014,KH_20161,SP_20238949,MIEN_NAM,1,1972000.0,2025-09-29 05:57:07
TX_0001015,KH_GUEST,23206,United Kingdom,12,107380.0,2026-06-07 18:56:57
TX_0001016,KH_20063,SP_252383951,MIEN_BAC,1,10000.0,2026-06-10 21:36:15
TX_0001017,KH_20224,SP_188636066,MIEN_NAM,4,1095000.0,2026-03-02 12:35:17
TX_0001018,KH_20043,SP_167953710,MIEN_NAM,1,990000.0,2025-02-23 14:54:10
TX_0001019,KH_20055,SP_191981817,MIEN_BAC,2,37800.0,2026-01-29 12:12:22
TX_0001020,KH_20106,SP_168498791,MIEN_NAM,3,116312.0,2026-03-06 04:44:52
TX_0001021,KH_20212,SP_197107270,MIEN_BAC,1,588000.0,2025-06-25 09:46:04
TX_0001022,KH_20401,SP_152990942,MIEN_NAM,1,149000.0,2025-07-24 19:57:41
TX_0001023,KH_GUEST,22077,United Kingdom,2,85540.0,2024-03-02 16:53:55
TX_0001024,KH_GUEST,22441,United Kingdom,1,109460.0,2026-09-13 11:27:44
TX_0001025,KH_20475,SP_263026578,MIEN_NAM,3,13000.0,2026-08-02 19:23:56
TX_0001026,KH_13521,22211,United Kingdom,1,21580.0,2025-01-02 22:38:01
TX_0001027,KH_20139,SP_151696872,MIEN_TRUNG,4,2390000.0,2025-02-02 01:10:04
TX_0001028,KH_20251,SP_14454266,MIEN_BAC,4,59999.0,2025-05-02 14:53:39
TX_0001029,KH_18118,21155,United Kingdom,4,66300.0,2025-02-22 13:07:19
TX_0001030,KH_20389,SP_208632953,MIEN_BAC,1,44750.0,2026-07-30 17:18:15
TX_0001031,KH_20355,SP_44472717,MIEN_BAC,4,250000.0,2025-10-21 05:24:15
TX_0001032,KH_18127,22165,United Kingdom,1,331500.0,2024-03-17 12:52:34
TX_0001033,KH_13005,21556,United Kingdom,6,66300.0,2024-07-04 18:33:00
TX_0001034,KH_20308,SP_52702293,MIEN_BAC,5,990000.0,2025-08-10 04:10:51
TX_0001035,KH_20180,SP_56539121,MIEN_NAM,1,899000.0,2025-05-12 04:15:26
TX_0001036,KH_GUEST,22844,United Kingdom,1,432380.0,2025-03-05 14:30:03
TX_0001037,KH_14298,35810A,United Kingdom,12,21580.0,2024-02-24 17:55:49
TX_0001038,KH_GUEST,21949,United Kingdom,1,63960.0,2024-11-05 16:30:50
TX_0001039,KH_17085,22469,United Kingdom,4,42900.0,2026-10-05 09:52:41
TX_0001040,KH_20356,SP_51200014,MIEN_BAC,5,33000.0,2025-07-24 18:54:04
TX_0001041,KH_GUEST,21165,United Kingdom,2,109460.0,2026-05-18 10:30:17
TX_0001042,KH_15769,20711,United Kingdom,17,42900.0,2024-07-07 16:48:59
TX_0001043,KH_20313,SP_198192739,MIEN_TRUNG,1,479000.0,2026-06-18 18:54:41
TX_0001044,KH_20418,SP_2297205,MIEN_TRUNG,3,250000.0,2025-03-15 10:50:19
TX_0001045,KH_20247,SP_116115652,MIEN_NAM,2,36100.0,2026-03-10 12:40:37
TX_0001046,KH_GUEST,22077,United Kingdom,2,85540.0,2024-09-05 01:36:20
TX_0001047,KH_GUEST,85199L,United Kingdom,1,32500.0,2024-04-15 13:28:39
TX_0001048,KH_20171,SP_4902377,MIEN_TRUNG,1,299000.0,2026-10-01 09:03:44
TX_0001049,KH_20147,SP_217267294,MIEN_NAM,2,695000.0,2025-05-03 10:59:05
TX_0001050,KH_13634,22935,United Kingdom,1,84500.0,2025-11-21 17:12:45
TX_0001051,KH_GUEST,22837,United Kingdom,1,237380.0,2025-08-24 14:43:28
TX_0001052,KH_20276,SP_263026916,MIEN_NAM,2,3000.0,2026-09-14 05:15:26
TX_0001053,KH_20454,SP_81110965,MIEN_NAM,1,10000.0,2025-05-19 12:29:40
TX_0001054,KH_14965,23196,United Kingdom,5,37700.0,2024-07-23 01:18:32
TX_0001055,KH_GUEST,22960,United Kingdom,3,215540.0,2025-03-06 02:44:04
TX_0001056,KH_17360,21932,United Kingdom,1,42900.0,2024-07-13 04:44:41
TX_0001057,KH_20272,SP_5766065,MIEN_NAM,5,125100.0,2025-03-12 16:23:36
TX_0001058,KH_GUEST,22670,United Kingdom,1,63960.0,2025-06-30 21:34:34
TX_0001059,KH_GUEST,84029E,United Kingdom,3,220220.0,2025-01-19 18:39:01
TX_0001060,KH_20450,SP_138661918,MIEN_NAM,1,59000.0,2026-07-13 16:15:33
TX_0001061,KH_14004,23581,United Kingdom,20,54080.0,2025-05-05 00:25:14
TX_0001062,KH_GUEST,21650,United Kingdom,1,21580.0,2025-01-17 23:14:42
TX_0001063,KH_GUEST,22467,United Kingdom,2,128960.0,2024-07-01 11:49:17
TX_0001064,KH_20059,SP_1022921,MIEN_BAC,2,1237500.0,2025-01-13 12:44:46
TX_0001065,KH_17554,23188,United Kingdom,12,42900.0,2025-12-05 07:15:40
TX_0001066,KH_14082,21181,United Kingdom,1,54600.0,2025-05-29 20:37:33
TX_0001067,KH_12540,21891,Spain,12,37700.0,2026-04-04 12:06:07
TX_0001068,KH_20360,SP_14994929,MIEN_NAM,1,169000.0,2025-10-22 15:29:37
TX_0001069,KH_20022,SP_214827859,MIEN_BAC,1,790000.0,2025-10-06 22:17:07
TX_0001070,KH_20008,SP_145031092,MIEN_NAM,1,126000.0,2025-02-14 12:21:57
TX_0001071,KH_14159,82581,United Kingdom,2,14300.0,2024-02-14 20:26:36
TX_0001072,KH_15719,84879,United Kingdom,8,43940.0,2024-04-01 10:12:50
TX_0001073,KH_20092,SP_46513713,MIEN_NAM,1,549000.0,2026-03-06 12:20:01
TX_0001074,KH_20352,SP_11845281,MIEN_BAC,1,349000.0,2026-06-13 00:13:28
TX_0001075,KH_12432,22892,Norway,12,32500.0,2024-01-14 13:53:50
TX_0001076,KH_17966,22985,United Kingdom,25,10920.0,2025-03-24 11:24:37
TX_0001077,KH_15862,84744,United Kingdom,1,32500.0,2026-09-22 23:03:04
TX_0001078,KH_GUEST,72351B,United Kingdom,1,109460.0,2025-10-14 04:13:15
TX_0001079,KH_14895,21258,United Kingdom,4,331500.0,2024-08-12 05:04:56
TX_0001080,KH_14911,22917,EIRE,12,16900.0,2026-05-13 19:12:05
TX_0001081,KH_14911,22531,EIRE,24,10920.0,2025-11-28 23:55:30
TX_0001082,KH_GUEST,22371,United Kingdom,1,215540.0,2026-05-25 09:16:35
TX_0001083,KH_GUEST,22063,United Kingdom,1,150540.0,2024-08-26 13:01:45
TX_0001084,KH_13871,21756,United Kingdom,3,154700.0,2025-07-13 10:09:54
TX_0001085,KH_13437,22845,United Kingdom,2,165100.0,2024-10-14 02:47:26
TX_0001086,KH_GUEST,22403,United Kingdom,5,21580.0,2026-05-22 00:05:59
TX_0001087,KH_17634,21169,United Kingdom,2,43940.0,2025-01-21 04:01:29
TX_0001088,KH_16904,15044C,United Kingdom,1,76700.0,2024-01-19 05:15:05
TX_0001089,KH_12748,84997C,United Kingdom,2,107900.0,2024-03-07 12:12:34
TX_0001090,KH_20171,SP_46134788,MIEN_BAC,4,1350000.0,2026-03-30 07:20:24
TX_0001091,KH_GUEST,22629,United Kingdom,1,107380.0,2026-01-05 04:37:02
TX_0001092,KH_13098,22704,United Kingdom,25,10920.0,2024-03-28 22:55:02
TX_0001093,KH_20087,SP_263025573,MIEN_BAC,3,60000.0,2025-06-19 22:06:39
TX_0001094,KH_14301,37450,United Kingdom,18,66300.0,2025-10-26 08:18:38
TX_0001095,KH_12490,22898,France,8,50700.0,2024-01-27 13:40:35
TX_0001096,KH_13050,23499,United Kingdom,24,10920.0,2024-11-21 04:26:33
TX_0001097,KH_13810,POST,Germany,3,468000.0,2026-01-07 16:44:37
TX_0001098,KH_18257,23082,United Kingdom,6,97500.0,2024-02-13 23:04:44
TX_0001099,KH_13842,23221,United Kingdom,12,21580.0,2025-12-18 10:42:01
TX_0001100,KH_20207,SP_252891303,MIEN_BAC,1,49000.0,2025-06-18 16:10:34
TX_0001101,KH_GUEST,21279,United Kingdom,1,131560.0,2025-01-13 10:27:35
TX_0001102,KH_16253,21792,United Kingdom,2,175500.0,2024-07-10 12:34:58
TX_0001103,KH_20371,SP_125100934,MIEN_BAC,2,59000.0,2026-05-06 07:43:05
TX_0001104,KH_15867,23283,United Kingdom,3,206700.0,2024-04-19 05:04:19
TX_0001105,KH_20131,SP_263026561,MIEN_TRUNG,2,35000.0,2026-04-28 13:45:19
TX_0001106,KH_12748,16236,United Kingdom,1,5460.0,2024-11-29 10:02:24
TX_0001107,KH_20371,SP_179731557,MIEN_TRUNG,2,75050.0,2025-04-18 21:02:32
TX_0001108,KH_13881,22144,United Kingdom,40,48100.0,2024-05-11 18:16:39
TX_0001109,KH_GUEST,22666,United Kingdom,4,150540.0,2025-02-18 06:55:44
TX_0001110,KH_12714,21204,France,12,42900.0,2025-08-19 02:08:12
TX_0001111,KH_20192,SP_159019071,MIEN_TRUNG,1,195000.0,2025-03-02 06:45:40
TX_0001112,KH_20174,SP_90502678,MIEN_NAM,8,2580000.0,2026-02-25 08:04:29
TX_0001113,KH_GUEST,21824,United Kingdom,2,21580.0,2026-09-24 19:30:22
TX_0001114,KH_GUEST,22602,United Kingdom,1,42380.0,2026-02-28 15:18:30
TX_0001115,KH_17139,22386,United Kingdom,10,50700.0,2026-09-16 16:29:27
TX_0001116,KH_20383,SP_162091904,MIEN_BAC,1,330000.0,2025-08-17 10:07:45
TX_0001117,KH_20454,SP_177535084,MIEN_NAM,1,513000.0,2026-03-25 00:04:03
TX_0001118,KH_16746,22148,United Kingdom,4,50700.0,2025-03-10 00:44:10
TX_0001119,KH_13137,22131,United Kingdom,5,50700.0,2026-03-26 16:56:15
TX_0001120,KH_GUEST,21078,United Kingdom,4,42380.0,2024-09-27 18:11:33
TX_0001121,KH_20358,SP_249486594,MIEN_NAM,1,482000.0,2025-05-20 15:06:33
TX_0001122,KH_12712,22867,Germany,12,54600.0,2024-11-06 09:51:03
TX_0001123,KH_20384,SP_76755779,MIEN_NAM,4,310000.0,2025-07-02 00:49:43
TX_0001124,KH_20485,SP_249570831,MIEN_NAM,1,16455.0,2026-05-09 20:48:59
TX_0001125,KH_16910,22457,United Kingdom,1,76700.0,2026-08-28 18:29:55
TX_0001126,KH_14606,47591B,United Kingdom,1,42900.0,2026-06-24 23:42:28
TX_0001127,KH_18041,21967,United Kingdom,12,7540.0,2024-10-31 10:07:37
TX_0001128,KH_16653,22427,United Kingdom,3,154700.0,2024-12-13 17:47:32
TX_0001129,KH_17288,23019,United Kingdom,1,214500.0,2026-03-19 18:04:11
TX_0001130,KH_16431,84879,United Kingdom,16,43940.0,2024-07-24 14:58:58
TX_0001131,KH_12438,23291,Norway,8,32500.0,2025-11-27 11:26:54
TX_0001132,KH_GUEST,22996,United Kingdom,3,21580.0,2025-11-08 08:24:31
TX_0001133,KH_12757,23367,Portugal,16,16900.0,2026-05-20 16:40:47
TX_0001134,KH_17968,85099C,United Kingdom,1,50700.0,2024-12-25 00:49:38
TX_0001135,KH_20264,SP_200737369,MIEN_NAM,1,61750.0,2025-08-31 19:36:48
TX_0001136,KH_20102,SP_205110844,MIEN_NAM,3,129000.0,2026-09-26 16:39:24
TX_0001137,KH_16063,22621,United Kingdom,12,37700.0,2024-11-10 11:29:36
TX_0001138,KH_20052,SP_150732364,MIEN_BAC,1,450000.0,2026-05-08 12:29:49
TX_0001139,KH_14418,21402,United Kingdom,24,3120.0,2024-03-31 22:33:38
TX_0001140,KH_GUEST,22592,United Kingdom,3,193960.0,2024-12-31 15:25:16
TX_0001141,KH_16081,21817,United Kingdom,10,22100.0,2026-09-21 23:14:23
TX_0001142,KH_16007,23082,United Kingdom,8,97500.0,2026-07-31 07:54:13
TX_0001143,KH_GUEST,47504H,United Kingdom,1,87360.0,2024-09-13 20:58:05
TX_0001144,KH_16626,22694,United Kingdom,6,54600.0,2026-06-26 12:51:59
TX_0001145,KH_15465,21755,United Kingdom,2,154700.0,2024-09-21 16:49:27
TX_0001146,KH_20014,SP_249720809,MIEN_NAM,3,1082050.0,2025-11-16 07:16:11
TX_0001147,KH_16271,22530,United Kingdom,4,10920.0,2024-09-03 16:16:51
TX_0001148,KH_20354,SP_181746016,MIEN_NAM,1,389000.0,2025-02-12 12:12:32
TX_0001149,KH_15626,21824,United Kingdom,24,10140.0,2026-05-27 07:47:07
TX_0001150,KH_16440,22306,United Kingdom,12,27560.0,2025-10-19 14:28:34
TX_0001151,KH_20156,SP_79166480,MIEN_NAM,1,49000.0,2025-07-26 05:40:16
TX_0001152,KH_20379,SP_162144913,MIEN_BAC,5,369000.0,2025-02-28 09:49:01
TX_0001153,KH_16110,20778,United Kingdom,2,42900.0,2026-04-23 00:45:28
TX_0001154,KH_14076,22178,United Kingdom,2,32500.0,2025-02-02 17:40:08
TX_0001155,KH_12681,21080,France,24,22100.0,2026-04-15 22:26:56
TX_0001156,KH_GUEST,47574A,Israel,6,19500.0,2026-09-05 23:00:42
TX_0001157,KH_20248,SP_220668125,MIEN_BAC,1,199000.0,2026-04-24 18:42:58
TX_0001158,KH_GUEST,23206,United Kingdom,1,107380.0,2026-05-29 14:29:43
TX_0001159,KH_20074,SP_169519542,MIEN_BAC,1,35000.0,2025-08-16 21:45:39
TX_0001160,KH_GUEST,48188,United Kingdom,1,410540.0,2025-04-14 13:38:24
TX_0001161,KH_20061,SP_110377793,MIEN_NAM,1,69000.0,2025-06-26 14:06:06
TX_0001162,KH_20163,SP_6487281,MIEN_BAC,3,250000.0,2025-02-13 16:40:58
TX_0001163,KH_12474,22580,Germany,3,154700.0,2024-03-03 02:37:52
TX_0001164,KH_20163,SP_255356354,MIEN_NAM,2,210000.0,2026-04-02 03:57:21
TX_0001165,KH_20387,SP_25122114,MIEN_NAM,2,117700.0,2025-09-25 22:54:48
TX_0001166,KH_14907,85123A,United Kingdom,6,76700.0,2024-03-14 14:25:35
TX_0001167,KH_20374,SP_52628232,MIEN_NAM,1,77000.0,2025-12-02 15:00:02
TX_0001168,KH_14052,23397,United Kingdom,1,258700.0,2025-04-21 01:58:27
TX_0001169,KH_12451,23515,Switzerland,6,54080.0,2025-02-05 03:13:49
TX_0001170,KH_20119,SP_177554861,MIEN_NAM,2,78853.0,2026-06-04 23:03:05
TX_0001171,KH_20159,SP_21165865,MIEN_BAC,2,62000.0,2025-03-19 03:32:16
TX_0001172,KH_20193,SP_149772995,MIEN_NAM,2,116900.0,2026-06-09 18:38:21
TX_0001173,KH_17450,21174,United Kingdom,8,62400.0,2024-02-21 08:23:48
TX_0001174,KH_14064,82482,United Kingdom,6,66300.0,2026-09-24 19:51:47
TX_0001175,KH_17100,22578,United Kingdom,24,7540.0,2026-06-04 00:59:29
TX_0001176,KH_GUEST,22475,United Kingdom,2,280540.0,2025-09-15 17:28:09
TX_0001177,KH_20126,SP_263025560,MIEN_BAC,1,45000.0,2026-09-15 00:20:31
TX_0001178,KH_GUEST,85049H,United Kingdom,3,21580.0,2026-02-20 16:06:48
TX_0001179,KH_17860,22482,United Kingdom,3,32500.0,2024-11-24 23:16:56
TX_0001180,KH_20490,SP_90502678,MIEN_NAM,1,2580000.0,2026-07-13 13:34:42
TX_0001181,KH_GUEST,22637,United Kingdom,1,128960.0,2025-06-21 14:58:29
TX_0001182,KH_20096,SP_247448241,MIEN_BAC,1,16500.0,2025-01-23 02:12:11
TX_0001183,KH_16938,22925,United Kingdom,1,154700.0,2026-02-05 07:51:47
TX_0001184,KH_20066,SP_186288567,MIEN_NAM,1,75900.0,2026-04-13 05:44:39
TX_0001185,KH_12637,22726,France,8,97500.0,2026-08-05 01:27:20
TX_0001186,KH_20122,SP_211926632,MIEN_NAM,4,285000.0,2026-01-12 16:29:07
TX_0001187,KH_17865,22117,United Kingdom,6,76700.0,2026-05-20 06:30:19
TX_0001188,KH_13136,23206,United Kingdom,10,42900.0,2025-08-01 19:52:00
TX_0001189,KH_20233,SP_163722601,MIEN_BAC,1,449000.0,2026-03-02 01:12:18
TX_0001190,KH_14096,22312,United Kingdom,1,150540.0,2025-10-20 06:00:45
TX_0001191,KH_16987,22795,United Kingdom,2,175500.0,2025-12-26 08:03:54
TX_0001192,KH_15311,21470,United Kingdom,2,97500.0,2026-09-14 18:20:55
TX_0001193,KH_15993,22186,United Kingdom,3,50700.0,2026-04-20 23:30:26
TX_0001194,KH_15891,84711A,United Kingdom,2,258700.0,2024-08-29 08:02:15
TX_0001195,KH_GUEST,85049H,United Kingdom,4,21580.0,2026-07-13 09:56:21
TX_0001196,KH_20170,SP_2900725,MIEN_BAC,2,51278.0,2025-01-09 09:32:46
TX_0001197,KH_15066,22666,United Kingdom,6,76700.0,2026-05-04 21:28:51
TX_0001198,KH_GUEST,22105,United Kingdom,2,107380.0,2026-02-27 13:57:43
TX_0001199,KH_20335,SP_163574733,MIEN_BAC,3,65000.0,2025-03-10 09:58:27
TX_0001200,KH_GUEST,21704,United Kingdom,3,43160.0,2026-06-19 10:53:18
TX_0001201,KH_14291,22530,United Kingdom,24,10920.0,2025-11-24 06:16:42
TX_0001202,KH_GUEST,22411,United Kingdom,1,107380.0,2024-05-29 11:19:23
TX_0001203,KH_15861,22587,United Kingdom,2,22100.0,2025-06-04 18:21:13
TX_0001204,KH_20206,SP_153979028,MIEN_BAC,3,2337500.0,2025-01-31 16:23:52
TX_0001205,KH_14966,22144,United Kingdom,6,54600.0,2024-02-19 15:38:26
TX_0001206,KH_12408,23008,Belgium,3,440700.0,2025-07-13 03:03:22
TX_0001207,KH_20091,SP_185466512,MIEN_NAM,4,990000.0,2026-01-02 22:13:04
TX_0001208,KH_14036,21523,United Kingdom,2,206700.0,2026-04-13 22:00:38
TX_0001209,KH_12872,22720,United Kingdom,1,128700.0,2024-06-23 03:28:30
TX_0001210,KH_16710,22996,United Kingdom,12,10920.0,2026-06-08 09:06:10
TX_0001211,KH_17940,21986,United Kingdom,16,5720.0,2024-07-01 00:25:20
TX_0001212,KH_GUEST,23236,Israel,2,75140.0,2024-11-22 15:20:53
TX_0001213,KH_20493,SP_101155976,MIEN_BAC,2,69000.0,2026-10-02 20:27:09
TX_0001214,KH_20480,SP_193720549,MIEN_NAM,1,522000.0,2026-08-10 20:40:12
TX_0001215,KH_20475,SP_92811199,MIEN_NAM,1,65000.0,2025-12-31 03:11:01
TX_0001216,KH_20444,SP_263025847,MIEN_BAC,3,2000.0,2026-04-12 03:53:27
TX_0001217,KH_15152,22692,United Kingdom,2,206700.0,2026-09-16 03:11:34
TX_0001218,KH_16115,22720,United Kingdom,2,128700.0,2025-02-13 02:43:09
TX_0001219,KH_15867,20679,United Kingdom,2,154700.0,2024-03-12 11:17:46
TX_0001220,KH_20325,SP_263025694,MIEN_NAM,1,3000.0,2025-06-21 12:45:20
TX_0001221,KH_17297,23461,United Kingdom,1,107900.0,2026-01-31 12:07:04
TX_0001222,KH_20450,SP_84205740,MIEN_NAM,2,119000.0,2025-06-17 13:38:21
TX_0001223,KH_GUEST,22666,United Kingdom,1,150540.0,2024-04-04 10:25:59
TX_0001224,KH_20468,SP_201252299,MIEN_NAM,2,65550.0,2025-10-18 16:18:44
TX_0001225,KH_14030,23551,United Kingdom,12,10140.0,2026-03-08 14:30:21
TX_0001226,KH_20219,SP_117443210,MIEN_NAM,1,514500.0,2025-07-06 12:53:36
TX_0001227,KH_20035,SP_174518510,MIEN_NAM,1,193700.0,2025-03-23 11:24:54
TX_0001228,KH_12957,22637,United Kingdom,4,66300.0,2024-10-25 08:31:18
TX_0001229,KH_18027,22556,United Kingdom,2,42900.0,2024-07-16 02:40:55
TX_0001230,KH_20329,SP_4080687,MIEN_NAM,1,799000.0,2026-09-06 13:56:35
TX_0001231,KH_GUEST,22280,United Kingdom,6,22100.0,2025-12-07 06:10:08
TX_0001232,KH_17841,84510A,United Kingdom,5,32500.0,2026-01-24 17:51:21
TX_0001233,KH_15785,21080,United Kingdom,12,22100.0,2025-09-21 11:56:40
TX_0001234,KH_20135,SP_173255096,MIEN_BAC,1,309700.0,2026-08-07 21:52:11
TX_0001235,KH_20289,SP_203853263,MIEN_TRUNG,3,720000.0,2025-01-29 10:25:55
TX_0001236,KH_15000,23264,United Kingdom,2,32500.0,2024-01-30 08:28:49
TX_0001237,KH_GUEST,21012,United Kingdom,7,65260.0,2025-01-28 12:13:55
TX_0001238,KH_17069,20725,United Kingdom,10,42900.0,2025-10-06 01:17:23
TX_0001239,KH_16480,22720,United Kingdom,4,128700.0,2025-07-13 19:10:06
TX_0001240,KH_14159,23376,United Kingdom,2,10140.0,2024-05-14 07:33:51
TX_0001241,KH_20048,SP_258044613,MIEN_NAM,1,299000.0,2025-08-24 20:10:10
TX_0001242,KH_15054,21494,United Kingdom,2,32500.0,2026-09-15 08:52:41
TX_0001243,KH_20417,SP_164540051,MIEN_NAM,4,52000.0,2026-04-05 11:48:14
TX_0001244,KH_GUEST,22941,United Kingdom,3,432380.0,2025-05-10 21:06:06
TX_0001245,KH_20230,SP_247247930,MIEN_NAM,1,17000.0,2026-03-03 23:08:30
TX_0001246,KH_13426,48194,United Kingdom,10,175500.0,2025-09-21 02:19:41
TX_0001247,KH_16555,22328,United Kingdom,6,76700.0,2025-01-04 18:16:42
TX_0001248,KH_20083,SP_72902732,MIEN_NAM,3,308000.0,2025-06-09 01:10:17
TX_0001249,KH_GUEST,21494,United Kingdom,6,63960.0,2025-07-04 02:07:00
TX_0001250,KH_18154,23108,United Kingdom,4,162500.0,2025-08-13 07:26:19
TX_0001251,KH_20373,SP_153264819,MIEN_BAC,1,255687.0,2026-07-28 10:09:05
TX_0001252,KH_16592,22303,United Kingdom,18,66300.0,2026-01-24 21:51:11
TX_0001253,KH_13517,84660A,United Kingdom,4,97500.0,2025-07-14 14:20:37
TX_0001254,KH_13975,22966,United Kingdom,5,32500.0,2024-02-27 12:55:33
TX_0001255,KH_20201,SP_160460089,MIEN_BAC,4,79000.0,2026-04-18 13:42:06
TX_0001256,KH_13098,48116,United Kingdom,10,175500.0,2025-09-10 23:57:03
TX_0001257,KH_20287,SP_206990795,MIEN_BAC,4,109000.0,2025-11-09 07:19:13
TX_0001258,KH_GUEST,23170,United Kingdom,5,85540.0,2024-06-07 19:59:53
TX_0001259,KH_14418,23024,United Kingdom,36,64740.0,2025-01-05 22:29:00
TX_0001260,KH_14562,21484,United Kingdom,2,110500.0,2026-08-28 08:28:19
TX_0001261,KH_20436,SP_72663538,MIEN_BAC,1,1300000.0,2026-09-07 19:42:46
TX_0001262,KH_17841,21955,United Kingdom,1,206700.0,2025-08-17 04:48:47
TX_0001263,KH_20140,SP_138661629,MIEN_BAC,1,59000.0,2026-07-20 11:28:16
TX_0001264,KH_13533,37448,United Kingdom,2,38740.0,2026-01-22 22:57:46
TX_0001265,KH_16554,22602,United Kingdom,12,22100.0,2026-08-04 19:21:53
TX_0001266,KH_13245,22960,United Kingdom,6,110500.0,2025-05-05 16:32:58
TX_0001267,KH_14221,21498,United Kingdom,25,10920.0,2025-11-02 22:56:38
TX_0001268,KH_17841,21179,United Kingdom,1,32500.0,2024-07-05 02:01:54
TX_0001269,KH_17841,21155,United Kingdom,1,66300.0,2025-06-29 05:24:24
TX_0001270,KH_16549,23274,United Kingdom,4,42900.0,2025-09-02 11:34:19
TX_0001271,KH_15235,21107,United Kingdom,6,76700.0,2026-01-10 18:50:47
TX_0001272,KH_16115,23494,United Kingdom,1,154700.0,2025-08-10 09:29:42
TX_0001273,KH_12792,22285,Portugal,12,42900.0,2024-10-11 19:59:41
TX_0001274,KH_20110,SP_181714010,MIEN_NAM,3,14989.0,2025-02-01 04:26:48
TX_0001275,KH_14524,22607,United Kingdom,3,258700.0,2025-04-04 00:16:27
TX_0001276,KH_GUEST,22878,United Kingdom,1,107380.0,2026-07-26 02:23:40
TX_0001277,KH_20404,SP_112077842,MIEN_NAM,1,171800.0,2025-10-26 03:00:02
TX_0001278,KH_20112,SP_11602701,MIEN_NAM,3,149000.0,2026-06-26 10:38:12
TX_0001279,KH_20380,SP_194860512,MIEN_TRUNG,2,5500.0,2026-08-09 12:13:30
TX_0001280,KH_20125,SP_164061532,MIEN_NAM,1,63621.0,2025-04-03 13:44:55
TX_0001281,KH_16814,22624,United Kingdom,1,221000.0,2025-05-07 21:39:27
TX_0001282,KH_GUEST,22991,United Kingdom,1,107380.0,2025-07-20 03:27:00
TX_0001283,KH_14808,23445,United Kingdom,20,21580.0,2025-06-27 19:36:12
TX_0001284,KH_20220,SP_263026281,MIEN_NAM,1,14000.0,2026-01-30 14:26:44
TX_0001285,KH_13652,72807C,United Kingdom,4,110500.0,2024-10-27 01:41:41
TX_0001286,KH_GUEST,22835,United Kingdom,5,242320.0,2026-01-16 17:23:06
TX_0001287,KH_16678,23497,United Kingdom,12,37700.0,2024-01-20 20:31:05
TX_0001288,KH_GUEST,22377,United Kingdom,1,107380.0,2026-01-29 23:47:39
TX_0001289,KH_20129,SP_263020008,MIEN_BAC,1,6000.0,2026-08-30 08:09:59
TX_0001290,KH_20433,SP_195896211,MIEN_NAM,2,325000.0,2026-02-25 05:59:44
TX_0001291,KH_14456,22432,United Kingdom,1,50700.0,2026-03-09 15:53:54
TX_0001292,KH_20475,SP_162019365,MIEN_BAC,1,266000.0,2026-01-18 06:56:05
TX_0001293,KH_20332,SP_248686696,MIEN_BAC,3,39000.0,2025-09-11 03:48:45
TX_0001294,KH_20262,SP_82938976,MIEN_TRUNG,4,357000.0,2025-09-06 02:54:12
TX_0001295,KH_20132,SP_19373284,MIEN_NAM,2,558000.0,2026-04-22 07:08:58
TX_0001296,KH_20204,SP_145619638,MIEN_TRUNG,1,31500.0,2026-04-04 11:42:15
TX_0001297,KH_20182,SP_263027184,MIEN_NAM,1,42000.0,2025-11-12 11:28:12
TX_0001298,KH_20364,SP_121329391,MIEN_NAM,3,169000.0,2025-09-07 09:31:59
TX_0001299,KH_20111,SP_220666067,MIEN_BAC,2,189000.0,2025-10-29 09:18:35
TX_0001300,KH_GUEST,84945,United Kingdom,6,47840.0,2025-08-01 04:43:37
TX_0001301,KH_15465,21754,United Kingdom,3,154700.0,2026-02-04 07:23:02
TX_0001302,KH_20399,SP_94157759,MIEN_NAM,1,239000.0,2026-01-20 19:57:16
TX_0001303,KH_16882,21770,United Kingdom,1,128700.0,2024-02-11 09:46:23
TX_0001304,KH_20230,SP_162577553,MIEN_BAC,4,56999.0,2026-06-01 15:37:44
TX_0001305,KH_20042,SP_262916039,MIEN_NAM,2,80000.0,2025-09-23 19:31:58
TX_0001306,KH_20098,SP_198650000,MIEN_BAC,3,80000.0,2026-09-12 15:23:18
TX_0001307,KH_GUEST,84559A,United Kingdom,2,42380.0,2026-04-13 20:27:41
TX_0001308,KH_20026,SP_14201440,MIEN_TRUNG,1,390000.0,2025-06-17 18:34:17
TX_0001309,KH_20026,SP_215327148,MIEN_TRUNG,1,10098.0,2025-05-24 07:55:15
TX_0001310,KH_16033,22070,United Kingdom,1,97500.0,2024-09-07 01:50:23
TX_0001311,KH_GUEST,90214C,United Kingdom,1,22100.0,2024-06-12 16:07:27
TX_0001312,KH_20298,SP_105626090,MIEN_NAM,5,999000.0,2025-09-06 03:09:21
TX_0001313,KH_13097,22730,United Kingdom,2,97500.0,2024-11-25 15:39:37
TX_0001314,KH_GUEST,21988,United Kingdom,3,42380.0,2025-07-22 01:59:39
TX_0001315,KH_15815,21790,United Kingdom,12,22100.0,2024-10-02 12:20:08
TX_0001316,KH_14152,22834,United Kingdom,12,54600.0,2026-07-07 09:19:01
TX_0001317,KH_12753,22654,Japan,40,128700.0,2024-07-29 12:32:27
TX_0001318,KH_20027,SP_163574733,MIEN_BAC,3,65000.0,2025-07-23 05:38:00
TX_0001319,KH_17511,85099F,United Kingdom,15,42900.0,2026-05-18 09:35:27
TX_0001320,KH_14973,22827,United Kingdom,2,3770000.0,2025-03-26 01:50:03
TX_0001321,KH_14112,21124,United Kingdom,24,32500.0,2025-09-12 02:52:40
TX_0001322,KH_20008,SP_144480756,MIEN_NAM,1,130000.0,2025-06-03 22:14:30
TX_0001323,KH_GUEST,22154,United Kingdom,2,21580.0,2025-01-11 10:55:08
TX_0001324,KH_20302,SP_68950316,MIEN_NAM,1,4499.0,2026-05-18 07:45:03
TX_0001325,KH_14936,22907,Channel Islands,24,22100.0,2024-10-23 10:20:46
TX_0001326,KH_GUEST,84991,United Kingdom,5,32500.0,2025-02-28 23:53:19
TX_0001327,KH_12748,22594,United Kingdom,1,22100.0,2024-04-08 03:43:09
TX_0001328,KH_14911,23571,EIRE,12,42900.0,2024-08-02 08:14:26
TX_0001329,KH_14676,21746,United Kingdom,36,32500.0,2025-08-01 19:15:44
TX_0001330,KH_17489,20983,United Kingdom,12,22100.0,2024-03-15 01:18:33
TX_0001331,KH_14621,22865,United Kingdom,12,54600.0,2025-05-30 12:14:19
TX_0001332,KH_17463,23252,United Kingdom,1,97500.0,2025-06-26 17:44:49
TX_0001333,KH_14527,23293,United Kingdom,1,21580.0,2024-08-06 08:07:55
TX_0001334,KH_16359,84836,United Kingdom,14,27560.0,2025-04-30 16:21:52
TX_0001335,KH_20167,SP_263026415,MIEN_BAC,1,55000.0,2025-12-25 19:09:01
TX_0001336,KH_14456,21592,United Kingdom,2,32500.0,2024-08-14 04:51:16
TX_0001337,KH_17682,84978,United Kingdom,12,32500.0,2026-01-31 19:09:29
TX_0001338,KH_16330,22900,United Kingdom,1,84500.0,2025-10-27 15:04:29
TX_0001339,KH_GUEST,22508,United Kingdom,1,193960.0,2026-07-25 04:22:44
TX_0001340,KH_20299,SP_164598884,MIEN_NAM,3,1176000.0,2026-08-03 14:22:54
TX_0001341,KH_20428,SP_49128733,MIEN_BAC,1,419000.0,2025-02-14 05:30:12
TX_0001342,KH_20158,SP_163871162,MIEN_NAM,2,179000.0,2026-01-01 15:59:30
TX_0001343,KH_GUEST,35095B,United Kingdom,1,21580.0,2026-07-09 21:06:45
TX_0001344,KH_16782,23133,United Kingdom,2,214500.0,2024-01-14 08:51:46
TX_0001345,KH_15311,22904,United Kingdom,2,76700.0,2025-01-18 05:39:49
TX_0001346,KH_GUEST,22910,United Kingdom,1,153660.0,2025-11-18 15:17:12
TX_0001347,KH_20403,SP_109011697,MIEN_NAM,4,105000.0,2025-09-16 03:49:41
TX_0001348,KH_17920,22437,United Kingdom,2,22100.0,2024-05-20 01:13:40
TX_0001349,KH_20221,SP_129610079,MIEN_TRUNG,4,200000.0,2025-08-03 02:16:26
TX_0001350,KH_GUEST,22946,United Kingdom,1,432380.0,2025-07-13 10:33:51
TX_0001351,KH_20345,SP_195891789,MIEN_TRUNG,3,1380000.0,2025-09-24 02:40:41
TX_0001352,KH_GUEST,22228,United Kingdom,2,21580.0,2024-07-28 13:26:34
TX_0001353,KH_20154,SP_263027154,MIEN_BAC,2,110000.0,2025-11-02 09:27:30
TX_0001354,KH_20459,SP_198531302,MIEN_BAC,1,359100.0,2025-12-14 08:44:25
TX_0001355,KH_12626,21670,Germany,12,37700.0,2024-02-23 07:06:36
TX_0001356,KH_20146,SP_166353180,MIEN_NAM,4,53000.0,2026-01-07 15:29:39
TX_0001357,KH_17597,21754,United Kingdom,18,141700.0,2024-01-03 00:30:27
TX_0001358,KH_14502,22457,United Kingdom,2,76700.0,2026-07-23 16:43:14
TX_0001359,KH_15847,84568,United Kingdom,30,5460.0,2026-06-27 03:14:21
TX_0001360,KH_13767,22698,United Kingdom,6,76700.0,2025-09-18 06:30:01
TX_0001361,KH_17422,21386,United Kingdom,24,4940.0,2024-09-03 08:53:35
TX_0001362,KH_16672,22781,United Kingdom,24,175500.0,2025-05-12 21:31:53
TX_0001363,KH_14859,22846,United Kingdom,1,440700.0,2026-09-05 23:35:09
TX_0001364,KH_15189,22699,United Kingdom,24,66300.0,2025-03-14 14:07:02
TX_0001365,KH_20480,SP_145620960,MIEN_BAC,1,42000.0,2025-01-29 05:30:40
TX_0001366,KH_GUEST,21220,United Kingdom,1,63960.0,2024-07-18 20:18:55
TX_0001367,KH_20459,SP_164241319,MIEN_TRUNG,1,635000.0,2025-07-03 23:09:42
TX_0001368,KH_20066,SP_263026776,MIEN_BAC,1,3800.0,2025-01-04 02:08:11
TX_0001369,KH_GUEST,22465,United Kingdom,1,85540.0,2025-12-30 20:03:43
TX_0001370,KH_13263,84596L,United Kingdom,2,10920.0,2024-10-25 03:17:10
TX_0001371,KH_GUEST,22457,United Kingdom,1,150540.0,2026-08-15 00:15:47
TX_0001372,KH_20116,SP_249590565,MIEN_BAC,4,300000.0,2025-05-29 15:28:25
TX_0001373,KH_20048,SP_178953466,MIEN_BAC,2,499000.0,2025-02-01 13:47:31
TX_0001374,KH_15223,21172,United Kingdom,12,37700.0,2025-08-06 03:54:43
TX_0001375,KH_20228,SP_254123946,MIEN_BAC,2,499000.0,2026-03-16 18:50:50
TX_0001376,KH_12720,21035,Germany,6,84500.0,2026-06-22 10:50:49
TX_0001377,KH_GUEST,47566B,United Kingdom,2,128700.0,2025-04-14 07:51:47
TX_0001378,KH_15676,22418,United Kingdom,24,22100.0,2024-11-10 21:17:37
TX_0001379,KH_17685,79321,United Kingdom,24,128700.0,2024-04-01 14:46:04
TX_0001380,KH_13725,15058B,United Kingdom,2,206700.0,2026-02-16 16:38:07
TX_0001381,KH_GUEST,21833,United Kingdom,1,87360.0,2026-06-19 03:19:51
TX_0001382,KH_13263,22441,United Kingdom,1,54600.0,2025-04-01 23:21:46
TX_0001383,KH_18168,84997C,United Kingdom,2,107900.0,2024-01-24 20:32:31
TX_0001384,KH_12727,22553,France,12,42900.0,2025-12-18 09:54:14
TX_0001385,KH_16875,22796,United Kingdom,2,258700.0,2024-10-12 04:05:45
TX_0001386,KH_20492,SP_212981495,MIEN_NAM,1,1380000.0,2025-12-21 22:25:35
TX_0001387,KH_GUEST,20667,United Kingdom,1,63960.0,2025-06-15 09:54:06
TX_0001388,KH_16735,82600,United Kingdom,7,54600.0,2024-10-16 04:32:20
TX_0001389,KH_17974,21329,United Kingdom,1,42900.0,2026-01-12 11:43:51
TX_0001390,KH_18005,21812,United Kingdom,1,128700.0,2025-02-17 12:07:14
TX_0001391,KH_13209,23230,United Kingdom,25,10920.0,2025-10-29 01:20:11
TX_0001392,KH_14911,23341,EIRE,2,221000.0,2026-05-21 03:19:02
TX_0001393,KH_14194,22178,United Kingdom,12,32500.0,2025-05-22 18:55:48
TX_0001394,KH_20184,SP_25730406,MIEN_TRUNG,1,35000.0,2026-01-23 22:51:52
TX_0001395,KH_20374,SP_212037697,MIEN_NAM,4,289000.0,2026-04-06 00:04:14
TX_0001396,KH_GUEST,21385,United Kingdom,1,42380.0,2024-12-07 15:14:07
TX_0001397,KH_17920,22452,United Kingdom,3,76700.0,2024-04-22 15:30:09
TX_0001398,KH_GUEST,84870C,United Kingdom,1,63960.0,2024-03-29 22:46:34
TX_0001399,KH_GUEST,22385,United Kingdom,1,107380.0,2024-09-15 12:21:28
TX_0001400,KH_GUEST,35598D,United Kingdom,1,63960.0,2025-12-13 01:05:19
TX_0001401,KH_14911,23378,EIRE,24,10140.0,2024-03-09 12:32:11
TX_0001402,KH_16438,72232,United Kingdom,4,4940.0,2024-12-31 09:00:01
TX_0001403,KH_GUEST,21790,United Kingdom,2,42380.0,2025-10-13 07:44:05
TX_0001404,KH_20336,SP_73521796,MIEN_TRUNG,2,703000.0,2026-07-11 10:50:33
TX_0001405,KH_15311,21892,United Kingdom,2,32500.0,2026-02-25 18:16:52
TX_0001406,KH_16549,22956,United Kingdom,2,54600.0,2024-11-01 11:42:36
TX_0001407,KH_20457,SP_179650140,MIEN_NAM,1,950000.0,2026-03-31 22:34:17
TX_0001408,KH_GUEST,21733,United Kingdom,8,76700.0,2024-07-10 18:10:01
TX_0001409,KH_20488,SP_263025889,MIEN_BAC,8,13000.0,2025-03-06 20:15:06
TX_0001410,KH_15356,22659,United Kingdom,4,50700.0,2025-12-27 03:49:35
TX_0001411,KH_20039,SP_147742888,MIEN_NAM,1,24900.0,2025-08-30 06:21:13
TX_0001412,KH_20411,SP_114696307,MIEN_NAM,2,28000.0,2026-08-12 14:44:57
TX_0001413,KH_18204,16156S,United Kingdom,25,10920.0,2024-09-22 06:51:20
TX_0001414,KH_20003,SP_179731621,MIEN_BAC,2,65550.0,2025-12-11 22:13:45
TX_0001415,KH_20186,SP_263107585,MIEN_NAM,1,499000.0,2025-06-06 18:48:02
TX_0001416,KH_20222,SP_145139218,MIEN_BAC,1,286300.0,2025-01-22 10:38:21
TX_0001417,KH_12539,22697,Spain,6,76700.0,2025-05-07 06:51:56
TX_0001418,KH_20196,SP_147965052,MIEN_NAM,2,19000.0,2025-02-19 13:21:33
TX_0001419,KH_GUEST,22260,United Kingdom,4,42380.0,2026-05-19 23:42:06
TX_0001420,KH_GUEST,22748,United Kingdom,1,109460.0,2025-07-20 00:57:58
TX_0001421,KH_12691,20750,France,12,165100.0,2024-03-08 12:27:10
TX_0001422,KH_16820,21559,United Kingdom,6,66300.0,2024-10-05 00:35:18
TX_0001423,KH_12553,21931,France,10,50700.0,2026-05-02 06:44:35
TX_0001424,KH_GUEST,22663,United Kingdom,1,107380.0,2024-09-09 22:05:07
TX_0001425,KH_GUEST,84558A,United Kingdom,1,150540.0,2026-09-11 22:10:32
TX_0001426,KH_13001,21930,United Kingdom,10,50700.0,2026-02-23 03:38:08
TX_0001427,KH_20097,SP_212471311,MIEN_BAC,1,31500.0,2026-08-21 20:37:31
TX_0001428,KH_17248,21980,United Kingdom,2,7540.0,2026-04-29 01:09:34
TX_0001429,KH_20380,SP_109112944,MIEN_NAM,2,169000.0,2026-03-27 18:37:06
TX_0001430,KH_13141,22630,United Kingdom,12,50700.0,2025-05-05 04:36:01
TX_0001431,KH_20295,SP_176610179,MIEN_NAM,1,11000.0,2026-07-05 00:18:58
TX_0001432,KH_20417,SP_199103287,MIEN_NAM,1,489000.0,2025-05-23 21:12:58
TX_0001433,KH_16517,22863,United Kingdom,4,76700.0,2024-02-11 12:57:14
TX_0001434,KH_20019,SP_197636968,MIEN_BAC,1,1050000.0,2026-04-25 21:39:06
TX_0001435,KH_20350,SP_198427103,MIEN_BAC,2,550000.0,2026-02-18 10:16:02
TX_0001436,KH_13869,22301,United Kingdom,6,66300.0,2025-06-28 13:59:02
TX_0001437,KH_20008,SP_143114560,MIEN_BAC,2,390000.0,2026-03-03 04:18:42
TX_0001438,KH_15555,21876,United Kingdom,1,32500.0,2026-04-06 19:33:21
TX_0001439,KH_20064,SP_22274769,MIEN_BAC,1,54900.0,2025-07-20 17:28:38
TX_0001440,KH_12827,22139,United Kingdom,6,128700.0,2024-11-02 17:36:34
TX_0001441,KH_GUEST,21928,United Kingdom,3,107380.0,2025-03-17 13:40:45
TX_0001442,KH_12484,23445,Spain,20,21580.0,2026-06-16 09:06:12
TX_0001443,KH_14245,21428,United Kingdom,4,110500.0,2025-02-10 17:58:09
TX_0001444,KH_GUEST,84923,United Kingdom,1,107380.0,2026-08-25 10:22:27
TX_0001445,KH_13334,85185D,United Kingdom,3,76700.0,2026-07-19 03:41:23
TX_0001446,KH_16877,35095B,United Kingdom,2,10920.0,2025-10-11 13:13:39
TX_0001447,KH_20370,SP_5473877,MIEN_BAC,2,1050000.0,2025-03-29 10:58:17
TX_0001448,KH_GUEST,21240,United Kingdom,3,42380.0,2026-07-05 11:41:05
TX_0001449,KH_14731,21933,United Kingdom,6,42900.0,2026-08-21 12:40:57
TX_0001450,KH_20457,SP_138624403,MIEN_BAC,2,62000.0,2025-12-16 03:15:44
TX_0001451,KH_20312,SP_13332377,MIEN_BAC,4,390100.0,2025-09-08 05:50:28
TX_0001452,KH_20114,SP_50261326,MIEN_NAM,4,448200.0,2025-07-09 19:38:18
TX_0001453,KH_20240,SP_145171224,MIEN_TRUNG,2,328000.0,2026-05-18 08:07:55
TX_0001454,KH_12909,22065,United Kingdom,48,10140.0,2025-04-25 03:21:38
TX_0001455,KH_GUEST,21328,United Kingdom,1,85540.0,2024-01-03 01:18:33
TX_0001456,KH_GUEST,22910,United Kingdom,11,150540.0,2025-03-03 15:36:23
TX_0001457,KH_13081,21843,United Kingdom,2,284700.0,2025-09-02 09:46:38
TX_0001458,KH_12451,23199,Switzerland,20,54080.0,2025-03-12 04:41:45
TX_0001459,KH_GUEST,82552,United Kingdom,1,63960.0,2026-07-01 17:34:32
TX_0001460,KH_20202,SP_163783405,MIEN_NAM,1,48000.0,2026-09-06 12:50:18
TX_0001461,KH_13069,20725,United Kingdom,10,42900.0,2024-01-27 07:16:46
TX_0001462,KH_13269,82482,United Kingdom,6,66300.0,2024-05-21 03:49:33
TX_0001463,KH_20112,SP_195341422,MIEN_BAC,1,132000.0,2025-12-03 04:26:05
TX_0001464,KH_20307,SP_149415334,MIEN_BAC,5,650000.0,2026-04-17 05:04:46
TX_0001465,KH_16393,22374,United Kingdom,3,110500.0,2025-04-21 22:31:43
TX_0001466,KH_17049,23181,United Kingdom,2,214500.0,2026-01-22 14:55:55
TX_0001467,KH_17337,21109,United Kingdom,1,175500.0,2026-03-27 23:39:22
TX_0001468,KH_17837,21903,United Kingdom,2,54600.0,2024-03-17 17:17:45
TX_0001469,KH_20127,SP_4259589,MIEN_TRUNG,1,531000.0,2026-02-13 09:38:01
TX_0001470,KH_20313,SP_170651757,MIEN_TRUNG,3,59000.0,2026-09-18 08:34:09
TX_0001471,KH_12562,22663,France,20,54080.0,2024-02-07 13:51:49
TX_0001472,KH_20437,SP_262974205,MIEN_BAC,1,12000.0,2025-05-10 06:24:18
TX_0001473,KH_20292,SP_901105,MIEN_BAC,3,2290000.0,2026-09-24 16:18:06
TX_0001474,KH_17841,23301,United Kingdom,1,42900.0,2025-12-19 01:25:27
TX_0001475,KH_20203,SP_215592639,MIEN_NAM,2,1790000.0,2025-10-14 12:01:55
TX_0001476,KH_20330,SP_44472563,MIEN_TRUNG,1,149000.0,2026-05-24 23:59:40
TX_0001477,KH_20130,SP_190681176,MIEN_NAM,1,69000.0,2025-04-07 18:56:27
TX_0001478,KH_GUEST,23245,United Kingdom,4,280540.0,2024-07-07 11:06:26
TX_0001479,KH_20140,SP_163927649,MIEN_NAM,3,130000.0,2026-01-11 01:55:07
TX_0001480,KH_13536,22086,United Kingdom,6,76700.0,2024-10-16 05:55:37
TX_0001481,KH_20074,SP_155243841,MIEN_NAM,4,8000.0,2026-09-22 02:47:59
TX_0001482,KH_GUEST,84946,United Kingdom,7,65260.0,2024-11-09 12:27:16
TX_0001483,KH_20147,SP_160830907,MIEN_NAM,1,99000.0,2025-11-07 07:34:50
TX_0001484,KH_17841,22423,United Kingdom,3,331500.0,2026-04-28 18:17:17
TX_0001485,KH_14299,84988,United Kingdom,12,37700.0,2026-01-25 18:48:06
TX_0001486,KH_13804,23456,United Kingdom,4,107900.0,2024-11-24 10:40:45
TX_0001487,KH_16905,23565,United Kingdom,3,32500.0,2024-11-14 18:27:50
TX_0001488,KH_20246,SP_195622893,MIEN_NAM,2,263500.0,2026-02-03 10:04:12
TX_0001489,KH_GUEST,22322,United Kingdom,2,42380.0,2024-02-22 10:45:45
TX_0001490,KH_GUEST,23367,United Kingdom,2,32500.0,2025-02-15 03:03:34
TX_0001491,KH_14156,22193,EIRE,2,221000.0,2024-03-06 22:34:44
TX_0001492,KH_20373,SP_207936062,MIEN_NAM,4,8736000.0,2026-01-20 12:15:47
TX_0001493,KH_20374,SP_35915608,MIEN_NAM,2,53000.0,2025-12-13 18:48:34
TX_0001494,KH_17965,23051,United Kingdom,1,214500.0,2025-05-22 09:28:28
TX_0001495,KH_17504,21462,United Kingdom,2,175500.0,2024-09-05 00:42:49
TX_0001496,KH_17073,22095,United Kingdom,4,10140.0,2024-09-25 11:51:01
TX_0001497,KH_20335,SP_199648564,MIEN_NAM,2,785000.0,2025-06-07 08:09:49
TX_0001498,KH_20315,SP_190857650,MIEN_BAC,1,2079000.0,2026-09-06 14:51:42
TX_0001499,KH_15311,22470,United Kingdom,4,76700.0,2025-09-10 01:55:56
TX_0001500,KH_14961,21908,United Kingdom,12,54600.0,2026-07-02 23:35:40
TX_0001501,KH_20106,SP_170351194,MIEN_NAM,3,279000.0,2026-04-11 04:16:31
TX_0001502,KH_12766,22305,Portugal,6,66300.0,2026-09-21 00:17:20
TX_0001503,KH_12784,21218,Portugal,2,97500.0,2025-12-27 17:56:32
TX_0001504,KH_15856,21165,United Kingdom,6,43940.0,2025-08-15 10:28:25
TX_0001505,KH_20385,SP_49094954,MIEN_BAC,3,36000.0,2025-12-09 01:35:17
TX_0001506,KH_17819,22606,United Kingdom,1,414700.0,2025-07-15 12:00:32
TX_0001507,KH_17211,84508B,United Kingdom,4,66300.0,2024-05-29 12:26:40
TX_0001508,KH_20303,SP_188056810,MIEN_NAM,4,695000.0,2025-10-11 02:19:00
TX_0001509,KH_13956,22507,United Kingdom,2,128700.0,2026-09-20 18:13:00
TX_0001510,KH_20349,SP_144198126,MIEN_NAM,1,54000.0,2025-08-19 23:01:37
TX_0001511,KH_17674,22037,United Kingdom,12,10920.0,2025-05-31 05:16:57
TX_0001512,KH_16771,84912B,United Kingdom,3,97500.0,2025-03-17 06:47:31
TX_0001513,KH_12409,21164,Switzerland,19,66300.0,2025-07-25 20:56:08
TX_0001514,KH_20095,SP_241892028,MIEN_BAC,1,79000.0,2026-06-11 18:34:30
TX_0001515,KH_17841,22753,United Kingdom,1,22100.0,2025-06-17 00:18:54
TX_0001516,KH_20136,SP_45631172,MIEN_NAM,1,59532.0,2025-08-30 18:54:11
TX_0001517,KH_20493,SP_263026017,MIEN_NAM,1,120000.0,2025-10-26 19:30:37
TX_0001518,KH_14096,22203,United Kingdom,1,193960.0,2024-09-23 12:23:25
TX_0001519,KH_15518,21915,United Kingdom,2,32500.0,2024-01-11 18:34:26
TX_0001520,KH_GUEST,21933,United Kingdom,4,63960.0,2024-03-25 01:24:08
TX_0001521,KH_20473,SP_261822166,MIEN_BAC,1,99000.0,2025-11-07 12:07:52
TX_0001522,KH_12583,22352,France,12,66300.0,2024-11-13 18:43:36
TX_0001523,KH_12682,23208,France,10,42900.0,2026-01-17 23:57:27
TX_0001524,KH_15023,21239,United Kingdom,12,22100.0,2024-03-05 09:40:27
TX_0001525,KH_20339,SP_168562965,MIEN_NAM,2,28000.0,2025-04-22 11:53:54
TX_0001526,KH_12534,21578,Germany,6,58500.0,2025-06-15 05:58:15
TX_0001527,KH_17340,21326,United Kingdom,36,16900.0,2025-02-27 19:41:37
TX_0001528,KH_16407,21733,United Kingdom,2,76700.0,2025-08-25 19:36:18
TX_0001529,KH_17841,37449,United Kingdom,1,258700.0,2024-05-15 00:26:11
TX_0001530,KH_20316,SP_222679010,MIEN_BAC,1,1500000.0,2025-05-21 14:37:02
TX_0001531,KH_16720,21931,United Kingdom,1,54080.0,2025-11-04 09:47:54
TX_0001532,KH_15249,21668,United Kingdom,12,32500.0,2024-09-25 04:08:11
TX_0001533,KH_13870,22726,United Kingdom,4,97500.0,2026-02-21 23:39:15
TX_0001534,KH_17612,22614,United Kingdom,24,10140.0,2025-05-24 14:03:58
TX_0001535,KH_13001,82494L,United Kingdom,6,76700.0,2025-12-25 10:01:17
TX_0001536,KH_16466,22604,United Kingdom,13,66300.0,2025-06-12 07:22:18
TX_0001537,KH_20141,SP_263026046,MIEN_NAM,1,1000.0,2025-04-18 13:52:31
TX_0001538,KH_20272,SP_146949800,MIEN_TRUNG,1,139000.0,2026-07-01 15:02:03
TX_0001539,KH_20284,SP_263027422,MIEN_TRUNG,1,16000.0,2025-11-30 10:23:02
TX_0001540,KH_20416,SP_114759268,MIEN_BAC,1,39000.0,2025-09-05 11:58:21
TX_0001541,KH_13174,70007,United Kingdom,1,42900.0,2025-04-17 12:57:40
TX_0001542,KH_GUEST,84535B,United Kingdom,1,38740.0,2025-03-28 23:13:56
TX_0001543,KH_13157,22752,United Kingdom,4,221000.0,2024-06-24 19:44:35
TX_0001544,KH_20103,SP_54811391,MIEN_NAM,2,219000.0,2025-08-15 18:49:14
TX_0001545,KH_20015,SP_195152936,MIEN_NAM,1,484000.0,2025-05-08 05:38:50
TX_0001546,KH_20484,SP_197531398,MIEN_NAM,2,525000.0,2026-04-04 10:43:29
TX_0001547,KH_14067,21078,United Kingdom,3,22100.0,2025-08-03 17:11:09
TX_0001548,KH_14911,23320,EIRE,24,32500.0,2025-02-19 08:44:37
TX_0001549,KH_16626,22485,United Kingdom,12,284700.0,2026-01-08 17:22:19
TX_0001550,KH_15039,22665,United Kingdom,1,76700.0,2024-06-29 05:01:32
TX_0001551,KH_12536,22610,France,36,4940.0,2024-12-10 09:19:20
TX_0001552,KH_20359,SP_152059215,MIEN_NAM,5,71000.0,2026-06-28 02:56:04
TX_0001553,KH_14049,22742,United Kingdom,6,76700.0,2025-06-09 05:45:34
TX_0001554,KH_17191,23318,United Kingdom,2,64740.0,2026-09-25 21:28:47
TX_0001555,KH_15856,22837,United Kingdom,36,110500.0,2025-08-26 01:26:44
TX_0001556,KH_20424,SP_200801961,MIEN_NAM,1,232000.0,2025-07-12 23:52:10
TX_0001557,KH_GUEST,82581,United Kingdom,1,14300.0,2026-05-13 18:36:58
TX_0001558,KH_GUEST,84031B,United Kingdom,3,109460.0,2024-07-24 02:29:11
TX_0001559,KH_15078,20712,United Kingdom,10,50700.0,2024-10-17 05:08:55
TX_0001560,KH_16110,22269,United Kingdom,1,32500.0,2026-04-01 18:35:42
TX_0001561,KH_GUEST,23052,United Kingdom,1,432380.0,2024-05-13 18:24:28
TX_0001562,KH_15301,23190,United Kingdom,12,42900.0,2024-10-29 08:08:44
TX_0001563,KH_20239,SP_173845343,MIEN_BAC,2,49000.0,2026-04-07 13:19:26
TX_0001564,KH_20420,SP_168497403,MIEN_BAC,1,450240.0,2026-09-27 04:49:22
TX_0001565,KH_14646,20971,Netherlands,13,27560.0,2024-07-12 23:02:07
TX_0001566,KH_20391,SP_497990,MIEN_TRUNG,2,349300.0,2026-06-20 16:33:11
TX_0001567,KH_GUEST,71270,United Kingdom,1,65260.0,2026-05-10 14:10:17
TX_0001568,KH_20366,SP_263026255,MIEN_NAM,1,18000.0,2026-05-17 08:02:11
TX_0001569,KH_20348,SP_111868852,MIEN_NAM,1,679000.0,2025-09-25 09:05:01
TX_0001570,KH_20467,SP_144481312,MIEN_BAC,1,560000.0,2026-07-08 17:47:21
TX_0001571,KH_20211,SP_71492695,MIEN_BAC,1,499000.0,2025-01-26 09:27:21
TX_0001572,KH_15123,22300,United Kingdom,6,66300.0,2026-06-19 21:44:15
TX_0001573,KH_20144,SP_170649389,MIEN_TRUNG,1,59000.0,2026-03-04 18:32:35
TX_0001574,KH_20074,SP_135520916,MIEN_BAC,3,590000.0,2025-06-09 13:16:19
TX_0001575,KH_15308,82482,United Kingdom,6,66300.0,2026-03-06 02:41:51
TX_0001576,KH_13047,23161,United Kingdom,12,32500.0,2026-06-27 10:56:19
TX_0001577,KH_15498,21733,United Kingdom,1,76700.0,2026-06-09 06:42:55
TX_0001578,KH_16458,22386,United Kingdom,10,54080.0,2024-06-04 12:56:20
TX_0001579,KH_20280,SP_86599694,MIEN_BAC,1,1417000.0,2025-07-28 13:52:55
TX_0001580,KH_16011,21494,United Kingdom,3,32500.0,2025-06-18 08:15:26
TX_0001581,KH_17979,22619,United Kingdom,2,97500.0,2024-07-10 20:05:18
TX_0001582,KH_20466,SP_177603844,MIEN_TRUNG,1,79926.0,2025-07-29 11:51:33
TX_0001583,KH_20228,SP_189675845,MIEN_NAM,1,42000.0,2025-04-08 02:21:32
TX_0001584,KH_20120,SP_145551276,MIEN_BAC,1,1390000.0,2025-09-13 21:46:33
TX_0001585,KH_20424,SP_216475837,MIEN_BAC,1,3360000.0,2025-08-10 19:24:05
TX_0001586,KH_12748,23320,United Kingdom,1,75140.0,2025-01-10 09:21:22
TX_0001587,KH_20244,SP_75583269,MIEN_BAC,1,45900.0,2026-06-24 19:01:15
TX_0001588,KH_20220,SP_127670682,MIEN_NAM,1,100000.0,2026-05-13 07:57:34
TX_0001589,KH_20446,SP_112077842,MIEN_NAM,3,171800.0,2025-04-17 22:35:33
TX_0001590,KH_GUEST,21479,United Kingdom,40,220220.0,2025-06-26 02:02:34
TX_0001591,KH_20483,SP_186188942,MIEN_BAC,2,69000.0,2025-05-20 11:31:22
TX_0001592,KH_20240,SP_101135210,MIEN_NAM,1,69000.0,2026-05-07 09:40:39
TX_0001593,KH_12510,15044B,Spain,6,76700.0,2025-04-09 04:06:30
TX_0001594,KH_20480,SP_19748017,MIEN_BAC,2,169000.0,2025-06-29 08:18:37
TX_0001595,KH_20276,SP_114696499,MIEN_BAC,2,329000.0,2025-10-27 07:48:09
TX_0001596,KH_20031,SP_69465322,MIEN_BAC,1,399000.0,2025-02-02 13:50:19
TX_0001597,KH_20151,SP_196856440,MIEN_BAC,1,1355000.0,2026-07-09 13:24:37
TX_0001598,KH_GUEST,23399,United Kingdom,2,54080.0,2026-08-22 09:44:20
TX_0001599,KH_12407,84536B,Belgium,15,8320.0,2025-08-17 20:04:26
TX_0001600,KH_GUEST,51014L,United Kingdom,2,21580.0,2025-03-08 22:29:22
TX_0001601,KH_17576,23413,United Kingdom,1,128700.0,2025-11-18 06:43:10
TX_0001602,KH_14210,22358,United Kingdom,6,76700.0,2025-02-02 18:56:37
TX_0001603,KH_20103,SP_193215473,MIEN_TRUNG,1,65900.0,2026-02-23 02:56:58
TX_0001604,KH_20092,SP_195341332,MIEN_BAC,2,540000.0,2025-10-13 22:32:08
TX_0001605,KH_13755,22116,United Kingdom,3,20540.0,2024-07-06 22:37:38
TX_0001606,KH_15260,23321,United Kingdom,12,42900.0,2024-12-26 23:39:10
TX_0001607,KH_12593,21731,France,12,42900.0,2025-08-15 21:53:59
TX_0001608,KH_20293,SP_263025418,MIEN_BAC,5,15000.0,2026-04-26 11:39:07
TX_0001609,KH_20269,SP_209178084,MIEN_NAM,1,371000.0,2025-08-26 02:14:08
TX_0001610,KH_20361,SP_248641398,MIEN_BAC,1,249000.0,2025-10-13 17:10:43
TX_0001611,KH_20198,SP_262974178,MIEN_NAM,4,12000.0,2026-09-23 14:45:02
TX_0001612,KH_17841,23403,United Kingdom,1,97500.0,2025-04-24 16:26:03
TX_0001613,KH_13334,22621,United Kingdom,12,37700.0,2025-12-25 00:22:36
TX_0001614,KH_GUEST,35648,United Kingdom,2,42380.0,2026-07-21 13:34:15
TX_0001615,KH_20208,SP_169656318,MIEN_NAM,1,30000.0,2026-09-20 09:34:13
TX_0001616,KH_20232,SP_196349063,MIEN_BAC,3,48000.0,2025-03-20 22:35:46
TX_0001617,KH_14755,23135,United Kingdom,8,149500.0,2024-01-13 18:45:28
TX_0001618,KH_GUEST,23321,United Kingdom,6,85540.0,2024-08-25 01:40:15
TX_0001619,KH_14646,20726,Netherlands,5,37700.0,2026-04-27 12:27:59
TX_0001620,KH_GUEST,22578,United Kingdom,3,21580.0,2024-04-23 10:44:22
TX_0001621,KH_16755,22189,United Kingdom,8,102700.0,2025-10-16 11:24:23
TX_0001622,KH_16871,20728,United Kingdom,10,42900.0,2024-10-14 14:41:38
TX_0001623,KH_GUEST,82567,United Kingdom,1,42380.0,2025-07-30 16:37:36
TX_0001624,KH_20027,SP_212559550,MIEN_NAM,5,50000.0,2025-04-04 23:25:27
TX_0001625,KH_17545,21368,United Kingdom,1,19500.0,2024-09-12 15:33:03
TX_0001626,KH_20134,SP_49132271,MIEN_BAC,3,329000.0,2026-07-21 03:45:26
TX_0001627,KH_13475,48188,United Kingdom,2,206700.0,2025-07-22 23:10:15
TX_0001628,KH_20348,SP_263027128,MIEN_BAC,2,46000.0,2026-07-07 03:48:49
TX_0001629,KH_18093,22158,United Kingdom,9,66300.0,2026-09-08 09:21:15
TX_0001630,KH_20414,SP_20880268,MIEN_NAM,4,75000.0,2025-11-10 11:34:40
TX_0001631,KH_GUEST,21658,United Kingdom,1,215540.0,2025-10-07 13:44:56
TX_0001632,KH_13081,22953,United Kingdom,12,32500.0,2026-09-26 15:08:10
TX_0001633,KH_15444,23027,United Kingdom,6,54080.0,2026-09-07 11:59:36
TX_0001634,KH_GUEST,22188,United Kingdom,2,220220.0,2025-11-26 03:33:59
TX_0001635,KH_GUEST,21555,United Kingdom,2,63960.0,2024-05-30 06:27:41
TX_0001636,KH_17340,22963,United Kingdom,12,22100.0,2025-02-09 09:18:41
TX_0001637,KH_17346,23200,United Kingdom,2,54080.0,2025-07-30 20:06:19
TX_0001638,KH_GUEST,23175,United Kingdom,1,193960.0,2025-01-17 23:41:21
TX_0001639,KH_13919,22847,Denmark,1,440700.0,2024-06-24 01:05:56
TX_0001640,KH_20425,SP_253161872,MIEN_BAC,2,13000.0,2026-05-15 09:10:57
TX_0001641,KH_20232,SP_176610187,MIEN_BAC,2,6000.0,2026-03-15 08:46:02
TX_0001642,KH_GUEST,22153,United Kingdom,1,21580.0,2024-05-02 20:20:00
TX_0001643,KH_16800,23570,United Kingdom,2,32500.0,2026-01-10 19:05:33
TX_0001644,KH_20426,SP_170650234,MIEN_TRUNG,1,79000.0,2025-12-03 22:04:35
TX_0001645,KH_17243,22622,United Kingdom,3,310700.0,2024-11-29 15:08:32
TX_0001646,KH_15493,20802,United Kingdom,6,42900.0,2026-03-12 09:05:47
TX_0001647,KH_16007,71459,United Kingdom,12,22100.0,2024-02-14 02:39:09
TX_0001648,KH_15058,22488,United Kingdom,4,42900.0,2025-09-08 12:11:04
TX_0001649,KH_20049,SP_217318892,MIEN_BAC,1,120000.0,2025-06-23 19:44:31
TX_0001650,KH_20400,SP_161862725,MIEN_TRUNG,4,54500.0,2025-04-03 04:22:17
TX_0001651,KH_20046,SP_164353069,MIEN_NAM,2,165000.0,2025-07-17 19:13:43
TX_0001652,KH_20102,SP_186120714,MIEN_BAC,4,30000.0,2025-07-12 18:06:46
TX_0001653,KH_20099,SP_152769151,MIEN_NAM,1,2123800.0,2025-05-04 05:33:37
TX_0001654,KH_20197,SP_197206161,MIEN_BAC,1,500000.0,2025-10-06 15:28:08
TX_0001655,KH_20480,SP_166451119,MIEN_TRUNG,1,99000.0,2025-06-23 22:38:55
TX_0001656,KH_20147,SP_133673620,MIEN_NAM,1,15000.0,2025-10-27 19:38:46
TX_0001657,KH_20102,SP_255179373,MIEN_BAC,1,531000.0,2026-06-29 14:48:25
TX_0001658,KH_GUEST,22358,United Kingdom,2,150540.0,2025-12-26 21:58:44
TX_0001659,KH_20338,SP_79829966,MIEN_NAM,2,70000.0,2026-04-21 03:43:42
TX_0001660,KH_20032,SP_263025915,MIEN_BAC,2,8000.0,2026-05-01 17:28:56
TX_0001661,KH_14291,22746,United Kingdom,6,54600.0,2025-02-01 02:47:59
TX_0001662,KH_12577,21372,France,1,19500.0,2024-07-12 21:10:49
TX_0001663,KH_15734,22950,United Kingdom,12,37700.0,2024-06-28 17:53:24
TX_0001664,KH_15687,71477,United Kingdom,4,102700.0,2025-07-31 06:35:11
TX_0001665,KH_20381,SP_215327148,MIEN_TRUNG,1,10098.0,2026-06-02 10:02:52
TX_0001666,KH_20160,SP_198455046,MIEN_TRUNG,1,520000.0,2026-09-23 03:04:04
TX_0001667,KH_16205,23242,United Kingdom,1,54080.0,2024-12-07 22:11:10
TX_0001668,KH_17812,22189,United Kingdom,1,102700.0,2025-12-04 06:27:06
TX_0001669,KH_GUEST,85099B,United Kingdom,2,107380.0,2026-06-18 14:11:02
TX_0001670,KH_20351,SP_162089401,MIEN_BAC,4,260000.0,2026-04-29 19:47:09
TX_0001671,KH_17786,71403,United Kingdom,1,76700.0,2024-11-12 05:53:24
TX_0001672,KH_20311,SP_101155192,MIEN_BAC,2,69000.0,2025-06-27 02:25:44
TX_0001673,KH_GUEST,22549,United Kingdom,2,85540.0,2025-06-14 04:36:51
TX_0001674,KH_20473,SP_176662327,MIEN_NAM,1,34000.0,2025-05-23 04:16:39
TX_0001675,KH_20075,SP_151803499,MIEN_BAC,5,1400000.0,2026-04-25 19:54:12
TX_0001676,KH_20068,SP_161862725,MIEN_TRUNG,1,54500.0,2025-04-11 07:36:00
TX_0001677,KH_16222,21165,United Kingdom,1,43940.0,2025-08-27 16:35:08
TX_0001678,KH_GUEST,23148,United Kingdom,1,63960.0,2024-07-07 07:32:05
TX_0001679,KH_14193,22076,United Kingdom,24,42900.0,2025-09-24 19:56:33
TX_0001680,KH_17965,22362,United Kingdom,1,76700.0,2024-08-03 05:59:28
TX_0001681,KH_14844,22725,United Kingdom,4,97500.0,2024-12-02 10:23:37
TX_0001682,KH_16907,21165,United Kingdom,1,43940.0,2024-09-20 21:24:40
TX_0001683,KH_20345,SP_189540663,MIEN_TRUNG,1,900000.0,2025-08-09 02:30:45
TX_0001684,KH_20048,SP_108155397,MIEN_BAC,4,1762864.0,2025-12-28 16:09:21
TX_0001685,KH_GUEST,22322,United Kingdom,4,21580.0,2024-06-05 17:35:55
TX_0001686,KH_GUEST,21746,United Kingdom,3,63960.0,2026-04-28 21:34:58
TX_0001687,KH_20325,SP_173798774,MIEN_BAC,3,37000.0,2025-01-15 21:17:29
TX_0001688,KH_14856,23192,United Kingdom,12,42900.0,2026-08-24 19:49:00
TX_0001689,KH_18079,22710,United Kingdom,6,10920.0,2026-09-11 09:46:17
TX_0001690,KH_20324,SP_138624452,MIEN_BAC,5,70000.0,2025-08-20 09:25:10
TX_0001691,KH_20159,SP_253295861,MIEN_BAC,2,67000.0,2025-03-20 07:56:10
TX_0001692,KH_20083,SP_195510187,MIEN_NAM,4,3000000.0,2025-07-22 14:45:04
TX_0001693,KH_15532,22809,United Kingdom,1,76700.0,2024-07-06 07:27:49
TX_0001694,KH_20203,SP_251258869,MIEN_BAC,1,529000.0,2026-03-10 07:37:52
TX_0001695,KH_20095,SP_119633634,MIEN_NAM,3,550000.0,2025-01-05 13:08:15
TX_0001696,KH_14911,22978,EIRE,24,88140.0,2026-01-15 17:53:21
TX_0001697,KH_18180,22579,United Kingdom,24,7540.0,2024-02-19 19:30:05
TX_0001698,KH_15974,23322,United Kingdom,6,76700.0,2024-01-21 11:54:07
TX_0001699,KH_14335,22375,Germany,2,110500.0,2026-01-25 15:50:01
TX_0001700,KH_20133,SP_262974163,MIEN_BAC,2,8000.0,2026-08-10 23:21:46
TX_0001701,KH_20211,SP_213920905,MIEN_BAC,1,888000.0,2026-01-15 06:47:28
TX_0001702,KH_20264,SP_263027016,MIEN_NAM,3,15000.0,2026-05-05 17:00:06
TX_0001703,KH_GUEST,21484,United Kingdom,2,215540.0,2025-10-13 21:59:21
TX_0001704,KH_14505,79321,United Kingdom,4,149500.0,2026-06-12 09:02:22
TX_0001705,KH_13373,22734,United Kingdom,12,75140.0,2026-03-12 01:16:44
TX_0001706,KH_16904,22652,United Kingdom,4,42900.0,2026-08-19 05:41:28
TX_0001707,KH_16023,21212,United Kingdom,2,14300.0,2025-06-18 13:34:07
TX_0001708,KH_20211,SP_53581577,MIEN_BAC,1,49500.0,2025-04-30 10:39:36
TX_0001709,KH_13523,22429,United Kingdom,4,110500.0,2024-05-06 03:47:45
TX_0001710,KH_20086,SP_42406981,MIEN_BAC,1,306500.0,2026-03-02 05:16:37
TX_0001711,KH_20164,SP_138661983,MIEN_NAM,2,59000.0,2025-03-14 20:11:05
TX_0001712,KH_14461,23112,United Kingdom,2,195000.0,2024-08-24 21:53:32
TX_0001713,KH_14948,21125,United Kingdom,12,32500.0,2024-02-23 19:18:14
TX_0001714,KH_14096,22027,United Kingdom,1,21580.0,2025-07-25 17:25:55
TX_0001715,KH_20036,SP_263025891,MIEN_NAM,1,1000.0,2025-11-01 07:15:20
TX_0001716,KH_20293,SP_145626923,MIEN_NAM,1,44750.0,2025-08-24 16:55:10
TX_0001717,KH_12534,21735,Germany,2,331500.0,2025-07-10 03:03:30
TX_0001718,KH_15513,22333,United Kingdom,16,42900.0,2024-02-26 01:08:53
TX_0001719,KH_13969,23206,United Kingdom,6,42900.0,2024-01-26 05:12:26
TX_0001720,KH_14672,21695,United Kingdom,6,76700.0,2024-04-27 11:56:02
TX_0001721,KH_17706,23084,United Kingdom,12,54080.0,2025-04-11 09:28:08
TX_0001722,KH_20105,SP_151971684,MIEN_NAM,1,800000.0,2025-03-12 15:15:40
TX_0001723,KH_GUEST,22179,United Kingdom,2,150540.0,2024-12-02 17:57:40
TX_0001724,KH_20203,SP_191556392,MIEN_NAM,2,490000.0,2025-05-12 12:17:42
TX_0001725,KH_17757,21239,United Kingdom,8,22100.0,2024-11-20 09:27:24
TX_0001726,KH_GUEST,22269,United Kingdom,2,21580.0,2025-02-07 20:29:36
TX_0001727,KH_12743,21591,Unspecified,1,32500.0,2024-01-10 18:31:56
TX_0001728,KH_GUEST,21494,United Kingdom,5,153660.0,2024-11-01 13:50:41
TX_0001729,KH_GUEST,20838,United Kingdom,1,85540.0,2025-04-14 03:10:09
TX_0001730,KH_20399,SP_179944053,MIEN_TRUNG,1,18840000.0,2026-08-16 17:20:18
TX_0001731,KH_14292,22697,United Kingdom,24,66300.0,2025-05-20 09:01:20
TX_0001732,KH_GUEST,22698,United Kingdom,4,150540.0,2025-10-29 03:51:31
TX_0001733,KH_15752,21181,United Kingdom,1,54600.0,2025-12-08 02:21:49
TX_0001734,KH_20315,SP_207357079,MIEN_BAC,1,490000.0,2026-03-26 05:56:21
TX_0001735,KH_20282,SP_248546151,MIEN_TRUNG,2,89000.0,2025-01-01 07:32:36
TX_0001736,KH_14305,22766,United Kingdom,8,76700.0,2024-09-02 07:39:47
TX_0001737,KH_15358,22501,United Kingdom,2,258700.0,2024-07-22 10:03:51
TX_0001738,KH_20481,SP_75448642,MIEN_BAC,2,999000.0,2025-04-18 10:31:49
TX_0001739,KH_GUEST,21484,United Kingdom,1,193960.0,2025-05-26 10:32:26
TX_0001740,KH_GUEST,23192,United Kingdom,1,85540.0,2026-06-22 01:11:52
TX_0001741,KH_17841,22431,United Kingdom,3,50700.0,2024-02-20 17:13:36
TX_0001742,KH_20303,SP_183315022,MIEN_NAM,2,159000.0,2025-03-17 09:48:20
TX_0001743,KH_16007,23178,United Kingdom,2,75140.0,2026-08-02 03:21:59
TX_0001744,KH_14016,82494L,EIRE,12,76700.0,2025-03-02 10:19:36
TX_0001745,KH_GUEST,22815,United Kingdom,1,10920.0,2024-11-11 04:05:08
TX_0001746,KH_14056,23206,United Kingdom,3,42900.0,2026-06-06 19:42:19
TX_0001747,KH_20063,SP_183042338,MIEN_BAC,1,75000.0,2025-01-18 19:01:59
TX_0001748,KH_GUEST,20713,United Kingdom,3,107380.0,2026-09-03 15:27:45
TX_0001749,KH_17530,21383,United Kingdom,2,16900.0,2025-05-07 02:49:19
TX_0001750,KH_20344,SP_76825875,MIEN_NAM,1,2093000.0,2025-03-14 00:18:12
TX_0001751,KH_20300,SP_96711017,MIEN_NAM,2,5100000.0,2026-07-06 23:40:24
TX_0001752,KH_15582,22147,United Kingdom,12,37700.0,2025-06-13 15:43:11
TX_0001753,KH_15468,23301,United Kingdom,12,42900.0,2024-08-12 09:53:30
TX_0001754,KH_20185,SP_12246023,MIEN_NAM,2,66500.0,2025-12-14 10:30:03
TX_0001755,KH_14047,21481,United Kingdom,36,88140.0,2024-04-29 11:29:25
TX_0001756,KH_12854,85169D,United Kingdom,2,32500.0,2025-05-15 21:42:05
TX_0001757,KH_20215,SP_187855224,MIEN_BAC,2,400000.0,2025-06-18 18:42:36
TX_0001758,KH_GUEST,22297,United Kingdom,1,63960.0,2026-05-14 23:26:20
TX_0001759,KH_14321,10133,United Kingdom,20,10920.0,2025-05-13 06:51:02
TX_0001760,KH_13637,23132,United Kingdom,2,149500.0,2024-12-16 04:37:10
TX_0001761,KH_13014,22112,United Kingdom,3,128700.0,2025-05-20 07:49:20
TX_0001762,KH_GUEST,23142,United Kingdom,1,540540.0,2025-10-07 10:55:43
TX_0001763,KH_13881,22348,United Kingdom,24,22100.0,2026-09-12 12:13:56
TX_0001764,KH_GUEST,85099C,United Kingdom,5,109460.0,2025-03-11 06:17:00
TX_0001765,KH_20004,SP_162025145,MIEN_TRUNG,1,240000.0,2025-09-20 04:50:47
TX_0001766,KH_20413,SP_116799452,MIEN_NAM,1,45000.0,2025-01-07 11:03:25
TX_0001767,KH_18019,22776,United Kingdom,1,258700.0,2025-05-23 18:55:12
TX_0001768,KH_18118,21364,United Kingdom,1,175500.0,2024-01-29 18:58:13
TX_0001769,KH_20286,SP_148696819,MIEN_TRUNG,1,474000.0,2025-04-04 03:57:54
TX_0001770,KH_13510,23203,United Kingdom,10,54080.0,2026-05-29 01:17:23
TX_0001771,KH_12749,23245,United Kingdom,6,128700.0,2026-03-22 00:58:21
TX_0001772,KH_17338,21916,United Kingdom,4,10920.0,2026-06-06 22:48:16
TX_0001773,KH_15866,23201,United Kingdom,1,54080.0,2026-05-31 09:05:03
TX_0001774,KH_13012,21137,United Kingdom,4,97500.0,2026-08-09 06:35:00
TX_0001775,KH_17537,37447,United Kingdom,16,38740.0,2024-07-19 18:44:29
TX_0001776,KH_12481,22077,Germany,12,50700.0,2025-02-25 18:35:27
TX_0001777,KH_20151,SP_43318860,MIEN_TRUNG,4,517500.0,2026-03-23 03:22:34
TX_0001778,KH_18225,82580,United Kingdom,12,14300.0,2024-04-29 02:07:38
TX_0001779,KH_20407,SP_173798735,MIEN_BAC,1,18000.0,2025-04-24 23:24:04
TX_0001780,KH_16746,20725,United Kingdom,10,42900.0,2026-03-05 15:02:20
TX_0001781,KH_GUEST,21218,United Kingdom,1,215540.0,2025-06-28 12:23:40
TX_0001782,KH_13496,22423,United Kingdom,4,331500.0,2024-12-01 14:22:29
TX_0001783,KH_GUEST,35809A,United Kingdom,1,107380.0,2026-10-02 05:00:41
TX_0001784,KH_20211,SP_198787271,MIEN_BAC,4,1700000.0,2026-09-21 10:23:11
TX_0001785,KH_17980,22791,United Kingdom,8,27560.0,2024-09-14 12:41:00
TX_0001786,KH_20072,SP_190681185,MIEN_TRUNG,5,72000.0,2025-02-15 22:26:19
TX_0001787,KH_20453,SP_229784294,MIEN_NAM,1,1390000.0,2026-09-16 17:49:03
TX_0001788,KH_13449,85123A,United Kingdom,6,76700.0,2024-04-09 12:46:33
TX_0001789,KH_14606,21326,United Kingdom,12,16900.0,2025-02-17 16:24:18
TX_0001790,KH_17863,22659,United Kingdom,12,50700.0,2025-11-12 17:54:43
TX_0001791,KH_13937,22969,United Kingdom,12,37700.0,2025-09-29 09:09:10
TX_0001792,KH_12493,C2,France,2,468000.0,2024-09-18 18:48:37
TX_0001793,KH_20288,SP_198272723,MIEN_BAC,1,790000.0,2025-03-31 22:51:17
TX_0001794,KH_20169,SP_173011906,MIEN_NAM,1,300000.0,2026-05-14 21:19:11
TX_0001795,KH_GUEST,22703,United Kingdom,1,42380.0,2024-06-26 05:33:44
TX_0001796,KH_17051,22470,United Kingdom,3,76700.0,2024-10-06 18:17:18
TX_0001797,KH_20373,SP_207419392,MIEN_BAC,1,199000.0,2026-10-08 08:06:00
TX_0001798,KH_13310,23311,United Kingdom,6,66300.0,2026-04-09 04:52:16
TX_0001799,KH_20298,SP_58025937,MIEN_NAM,1,399000.0,2025-01-31 16:24:01
TX_0001800,KH_15641,22470,United Kingdom,12,76700.0,2024-02-25 14:50:52
TX_0001801,KH_GUEST,22887,United Kingdom,1,107380.0,2025-08-03 02:09:27
TX_0001802,KH_17459,23065,United Kingdom,1,325000.0,2026-06-30 13:58:10
TX_0001803,KH_20365,SP_210164848,MIEN_NAM,1,25000.0,2025-10-08 07:03:03
TX_0001804,KH_16722,62096A,United Kingdom,6,32500.0,2025-12-13 08:46:06
TX_0001805,KH_GUEST,21424,United Kingdom,5,172380.0,2025-10-10 17:54:53
TX_0001806,KH_13694,22471,United Kingdom,40,50700.0,2024-04-01 19:10:42
TX_0001807,KH_16928,21669,United Kingdom,6,32500.0,2024-12-07 01:03:37
TX_0001808,KH_16682,21544,United Kingdom,15,22100.0,2025-09-15 17:51:19
TX_0001809,KH_12362,22452,Belgium,6,76700.0,2024-12-29 02:34:25
TX_0001810,KH_20439,SP_206247241,MIEN_NAM,1,49000.0,2025-11-16 11:23:23
TX_0001811,KH_GUEST,22909,United Kingdom,30,42380.0,2025-09-07 18:09:16
TX_0001812,KH_GUEST,22356,United Kingdom,1,42380.0,2026-01-02 18:52:24
TX_0001813,KH_15311,47310M,United Kingdom,2,32500.0,2025-07-28 09:29:32
TX_0001814,KH_14796,21232,United Kingdom,16,32500.0,2024-03-18 02:38:36
TX_0001815,KH_20113,SP_162601858,MIEN_BAC,2,479000.0,2025-09-29 02:28:00
TX_0001816,KH_14606,22362,United Kingdom,1,76700.0,2025-06-27 04:59:16
TX_0001817,KH_GUEST,21932,United Kingdom,2,63960.0,2024-09-22 13:37:01
TX_0001818,KH_20254,SP_87100406,MIEN_NAM,5,49890.0,2025-06-27 12:17:18
TX_0001819,KH_GUEST,22608,United Kingdom,2,10920.0,2026-02-17 18:28:20
TX_0001820,KH_14646,20718,Netherlands,7,27560.0,2025-03-22 23:08:09
TX_0001821,KH_12689,22027,France,24,10920.0,2026-08-04 01:49:12
TX_0001822,KH_16764,21931,United Kingdom,3,54080.0,2026-08-18 14:33:47
TX_0001823,KH_20379,SP_161254122,MIEN_BAC,1,99000.0,2026-04-29 03:56:48
TX_0001824,KH_GUEST,22909,United Kingdom,5,42380.0,2025-03-04 15:26:38
TX_0001825,KH_20419,SP_2296493,MIEN_BAC,1,322000.0,2025-10-04 18:14:50
TX_0001826,KH_GUEST,22722,United Kingdom,2,215540.0,2024-04-29 21:34:33
TX_0001827,KH_12726,21086,France,12,16900.0,2026-06-13 19:06:31
TX_0001828,KH_17530,21889,United Kingdom,2,32500.0,2026-08-06 21:50:37
TX_0001829,KH_20248,SP_20876970,MIEN_BAC,1,22000.0,2026-02-21 22:59:40
TX_0001830,KH_GUEST,84992,United Kingdom,1,32500.0,2026-03-04 14:02:35
TX_0001831,KH_15498,23284,United Kingdom,20,175500.0,2024-07-24 05:14:17
TX_0001832,KH_16065,21429,United Kingdom,2,42900.0,2026-01-18 18:10:21
TX_0001833,KH_20086,SP_204237296,MIEN_NAM,5,550000.0,2026-06-15 01:37:49
TX_0001834,KH_20326,SP_194498923,MIEN_BAC,2,920000.0,2026-07-01 02:36:09
TX_0001835,KH_16809,23200,United Kingdom,4,54080.0,2026-01-22 09:09:50
TX_0001836,KH_20479,SP_138899360,MIEN_BAC,3,47000.0,2025-09-06 03:41:51
TX_0001837,KH_12585,23126,Germany,4,128700.0,2026-07-08 15:24:00
TX_0001838,KH_14502,20848,United Kingdom,3,76700.0,2025-01-24 17:10:40
TX_0001839,KH_20322,SP_182603309,MIEN_NAM,1,1003000.0,2026-02-17 00:14:31
TX_0001840,KH_20412,SP_69337414,MIEN_NAM,1,169000.0,2026-04-04 03:50:53
TX_0001841,KH_17595,23266,United Kingdom,4,32500.0,2026-03-10 10:28:28
TX_0001842,KH_13449,22421,United Kingdom,12,10920.0,2024-06-11 12:56:11
TX_0001843,KH_14159,21430,United Kingdom,2,97500.0,2025-05-05 19:58:33
TX_0001844,KH_16558,22215,United Kingdom,6,76700.0,2024-05-23 18:25:25
TX_0001845,KH_GUEST,20676,United Kingdom,2,63960.0,2025-06-12 12:34:32
TX_0001846,KH_18158,22577,United Kingdom,12,22100.0,2025-04-01 01:52:42
TX_0001847,KH_20262,SP_32436424,MIEN_TRUNG,4,349000.0,2025-12-02 03:34:20
TX_0001848,KH_12518,23254,Germany,4,107900.0,2025-05-20 17:38:48
TX_0001849,KH_12766,23344,Portugal,10,54080.0,2024-10-28 23:20:39
TX_0001850,KH_15640,23256,United Kingdom,6,107900.0,2024-07-22 19:46:36
TX_0001851,KH_16607,84836,United Kingdom,12,32500.0,2025-12-27 03:28:29
TX_0001852,KH_14498,48129,United Kingdom,2,206700.0,2025-01-18 11:22:16
TX_0001853,KH_14321,21733,United Kingdom,6,76700.0,2026-03-25 07:28:44
TX_0001854,KH_20093,SP_181219040,MIEN_BAC,8,56000.0,2025-08-01 08:17:21
TX_0001855,KH_20323,SP_46040936,MIEN_NAM,5,99000.0,2026-07-28 12:56:17
TX_0001856,KH_20274,SP_207419392,MIEN_BAC,1,199000.0,2025-02-19 09:18:32
TX_0001857,KH_17841,23006,United Kingdom,2,10920.0,2024-06-17 06:35:24
TX_0001858,KH_16209,85212,United Kingdom,24,7540.0,2024-02-12 09:45:52
TX_0001859,KH_13614,10133,United Kingdom,4,10920.0,2024-05-08 00:16:18
TX_0001860,KH_20349,SP_26114355,MIEN_NAM,3,73000.0,2026-08-30 03:04:41
TX_0001861,KH_GUEST,23201,United Kingdom,9,107380.0,2026-04-30 06:22:56
TX_0001862,KH_12347,22417,Iceland,24,14300.0,2025-12-18 22:18:31
TX_0001863,KH_20153,SP_144753804,MIEN_BAC,4,20000.0,2026-05-06 21:00:15
TX_0001864,KH_13345,22899,United Kingdom,6,54600.0,2024-12-24 20:44:42
TX_0001865,KH_17841,22475,United Kingdom,2,128700.0,2024-08-06 05:52:07
TX_0001866,KH_20141,SP_195656716,MIEN_NAM,1,145000.0,2026-02-02 21:50:50
TX_0001867,KH_20482,SP_71509352,MIEN_BAC,2,71900.0,2026-03-12 14:56:25
TX_0001868,KH_20334,SP_14200270,MIEN_NAM,1,389000.0,2025-02-20 21:10:15
TX_0001869,KH_16549,21068,United Kingdom,1,32500.0,2024-11-14 14:50:52
TX_0001870,KH_15039,22021,United Kingdom,7,42900.0,2024-04-03 14:50:46
TX_0001871,KH_20286,SP_98735691,MIEN_BAC,2,1027000.0,2026-09-21 12:14:34
TX_0001872,KH_18210,22505,United Kingdom,4,128700.0,2025-05-10 20:02:04
TX_0001873,KH_12766,21485,Portugal,6,128700.0,2025-09-25 02:27:12
TX_0001874,KH_20448,SP_263025915,MIEN_BAC,8,8000.0,2026-07-01 06:51:48
TX_0001875,KH_20464,SP_159299537,MIEN_BAC,1,459000.0,2026-09-29 10:16:10
TX_0001876,KH_20129,SP_205503229,MIEN_NAM,3,350000.0,2026-02-19 19:26:02
TX_0001877,KH_GUEST,90037C,United Kingdom,1,64480.0,2025-04-24 06:46:25
TX_0001878,KH_GUEST,85174,United Kingdom,5,109460.0,2026-05-23 21:16:15
TX_0001879,KH_17153,22385,United Kingdom,10,54080.0,2024-07-18 05:56:28
TX_0001880,KH_12885,23340,United Kingdom,12,42900.0,2025-07-02 10:11:12
TX_0001881,KH_20429,SP_790942,MIEN_NAM,1,95000.0,2026-02-03 17:07:16
TX_0001882,KH_17865,22997,United Kingdom,24,10920.0,2025-02-25 19:01:58
TX_0001883,KH_20374,SP_213974328,MIEN_NAM,3,1560000.0,2025-11-10 03:23:40
TX_0001884,KH_20134,SP_174673863,MIEN_NAM,4,17800.0,2026-01-29 09:21:48
TX_0001885,KH_12598,23371,France,16,32500.0,2025-09-08 06:29:44
TX_0001886,KH_16394,23002,United Kingdom,14,10920.0,2024-11-23 19:29:43
TX_0001887,KH_18118,21713,United Kingdom,1,54600.0,2025-08-04 11:34:38
TX_0001888,KH_20046,SP_101155664,MIEN_BAC,2,69000.0,2025-05-04 01:05:30
TX_0001889,KH_16984,22682,United Kingdom,6,32500.0,2025-03-09 19:57:35
TX_0001890,KH_13458,22620,United Kingdom,12,37700.0,2025-09-22 16:00:05
TX_0001891,KH_13853,22842,United Kingdom,6,175500.0,2024-06-06 23:56:58
TX_0001892,KH_16422,22090,United Kingdom,40,66300.0,2026-06-18 18:39:55
TX_0001893,KH_16700,22966,United Kingdom,12,32500.0,2026-02-14 11:26:43
TX_0001894,KH_20421,SP_55578802,MIEN_BAC,1,49500.0,2025-04-07 18:42:57
TX_0001895,KH_13018,20726,United Kingdom,10,42900.0,2025-02-06 04:59:30
TX_0001896,KH_13089,23355,United Kingdom,24,107900.0,2024-03-05 10:42:43
TX_0001897,KH_GUEST,22979,United Kingdom,2,85540.0,2024-03-06 03:05:32
TX_0001898,KH_15061,22630,United Kingdom,23,42900.0,2025-04-21 06:39:28
TX_0001899,KH_20011,SP_155370132,MIEN_NAM,5,950000.0,2026-05-21 02:12:37
TX_0001900,KH_17419,22361,United Kingdom,6,76700.0,2024-07-27 19:58:38
TX_0001901,KH_20020,SP_253299764,MIEN_NAM,1,399000.0,2025-11-10 22:39:28
TX_0001902,KH_17841,23148,United Kingdom,7,21580.0,2026-05-05 23:35:14
TX_0001903,KH_GUEST,22383,United Kingdom,1,107380.0,2024-07-05 20:36:07
TX_0001904,KH_20329,SP_3651619,MIEN_NAM,1,255000.0,2026-04-29 17:49:08
TX_0001905,KH_20147,SP_26031518,MIEN_BAC,3,2341000.0,2026-09-13 01:42:56
TX_0001906,KH_18226,21063,United Kingdom,12,22100.0,2026-07-21 11:38:34
TX_0001907,KH_17861,23256,United Kingdom,2,107900.0,2024-03-21 05:54:36
TX_0001908,KH_GUEST,22358,United Kingdom,1,63960.0,2025-07-09 05:23:00
TX_0001909,KH_20318,SP_217146066,MIEN_NAM,1,150000.0,2026-05-09 01:47:11
TX_0001910,KH_GUEST,21630,United Kingdom,1,485680.0,2025-02-23 10:56:33
TX_0001911,KH_20064,SP_209319766,MIEN_BAC,1,274550.0,2026-07-22 19:03:13
TX_0001912,KH_20056,SP_121330354,MIEN_BAC,1,145000.0,2025-07-23 06:05:09
TX_0001913,KH_20138,SP_191981817,MIEN_BAC,2,37800.0,2026-03-02 13:47:28
TX_0001914,KH_12559,21680,Germany,12,22100.0,2026-04-28 01:34:51
TX_0001915,KH_20261,SP_172872972,MIEN_BAC,2,50000.0,2026-07-30 05:46:28
TX_0001916,KH_15380,22193,United Kingdom,12,198900.0,2026-02-25 06:14:56
TX_0001917,KH_15906,22841,United Kingdom,2,206700.0,2026-02-07 19:55:37
TX_0001918,KH_20458,SP_207419450,MIEN_BAC,1,110000.0,2025-01-05 03:01:09
TX_0001919,KH_GUEST,23184,United Kingdom,1,280540.0,2025-08-11 03:06:03
TX_0001920,KH_13268,21877,United Kingdom,6,32500.0,2025-04-19 12:36:47
TX_0001921,KH_20377,SP_238343195,MIEN_NAM,1,250000.0,2025-07-23 23:49:09
TX_0001922,KH_20068,SP_125100807,MIEN_NAM,2,45000.0,2026-09-12 07:02:09
TX_0001923,KH_GUEST,85123a,United Kingdom,1,172380.0,2025-01-19 11:53:36
TX_0001924,KH_20114,SP_208320087,MIEN_NAM,2,25000.0,2026-01-13 05:32:38
TX_0001925,KH_14911,23101,EIRE,12,21580.0,2026-05-09 01:18:41
TX_0001926,KH_20023,SP_181746016,MIEN_NAM,1,389000.0,2025-07-30 12:57:29
TX_0001927,KH_20049,SP_205665786,MIEN_NAM,1,289000.0,2025-06-30 23:52:50
TX_0001928,KH_GUEST,84029E,United Kingdom,1,193960.0,2024-08-02 23:57:38
TX_0001929,KH_20075,SP_44198384,MIEN_NAM,1,325000.0,2026-06-13 03:19:07
TX_0001930,KH_14849,22926,United Kingdom,4,154700.0,2026-07-17 18:36:33
TX_0001931,KH_20138,SP_15665913,MIEN_NAM,1,159000.0,2025-08-28 07:43:34
TX_0001932,KH_GUEST,47559B,United Kingdom,1,63960.0,2026-04-19 16:02:06
TX_0001933,KH_12567,84997B,France,6,97500.0,2024-04-23 01:52:03
TX_0001934,KH_20066,SP_166072965,MIEN_NAM,1,23180.0,2025-11-27 11:05:30
TX_0001935,KH_16686,22745,United Kingdom,1,54600.0,2025-03-31 08:03:20
TX_0001936,KH_GUEST,20972,United Kingdom,2,32500.0,2026-07-05 17:09:25
TX_0001937,KH_GUEST,22739,United Kingdom,7,109460.0,2025-04-04 01:35:58
TX_0001938,KH_GUEST,22646,United Kingdom,1,107380.0,2025-02-23 12:26:53
TX_0001939,KH_20347,SP_158100367,MIEN_BAC,2,360000.0,2026-07-07 12:07:20
TX_0001940,KH_20441,SP_148066093,MIEN_NAM,1,509150.0,2025-09-01 05:31:58
TX_0001941,KH_13373,23052,United Kingdom,4,214500.0,2024-07-12 20:28:52
TX_0001942,KH_20415,SP_200681847,MIEN_BAC,5,2490000.0,2026-03-25 06:19:43
TX_0001943,KH_GUEST,22594,United Kingdom,1,42380.0,2026-05-14 22:34:31
TX_0001944,KH_16186,23191,United Kingdom,12,42900.0,2024-02-04 19:39:28
TX_0001945,KH_18189,22665,United Kingdom,6,76700.0,2024-05-13 15:21:50
TX_0001946,KH_14208,21212,United Kingdom,24,14300.0,2026-04-08 22:46:10
TX_0001947,KH_15471,85130D,United Kingdom,1,20540.0,2025-11-19 00:53:45
TX_0001948,KH_20248,SP_262974186,MIEN_BAC,3,200000.0,2025-09-21 02:41:35
TX_0001949,KH_20089,SP_136940136,MIEN_NAM,1,45000.0,2025-01-01 08:28:26
TX_0001950,KH_15632,22779,United Kingdom,4,110500.0,2025-10-09 12:29:58
TX_0001951,KH_20115,SP_23266053,MIEN_NAM,2,296000.0,2026-01-03 09:03:07
TX_0001952,KH_GUEST,22741,United Kingdom,1,42380.0,2024-05-15 14:58:41
TX_0001953,KH_GUEST,22174,United Kingdom,1,107380.0,2026-03-28 07:37:58
TX_0001954,KH_GUEST,21239,United Kingdom,2,42380.0,2025-11-05 01:40:33
TX_0001955,KH_20006,SP_229720875,MIEN_NAM,1,29000.0,2026-02-27 19:59:46
TX_0001956,KH_17841,85053,United Kingdom,4,54600.0,2024-07-07 13:12:18
TX_0001957,KH_14382,23197,United Kingdom,9,37700.0,2026-02-24 00:32:19
TX_0001958,KH_20475,SP_48141514,MIEN_NAM,4,350100.0,2025-12-15 18:33:40
TX_0001959,KH_15228,22910,United Kingdom,40,66300.0,2024-01-14 06:14:04
TX_0001960,KH_20368,SP_173867551,MIEN_NAM,1,79900.0,2026-05-24 17:48:57
TX_0001961,KH_20210,SP_149964632,MIEN_BAC,2,84550.0,2025-09-17 16:42:48
TX_0001962,KH_20341,SP_263107525,MIEN_BAC,1,399000.0,2025-06-25 03:27:32
TX_0001963,KH_GUEST,22933,United Kingdom,1,150540.0,2024-08-02 15:58:18
TX_0001964,KH_GUEST,21147,United Kingdom,2,65260.0,2026-06-18 08:13:19
TX_0001965,KH_20348,SP_169624793,MIEN_BAC,1,99000.0,2025-01-04 04:56:15
TX_0001966,KH_14646,21987,Netherlands,9,13780.0,2025-02-04 09:24:01
TX_0001967,KH_13979,23350,United Kingdom,12,32500.0,2024-05-08 01:04:26
TX_0001968,KH_15644,23147,United Kingdom,4,37700.0,2026-08-09 23:15:13
TX_0001969,KH_20070,SP_145550452,MIEN_NAM,1,1390000.0,2025-04-03 09:45:25
TX_0001970,KH_20271,SP_177556657,MIEN_NAM,3,21000.0,2025-05-20 06:16:55
TX_0001971,KH_20037,SP_263026620,MIEN_NAM,3,120000.0,2025-11-30 10:05:37
TX_0001972,KH_GUEST,23051,United Kingdom,1,432380.0,2025-03-06 20:32:44
TX_0001973,KH_14178,22278,United Kingdom,1,128700.0,2026-03-10 10:39:26
TX_0001974,KH_20445,SP_4902541,MIEN_NAM,4,149000.0,2025-10-31 08:57:36
TX_0001975,KH_GUEST,21706,United Kingdom,2,85540.0,2024-03-23 06:32:59
TX_0001976,KH_GUEST,21948,United Kingdom,4,63960.0,2025-05-22 16:29:27
TX_0001977,KH_15315,22944,United Kingdom,21,10140.0,2026-02-10 03:13:21
TX_0001978,KH_20188,SP_147708820,MIEN_TRUNG,1,76900.0,2025-07-17 04:09:32
TX_0001979,KH_20269,SP_58436592,MIEN_NAM,4,40000.0,2025-08-01 20:47:02
TX_0001980,KH_14646,23154,Netherlands,24,48100.0,2025-09-24 19:55:58
TX_0001981,KH_20234,SP_173869294,MIEN_BAC,1,69900.0,2025-02-02 12:19:17
TX_0001982,KH_GUEST,35964,United Kingdom,3,21580.0,2024-05-14 19:29:05
TX_0001983,KH_13969,20728,United Kingdom,5,42900.0,2024-02-14 02:48:30
TX_0001984,KH_GUEST,23422,United Kingdom,1,107380.0,2026-07-04 14:30:32
TX_0001985,KH_20264,SP_114688118,MIEN_NAM,1,4544.0,2026-05-23 01:58:10
TX_0001986,KH_15641,20713,United Kingdom,10,50700.0,2024-04-18 02:21:30
TX_0001987,KH_16904,23207,United Kingdom,2,42900.0,2024-07-09 14:22:24
TX_0001988,KH_20359,SP_20240972,MIEN_BAC,2,2280000.0,2025-10-17 17:18:43
TX_0001989,KH_GUEST,22712,United Kingdom,2,21580.0,2024-08-21 21:35:03
TX_0001990,KH_GUEST,22654,United Kingdom,1,302380.0,2025-08-21 13:57:26
TX_0001991,KH_20160,SP_249091286,MIEN_NAM,1,1980000.0,2025-01-06 20:45:29
TX_0001992,KH_15189,22429,United Kingdom,4,110500.0,2024-08-11 07:05:54
TX_0001993,KH_15885,22800,United Kingdom,8,97500.0,2025-10-27 13:59:04
TX_0001994,KH_16102,22196,United Kingdom,12,22100.0,2025-02-23 14:07:00
TX_0001995,KH_14800,22662,United Kingdom,10,42900.0,2025-02-11 06:32:34
TX_0001996,KH_14606,21775,United Kingdom,6,32500.0,2026-01-01 12:02:32
TX_0001997,KH_20450,SP_200548959,MIEN_TRUNG,4,75000.0,2025-11-03 01:47:40
TX_0001998,KH_20233,SP_217169174,MIEN_NAM,3,15000.0,2026-03-22 22:39:20
TX_0001999,KH_18164,21135,United Kingdom,8,43940.0,2025-08-25 15:47:27
TX_0002000,KH_20268,SP_84208347,MIEN_BAC,1,62700.0,2025-04-11 14:10:15
TX_0002001,KH_20310,SP_197346119,MIEN_BAC,3,35000.0,2026-05-16 09:24:54
TX_0002002,KH_20201,SP_8022426,MIEN_BAC,1,54000.0,2025-09-29 23:43:28
TX_0002003,KH_20459,SP_146944237,MIEN_NAM,1,250000.0,2025-02-23 17:11:52
TX_0002004,KH_12744,21756,Singapore,6,154700.0,2024-11-16 01:06:46
TX_0002005,KH_20410,SP_77744773,MIEN_BAC,1,387000.0,2026-01-31 08:25:34
TX_0002006,KH_20316,SP_171438572,MIEN_NAM,5,79000.0,2025-01-28 18:37:23
TX_0002007,KH_GUEST,37450,United Kingdom,3,153660.0,2026-08-30 02:46:22
TX_0002008,KH_GUEST,90177D,United Kingdom,1,76960.0,2024-07-14 15:30:38
TX_0002009,KH_20103,SP_206290974,MIEN_NAM,2,14900.0,2025-04-28 12:18:53
TX_0002010,KH_20426,SP_70191374,MIEN_TRUNG,3,50000.0,2026-08-13 10:26:07
TX_0002011,KH_13505,21676,Switzerland,12,22100.0,2025-01-10 10:23:45
TX_0002012,KH_GUEST,82616B,United Kingdom,3,63960.0,2026-09-30 17:49:37
TX_0002013,KH_12627,22386,Germany,10,54080.0,2026-07-07 03:22:08
TX_0002014,KH_12598,23390,France,4,107900.0,2026-02-10 18:53:04
TX_0002015,KH_12448,22471,Spain,3,128700.0,2024-02-28 00:10:59
TX_0002016,KH_GUEST,84637,United Kingdom,1,128960.0,2026-07-16 18:01:59
TX_0002017,KH_15707,22629,United Kingdom,1,50700.0,2026-06-01 01:36:20
TX_0002018,KH_16426,22572,United Kingdom,5,22100.0,2026-04-04 07:01:39
TX_0002019,KH_14651,20765,United Kingdom,2,97500.0,2026-09-30 19:56:45
TX_0002020,KH_GUEST,21656,United Kingdom,1,42380.0,2025-08-05 07:36:57
TX_0002021,KH_12782,22355,Portugal,10,22100.0,2026-06-05 15:11:24
TX_0002022,KH_20308,SP_216379203,MIEN_NAM,3,1600000.0,2026-02-09 04:59:04
TX_0002023,KH_20150,SP_166071325,MIEN_BAC,2,20000.0,2025-08-12 09:17:19
TX_0002024,KH_20149,SP_179968423,MIEN_TRUNG,1,1790000.0,2026-06-23 17:49:50
TX_0002025,KH_14096,21983,United Kingdom,2,21580.0,2024-03-18 16:57:47
TX_0002026,KH_14298,84951B,United Kingdom,12,22100.0,2024-02-24 11:11:29
TX_0002027,KH_14535,22913,United Kingdom,1,128700.0,2025-04-23 05:49:04
TX_0002028,KH_20216,SP_161254282,MIEN_NAM,1,155000.0,2026-05-30 15:37:45
TX_0002029,KH_16015,23507,United Kingdom,3,10920.0,2024-04-23 06:39:04
TX_0002030,KH_20494,SP_74344562,MIEN_NAM,3,18000.0,2026-02-15 02:30:07
TX_0002031,KH_16942,22734,United Kingdom,2,75140.0,2025-12-20 06:40:01
TX_0002032,KH_GUEST,22202,United Kingdom,1,193960.0,2024-01-28 16:43:14
TX_0002033,KH_20492,SP_164554574,MIEN_NAM,3,111000.0,2025-01-10 15:39:27
TX_0002034,KH_17511,22264,United Kingdom,15,4940.0,2026-08-22 04:50:27
TX_0002035,KH_20008,SP_2121701,MIEN_NAM,2,40000.0,2026-09-30 23:18:05
TX_0002036,KH_20493,SP_247854822,MIEN_NAM,1,57000.0,2025-01-22 02:45:39
TX_0002037,KH_20127,SP_263026667,MIEN_BAC,1,10000.0,2026-03-10 19:23:17
TX_0002038,KH_13694,47559B,United Kingdom,50,27560.0,2024-09-05 14:02:27
TX_0002039,KH_20251,SP_213559095,MIEN_NAM,1,79000.0,2025-01-02 10:52:44
TX_0002040,KH_20499,SP_52811980,MIEN_BAC,2,1393000.0,2025-06-17 07:17:06
TX_0002041,KH_16049,47504H,United Kingdom,1,20540.0,2025-05-07 20:58:00
TX_0002042,KH_14085,21259,United Kingdom,2,154700.0,2026-07-17 01:50:16
TX_0002043,KH_GUEST,85049g,United Kingdom,2,63960.0,2026-06-16 13:35:15
TX_0002044,KH_17346,21937,United Kingdom,1,76700.0,2024-02-02 12:22:48
TX_0002045,KH_16919,23284,United Kingdom,10,175500.0,2025-02-23 09:43:17
TX_0002046,KH_GUEST,22064,United Kingdom,1,85540.0,2026-09-03 19:24:35
TX_0002047,KH_15513,21114,United Kingdom,40,32500.0,2024-09-03 10:51:53
TX_0002048,KH_GUEST,20719,United Kingdom,1,42380.0,2025-03-12 18:17:55
TX_0002049,KH_20346,SP_249694485,MIEN_BAC,1,1965600.0,2026-10-05 21:16:25
TX_0002050,KH_GUEST,20777,United Kingdom,1,42380.0,2025-10-21 21:27:56
TX_0002051,KH_16009,23341,United Kingdom,2,221000.0,2025-10-18 19:28:47
TX_0002052,KH_20225,SP_2121689,MIEN_BAC,1,51000.0,2025-09-17 13:28:28
TX_0002053,KH_16366,22698,United Kingdom,6,76700.0,2025-07-24 15:25:07
TX_0002054,KH_14585,23294,United Kingdom,2,21580.0,2026-02-23 16:28:03
TX_0002055,KH_20486,SP_190080853,MIEN_BAC,2,2999000.0,2025-05-05 06:23:08
TX_0002056,KH_GUEST,84077,United Kingdom,2,7540.0,2025-02-19 12:25:51
TX_0002057,KH_20219,SP_177586172,MIEN_BAC,2,121221.0,2026-03-23 01:54:33
TX_0002058,KH_20288,SP_144480756,MIEN_NAM,1,130000.0,2026-09-06 17:36:55
TX_0002059,KH_20257,SP_199103377,MIEN_TRUNG,1,749000.0,2025-10-10 06:54:00
TX_0002060,KH_20040,SP_195948504,MIEN_BAC,2,260000.0,2026-07-16 15:47:03
TX_0002061,KH_15696,23454,United Kingdom,2,107900.0,2025-05-03 07:22:23
TX_0002062,KH_16364,22493,United Kingdom,6,42900.0,2025-11-25 17:54:02
TX_0002063,KH_13268,21179,United Kingdom,5,32500.0,2024-03-31 12:55:52
TX_0002064,KH_GUEST,23199,United Kingdom,1,107380.0,2025-04-14 04:11:47
TX_0002065,KH_20187,SP_35189051,MIEN_BAC,2,1350000.0,2025-02-04 07:32:19
TX_0002066,KH_14107,22980,United Kingdom,12,42900.0,2024-11-16 18:49:18
TX_0002067,KH_20037,SP_790815,MIEN_NAM,2,690000.0,2026-07-09 21:52:13
TX_0002068,KH_20134,SP_1023019,MIEN_BAC,1,1175000.0,2025-08-30 02:38:38
TX_0002069,KH_15901,22630,United Kingdom,1,50700.0,2026-07-05 14:08:51
TX_0002070,KH_GUEST,22816,United Kingdom,27,10920.0,2024-10-24 23:08:46
TX_0002071,KH_14911,22427,EIRE,3,154700.0,2026-02-28 18:10:06
TX_0002072,KH_GUEST,21257,United Kingdom,1,419380.0,2024-08-06 03:40:29
TX_0002073,KH_GUEST,22197,United Kingdom,30,63960.0,2026-10-01 03:55:00
TX_0002074,KH_20469,SP_23830928,MIEN_BAC,1,52000.0,2025-09-10 13:05:33
TX_0002075,KH_13115,22045,United Kingdom,25,10920.0,2024-11-17 20:10:23
TX_0002076,KH_20273,SP_138902891,MIEN_TRUNG,5,169000.0,2026-04-05 12:29:14
TX_0002077,KH_GUEST,22035,United Kingdom,2,21580.0,2024-10-17 21:45:42
TX_0002078,KH_14298,22504,United Kingdom,12,331500.0,2026-04-02 02:43:07
TX_0002079,KH_20416,SP_133673620,MIEN_NAM,1,15000.0,2025-10-05 04:00:40
TX_0002080,KH_16910,85227,United Kingdom,2,22100.0,2026-04-22 10:22:13
TX_0002081,KH_13417,21523,United Kingdom,2,214500.0,2026-08-21 10:30:26
TX_0002082,KH_14096,21986,United Kingdom,1,21580.0,2025-09-13 11:02:33
TX_0002083,KH_16218,21232,United Kingdom,12,32500.0,2024-02-05 11:40:12
TX_0002084,KH_12749,23308,United Kingdom,48,14300.0,2026-07-11 18:51:49
TX_0002085,KH_20184,SP_145171224,MIEN_TRUNG,1,328000.0,2026-01-18 18:00:21
TX_0002086,KH_12714,22026,France,24,10920.0,2024-11-17 11:11:36
TX_0002087,KH_20083,SP_77323577,MIEN_BAC,2,630000.0,2026-05-22 15:30:23
TX_0002088,KH_20244,SP_199103204,MIEN_NAM,2,629000.0,2025-05-15 11:34:43
TX_0002089,KH_20445,SP_35189051,MIEN_BAC,1,1350000.0,2026-05-19 00:05:07
TX_0002090,KH_12897,22469,United Kingdom,40,37700.0,2025-11-08 07:19:41
TX_0002091,KH_20297,SP_192532490,MIEN_NAM,2,2150000.0,2026-02-01 16:18:56
TX_0002092,KH_18075,22169,United Kingdom,4,221000.0,2025-11-10 19:44:13
TX_0002093,KH_20083,SP_191777680,MIEN_NAM,1,850000.0,2026-06-19 12:04:22
TX_0002094,KH_14408,20996,United Kingdom,8,4940.0,2024-05-29 22:09:48
TX_0002095,KH_14096,22664,United Kingdom,2,107380.0,2024-07-22 02:18:14
TX_0002096,KH_17659,47591D,United Kingdom,8,50700.0,2026-03-28 14:07:26
TX_0002097,KH_16676,22425,United Kingdom,3,128700.0,2024-04-15 12:41:15
TX_0002098,KH_20374,SP_129863346,MIEN_BAC,1,70000.0,2026-05-27 18:19:40
TX_0002099,KH_GUEST,21935,United Kingdom,3,85540.0,2026-04-22 03:11:23
TX_0002100,KH_13959,21935,United Kingdom,1,42900.0,2024-12-09 11:22:16
TX_0002101,KH_GUEST,84247G,United Kingdom,1,21580.0,2025-10-29 04:10:34
TX_0002102,KH_13118,21876,United Kingdom,6,32500.0,2024-10-23 05:12:14
TX_0002103,KH_13871,23315,United Kingdom,2,258700.0,2025-06-23 03:52:01
TX_0002104,KH_20019,SP_138661521,MIEN_NAM,2,59000.0,2025-09-19 18:36:39
TX_0002105,KH_GUEST,85087,United Kingdom,1,85540.0,2025-01-02 10:42:22
TX_0002106,KH_17768,22474,United Kingdom,4,128700.0,2025-12-03 13:06:26
TX_0002107,KH_GUEST,22424,EIRE,3,331500.0,2025-04-17 18:34:20
TX_0002108,KH_GUEST,21907,United Kingdom,1,107380.0,2025-10-06 22:00:31
TX_0002109,KH_15547,35637A,United Kingdom,2,50700.0,2025-05-29 17:30:15
TX_0002110,KH_20339,SP_102607010,MIEN_TRUNG,2,129000.0,2026-07-12 02:49:17
TX_0002111,KH_14127,48111,United Kingdom,2,206700.0,2025-06-14 23:11:20
TX_0002112,KH_GUEST,21750,United Kingdom,1,107380.0,2024-06-13 00:39:22
TX_0002113,KH_17509,22077,United Kingdom,12,50700.0,2024-02-03 00:49:45
TX_0002114,KH_14859,22726,United Kingdom,4,97500.0,2024-08-22 04:48:10
TX_0002115,KH_20086,SP_150254088,MIEN_NAM,1,29800.0,2026-04-13 05:06:15
TX_0002116,KH_20310,SP_212981495,MIEN_NAM,1,1380000.0,2025-03-04 01:29:13
TX_0002117,KH_17284,21204,United Kingdom,3,42900.0,2025-04-02 22:33:06
TX_0002118,KH_GUEST,11001,United Kingdom,10,85540.0,2024-11-05 07:48:26
TX_0002119,KH_20234,SP_121330611,MIEN_NAM,2,18000.0,2025-03-22 02:25:38
TX_0002120,KH_20317,SP_110698265,MIEN_BAC,3,2590000.0,2025-06-05 21:56:07
TX_0002121,KH_20078,SP_173535014,MIEN_TRUNG,1,1199000.0,2026-02-06 12:09:09
TX_0002122,KH_GUEST,90114,United Kingdom,2,63960.0,2026-08-24 13:19:12
TX_0002123,KH_GUEST,21906,United Kingdom,1,345540.0,2026-03-23 14:12:05
TX_0002124,KH_GUEST,DOT,United Kingdom,1,3308240.0,2025-05-25 11:54:49
TX_0002125,KH_GUEST,22171,United Kingdom,1,221000.0,2024-09-23 23:32:32
TX_0002126,KH_17063,20712,United Kingdom,10,50700.0,2025-03-07 05:26:08
TX_0002127,KH_13521,23251,United Kingdom,1,32500.0,2026-01-15 22:07:28
TX_0002128,KH_17668,22722,United Kingdom,4,102700.0,2025-03-29 21:28:18
TX_0002129,KH_18252,23431,United Kingdom,12,21580.0,2024-10-05 18:14:09
TX_0002130,KH_15203,21262,United Kingdom,6,76700.0,2026-07-11 04:47:49
TX_0002131,KH_16242,21158,United Kingdom,6,10140.0,2026-08-25 15:43:21
TX_0002132,KH_17655,85123A,United Kingdom,32,66300.0,2025-12-12 19:35:49
TX_0002133,KH_13715,35911A,United Kingdom,3,54600.0,2024-12-24 17:19:11
TX_0002134,KH_20338,SP_113499949,MIEN_BAC,4,4581000.0,2026-01-18 00:27:06
TX_0002135,KH_20064,SP_1022917,MIEN_BAC,1,1237500.0,2025-02-23 23:19:21
TX_0002136,KH_14719,23175,United Kingdom,1,84500.0,2026-09-04 10:53:47
TX_0002137,KH_20429,SP_215590741,MIEN_BAC,1,1190000.0,2026-09-14 07:09:07
TX_0002138,KH_GUEST,90059E,United Kingdom,2,42900.0,2024-02-01 00:01:09
TX_0002139,KH_13081,21977,United Kingdom,24,14300.0,2025-09-29 17:13:49
TX_0002140,KH_14554,23392,United Kingdom,2,54080.0,2024-10-17 10:40:16
TX_0002141,KH_GUEST,23207,United Kingdom,2,128960.0,2024-10-28 02:16:56
TX_0002142,KH_14911,85183A,EIRE,12,32500.0,2024-08-25 01:15:54
TX_0002143,KH_20023,SP_58249242,MIEN_BAC,3,120000.0,2026-05-04 07:53:01
TX_0002144,KH_20267,SP_176610235,MIEN_BAC,3,14000.0,2025-04-03 22:53:54
TX_0002145,KH_12513,21559,France,6,66300.0,2026-08-03 10:13:17
TX_0002146,KH_16053,21240,United Kingdom,8,22100.0,2026-07-12 12:58:39
TX_0002147,KH_15696,22423,United Kingdom,2,331500.0,2025-03-07 14:12:01
TX_0002148,KH_16931,22144,United Kingdom,1,54600.0,2026-01-06 01:40:26
TX_0002149,KH_16241,21530,United Kingdom,3,20540.0,2025-09-25 00:11:21
TX_0002150,KH_20137,SP_89945252,MIEN_NAM,1,109800.0,2026-09-16 03:32:21
TX_0002151,KH_GUEST,20777,United Kingdom,1,87360.0,2025-04-07 02:23:11
TX_0002152,KH_16746,22621,United Kingdom,12,42900.0,2026-02-26 04:35:59
TX_0002153,KH_12358,20679,Austria,24,154700.0,2024-07-19 21:24:07
TX_0002154,KH_20315,SP_249944378,MIEN_NAM,1,1390000.0,2025-06-17 10:59:13
TX_0002155,KH_20298,SP_111868935,MIEN_TRUNG,1,465000.0,2025-07-15 10:48:49
TX_0002156,KH_20322,SP_173868934,MIEN_TRUNG,1,79900.0,2025-07-08 14:14:28
TX_0002157,KH_16919,84596L,United Kingdom,8,10920.0,2024-09-16 00:03:56
TX_0002158,KH_13546,21535,United Kingdom,1,66300.0,2024-09-26 10:29:20
TX_0002159,KH_GUEST,22029,United Kingdom,1,21580.0,2026-06-13 07:05:43
TX_0002160,KH_14817,21366,United Kingdom,3,110500.0,2024-07-28 22:26:05
TX_0002161,KH_17787,23169,United Kingdom,2,107900.0,2025-08-09 13:23:25
TX_0002162,KH_17663,22749,United Kingdom,4,97500.0,2025-03-18 02:10:36
TX_0002163,KH_12766,21832,Portugal,12,42900.0,2025-10-14 05:13:37
TX_0002164,KH_14606,20963,United Kingdom,3,32500.0,2024-10-31 13:02:43
TX_0002165,KH_GUEST,21715,United Kingdom,3,63960.0,2025-10-31 10:03:02
TX_0002166,KH_13520,22716,Switzerland,12,10920.0,2025-08-08 01:58:04
TX_0002167,KH_20466,SP_230044286,MIEN_NAM,5,5720000.0,2025-09-26 09:33:56
TX_0002168,KH_17625,22851,United Kingdom,4,22100.0,2024-01-12 06:25:16
TX_0002169,KH_14272,21993,United Kingdom,12,32500.0,2025-11-25 15:32:10
TX_0002170,KH_12688,23199,Israel,10,54080.0,2026-08-07 22:09:57
TX_0002171,KH_15756,22095,United Kingdom,1,32500.0,2026-02-06 08:23:44
TX_0002172,KH_GUEST,82551,United Kingdom,1,63960.0,2024-01-30 01:03:03
TX_0002173,KH_16600,22509,United Kingdom,4,102700.0,2026-10-03 03:20:23
TX_0002174,KH_16513,47566,United Kingdom,12,128700.0,2024-05-26 15:43:09
TX_0002175,KH_20121,SP_201967737,MIEN_BAC,2,39000.0,2025-01-18 20:20:07
TX_0002176,KH_20027,SP_145551276,MIEN_BAC,1,1390000.0,2025-11-19 01:41:53
TX_0002177,KH_GUEST,21906,United Kingdom,2,352820.0,2026-01-19 22:11:35
TX_0002178,KH_18116,21955,United Kingdom,1,206700.0,2026-07-15 20:28:17
TX_0002179,KH_15068,21627,United Kingdom,1,388700.0,2025-03-01 03:02:34
TX_0002180,KH_20006,SP_188076795,MIEN_NAM,1,550000.0,2026-05-20 06:00:44
TX_0002181,KH_20233,SP_170394002,MIEN_NAM,1,199000.0,2026-09-27 01:38:33
TX_0002182,KH_20268,SP_85800889,MIEN_NAM,1,238000.0,2025-06-23 17:34:54
TX_0002183,KH_20292,SP_168227320,MIEN_TRUNG,1,199500.0,2025-11-26 03:07:06
TX_0002184,KH_20399,SP_20234350,MIEN_NAM,1,2232000.0,2026-09-16 00:02:23
TX_0002185,KH_14546,16237,United Kingdom,12,5460.0,2024-11-15 06:05:39
TX_0002186,KH_20313,SP_184647622,MIEN_NAM,1,1390000.0,2026-07-15 15:07:23
TX_0002187,KH_20361,SP_252798008,MIEN_BAC,2,699000.0,2025-02-18 12:32:19
TX_0002188,KH_20068,SP_146944417,MIEN_NAM,1,82000.0,2026-07-23 15:16:58
TX_0002189,KH_GUEST,22722,United Kingdom,2,215540.0,2024-04-26 21:23:00
TX_0002190,KH_12867,84879,United Kingdom,6,43940.0,2025-05-14 22:25:03
TX_0002191,KH_20113,SP_193200638,MIEN_NAM,3,275000.0,2026-05-11 07:33:02
TX_0002192,KH_20407,SP_92001175,MIEN_BAC,4,550000.0,2025-03-25 13:31:13
TX_0002193,KH_14020,23328,United Kingdom,4,97500.0,2024-01-21 22:45:06
TX_0002194,KH_20344,SP_149568543,MIEN_BAC,4,279000.0,2025-01-17 20:38:36
TX_0002195,KH_14235,22685,United Kingdom,10,32500.0,2026-09-28 16:06:35
TX_0002196,KH_20135,SP_169519542,MIEN_BAC,2,35000.0,2025-01-28 06:25:43
TX_0002197,KH_14357,22558,United Kingdom,3,42900.0,2025-10-07 10:59:27
TX_0002198,KH_17238,23208,United Kingdom,4,42900.0,2024-10-16 03:23:29
TX_0002199,KH_16007,20719,United Kingdom,1,22100.0,2026-04-09 19:53:55
TX_0002200,KH_GUEST,21064,United Kingdom,1,107380.0,2024-04-16 21:10:46
TX_0002201,KH_GUEST,22023,United Kingdom,2,22100.0,2025-06-18 20:55:33
TX_0002202,KH_12985,21507,United Kingdom,12,10920.0,2024-07-14 14:32:11
TX_0002203,KH_14360,23162,United Kingdom,4,97500.0,2026-02-05 12:31:09
TX_0002204,KH_15329,22082,United Kingdom,10,42900.0,2024-07-26 09:53:30
TX_0002205,KH_20206,SP_179566621,MIEN_TRUNG,1,4749.0,2026-08-02 04:37:30
TX_0002206,KH_14740,85175,United Kingdom,16,10920.0,2024-10-11 07:24:51
TX_0002207,KH_15906,21175,United Kingdom,2,66300.0,2025-05-14 21:56:10
TX_0002208,KH_17397,85049E,United Kingdom,2,32500.0,2025-05-06 06:02:44
TX_0002209,KH_20139,SP_201967737,MIEN_BAC,2,39000.0,2025-09-07 19:38:49
TX_0002210,KH_20182,SP_252398599,MIEN_TRUNG,1,1650000.0,2025-02-02 12:21:06
TX_0002211,KH_20263,SP_32842442,MIEN_BAC,5,450000.0,2025-05-28 04:43:47
TX_0002212,KH_13467,23190,United Kingdom,12,42900.0,2026-09-13 14:02:27
TX_0002213,KH_12415,23167,Australia,9,17940.0,2024-10-25 00:32:30
TX_0002214,KH_15801,23144,United Kingdom,12,21580.0,2025-09-25 12:47:43
TX_0002215,KH_20423,SP_50272534,MIEN_BAC,2,608000.0,2025-01-23 10:44:29
TX_0002216,KH_GUEST,22074,United Kingdom,1,32500.0,2025-01-15 05:18:36
TX_0002217,KH_20232,SP_199103285,MIEN_NAM,1,559000.0,2025-07-22 05:53:48
TX_0002218,KH_20400,SP_195341332,MIEN_BAC,2,540000.0,2026-02-28 22:29:43
TX_0002219,KH_20342,SP_190681218,MIEN_NAM,2,69000.0,2026-03-14 19:14:18
TX_0002220,KH_16520,23209,United Kingdom,2,42900.0,2024-11-18 02:54:57
TX_0002221,KH_16327,22379,United Kingdom,20,54600.0,2024-09-14 05:48:47
TX_0002222,KH_17723,47566,United Kingdom,50,107900.0,2025-03-01 20:44:42
TX_0002223,KH_15993,21791,United Kingdom,2,32500.0,2024-05-01 16:47:44
TX_0002224,KH_17870,21373,United Kingdom,1,19500.0,2026-02-10 18:22:12
TX_0002225,KH_14034,22602,United Kingdom,1,22100.0,2026-03-24 11:34:43
TX_0002226,KH_12772,20725,Portugal,10,42900.0,2024-11-16 08:31:54
TX_0002227,KH_20413,SP_205673305,MIEN_BAC,4,396000.0,2026-07-21 15:14:32
TX_0002228,KH_17041,16156S,United Kingdom,25,10920.0,2026-01-24 02:02:38
TX_0002229,KH_20005,SP_194860666,MIEN_TRUNG,2,1000.0,2026-10-04 17:08:25
TX_0002230,KH_12484,37343,Spain,6,42900.0,2025-05-26 02:24:50
TX_0002231,KH_20432,SP_249590565,MIEN_BAC,3,300000.0,2026-07-30 16:05:00
TX_0002232,KH_20132,SP_207688617,MIEN_NAM,4,239000.0,2025-11-03 09:04:43
TX_0002233,KH_20354,SP_263027154,MIEN_BAC,1,110000.0,2025-08-05 23:17:16
TX_0002234,KH_14911,23413,EIRE,3,128700.0,2025-12-15 15:12:17
TX_0002235,KH_17690,21871,United Kingdom,12,32500.0,2026-02-05 17:21:45
TX_0002236,KH_20087,SP_152875062,MIEN_NAM,1,1512000.0,2025-01-30 22:38:20
TX_0002237,KH_17357,21638,United Kingdom,2,54600.0,2025-01-11 16:39:51
TX_0002238,KH_13137,22865,United Kingdom,3,54600.0,2025-02-04 22:40:21
TX_0002239,KH_15078,22382,United Kingdom,10,42900.0,2025-07-14 13:20:55
TX_0002240,KH_20011,SP_203069092,MIEN_NAM,1,69000.0,2025-08-19 00:36:43
TX_0002241,KH_20133,SP_195544345,MIEN_NAM,1,1290000.0,2026-08-26 18:05:51
TX_0002242,KH_GUEST,21888,United Kingdom,1,193960.0,2025-01-19 23:08:57
TX_0002243,KH_15311,22089,United Kingdom,2,76700.0,2025-01-15 21:05:30
TX_0002244,KH_13267,82486,United Kingdom,2,232700.0,2024-05-02 15:31:51
TX_0002245,KH_15570,22113,United Kingdom,1,97500.0,2026-07-06 11:40:02
TX_0002246,KH_13850,23202,United Kingdom,10,54080.0,2024-05-17 12:26:32
TX_0002247,KH_15054,22633,United Kingdom,1,54600.0,2025-11-13 15:34:52
TX_0002248,KH_16019,21497,United Kingdom,25,10920.0,2024-03-10 21:28:26
TX_0002249,KH_GUEST,DOT,United Kingdom,1,767780.0,2024-10-05 05:16:39
TX_0002250,KH_12415,22518,Australia,36,48100.0,2024-08-31 09:41:58
TX_0002251,KH_17059,21623,United Kingdom,1,258700.0,2025-07-10 06:16:23
TX_0002252,KH_14461,82551,United Kingdom,4,37700.0,2025-10-15 03:40:01
TX_0002253,KH_12890,23306,United Kingdom,3,37700.0,2025-12-01 00:44:30
TX_0002254,KH_20256,SP_198531302,MIEN_BAC,1,359100.0,2025-11-19 06:22:40
TX_0002255,KH_14813,22752,United Kingdom,1,221000.0,2025-06-14 09:51:48
TX_0002256,KH_GUEST,21181,United Kingdom,5,107380.0,2026-04-11 16:17:05
TX_0002257,KH_12748,21775,United Kingdom,1,32500.0,2025-08-15 00:39:32
TX_0002258,KH_20043,SP_187956762,MIEN_NAM,1,710000.0,2026-03-15 05:19:30
TX_0002259,KH_20203,SP_127192371,MIEN_BAC,1,892000.0,2025-07-09 19:15:43
TX_0002260,KH_12669,22727,France,4,97500.0,2026-05-06 14:50:58
TX_0002261,KH_13263,22918,United Kingdom,2,16900.0,2024-04-08 13:41:52
TX_0002262,KH_12354,21244,Spain,32,43940.0,2026-04-21 00:14:59
TX_0002263,KH_20127,SP_170102206,MIEN_NAM,3,1550000.0,2026-04-04 20:59:55
TX_0002264,KH_14606,17090D,United Kingdom,6,32500.0,2024-10-05 00:30:28
TX_0002265,KH_20098,SP_181218538,MIEN_TRUNG,1,55000.0,2026-02-15 13:58:44
TX_0002266,KH_20403,SP_173867551,MIEN_NAM,3,79900.0,2026-01-23 11:49:56
TX_0002267,KH_15125,22429,United Kingdom,12,110500.0,2024-07-08 20:30:04
TX_0002268,KH_20406,SP_168498791,MIEN_NAM,1,116312.0,2026-05-18 16:05:53
TX_0002269,KH_17861,22710,United Kingdom,25,10920.0,2024-01-19 14:04:54
TX_0002270,KH_15444,85185B,United Kingdom,2,76700.0,2026-06-16 06:57:59
TX_0002271,KH_17841,22694,United Kingdom,1,54600.0,2026-04-29 22:54:38
TX_0002272,KH_15444,21328,United Kingdom,2,42900.0,2026-06-03 20:18:31
TX_0002273,KH_14056,21912,United Kingdom,2,97500.0,2025-05-02 12:18:58
TX_0002274,KH_GUEST,85078,United Kingdom,1,42380.0,2025-07-06 06:34:51
TX_0002275,KH_20454,SP_168195282,MIEN_NAM,1,204250.0,2025-08-24 20:16:07
TX_0002276,KH_17346,22094,United Kingdom,2,10140.0,2024-07-21 22:29:03
TX_0002277,KH_20177,SP_46054520,MIEN_BAC,1,44000.0,2025-04-19 21:27:08
TX_0002278,KH_17338,21159,United Kingdom,3,10140.0,2026-06-27 17:02:02
TX_0002279,KH_15750,22411,United Kingdom,4,54080.0,2026-05-04 17:34:02
TX_0002280,KH_14298,85230B,United Kingdom,10,5460.0,2025-08-15 03:37:20
TX_0002281,KH_16805,22467,United Kingdom,2,66300.0,2026-08-01 04:02:32
TX_0002282,KH_GUEST,21786,United Kingdom,1,20540.0,2025-02-03 22:33:38
TX_0002283,KH_14096,22431,United Kingdom,2,107380.0,2025-02-16 19:23:16
TX_0002284,KH_17528,22227,United Kingdom,8,16900.0,2025-08-05 23:23:23
TX_0002285,KH_14456,20754,United Kingdom,1,54600.0,2026-07-20 06:42:09
TX_0002286,KH_13012,22055,United Kingdom,8,42900.0,2024-12-16 11:13:00
TX_0002287,KH_20467,SP_208886783,MIEN_TRUNG,1,1116000.0,2025-10-23 11:59:34
TX_0002288,KH_15555,21873,United Kingdom,1,32500.0,2024-01-31 01:48:42
TX_0002289,KH_15411,22895,United Kingdom,1,84500.0,2024-09-08 03:12:45
TX_0002290,KH_12726,22437,France,20,22100.0,2024-10-08 07:42:43
TX_0002291,KH_17229,22222,United Kingdom,1,128700.0,2026-07-27 08:13:17
TX_0002292,KH_20004,SP_262974224,MIEN_BAC,1,275000.0,2025-10-28 05:33:38
TX_0002293,KH_20016,SP_193964675,MIEN_NAM,1,220000.0,2025-08-17 07:56:46
TX_0002294,KH_GUEST,21993,United Kingdom,1,63960.0,2024-05-28 11:11:15
TX_0002295,KH_17530,22972,United Kingdom,2,42900.0,2025-04-27 20:17:50
TX_0002296,KH_16722,22707,United Kingdom,25,10920.0,2024-02-09 14:55:17
TX_0002297,KH_20075,SP_32945595,MIEN_BAC,5,58000.0,2025-12-11 08:24:00
TX_0002298,KH_15415,22107,United Kingdom,1,97500.0,2024-12-21 21:08:30
TX_0002299,KH_17037,21787,United Kingdom,24,22100.0,2026-05-19 03:05:59
TX_0002300,KH_14096,23223,United Kingdom,5,42380.0,2026-03-06 00:02:26
TX_0002301,KH_GUEST,22915,United Kingdom,1,128960.0,2024-01-12 13:27:39
TX_0002302,KH_14857,22623,United Kingdom,3,154700.0,2026-07-31 03:43:43
TX_0002303,KH_20202,SP_263025546,MIEN_NAM,1,65000.0,2026-09-16 09:32:21
TX_0002304,KH_20494,SP_173798737,MIEN_NAM,1,18000.0,2026-05-30 06:13:27
TX_0002305,KH_GUEST,23643,United Kingdom,1,86580.0,2024-08-20 04:51:24
TX_0002306,KH_13021,21928,United Kingdom,10,50700.0,2026-09-19 12:31:45
TX_0002307,KH_16570,22726,United Kingdom,6,97500.0,2025-12-08 00:08:38
TX_0002308,KH_20387,SP_203847462,MIEN_NAM,3,510000.0,2026-06-10 07:15:33
TX_0002309,KH_20379,SP_107618376,MIEN_NAM,1,145000.0,2025-05-15 21:16:37
TX_0002310,KH_17015,20758,United Kingdom,3,22100.0,2025-07-25 15:32:44
TX_0002311,KH_GUEST,22680,United Kingdom,1,63960.0,2025-07-18 17:26:47
TX_0002312,KH_20123,SP_106654265,MIEN_TRUNG,1,55000.0,2026-07-26 10:07:38
TX_0002313,KH_16510,22604,United Kingdom,6,66300.0,2026-04-16 09:45:51
TX_0002314,KH_14626,48194,United Kingdom,2,206700.0,2026-08-04 02:34:45
TX_0002315,KH_14096,84378,United Kingdom,1,63960.0,2025-01-04 00:49:01
TX_0002316,KH_GUEST,21204,United Kingdom,2,87360.0,2026-06-30 16:55:52
TX_0002317,KH_GUEST,84969,United Kingdom,1,215540.0,2025-05-05 10:10:27
TX_0002318,KH_20421,SP_96621714,MIEN_NAM,1,2912000.0,2025-06-05 05:26:46
TX_0002319,KH_14546,23232,United Kingdom,25,10920.0,2025-08-16 06:58:30
TX_0002320,KH_GUEST,20982,United Kingdom,1,42380.0,2025-08-23 00:10:37
TX_0002321,KH_GUEST,85099C,United Kingdom,1,107380.0,2025-03-31 13:39:39
TX_0002322,KH_14911,22550,EIRE,4,97500.0,2024-05-20 15:31:31
TX_0002323,KH_16037,85049E,United Kingdom,12,32500.0,2025-12-11 06:45:45
TX_0002324,KH_20028,SP_159019071,MIEN_TRUNG,1,195000.0,2026-03-12 01:09:07
TX_0002325,KH_14493,22083,United Kingdom,6,76700.0,2026-10-07 11:29:39
TX_0002326,KH_14911,17091J,EIRE,36,9880.0,2025-12-28 20:38:29
TX_0002327,KH_15228,23525,United Kingdom,6,97500.0,2025-12-08 18:36:58
TX_0002328,KH_15238,22943,United Kingdom,3,128700.0,2025-07-05 13:02:41
TX_0002329,KH_GUEST,21179,United Kingdom,3,42380.0,2024-08-20 14:06:24
TX_0002330,KH_15444,23178,United Kingdom,2,75140.0,2025-04-08 10:42:20
TX_0002331,KH_GUEST,gift_0001_50,United Kingdom,1,1083420.0,2025-06-10 03:31:22
TX_0002332,KH_GUEST,21327,United Kingdom,2,63960.0,2024-04-20 10:14:07
TX_0002333,KH_14036,21181,United Kingdom,12,54600.0,2025-07-29 01:59:47
TX_0002334,KH_13837,22801,United Kingdom,3,97500.0,2024-01-03 10:01:24
TX_0002335,KH_13736,85159A,United Kingdom,1,50700.0,2024-04-23 02:57:22
TX_0002336,KH_20215,SP_149567940,MIEN_BAC,1,389000.0,2025-03-13 01:50:45
TX_0002337,KH_15498,22423,United Kingdom,3,331500.0,2024-07-05 11:01:19
TX_0002338,KH_GUEST,22581,United Kingdom,2,43160.0,2024-04-12 17:17:42
TX_0002339,KH_13890,22113,United Kingdom,4,97500.0,2024-05-03 17:20:09
TX_0002340,KH_GUEST,21002,United Kingdom,2,85540.0,2025-03-17 03:29:39
TX_0002341,KH_20221,SP_251405786,MIEN_NAM,3,19452.0,2025-07-28 21:36:40
TX_0002342,KH_GUEST,84637,United Kingdom,1,128960.0,2026-09-07 17:32:29
TX_0002343,KH_GUEST,21975,United Kingdom,1,32500.0,2025-11-08 05:48:21
TX_0002344,KH_20291,SP_249531912,MIEN_NAM,3,49000.0,2025-01-12 10:49:20
TX_0002345,KH_GUEST,84755,United Kingdom,40,32240.0,2026-09-06 23:13:04
TX_0002346,KH_GUEST,22998,United Kingdom,1,10920.0,2024-12-19 08:18:59
TX_0002347,KH_20253,SP_263026288,MIEN_NAM,5,2800.0,2025-04-01 14:08:56
TX_0002348,KH_12867,23202,United Kingdom,5,54080.0,2026-01-12 06:07:43
TX_0002349,KH_14649,90200D,United Kingdom,3,110500.0,2025-01-12 14:01:48
TX_0002350,KH_18118,22086,United Kingdom,3,76700.0,2024-12-05 18:15:51
TX_0002351,KH_12749,82483,United Kingdom,2,180700.0,2025-09-26 23:39:21
TX_0002352,KH_GUEST,22729,United Kingdom,7,150540.0,2025-08-30 06:47:36
TX_0002353,KH_GUEST,21700,United Kingdom,6,35880.0,2024-02-02 04:55:00
TX_0002354,KH_20159,SP_174176077,MIEN_NAM,2,29000.0,2025-04-30 21:08:21
TX_0002355,KH_14286,22048,United Kingdom,25,10920.0,2024-01-22 02:03:06
TX_0002356,KH_GUEST,22088,United Kingdom,1,150540.0,2025-08-14 17:56:46
TX_0002357,KH_20315,SP_142104792,MIEN_NAM,3,60720.0,2025-11-12 03:40:31
TX_0002358,KH_17528,23508,United Kingdom,5,10920.0,2026-02-24 07:13:13
TX_0002359,KH_20453,SP_263026093,MIEN_TRUNG,1,19000.0,2025-09-12 00:20:36
TX_0002360,KH_17340,21874,United Kingdom,12,32500.0,2024-03-16 22:28:24
TX_0002361,KH_14711,22169,United Kingdom,1,221000.0,2025-08-17 21:49:57
TX_0002362,KH_20154,SP_175167907,MIEN_BAC,1,375000.0,2025-10-17 13:22:52
TX_0002363,KH_17139,22386,United Kingdom,10,54080.0,2026-05-14 07:35:37
TX_0002364,KH_15311,72760B,United Kingdom,1,258700.0,2026-01-08 21:11:36
TX_0002365,KH_14412,23296,United Kingdom,16,32500.0,2026-03-30 07:26:54
TX_0002366,KH_20037,SP_252159558,MIEN_NAM,3,4250000.0,2025-02-27 07:06:04
TX_0002367,KH_20221,SP_4259501,MIEN_NAM,1,590000.0,2026-10-04 17:57:23
TX_0002368,KH_20332,SP_204875405,MIEN_NAM,3,79000.0,2025-03-30 14:57:46
TX_0002369,KH_17841,22430,United Kingdom,3,128700.0,2026-08-29 14:33:03
TX_0002370,KH_20202,SP_2297169,MIEN_BAC,2,311000.0,2026-09-30 08:00:25
TX_0002371,KH_12851,23337,United Kingdom,1,54080.0,2025-08-10 06:56:24
TX_0002372,KH_20492,SP_168227320,MIEN_TRUNG,1,199500.0,2026-03-15 13:08:43
TX_0002373,KH_20159,SP_136074475,MIEN_BAC,2,54100.0,2025-02-07 22:01:50
TX_0002374,KH_GUEST,22906,United Kingdom,1,87360.0,2025-08-14 10:56:30
TX_0002375,KH_20480,SP_192546911,MIEN_TRUNG,2,2350000.0,2026-06-17 04:44:34
TX_0002376,KH_GUEST,23205,United Kingdom,5,63960.0,2024-10-30 14:44:08
TX_0002377,KH_15648,84406B,United Kingdom,8,107900.0,2025-08-22 09:25:52
TX_0002378,KH_13318,22941,United Kingdom,12,221000.0,2024-05-04 20:41:52
TX_0002379,KH_GUEST,22941,United Kingdom,1,432380.0,2025-11-28 20:09:35
TX_0002380,KH_16788,84989A,United Kingdom,1,14300.0,2025-12-05 00:34:16
TX_0002381,KH_20025,SP_116852219,MIEN_NAM,2,166700.0,2025-11-13 15:11:31
TX_0002382,KH_GUEST,21169,United Kingdom,1,107380.0,2026-05-05 02:14:41
TX_0002383,KH_12748,22141,United Kingdom,1,54600.0,2026-04-30 07:41:16
TX_0002384,KH_14499,22895,United Kingdom,1,76700.0,2025-08-09 17:13:37
TX_0002385,KH_13546,21156,United Kingdom,4,50700.0,2024-05-12 08:09:39
TX_0002386,KH_16767,22246,United Kingdom,24,50700.0,2024-06-09 05:52:29
TX_0002387,KH_GUEST,21232,United Kingdom,1,63960.0,2025-12-23 09:03:57
TX_0002388,KH_12948,22084,United Kingdom,6,76700.0,2026-08-03 18:39:46
TX_0002389,KH_14298,85152,United Kingdom,12,48100.0,2024-08-31 01:29:17
TX_0002390,KH_20295,SP_34240189,MIEN_BAC,1,649000.0,2025-06-20 04:06:06
TX_0002391,KH_15880,22158,United Kingdom,1,76700.0,2026-02-20 07:00:13
TX_0002392,KH_14224,22423,United Kingdom,1,331500.0,2026-07-05 15:56:08
TX_0002393,KH_20275,SP_2078619,MIEN_BAC,1,79000.0,2025-01-10 20:33:01
TX_0002394,KH_15187,23320,United Kingdom,12,75140.0,2025-06-30 00:53:54
TX_0002395,KH_20339,SP_151972030,MIEN_BAC,2,457000.0,2026-09-08 14:51:54
TX_0002396,KH_16440,23328,United Kingdom,4,97500.0,2025-02-27 02:22:45
TX_0002397,KH_12526,22273,Germany,6,76700.0,2026-04-28 22:04:50
TX_0002398,KH_GUEST,47021G,Unspecified,48,10140.0,2026-08-22 14:26:13
TX_0002399,KH_14680,21930,United Kingdom,24,46540.0,2026-02-08 08:15:48
TX_0002400,KH_GUEST,22174,United Kingdom,1,85540.0,2025-12-08 23:53:16
TX_0002401,KH_20239,SP_184098164,MIEN_BAC,1,15000.0,2026-07-26 19:03:58
TX_0002402,KH_GUEST,22998,United Kingdom,1,21580.0,2024-05-11 01:25:54
TX_0002403,KH_20019,SP_167437235,MIEN_TRUNG,2,325000.0,2025-04-17 08:30:46
TX_0002404,KH_20200,SP_204029815,MIEN_NAM,5,755000.0,2026-06-17 17:17:07
TX_0002405,KH_GUEST,22961,EIRE,24,37700.0,2026-02-03 17:15:55
TX_0002406,KH_20256,SP_263107459,MIEN_NAM,1,499000.0,2025-10-15 11:42:01
TX_0002407,KH_16187,84879,United Kingdom,16,43940.0,2025-06-13 10:05:40
TX_0002408,KH_16236,23237,United Kingdom,6,107900.0,2024-06-07 20:44:03
TX_0002409,KH_15860,84926A,United Kingdom,4,32500.0,2026-08-23 06:12:45
TX_0002410,KH_20020,SP_53575041,MIEN_BAC,2,46750.0,2026-07-25 20:11:34
TX_0002411,KH_16837,84755,United Kingdom,16,16900.0,2025-02-01 14:00:07
TX_0002412,KH_GUEST,22814,United Kingdom,1,10920.0,2024-01-25 03:45:09
TX_0002413,KH_14769,22616,United Kingdom,12,10140.0,2025-07-26 23:58:21
TX_0002414,KH_20069,SP_196573384,MIEN_NAM,5,35000.0,2025-10-30 11:42:03
TX_0002415,KH_16700,23203,United Kingdom,10,54080.0,2024-03-05 08:53:38
TX_0002416,KH_20450,SP_190681078,MIEN_BAC,1,59000.0,2025-09-08 10:18:30
TX_0002417,KH_GUEST,22697,United Kingdom,1,150540.0,2024-01-13 18:22:18
TX_0002418,KH_16168,22698,United Kingdom,6,76700.0,2025-12-11 01:04:28
TX_0002419,KH_13772,23245,United Kingdom,2,128700.0,2024-06-26 20:36:03
TX_0002420,KH_GUEST,22196,United Kingdom,2,42380.0,2024-10-28 03:00:18
TX_0002421,KH_20146,SP_216385341,MIEN_BAC,1,700000.0,2025-05-13 05:01:39
TX_0002422,KH_20300,SP_135538504,MIEN_BAC,2,35000.0,2026-08-15 04:53:28
TX_0002423,KH_20053,SP_165962370,MIEN_BAC,3,79000.0,2025-06-23 10:19:32
TX_0002424,KH_20246,SP_195340796,MIEN_NAM,2,336000.0,2026-09-18 04:19:02
TX_0002425,KH_13078,21181,United Kingdom,24,54600.0,2024-10-01 23:37:44
TX_0002426,KH_GUEST,21485,Hong Kong,6,128700.0,2025-06-18 21:56:17
TX_0002427,KH_20163,SP_263025588,MIEN_NAM,1,35000.0,2026-07-09 17:28:58
TX_0002428,KH_GUEST,21733,United Kingdom,6,76700.0,2026-05-22 10:08:49
TX_0002429,KH_15281,22784,United Kingdom,3,128700.0,2025-04-11 16:36:56
TX_0002430,KH_14911,23328,EIRE,4,97500.0,2025-06-09 20:47:33
TX_0002431,KH_20053,SP_176699837,MIEN_TRUNG,4,465000.0,2026-07-12 03:34:53
TX_0002432,KH_12393,22662,Australia,30,42900.0,2025-11-11 05:39:44
TX_0002433,KH_GUEST,23355,United Kingdom,40,215540.0,2024-02-21 08:09:21
TX_0002434,KH_14443,71053,United Kingdom,4,97500.0,2024-07-09 07:11:47
TX_0002435,KH_15867,47369A,United Kingdom,1,76700.0,2025-09-18 16:06:31
TX_0002436,KH_GUEST,22352,United Kingdom,2,128960.0,2025-12-10 22:17:55
TX_0002437,KH_20490,SP_144755348,MIEN_BAC,1,66000.0,2026-08-31 00:56:27
TX_0002438,KH_12906,23084,United Kingdom,24,46540.0,2026-01-21 09:36:48
TX_0002439,KH_20404,SP_169847963,MIEN_BAC,1,150000.0,2026-04-23 20:22:05
TX_0002440,KH_20041,SP_206106743,MIEN_TRUNG,2,5690000.0,2026-03-08 16:12:41
TX_0002441,KH_17865,21161,United Kingdom,12,37700.0,2024-08-14 02:28:47
TX_0002442,KH_16401,22344,United Kingdom,12,22100.0,2025-03-05 11:38:30
TX_0002443,KH_13588,22619,United Kingdom,8,97500.0,2025-05-02 22:15:05
TX_0002444,KH_20353,SP_263026182,MIEN_NAM,1,3000.0,2025-09-28 17:22:44
TX_0002445,KH_GUEST,84970S,United Kingdom,1,54080.0,2025-01-06 06:28:01
TX_0002446,KH_20275,SP_170104951,MIEN_NAM,1,50000.0,2025-11-02 05:40:46
TX_0002447,KH_20273,SP_124882635,MIEN_NAM,1,1499000.0,2025-02-05 17:34:46
TX_0002448,KH_14643,22467,United Kingdom,36,54600.0,2025-07-04 10:40:49
TX_0002449,KH_12877,22027,United Kingdom,12,10920.0,2026-07-05 20:04:19
TX_0002450,KH_13534,22383,United Kingdom,10,42900.0,2024-06-08 15:55:45
TX_0002451,KH_13300,23209,United Kingdom,10,42900.0,2024-12-11 20:52:31
TX_0002452,KH_GUEST,84638,United Kingdom,1,151580.0,2024-01-13 06:44:59
TX_0002453,KH_20206,SP_173856845,MIEN_TRUNG,1,99000.0,2025-12-17 09:13:09
TX_0002454,KH_GUEST,23295,United Kingdom,3,63960.0,2026-06-19 09:52:04
TX_0002455,KH_GUEST,21166,United Kingdom,1,107380.0,2026-05-04 17:49:00
TX_0002456,KH_15133,23157,United Kingdom,24,54080.0,2026-01-08 15:05:20
TX_0002457,KH_13198,16238,United Kingdom,28,5460.0,2026-02-15 02:59:49
TX_0002458,KH_12363,23318,Unspecified,12,64740.0,2026-09-05 17:20:36
TX_0002459,KH_20226,SP_148851560,MIEN_NAM,3,529000.0,2026-05-09 16:05:48
TX_0002460,KH_17315,21212,United Kingdom,2,14300.0,2024-05-13 01:08:17
TX_0002461,KH_GUEST,84923,United Kingdom,1,107380.0,2025-01-23 01:40:55
TX_0002462,KH_12668,22989,Germany,12,84500.0,2025-10-31 10:53:04
TX_0002463,KH_15443,21481,United Kingdom,1,97500.0,2024-05-02 09:47:28
TX_0002464,KH_17774,23308,United Kingdom,1,14300.0,2025-11-11 23:28:11
TX_0002465,KH_12656,15058B,France,2,206700.0,2025-06-19 12:24:29
TX_0002466,KH_GUEST,85116,United Kingdom,10,42380.0,2024-11-20 15:37:27
TX_0002467,KH_GUEST,22957,United Kingdom,1,76700.0,2025-08-19 04:17:47
TX_0002468,KH_20361,SP_172658627,MIEN_BAC,1,63000.0,2025-01-23 15:09:10
TX_0002469,KH_17160,20723,United Kingdom,20,22100.0,2026-03-10 11:10:51
TX_0002470,KH_12841,22960,United Kingdom,2,110500.0,2025-05-17 03:24:46
TX_0002471,KH_GUEST,85039B,United Kingdom,1,42380.0,2024-04-08 13:00:30
TX_0002472,KH_20478,SP_179944876,MIEN_BAC,1,12480000.0,2025-06-16 20:53:48
TX_0002473,KH_20142,SP_2121689,MIEN_BAC,1,51000.0,2025-01-01 16:17:03
TX_0002474,KH_GUEST,22111,United Kingdom,1,280540.0,2026-02-19 05:47:34
TX_0002475,KH_20210,SP_212038316,MIEN_TRUNG,1,279000.0,2026-07-19 11:17:05
TX_0002476,KH_17449,22697,United Kingdom,6,76700.0,2024-01-13 18:13:00
TX_0002477,KH_20401,SP_72663538,MIEN_BAC,1,1300000.0,2025-02-11 19:34:15
TX_0002478,KH_13523,84879,United Kingdom,12,43940.0,2025-11-14 12:46:52
TX_0002479,KH_GUEST,22178,United Kingdom,2,63960.0,2024-09-12 01:27:01
TX_0002480,KH_GUEST,85131A,United Kingdom,6,21580.0,2026-01-17 03:32:36
TX_0002481,KH_GUEST,22356,United Kingdom,1,42380.0,2026-06-04 23:27:43
TX_0002482,KH_GUEST,84992,United Kingdom,1,33280.0,2024-08-02 09:33:56
TX_0002483,KH_15382,20723,United Kingdom,20,22100.0,2025-12-10 00:48:09
TX_0002484,KH_20439,SP_116116138,MIEN_TRUNG,1,62700.0,2025-09-02 19:56:36
TX_0002485,KH_20439,SP_18280900,MIEN_BAC,1,38000.0,2025-09-29 06:35:58
TX_0002486,KH_20263,SP_263025715,MIEN_BAC,1,4000.0,2026-01-19 10:12:09
TX_0002487,KH_13845,22296,United Kingdom,12,42900.0,2024-09-27 12:27:53
TX_0002488,KH_14607,22105,United Kingdom,17,24700.0,2025-06-08 13:36:11
TX_0002489,KH_13668,23068,United Kingdom,4,64740.0,2025-07-23 15:12:12
TX_0002490,KH_GUEST,21931,United Kingdom,5,107380.0,2025-10-05 08:35:36
TX_0002491,KH_17837,85183A,United Kingdom,2,32500.0,2024-09-17 18:44:44
TX_0002492,KH_20173,SP_190701837,MIEN_TRUNG,1,4612000.0,2025-07-18 02:33:22
TX_0002493,KH_16713,84946,United Kingdom,12,32500.0,2026-10-02 06:00:07
TX_0002494,KH_13081,22659,United Kingdom,12,50700.0,2026-07-04 01:05:06
TX_0002495,KH_GUEST,22645,United Kingdom,8,107380.0,2024-05-02 23:04:49
TX_0002496,KH_20383,SP_103618264,MIEN_NAM,2,329000.0,2026-04-05 15:21:42
TX_0002497,KH_20217,SP_199682812,MIEN_BAC,1,1040000.0,2026-01-13 20:15:06
TX_0002498,KH_16065,22784,United Kingdom,1,128700.0,2026-09-25 21:40:17
TX_0002499,KH_16049,21363,United Kingdom,2,128700.0,2026-03-01 10:00:15
TX_0002500,KH_14031,84879,United Kingdom,30,37700.0,2024-05-10 02:54:52
TX_0002501,KH_17201,23252,United Kingdom,2,97500.0,2024-09-12 14:53:47
TX_0002502,KH_20073,SP_111868776,MIEN_BAC,1,499000.0,2025-09-27 00:29:12
TX_0002503,KH_16553,22224,United Kingdom,24,76700.0,2026-08-06 11:10:17
TX_0002504,KH_20417,SP_262991411,MIEN_NAM,1,6500.0,2026-04-02 22:12:09
TX_0002505,KH_20081,SP_95393783,MIEN_TRUNG,4,27300.0,2026-06-10 12:19:26
TX_0002506,KH_20491,SP_118007288,MIEN_NAM,1,1080000.0,2025-01-28 05:08:54
TX_0002507,KH_20023,SP_216356782,MIEN_TRUNG,1,2370000.0,2025-11-02 11:11:47
TX_0002508,KH_GUEST,22035,United Kingdom,3,21580.0,2025-05-24 06:35:58
TX_0002509,KH_20163,SP_20421337,MIEN_NAM,1,199000.0,2026-04-17 03:57:40
TX_0002510,KH_13394,84378,United Kingdom,12,32500.0,2025-10-14 15:31:13
TX_0002511,KH_20447,SP_173035913,MIEN_NAM,2,69000.0,2026-04-17 00:19:10
TX_0002512,KH_17091,23206,United Kingdom,10,42900.0,2025-12-04 03:41:44
TX_0002513,KH_20161,SP_17960312,MIEN_NAM,2,990000.0,2025-09-21 22:36:18
TX_0002514,KH_GUEST,48194,United Kingdom,1,367380.0,2025-11-10 02:44:22
TX_0002515,KH_16474,22927,United Kingdom,2,154700.0,2024-05-24 17:54:42
TX_0002516,KH_20455,SP_168562965,MIEN_NAM,2,28000.0,2026-08-12 17:26:14
TX_0002517,KH_15113,21070,United Kingdom,12,32500.0,2025-09-11 19:36:09
TX_0002518,KH_17282,22961,United Kingdom,6,37700.0,2024-06-05 05:45:07
TX_0002519,KH_12928,85099C,United Kingdom,10,54080.0,2024-10-01 00:43:34
TX_0002520,KH_20386,SP_215546011,MIEN_BAC,3,490000.0,2026-05-30 06:35:38
TX_0002521,KH_20430,SP_33877972,MIEN_BAC,1,139000.0,2025-04-11 02:57:44
TX_0002522,KH_GUEST,90164A,United Kingdom,1,194480.0,2026-09-16 18:54:05
TX_0002523,KH_20177,SP_166152032,MIEN_NAM,4,2000.0,2026-09-05 19:46:34
TX_0002524,KH_14911,23349,EIRE,12,32500.0,2025-10-30 17:05:39
TX_0002525,KH_20417,SP_116801461,MIEN_NAM,2,45000.0,2026-08-06 12:06:38
TX_0002526,KH_20329,SP_195998491,MIEN_NAM,3,685000.0,2025-06-29 02:07:26
TX_0002527,KH_GUEST,22679,United Kingdom,1,63960.0,2026-05-26 14:29:30
TX_0002528,KH_13097,82567,United Kingdom,4,54600.0,2025-03-19 13:56:16
TX_0002529,KH_20419,SP_199103163,MIEN_BAC,1,449000.0,2025-03-11 22:43:30
TX_0002530,KH_20291,SP_143115256,MIEN_BAC,2,25000.0,2026-02-12 09:34:38
TX_0002531,KH_GUEST,82552,United Kingdom,1,63960.0,2025-02-03 11:23:25
TX_0002532,KH_14755,23182,United Kingdom,24,21580.0,2024-04-10 07:55:48
TX_0002533,KH_20339,SP_190681176,MIEN_NAM,4,69000.0,2025-07-28 02:55:19
TX_0002534,KH_14461,22747,United Kingdom,2,54600.0,2024-12-01 21:32:51
TX_0002535,KH_12759,15036,Netherlands,12,21580.0,2024-08-26 12:21:27
TX_0002536,KH_17768,22601,United Kingdom,10,22100.0,2026-05-05 18:53:30
TX_0002537,KH_15531,21711,United Kingdom,1,128700.0,2024-03-31 01:46:22
TX_0002538,KH_20098,SP_125100934,MIEN_BAC,1,59000.0,2026-05-06 03:43:20
TX_0002539,KH_20300,SP_263027111,MIEN_NAM,2,2800.0,2025-05-26 02:23:38
TX_0002540,KH_GUEST,84882,United Kingdom,1,193960.0,2026-09-03 14:13:43
TX_0002541,KH_20197,SP_253145813,MIEN_NAM,1,5400000.0,2026-06-12 16:03:27
TX_0002542,KH_15164,22470,United Kingdom,3,76700.0,2024-04-16 15:04:33
TX_0002543,KH_16917,22917,United Kingdom,24,16900.0,2024-06-14 10:05:28
TX_0002544,KH_20457,SP_132079697,MIEN_BAC,2,90000.0,2026-01-02 19:59:58
TX_0002545,KH_20283,SP_177580694,MIEN_NAM,1,275015.0,2025-11-05 07:19:59
TX_0002546,KH_20382,SP_89427489,MIEN_TRUNG,2,28900.0,2026-05-03 11:26:27
TX_0002547,KH_GUEST,21989,United Kingdom,1,42380.0,2026-04-04 12:13:27
TX_0002548,KH_GUEST,22258,United Kingdom,1,32500.0,2026-03-27 04:51:56
TX_0002549,KH_20302,SP_179758587,MIEN_TRUNG,3,1750000.0,2025-05-30 00:42:33
TX_0002550,KH_12409,20675,Switzerland,24,32500.0,2026-10-07 05:36:09
TX_0002551,KH_17797,23232,United Kingdom,25,10920.0,2025-02-22 15:11:46
TX_0002552,KH_20315,SP_213820184,MIEN_TRUNG,1,2870000.0,2025-01-10 18:24:39
TX_0002553,KH_17675,22191,United Kingdom,4,221000.0,2024-06-30 11:12:27
TX_0002554,KH_20240,SP_145140013,MIEN_NAM,1,286300.0,2025-10-13 09:31:19
TX_0002555,KH_20455,SP_113207552,MIEN_NAM,5,116000.0,2026-01-04 00:40:18
TX_0002556,KH_20264,SP_197651026,MIEN_NAM,3,702000.0,2026-05-01 03:33:21
TX_0002557,KH_14547,21616,United Kingdom,6,32500.0,2024-08-01 14:21:36
TX_0002558,KH_GUEST,22491,United Kingdom,1,42380.0,2025-02-05 19:26:49
TX_0002559,KH_15164,23068,United Kingdom,2,64740.0,2024-07-26 10:37:31
TX_0002560,KH_GUEST,22544,United Kingdom,1,21580.0,2026-05-19 23:35:31
TX_0002561,KH_14720,22427,United Kingdom,3,154700.0,2024-10-20 11:20:57
TX_0002562,KH_16293,23451,United Kingdom,6,50700.0,2025-09-07 07:17:12
TX_0002563,KH_13081,21154,United Kingdom,20,32500.0,2024-01-03 09:34:34
TX_0002564,KH_15426,84832,United Kingdom,4,22100.0,2026-01-17 05:55:16
TX_0002565,KH_14032,22970,United Kingdom,6,66300.0,2025-04-11 15:47:51
TX_0002566,KH_GUEST,21577,United Kingdom,1,128960.0,2026-03-06 16:24:21
TX_0002567,KH_12748,21899,United Kingdom,11,16900.0,2024-08-26 19:51:06
TX_0002568,KH_20331,SP_189251099,MIEN_NAM,2,53950.0,2025-09-24 02:12:51
TX_0002569,KH_15159,85071A,United Kingdom,24,10140.0,2024-06-28 08:09:13
TX_0002570,KH_14286,22210,United Kingdom,12,42900.0,2025-02-06 12:54:27
TX_0002571,KH_16113,22613,United Kingdom,3,22100.0,2024-07-09 23:09:43
TX_0002572,KH_16609,48187,United Kingdom,4,214500.0,2026-09-16 23:04:41
TX_0002573,KH_13458,21124,United Kingdom,24,32500.0,2024-01-20 22:16:55
TX_0002574,KH_20146,SP_128290800,MIEN_TRUNG,1,220000.0,2026-03-23 05:45:16
TX_0002575,KH_20296,SP_2298539,MIEN_BAC,1,149000.0,2025-09-07 15:15:48
TX_0002576,KH_20241,SP_263027365,MIEN_NAM,1,18000.0,2025-03-26 10:42:30
TX_0002577,KH_GUEST,22379,United Kingdom,2,107380.0,2026-02-27 17:54:24
TX_0002578,KH_15755,23410,United Kingdom,2,211900.0,2026-08-23 09:20:10
TX_0002579,KH_20465,SP_138384824,MIEN_TRUNG,1,26999.0,2025-07-07 05:06:01
TX_0002580,KH_12472,22554,Germany,12,42900.0,2026-04-25 16:15:20
TX_0002581,KH_GUEST,22960,United Kingdom,1,215540.0,2024-03-12 14:49:51
TX_0002582,KH_14096,20725,United Kingdom,4,107380.0,2025-01-06 08:20:36
TX_0002583,KH_GUEST,23004,United Kingdom,1,21580.0,2025-04-13 10:17:30
TX_0002584,KH_13263,84596L,United Kingdom,2,10920.0,2026-07-31 08:09:18
TX_0002585,KH_16247,82552,United Kingdom,1,37700.0,2025-01-09 14:42:09
TX_0002586,KH_GUEST,22580,United Kingdom,4,107380.0,2026-01-19 07:33:18
TX_0002587,KH_20349,SP_139229652,MIEN_NAM,1,10000.0,2025-07-31 05:16:44
TX_0002588,KH_20140,SP_574372,MIEN_NAM,1,2385000.0,2025-08-11 11:51:53
TX_0002589,KH_16438,72128,United Kingdom,2,22100.0,2026-04-26 03:24:00
TX_0002590,KH_15427,22271,United Kingdom,1,76700.0,2024-04-03 02:58:21
TX_0002591,KH_GUEST,21064,United Kingdom,1,107380.0,2024-08-20 16:36:07
TX_0002592,KH_15719,23206,United Kingdom,2,42900.0,2024-11-03 17:26:30
TX_0002593,KH_20385,SP_50272534,MIEN_BAC,1,608000.0,2025-12-24 09:53:43
TX_0002594,KH_GUEST,22668,United Kingdom,2,150540.0,2024-10-25 11:44:43
TX_0002595,KH_20258,SP_263025881,MIEN_NAM,1,4000.0,2026-04-06 08:29:54
TX_0002596,KH_20088,SP_208886783,MIEN_TRUNG,2,1116000.0,2026-07-02 23:46:09
TX_0002597,KH_15852,23172,United Kingdom,2,42900.0,2024-12-09 17:00:46
TX_0002598,KH_20243,SP_206668224,MIEN_NAM,3,428000.0,2026-09-04 10:31:24
TX_0002599,KH_12940,21617,United Kingdom,3,32500.0,2025-05-28 02:24:07
TX_0002600,KH_17463,23300,United Kingdom,12,42900.0,2025-12-06 15:27:26
TX_0002601,KH_20282,SP_167127517,MIEN_TRUNG,8,1900000.0,2025-10-05 17:34:28
TX_0002602,KH_13589,84581,United Kingdom,4,97500.0,2025-03-18 06:47:54
TX_0002603,KH_20166,SP_184249588,MIEN_TRUNG,1,3090000.0,2026-08-12 00:35:29
TX_0002604,KH_20386,SP_263025431,MIEN_BAC,1,58000.0,2025-08-15 22:40:12
TX_0002605,KH_20204,SP_8022426,MIEN_BAC,2,54000.0,2025-01-15 19:45:36
TX_0002606,KH_14096,20617,United Kingdom,1,107380.0,2025-03-24 00:22:03
TX_0002607,KH_14096,84596B,United Kingdom,17,21580.0,2024-08-21 16:58:47
TX_0002608,KH_12955,22621,United Kingdom,12,42900.0,2024-02-10 07:03:14
TX_0002609,KH_GUEST,84380,United Kingdom,1,63960.0,2024-05-18 04:45:23
TX_0002610,KH_GUEST,21095,United Kingdom,4,22100.0,2026-04-24 20:55:30
TX_0002611,KH_16549,23307,United Kingdom,1,14300.0,2024-01-27 04:35:37
TX_0002612,KH_15646,85123A,United Kingdom,6,76700.0,2026-08-21 05:06:45
TX_0002613,KH_12526,22531,Germany,24,10920.0,2024-12-22 04:16:59
TX_0002614,KH_16520,85099F,United Kingdom,2,54080.0,2024-06-15 19:50:12
TX_0002615,KH_GUEST,22821,United Kingdom,4,10920.0,2026-05-17 22:32:45
TX_0002616,KH_15039,21242,United Kingdom,4,43940.0,2024-02-07 14:27:07
TX_0002617,KH_16010,22148,United Kingdom,2,50700.0,2025-04-30 12:20:36
TX_0002618,KH_GUEST,23018,United Kingdom,1,648960.0,2025-03-31 11:33:26
TX_0002619,KH_14573,71477,United Kingdom,1,84500.0,2024-01-15 17:54:55
TX_0002620,KH_18283,21828,United Kingdom,1,32500.0,2025-11-20 16:39:03
TX_0002621,KH_20242,SP_173868327,MIEN_BAC,1,69000.0,2025-08-04 04:11:45
TX_0002622,KH_20244,SP_146730501,MIEN_BAC,1,74800.0,2025-09-12 13:53:24
TX_0002623,KH_20222,SP_128906424,MIEN_BAC,1,45500.0,2025-08-12 12:32:17
TX_0002624,KH_18073,23444,United Kingdom,1,390000.0,2025-02-17 13:03:53
TX_0002625,KH_GUEST,23201,United Kingdom,1,107380.0,2025-05-20 06:42:14
TX_0002626,KH_12567,21249,France,6,76700.0,2024-04-26 05:42:11
TX_0002627,KH_16121,22081,United Kingdom,5,42900.0,2026-01-01 14:24:25
TX_0002628,KH_GUEST,23475,United Kingdom,1,42380.0,2025-01-23 10:09:46
TX_0002629,KH_GUEST,22289,United Kingdom,1,63960.0,2026-08-29 02:42:34
TX_0002630,KH_16938,22077,United Kingdom,12,42900.0,2025-07-01 06:27:39
TX_0002631,KH_GUEST,35967,United Kingdom,8,21580.0,2025-10-01 04:02:39
TX_0002632,KH_GUEST,22579,United Kingdom,2,21580.0,2026-07-14 10:27:21
TX_0002633,KH_12415,23167,Australia,1,21580.0,2024-08-26 20:45:58
TX_0002634,KH_GUEST,21154,United Kingdom,2,87360.0,2024-08-25 22:12:31
TX_0002635,KH_GUEST,21063,United Kingdom,1,42380.0,2025-09-30 10:26:20
TX_0002636,KH_20050,SP_249944488,MIEN_NAM,1,850000.0,2026-08-23 06:47:29
TX_0002637,KH_GUEST,20728,United Kingdom,7,107380.0,2025-03-09 01:59:42
TX_0002638,KH_12378,22629,Switzerland,12,50700.0,2025-09-15 03:24:44
TX_0002639,KH_13606,22147,United Kingdom,1,37700.0,2025-09-16 15:56:55
TX_0002640,KH_13579,23491,United Kingdom,2,214500.0,2025-02-22 15:32:28
TX_0002641,KH_20168,SP_66233031,MIEN_NAM,3,589000.0,2025-05-04 10:39:43
TX_0002642,KH_16145,23354,United Kingdom,12,21580.0,2026-06-09 09:01:30
TX_0002643,KH_GUEST,21065,United Kingdom,3,107380.0,2025-04-01 23:50:31
TX_0002644,KH_GUEST,22457,United Kingdom,1,150540.0,2026-03-24 06:46:06
TX_0002645,KH_16200,22581,United Kingdom,2,7540.0,2024-07-30 01:37:04
TX_0002646,KH_15532,22960,United Kingdom,1,110500.0,2024-01-16 02:26:59
TX_0002647,KH_20018,SP_263025509,MIEN_TRUNG,2,3000.0,2025-08-26 05:05:55
TX_0002648,KH_13790,90214V,United Kingdom,12,7540.0,2024-10-04 00:50:04
TX_0002649,KH_20375,SP_162601858,MIEN_BAC,1,479000.0,2025-10-16 09:33:47
TX_0002650,KH_17696,22817,United Kingdom,12,10920.0,2025-07-02 20:38:44
TX_0002651,KH_17727,22722,United Kingdom,4,102700.0,2026-02-09 10:38:25
TX_0002652,KH_GUEST,21930,United Kingdom,2,107380.0,2025-08-12 03:29:45
TX_0002653,KH_17841,23263,United Kingdom,1,32500.0,2024-02-19 10:09:15
TX_0002654,KH_20054,SP_149964632,MIEN_BAC,1,84550.0,2025-03-26 18:44:44
TX_0002655,KH_17350,23354,United Kingdom,12,21580.0,2026-08-02 19:23:26
TX_0002656,KH_20120,SP_145114054,MIEN_TRUNG,3,51300.0,2025-06-29 10:38:22
TX_0002657,KH_18102,23526,United Kingdom,28,100880.0,2024-06-27 01:33:50
TX_0002658,KH_GUEST,21934,United Kingdom,11,42380.0,2026-04-07 13:50:22
TX_0002659,KH_12645,22139,Germany,12,128700.0,2024-06-12 00:31:16
TX_0002660,KH_20034,SP_201964537,MIEN_TRUNG,1,265000.0,2026-10-04 16:21:09
TX_0002661,KH_20047,SP_248640572,MIEN_NAM,3,2350000.0,2026-04-06 21:17:04
TX_0002662,KH_20302,SP_205146900,MIEN_NAM,8,14520000.0,2026-06-05 21:23:32
TX_0002663,KH_15910,22028,United Kingdom,12,10920.0,2026-06-18 11:04:21
TX_0002664,KH_GUEST,84946,United Kingdom,3,63960.0,2026-03-25 06:11:31
TX_0002665,KH_17315,21447,United Kingdom,12,32500.0,2025-12-11 22:02:50
TX_0002666,KH_20487,SP_193062669,MIEN_BAC,1,20000.0,2025-03-21 14:01:31
TX_0002667,KH_20451,SP_102862595,MIEN_TRUNG,8,28900.0,2025-02-08 04:39:34
TX_0002668,KH_GUEST,72351a,United Kingdom,1,107380.0,2025-12-10 17:21:39
TX_0002669,KH_18245,84970L,United Kingdom,12,24700.0,2025-07-30 08:21:53
TX_0002670,KH_13668,21356,United Kingdom,3,32500.0,2024-09-02 23:49:20
TX_0002671,KH_15645,21528,United Kingdom,2,180700.0,2024-09-28 14:14:11
TX_0002672,KH_17507,21171,United Kingdom,6,37700.0,2026-01-07 08:11:35
TX_0002673,KH_20341,SP_89295071,MIEN_NAM,1,244000.0,2026-04-23 02:49:03
TX_0002674,KH_16747,23217,United Kingdom,24,32500.0,2024-06-24 07:36:56
TX_0002675,KH_GUEST,22076,United Kingdom,1,87360.0,2024-09-11 09:52:23
TX_0002676,KH_20382,SP_193964675,MIEN_NAM,1,220000.0,2026-05-16 04:02:08
TX_0002677,KH_GUEST,21108,United Kingdom,1,128960.0,2025-10-22 12:02:59
TX_0002678,KH_GUEST,22743,United Kingdom,1,150540.0,2024-01-05 11:32:49
TX_0002679,KH_GUEST,21481,United Kingdom,2,176020.0,2026-04-08 09:58:10
TX_0002680,KH_14290,23374,United Kingdom,10,21320.0,2025-09-25 09:02:02
TX_0002681,KH_GUEST,22637,United Kingdom,1,128960.0,2026-07-27 09:12:54
TX_0002682,KH_14048,85195,United Kingdom,1,54600.0,2024-08-14 01:15:57
TX_0002683,KH_17841,21933,United Kingdom,1,42900.0,2024-09-04 19:59:31
TX_0002684,KH_GUEST,22031,United Kingdom,1,21580.0,2024-06-15 16:02:11
TX_0002685,KH_20316,SP_222675814,MIEN_BAC,1,1350000.0,2026-08-11 06:08:42
TX_0002686,KH_GUEST,23169,United Kingdom,4,215540.0,2026-04-29 20:20:10
TX_0002687,KH_20121,SP_263027495,MIEN_BAC,3,181000.0,2025-06-13 22:55:05
TX_0002688,KH_GUEST,20725,United Kingdom,5,109460.0,2025-08-08 03:33:58
TX_0002689,KH_13089,21672,United Kingdom,12,37700.0,2025-11-15 00:10:05
TX_0002690,KH_18196,22697,United Kingdom,3,76700.0,2025-02-27 00:24:57
TX_0002691,KH_12372,22556,Denmark,24,42900.0,2026-06-05 23:28:20
TX_0002692,KH_17250,23035,United Kingdom,1,37700.0,2024-08-25 03:41:36
TX_0002693,KH_17706,22429,United Kingdom,6,110500.0,2026-07-12 09:02:42
TX_0002694,KH_16713,21668,United Kingdom,6,37700.0,2024-03-12 20:44:35
TX_0002695,KH_13704,22621,United Kingdom,12,42900.0,2024-02-04 14:43:55
TX_0002696,KH_20073,SP_72295929,MIEN_TRUNG,1,60500.0,2025-12-25 15:40:58
TX_0002697,KH_14158,23191,United Kingdom,12,42900.0,2026-06-18 04:11:01
TX_0002698,KH_16523,22383,United Kingdom,20,42900.0,2025-04-05 14:00:48
TX_0002699,KH_14606,21714,United Kingdom,1,32500.0,2025-07-12 12:25:36
TX_0002700,KH_GUEST,21977,United Kingdom,1,32500.0,2026-08-06 16:47:32
TX_0002701,KH_17625,85202,United Kingdom,16,10920.0,2025-05-09 10:30:28
TX_0002702,KH_20248,SP_62672098,MIEN_BAC,1,100000.0,2025-02-06 10:51:13
TX_0002703,KH_15696,23402,United Kingdom,8,97500.0,2026-09-17 16:44:32
TX_0002704,KH_15547,23312,United Kingdom,4,107900.0,2025-10-31 05:57:24
TX_0002705,KH_14758,22305,United Kingdom,6,66300.0,2025-01-03 18:55:24
TX_0002706,KH_17602,22999,United Kingdom,24,10920.0,2026-09-26 22:52:09
TX_0002707,KH_17811,22070,United Kingdom,2,97500.0,2025-06-26 11:29:23
TX_0002708,KH_12640,23160,France,12,32500.0,2024-01-07 00:53:59
TX_0002709,KH_16928,22775,United Kingdom,12,32500.0,2025-05-17 10:17:07
TX_0002710,KH_12444,22782,Norway,1,648700.0,2025-05-12 18:49:26
TX_0002711,KH_20283,SP_110377793,MIEN_NAM,4,69000.0,2026-03-19 17:13:21
TX_0002712,KH_15919,21497,United Kingdom,25,10920.0,2024-06-09 08:10:07
TX_0002713,KH_GUEST,23163,United Kingdom,1,128960.0,2026-04-15 20:41:37
TX_0002714,KH_GUEST,22697,United Kingdom,4,150540.0,2026-07-09 07:01:34
TX_0002715,KH_14646,23346,Netherlands,1,32500.0,2025-08-22 19:57:56
TX_0002716,KH_15399,21136,United Kingdom,8,43940.0,2025-11-03 07:07:55
TX_0002717,KH_GUEST,21743,United Kingdom,1,150540.0,2025-09-30 21:46:02
TX_0002718,KH_16746,22386,United Kingdom,10,54080.0,2026-02-18 06:10:22
TX_0002719,KH_GUEST,84559a,United Kingdom,1,43160.0,2024-08-09 12:51:24
TX_0002720,KH_GUEST,21084,United Kingdom,3,21580.0,2024-10-04 19:04:04
TX_0002721,KH_14311,21441,United Kingdom,12,22100.0,2026-06-28 12:38:39
TX_0002722,KH_12748,22207,United Kingdom,1,110500.0,2024-12-16 05:15:03
TX_0002723,KH_20027,SP_58014591,MIEN_TRUNG,1,559000.0,2025-09-12 17:55:36
TX_0002724,KH_GUEST,20712,United Kingdom,3,107380.0,2024-04-12 08:14:40
TX_0002725,KH_20137,SP_190681046,MIEN_TRUNG,3,69000.0,2025-03-03 10:13:45
TX_0002726,KH_20302,SP_199682812,MIEN_BAC,1,1040000.0,2026-09-13 11:44:07
TX_0002727,KH_20327,SP_99364291,MIEN_NAM,4,52800.0,2025-08-14 05:19:00
TX_0002728,KH_GUEST,23328,United Kingdom,4,193960.0,2026-06-08 09:07:16
TX_0002729,KH_GUEST,20724,United Kingdom,2,42380.0,2024-08-12 09:05:23
TX_0002730,KH_18210,23202,United Kingdom,10,54080.0,2026-10-07 07:34:15
TX_0002731,KH_15861,21430,United Kingdom,2,97500.0,2024-10-20 06:10:34
TX_0002732,KH_20085,SP_138661474,MIEN_BAC,4,130000.0,2025-11-11 09:34:44
TX_0002733,KH_16422,21080,United Kingdom,9,18720.0,2025-12-14 01:36:10
TX_0002734,KH_GUEST,21035,United Kingdom,3,153660.0,2025-08-15 09:58:54
TX_0002735,KH_20469,SP_45623475,MIEN_NAM,5,41943.0,2026-01-10 14:15:12
TX_0002736,KH_13875,21240,United Kingdom,8,22100.0,2025-10-19 00:40:28
TX_0002737,KH_14096,23173,United Kingdom,1,518960.0,2024-06-30 07:37:40
TX_0002738,KH_20076,SP_144197803,MIEN_NAM,1,20000.0,2026-09-24 21:20:28
TX_0002739,KH_20355,SP_170394494,MIEN_BAC,1,199000.0,2026-06-01 06:44:55
TX_0002740,KH_18125,22413,United Kingdom,2,76700.0,2024-11-07 01:55:49
TX_0002741,KH_17733,22083,United Kingdom,6,76700.0,2026-04-18 09:18:28
TX_0002742,KH_14769,47566,United Kingdom,3,128700.0,2024-08-23 00:02:37
TX_0002743,KH_20282,SP_253377442,MIEN_NAM,1,850000.0,2026-04-26 03:11:38
TX_0002744,KH_13319,22993,United Kingdom,12,32500.0,2025-07-18 00:29:06
TX_0002745,KH_20092,SP_114696499,MIEN_BAC,2,329000.0,2025-05-14 06:20:54
TX_0002746,KH_GUEST,22752,United Kingdom,1,432380.0,2026-05-23 08:04:24
TX_0002747,KH_20009,SP_49094954,MIEN_BAC,1,36000.0,2025-08-04 00:30:51
TX_0002748,KH_16523,22061,United Kingdom,8,76700.0,2025-01-17 06:59:04
TX_0002749,KH_13235,23061,United Kingdom,6,32500.0,2026-09-29 15:54:27
TX_0002750,KH_14587,20674,United Kingdom,3,32500.0,2025-03-20 13:23:11
TX_0002751,KH_16609,23208,United Kingdom,10,42900.0,2025-10-15 16:06:46
TX_0002752,KH_20175,SP_149567658,MIEN_BAC,3,159000.0,2026-04-07 17:16:13
TX_0002753,KH_20437,SP_217317802,MIEN_NAM,1,11000000.0,2025-03-29 09:19:25
TX_0002754,KH_14719,22110,United Kingdom,2,66300.0,2026-02-28 08:13:26
TX_0002755,KH_14232,20727,United Kingdom,10,42900.0,2025-07-23 16:23:56
TX_0002756,KH_GUEST,21867,United Kingdom,1,65260.0,2024-01-14 20:50:15
TX_0002757,KH_12444,85054,Norway,6,76700.0,2025-10-21 15:02:59
TX_0002758,KH_GUEST,75049L,United Kingdom,1,63960.0,2025-05-31 00:33:01
TX_0002759,KH_16327,21154,United Kingdom,8,32500.0,2025-10-12 21:59:35
TX_0002760,KH_20255,SP_102862595,MIEN_TRUNG,5,28900.0,2025-08-30 03:30:58
TX_0002761,KH_20118,SP_185306354,MIEN_BAC,1,289000.0,2025-09-28 19:53:12
TX_0002762,KH_12683,22435,France,27,27560.0,2026-03-16 02:10:18
TX_0002763,KH_14432,47566,United Kingdom,2,128700.0,2024-09-24 01:58:38
TX_0002764,KH_17738,21975,United Kingdom,24,14300.0,2026-09-19 15:59:56
TX_0002765,KH_12906,22537,United Kingdom,24,10920.0,2026-06-23 02:47:38
TX_0002766,KH_17997,23309,United Kingdom,3,14300.0,2025-10-20 14:36:20
TX_0002767,KH_12362,23007,Belgium,1,440700.0,2025-03-29 20:48:59
TX_0002768,KH_18283,20712,United Kingdom,2,54080.0,2024-08-02 21:42:14
TX_0002769,KH_20278,SP_263062623,MIEN_NAM,2,20000.0,2025-03-06 01:21:57
TX_0002770,KH_13263,84279B,United Kingdom,2,97500.0,2025-03-02 18:46:55
TX_0002771,KH_13756,22837,United Kingdom,8,120900.0,2026-03-05 22:18:50
TX_0002772,KH_GUEST,22241,United Kingdom,2,63960.0,2024-04-18 11:19:51
TX_0002773,KH_13782,23169,United Kingdom,2,107900.0,2026-04-06 14:45:46
TX_0002774,KH_17472,22554,United Kingdom,1,42900.0,2024-04-12 10:25:42
TX_0002775,KH_20379,SP_48998106,MIEN_NAM,1,19900.0,2026-08-16 04:33:00
TX_0002776,KH_14156,22795,EIRE,2,175500.0,2025-02-10 06:25:12
TX_0002777,KH_17889,37467,United Kingdom,2,22100.0,2025-05-28 17:34:13
TX_0002778,KH_14898,22383,United Kingdom,2,42900.0,2024-02-09 07:39:31
TX_0002779,KH_16110,22055,United Kingdom,1,42900.0,2024-02-12 21:10:55
TX_0002780,KH_17315,21894,United Kingdom,10,32500.0,2024-04-18 11:24:26
TX_0002781,KH_13601,21592,United Kingdom,2,32500.0,2026-02-15 22:00:38
TX_0002782,KH_20443,SP_215905517,MIEN_BAC,2,6990000.0,2025-10-16 17:16:53
TX_0002783,KH_13090,22398,United Kingdom,12,10140.0,2026-05-07 06:43:08
TX_0002784,KH_20295,SP_262974219,MIEN_TRUNG,3,98000.0,2025-11-24 10:22:50
TX_0002785,KH_13081,21724,United Kingdom,12,22100.0,2026-02-17 08:16:27
TX_0002786,KH_13880,22139,United Kingdom,6,128700.0,2025-01-08 16:03:34
TX_0002787,KH_16324,22089,United Kingdom,2,76700.0,2025-01-17 01:39:36
TX_0002788,KH_20110,SP_1022997,MIEN_NAM,1,1652000.0,2025-12-24 10:00:43
TX_0002789,KH_20269,SP_263025498,MIEN_NAM,1,2000.0,2025-07-20 21:27:46
TX_0002790,KH_GUEST,21746,United Kingdom,11,63960.0,2024-04-22 08:40:48
TX_0002791,KH_17757,23083,United Kingdom,2,97500.0,2026-07-06 06:24:48
TX_0002792,KH_14758,22301,United Kingdom,6,66300.0,2026-04-06 06:21:22
TX_0002793,KH_GUEST,22685,United Kingdom,1,63960.0,2024-02-13 20:03:11
TX_0002794,KH_13137,23294,United Kingdom,4,21580.0,2024-10-23 15:37:21
TX_0002795,KH_17360,22051,United Kingdom,25,10920.0,2026-05-01 09:09:38
TX_0002796,KH_20184,SP_31919613,MIEN_BAC,1,19000.0,2025-05-01 04:59:27
TX_0002797,KH_17338,21975,United Kingdom,1,14300.0,2026-08-07 05:51:16
TX_0002798,KH_17769,22748,United Kingdom,8,54600.0,2025-11-24 23:11:24
TX_0002799,KH_16316,22420,United Kingdom,12,10920.0,2024-08-26 12:58:13
TX_0002800,KH_13117,18007,United Kingdom,24,4680.0,2024-11-21 04:17:33
TX_0002801,KH_GUEST,22577,United Kingdom,3,21580.0,2026-05-13 08:35:16
TX_0002802,KH_GUEST,22091,United Kingdom,2,63960.0,2025-08-18 19:14:35
TX_0002803,KH_14321,84341B,United Kingdom,36,9880.0,2024-07-19 10:32:59
TX_0002804,KH_14191,35953,United Kingdom,48,10140.0,2025-03-18 11:51:07
TX_0002805,KH_13004,23204,United Kingdom,10,22100.0,2024-07-27 09:05:43
TX_0002806,KH_20007,SP_170652690,MIEN_NAM,5,59000.0,2025-07-29 15:17:11
TX_0002807,KH_16713,22080,United Kingdom,5,42900.0,2024-06-17 05:29:42
TX_0002808,KH_20266,SP_2078619,MIEN_BAC,1,79000.0,2025-11-12 01:27:47
TX_0002809,KH_20379,SP_4302305,MIEN_NAM,2,690000.0,2025-05-06 07:07:05
TX_0002810,KH_17348,22331,United Kingdom,2,42900.0,2026-05-16 10:23:23
TX_0002811,KH_16003,47590B,United Kingdom,2,141700.0,2024-05-20 18:46:25
TX_0002812,KH_16187,47566B,United Kingdom,8,128700.0,2024-11-29 15:33:42
TX_0002813,KH_GUEST,21352,United Kingdom,2,150540.0,2024-06-06 07:39:32
TX_0002814,KH_20117,SP_184767323,MIEN_BAC,3,1790000.0,2025-04-18 17:30:57
TX_0002815,KH_13591,22697,United Kingdom,6,76700.0,2024-02-15 04:38:26
TX_0002816,KH_20144,SP_55966925,MIEN_NAM,3,157500.0,2026-07-24 07:46:56
TX_0002817,KH_13758,79321,United Kingdom,8,128700.0,2024-03-28 04:45:21
TX_0002818,KH_20401,SP_41792535,MIEN_NAM,2,37000.0,2025-04-27 07:39:13
TX_0002819,KH_20441,SP_173733798,MIEN_BAC,1,34000.0,2025-11-17 20:52:24
TX_0002820,KH_17338,22756,United Kingdom,4,32500.0,2025-10-10 00:30:42
TX_0002821,KH_16771,22716,United Kingdom,12,10920.0,2026-06-06 21:18:18
TX_0002822,KH_GUEST,22277,United Kingdom,1,107380.0,2025-08-24 20:30:55
TX_0002823,KH_12365,21107,Cyprus,6,76700.0,2024-12-10 12:21:58
TX_0002824,KH_20454,SP_190681176,MIEN_NAM,1,69000.0,2025-06-20 06:12:43
TX_0002825,KH_20034,SP_10159834,MIEN_NAM,1,38458.0,2026-08-15 16:17:22
TX_0002826,KH_20400,SP_197602139,MIEN_BAC,1,229000.0,2025-07-15 20:48:56
TX_0002827,KH_GUEST,22451,United Kingdom,1,176020.0,2026-08-03 02:57:57
TX_0002828,KH_16652,21791,United Kingdom,12,32500.0,2025-01-19 02:06:11
TX_0002829,KH_15785,71477,United Kingdom,24,71500.0,2024-11-30 10:43:06
TX_0002830,KH_GUEST,22745,United Kingdom,41,128700.0,2026-02-19 21:34:45
TX_0002831,KH_20284,SP_263026113,MIEN_NAM,1,189000.0,2025-02-11 14:50:11
TX_0002832,KH_20216,SP_208252422,MIEN_NAM,2,3315000.0,2026-09-01 11:08:17
TX_0002833,KH_20388,SP_11732082,MIEN_NAM,1,53900.0,2025-05-09 01:28:53
TX_0002834,KH_12709,22489,Germany,24,10920.0,2024-05-06 02:09:31
TX_0002835,KH_GUEST,22625,United Kingdom,1,432380.0,2025-11-08 22:13:09
TX_0002836,KH_17841,22179,United Kingdom,2,175500.0,2024-10-22 01:13:26
TX_0002837,KH_13233,23120,United Kingdom,24,10920.0,2026-02-05 06:45:42
TX_0002838,KH_20411,SP_194182048,MIEN_BAC,1,215000.0,2025-11-04 01:42:53
TX_0002839,KH_20413,SP_202775080,MIEN_NAM,1,70000.0,2026-05-14 09:38:23
TX_0002840,KH_20163,SP_161863379,MIEN_BAC,2,1530000.0,2026-01-16 19:13:43
TX_0002841,KH_20439,SP_71087115,MIEN_BAC,2,104500.0,2025-06-01 02:25:00
TX_0002842,KH_20219,SP_191800394,MIEN_BAC,1,221000.0,2026-09-25 19:04:54
TX_0002843,KH_20216,SP_121330354,MIEN_BAC,1,145000.0,2026-05-07 08:10:05
TX_0002844,KH_15907,22121,United Kingdom,1,154700.0,2024-09-28 02:15:32
TX_0002845,KH_13137,21212,United Kingdom,3,14300.0,2025-01-21 04:45:50
TX_0002846,KH_GUEST,82578,United Kingdom,1,32500.0,2026-05-12 07:57:32
TX_0002847,KH_17466,22420,United Kingdom,12,10920.0,2026-05-09 23:10:58
TX_0002848,KH_14227,21172,United Kingdom,12,37700.0,2026-01-22 22:48:13
TX_0002849,KH_20130,SP_114686052,MIEN_TRUNG,3,33000.0,2026-05-10 08:39:40
TX_0002850,KH_20287,SP_57138134,MIEN_BAC,3,649000.0,2025-07-05 03:19:12
TX_0002851,KH_13098,20727,United Kingdom,20,42900.0,2025-10-21 12:50:16
TX_0002852,KH_15034,23296,United Kingdom,3,32500.0,2024-05-19 00:16:49
TX_0002853,KH_20140,SP_24964441,MIEN_BAC,1,39000.0,2025-05-30 16:39:44
TX_0002854,KH_GUEST,22460,United Kingdom,4,63960.0,2024-05-02 21:39:06
TX_0002855,KH_17841,22661,United Kingdom,3,22100.0,2026-08-31 21:58:50
TX_0002856,KH_15838,21242,United Kingdom,10,37700.0,2026-08-15 13:59:31
TX_0002857,KH_20340,SP_170397958,MIEN_BAC,1,306249.0,2025-12-03 10:09:56
TX_0002858,KH_20496,SP_46755391,MIEN_TRUNG,1,180000.0,2026-10-05 16:56:34
TX_0002859,KH_20078,SP_121769120,MIEN_NAM,2,56000.0,2025-04-04 00:13:12
TX_0002860,KH_12772,21331,Portugal,1,331500.0,2026-02-11 03:33:06
TX_0002861,KH_18223,22890,United Kingdom,4,258700.0,2025-04-09 06:58:20
TX_0002862,KH_20313,SP_14350618,MIEN_TRUNG,1,48000.0,2025-07-03 03:46:59
TX_0002863,KH_16140,21509,United Kingdom,12,10920.0,2024-10-17 10:51:33
TX_0002864,KH_15572,23553,United Kingdom,2,325000.0,2024-01-05 18:17:04
TX_0002865,KH_15028,22900,United Kingdom,20,76700.0,2025-09-19 19:50:03
TX_0002866,KH_12753,21078,Japan,48,22100.0,2025-08-05 21:25:23
TX_0002867,KH_20078,SP_110698265,MIEN_BAC,1,2590000.0,2025-07-18 19:26:41
TX_0002868,KH_20476,SP_259480175,MIEN_BAC,1,75000.0,2025-10-05 00:10:40
TX_0002869,KH_14911,22573,EIRE,36,22100.0,2026-02-08 23:46:41
TX_0002870,KH_13709,22941,United Kingdom,2,221000.0,2025-11-14 17:54:51
TX_0002871,KH_20332,SP_263027082,MIEN_NAM,1,24000.0,2025-08-04 12:54:47
TX_0002872,KH_20011,SP_14989744,MIEN_TRUNG,1,522000.0,2026-06-06 14:23:38
TX_0002873,KH_15547,21892,United Kingdom,6,32500.0,2024-07-10 17:26:21
TX_0002874,KH_15673,22975,United Kingdom,12,32500.0,2025-06-21 13:52:00
TX_0002875,KH_GUEST,22884,United Kingdom,1,107380.0,2026-09-02 16:05:01
TX_0002876,KH_20388,SP_263026861,MIEN_TRUNG,2,2500.0,2025-08-12 04:46:06
TX_0002877,KH_15384,22472,United Kingdom,3,128700.0,2026-04-25 07:03:43
TX_0002878,KH_12766,21232,Portugal,12,32500.0,2026-07-13 04:30:17
TX_0002879,KH_GUEST,90199B,United Kingdom,1,161980.0,2025-06-09 05:26:19
TX_0002880,KH_16916,22960,United Kingdom,1,110500.0,2024-03-24 03:46:11
TX_0002881,KH_16367,21484,United Kingdom,2,110500.0,2026-08-07 03:02:53
TX_0002882,KH_20285,SP_7947255,MIEN_NAM,1,27900.0,2026-04-27 16:23:43
TX_0002883,KH_20358,SP_244316555,MIEN_NAM,3,309600.0,2026-01-20 19:56:37
TX_0002884,KH_GUEST,22775,United Kingdom,5,63960.0,2025-12-18 02:35:09
TX_0002885,KH_20216,SP_114696198,MIEN_NAM,2,28000.0,2026-05-15 06:53:50
TX_0002886,KH_14628,22789,United Kingdom,8,50700.0,2026-08-20 20:29:25
TX_0002887,KH_16205,22142,United Kingdom,2,37700.0,2024-01-11 05:37:58
TX_0002888,KH_20026,SP_32429472,MIEN_TRUNG,2,79000.0,2025-10-06 04:41:09
TX_0002889,KH_13069,47590B,United Kingdom,5,141700.0,2026-08-28 08:48:36
TX_0002890,KH_20442,SP_114696819,MIEN_BAC,2,26000.0,2025-05-14 19:19:51
TX_0002891,KH_14121,20978,United Kingdom,16,32500.0,2026-03-18 19:11:27
TX_0002892,KH_20412,SP_221784591,MIEN_BAC,3,299000.0,2026-06-10 14:24:47
TX_0002893,KH_20396,SP_69861317,MIEN_NAM,2,180000.0,2025-04-06 17:17:21
TX_0002894,KH_GUEST,23182,United Kingdom,1,65000.0,2025-10-13 07:55:37
TX_0002895,KH_18102,48188,United Kingdom,17,119080.0,2025-04-20 04:22:21
TX_0002896,KH_20143,SP_4927439,MIEN_TRUNG,2,820000.0,2025-03-20 13:39:21
TX_0002897,KH_20308,SP_209319766,MIEN_BAC,1,274550.0,2026-03-07 16:19:23
TX_0002898,KH_20493,SP_208632099,MIEN_TRUNG,1,55250.0,2026-08-30 04:24:58
TX_0002899,KH_GUEST,22179,United Kingdom,1,345540.0,2024-07-19 02:50:31
TX_0002900,KH_20478,SP_132079507,MIEN_BAC,1,90000.0,2026-06-14 20:51:52
TX_0002901,KH_20362,SP_173798774,MIEN_BAC,3,37000.0,2025-04-09 11:38:01
TX_0002902,KH_GUEST,22603,United Kingdom,2,43160.0,2026-09-21 06:05:47
TX_0002903,KH_16115,23582,United Kingdom,2,54080.0,2024-11-27 18:52:54
TX_0002904,KH_20374,SP_35189051,MIEN_BAC,5,1350000.0,2026-03-15 05:28:26
TX_0002905,KH_18109,22178,United Kingdom,48,50700.0,2025-08-02 01:29:11
TX_0002906,KH_20044,SP_169473853,MIEN_TRUNG,1,1790000.0,2026-03-17 21:18:24
TX_0002907,KH_14401,85194S,United Kingdom,48,4940.0,2026-06-19 17:46:28
TX_0002908,KH_GUEST,22080,United Kingdom,1,85540.0,2024-07-04 20:44:26
TX_0002909,KH_17811,21872,United Kingdom,1,32500.0,2024-03-16 07:50:19
TX_0002910,KH_20102,SP_72578023,MIEN_NAM,3,199000.0,2026-08-08 04:49:55
TX_0002911,KH_20475,SP_103029879,MIEN_BAC,1,500000.0,2025-04-01 15:25:42
TX_0002912,KH_20417,SP_206944803,MIEN_TRUNG,2,2027000.0,2026-05-07 21:11:59
TX_0002913,KH_17220,22569,United Kingdom,2,97500.0,2025-06-29 12:43:30
TX_0002914,KH_20457,SP_116115646,MIEN_NAM,2,36100.0,2026-05-01 16:00:08
TX_0002915,KH_18204,85049E,United Kingdom,2,32500.0,2025-02-05 05:15:18
TX_0002916,KH_14156,48187,EIRE,2,206700.0,2025-09-13 05:22:13
TX_0002917,KH_12581,23037,Germany,12,42900.0,2025-07-22 13:46:16
TX_0002918,KH_20434,SP_253259518,MIEN_BAC,1,51000.0,2025-06-21 06:04:23
TX_0002919,KH_20284,SP_175887647,MIEN_NAM,1,367000.0,2025-03-11 01:46:25
TX_0002920,KH_14911,22423,EIRE,2,331500.0,2025-10-07 15:43:26
TX_0002921,KH_20485,SP_157198929,MIEN_NAM,1,550000.0,2025-11-19 09:36:53
TX_0002922,KH_20258,SP_138624016,MIEN_BAC,1,79000.0,2026-01-06 20:20:02
TX_0002923,KH_20033,SP_209176756,MIEN_BAC,2,504000.0,2026-05-02 05:11:08
TX_0002924,KH_15311,75049L,United Kingdom,12,22100.0,2024-06-19 15:20:58
TX_0002925,KH_GUEST,21986,United Kingdom,4,22100.0,2024-11-19 12:56:57
TX_0002926,KH_14089,22083,United Kingdom,1,76700.0,2024-09-21 02:39:00
TX_0002927,KH_17243,23439,United Kingdom,7,54600.0,2024-07-01 12:55:52
TX_0002928,KH_20152,SP_194808608,MIEN_NAM,4,67760.0,2026-09-22 15:17:52
TX_0002929,KH_20096,SP_253146971,MIEN_NAM,5,1250000.0,2025-03-03 12:46:43
TX_0002930,KH_20235,SP_198455046,MIEN_TRUNG,1,520000.0,2025-12-01 05:56:43
TX_0002931,KH_16837,22501,United Kingdom,2,258700.0,2026-03-04 04:55:02
TX_0002932,KH_15502,22853,United Kingdom,6,84500.0,2025-01-06 05:20:48
TX_0002933,KH_12637,21880,France,12,16900.0,2024-03-06 19:44:31
TX_0002934,KH_16710,84946,United Kingdom,6,32500.0,2024-02-23 04:18:30
TX_0002935,KH_20342,SP_182708809,MIEN_NAM,2,296000.0,2026-07-02 02:39:33
TX_0002936,KH_13975,22507,United Kingdom,2,128700.0,2024-04-24 03:28:38
TX_0002937,KH_15889,23177,United Kingdom,1,58500.0,2026-05-23 07:36:05
TX_0002938,KH_15752,20728,United Kingdom,5,42900.0,2025-03-04 19:56:16
TX_0002939,KH_GUEST,23152,United Kingdom,1,193960.0,2026-07-06 00:35:32
TX_0002940,KH_14936,23397,Channel Islands,2,258700.0,2026-04-18 11:19:32
TX_0002941,KH_12673,10002,Germany,1,22100.0,2024-03-14 04:15:31
TX_0002942,KH_GUEST,21874,United Kingdom,2,85540.0,2024-12-09 06:41:15
TX_0002943,KH_20231,SP_198511450,MIEN_BAC,3,617000.0,2025-01-09 22:10:02
TX_0002944,KH_20127,SP_149567641,MIEN_BAC,3,359000.0,2025-05-21 02:39:48
TX_0002945,KH_13717,22375,United Kingdom,4,110500.0,2026-06-27 17:04:09
TX_0002946,KH_15831,22647,United Kingdom,36,10920.0,2025-07-10 23:59:44
TX_0002947,KH_20113,SP_95393783,MIEN_TRUNG,4,27300.0,2026-05-08 17:17:26
TX_0002948,KH_GUEST,22166,United Kingdom,3,198120.0,2024-11-23 08:33:47
TX_0002949,KH_20374,SP_263026570,MIEN_BAC,4,65000.0,2026-06-28 03:44:34
TX_0002950,KH_14769,23402,United Kingdom,2,97500.0,2024-09-08 15:19:25
TX_0002951,KH_20118,SP_244323808,MIEN_BAC,1,111400.0,2025-09-04 10:46:08
TX_0002952,KH_18065,23284,United Kingdom,2,214500.0,2024-07-21 16:19:38
TX_0002953,KH_15005,85071C,United Kingdom,1,10140.0,2024-09-02 18:41:39
TX_0002954,KH_20170,SP_141473141,MIEN_TRUNG,1,59000.0,2025-11-05 03:56:38
TX_0002955,KH_13477,21876,United Kingdom,12,42900.0,2026-08-20 02:44:02
TX_0002956,KH_14367,48187,United Kingdom,2,214500.0,2026-04-27 00:26:46
TX_0002957,KH_20363,SP_56309178,MIEN_NAM,4,390000.0,2026-08-24 14:07:46
TX_0002958,KH_17410,22690,United Kingdom,6,206700.0,2025-06-15 01:17:54
TX_0002959,KH_14911,23401,EIRE,2,162500.0,2025-03-09 14:33:49
TX_0002960,KH_17700,85061W,United Kingdom,24,22100.0,2024-02-28 07:09:48
TX_0002961,KH_14485,22941,United Kingdom,1,221000.0,2025-04-25 13:38:34
TX_0002962,KH_16549,22329,United Kingdom,2,42900.0,2026-06-20 10:48:09
TX_0002963,KH_17806,21866,United Kingdom,25,32500.0,2024-07-18 04:46:53
TX_0002964,KH_14766,21668,United Kingdom,12,32500.0,2026-03-18 04:21:33
TX_0002965,KH_20358,SP_252356225,MIEN_BAC,3,175000.0,2025-11-27 21:04:59
TX_0002966,KH_GUEST,22378,United Kingdom,1,107380.0,2025-11-04 12:41:43
TX_0002967,KH_20164,SP_243806458,MIEN_TRUNG,1,37000.0,2025-01-21 21:05:16
TX_0002968,KH_20080,SP_10186846,MIEN_BAC,1,149000.0,2025-09-12 00:23:53
TX_0002969,KH_14527,22853,United Kingdom,1,84500.0,2026-09-20 20:55:57
TX_0002970,KH_GUEST,22729,United Kingdom,1,215540.0,2024-10-29 18:16:23
TX_0002971,KH_12625,22704,Germany,25,10920.0,2026-02-27 22:11:30
TX_0002972,KH_15174,22512,United Kingdom,8,32500.0,2024-12-22 08:56:48
TX_0002973,KH_15048,22636,United Kingdom,1,221000.0,2024-06-16 08:17:20
TX_0002974,KH_20063,SP_170650108,MIEN_BAC,4,59000.0,2025-03-19 05:04:05
TX_0002975,KH_20377,SP_163120467,MIEN_BAC,1,359000.0,2025-09-05 14:12:02
TX_0002976,KH_17348,21452,United Kingdom,1,76700.0,2024-05-18 08:29:23
TX_0002977,KH_20108,SP_103618264,MIEN_NAM,3,329000.0,2026-09-22 07:27:37
TX_0002978,KH_12480,85014B,Germany,3,154700.0,2025-02-26 10:54:49
TX_0002979,KH_16558,22313,United Kingdom,12,32500.0,2025-08-31 02:40:07
TX_0002980,KH_20200,SP_162711239,MIEN_BAC,1,399000.0,2025-06-10 20:37:09
TX_0002981,KH_20190,SP_195569947,MIEN_NAM,1,50000.0,2026-04-16 23:44:02
TX_0002982,KH_GUEST,22545,United Kingdom,1,22100.0,2026-02-04 06:34:53
TX_0002983,KH_20211,SP_222331800,MIEN_BAC,1,227800.0,2025-10-31 05:43:10
TX_0002984,KH_20034,SP_163120467,MIEN_BAC,1,359000.0,2026-02-16 16:25:09
TX_0002985,KH_20046,SP_184247006,MIEN_TRUNG,1,400000.0,2025-12-09 15:18:55
TX_0002986,KH_12656,20727,France,10,42900.0,2025-02-15 15:49:11
TX_0002987,KH_15144,23505,United Kingdom,12,32500.0,2026-04-02 21:50:38
TX_0002988,KH_20227,SP_176811934,MIEN_BAC,1,200000.0,2025-01-02 08:56:30
TX_0002989,KH_20215,SP_249574900,MIEN_BAC,1,109000.0,2025-07-16 13:21:16
TX_0002990,KH_20232,SP_201004164,MIEN_BAC,3,549000.0,2026-03-30 21:05:32
TX_0002991,KH_20240,SP_177584878,MIEN_BAC,1,165542.0,2025-12-12 18:13:23
TX_0002992,KH_16442,22604,United Kingdom,1,66300.0,2026-07-22 21:24:35
TX_0002993,KH_20227,SP_90192256,MIEN_NAM,2,290000.0,2025-06-14 09:13:57
TX_0002994,KH_GUEST,22110,United Kingdom,43,198120.0,2026-04-14 21:45:19
TX_0002995,KH_20091,SP_34672201,MIEN_NAM,5,139000.0,2025-12-06 01:13:18
TX_0002996,KH_13471,21524,United Kingdom,1,214500.0,2024-11-22 02:34:32
TX_0002997,KH_12748,22382,United Kingdom,1,42900.0,2025-09-10 11:53:10
TX_0002998,KH_15036,22384,United Kingdom,3,42900.0,2026-08-17 14:45:05
TX_0002999,KH_20063,SP_12729010,MIEN_NAM,3,38400.0,2026-05-12 07:41:14
TX_0003000,KH_16875,71459,United Kingdom,12,22100.0,2026-09-14 20:04:51
TX_0003001,KH_20202,SP_263027399,MIEN_BAC,1,75000.0,2025-12-24 23:34:48
TX_0003002,KH_16771,21166,United Kingdom,2,54080.0,2025-04-07 11:36:41
TX_0003003,KH_20253,SP_77744088,MIEN_NAM,8,387000.0,2026-01-05 19:41:04
TX_0003004,KH_16729,22114,United Kingdom,1,110500.0,2025-03-18 18:45:42
TX_0003005,KH_14532,21238,United Kingdom,4,22100.0,2024-12-03 06:27:19
TX_0003006,KH_16201,20724,United Kingdom,10,22100.0,2025-11-10 07:02:10
TX_0003007,KH_GUEST,22196,United Kingdom,1,42380.0,2026-02-26 05:21:42
TX_0003008,KH_20081,SP_101876484,MIEN_NAM,3,14900.0,2026-03-27 20:33:39
TX_0003009,KH_20486,SP_73274662,MIEN_NAM,2,53900.0,2026-08-19 23:10:24
TX_0003010,KH_20100,SP_113085992,MIEN_BAC,1,750000.0,2026-05-03 08:46:53
TX_0003011,KH_20059,SP_242451813,MIEN_TRUNG,2,2730000.0,2025-05-14 16:35:01
TX_0003012,KH_20014,SP_194458348,MIEN_NAM,3,59000.0,2025-12-18 01:29:04
TX_0003013,KH_12447,22302,Belgium,6,66300.0,2025-02-23 19:58:59
TX_0003014,KH_14587,23170,United Kingdom,2,42900.0,2026-07-29 20:30:54
TX_0003015,KH_GUEST,22090,United Kingdom,2,172380.0,2025-07-20 16:24:27
TX_0003016,KH_20382,SP_101155944,MIEN_BAC,2,69000.0,2026-05-03 09:29:30
TX_0003017,KH_16084,22149,United Kingdom,6,54600.0,2025-09-24 18:37:00
TX_0003018,KH_17085,22376,United Kingdom,1,110500.0,2025-08-12 11:09:29
TX_0003019,KH_13148,84876B,United Kingdom,24,32500.0,2025-10-28 20:40:49
TX_0003020,KH_20500,SP_19989683,MIEN_TRUNG,5,63000.0,2025-10-17 10:18:18
TX_0003021,KH_14730,21172,United Kingdom,1,37700.0,2026-03-24 09:14:50
TX_0003022,KH_20373,SP_73458653,MIEN_BAC,4,60000.0,2025-02-26 19:15:44
TX_0003023,KH_12867,22529,United Kingdom,2,10920.0,2024-06-08 13:35:41
TX_0003024,KH_17663,84755,United Kingdom,16,16900.0,2025-02-12 23:02:54
TX_0003025,KH_16458,82580,United Kingdom,12,14300.0,2025-06-11 20:19:56
TX_0003026,KH_20495,SP_20226153,MIEN_NAM,4,1859000.0,2025-09-17 09:03:23
TX_0003027,KH_20179,SP_147352756,MIEN_NAM,4,225000.0,2026-07-31 15:20:20
TX_0003028,KH_14527,21623,United Kingdom,1,258700.0,2024-01-15 10:50:14
TX_0003029,KH_GUEST,20712,United Kingdom,1,107380.0,2026-07-27 17:35:45
TX_0003030,KH_20060,SP_149567658,MIEN_BAC,1,159000.0,2025-11-27 10:50:17
TX_0003031,KH_20274,SP_13297482,MIEN_NAM,1,259000.0,2025-03-09 23:32:41
TX_0003032,KH_12748,82581,United Kingdom,1,14300.0,2025-03-06 03:17:20
TX_0003033,KH_16480,22623,United Kingdom,4,154700.0,2024-09-29 05:34:36
TX_0003034,KH_13018,22619,United Kingdom,4,97500.0,2026-03-07 19:19:42
TX_0003035,KH_20424,SP_187010789,MIEN_NAM,1,2850000.0,2025-05-17 12:16:52
TX_0003036,KH_20188,SP_121331290,MIEN_BAC,2,69000.0,2025-01-13 10:34:33
TX_0003037,KH_20224,SP_170648900,MIEN_NAM,1,59000.0,2026-06-07 08:05:43
TX_0003038,KH_20462,SP_172192504,MIEN_NAM,1,26000.0,2025-10-17 23:33:52
TX_0003039,KH_GUEST,84659A,United Kingdom,1,63960.0,2024-12-14 22:17:48
TX_0003040,KH_16950,82484,United Kingdom,4,206700.0,2024-12-17 19:19:56
TX_0003041,KH_17515,21735,United Kingdom,1,331500.0,2026-02-18 03:38:46
TX_0003042,KH_20256,SP_193186235,MIEN_NAM,5,220000.0,2025-11-15 14:43:31
TX_0003043,KH_20406,SP_20234350,MIEN_NAM,2,2232000.0,2025-07-07 11:58:59
TX_0003044,KH_17295,22411,United Kingdom,1,54080.0,2025-02-18 01:03:56
TX_0003045,KH_16224,22457,United Kingdom,6,76700.0,2026-09-27 20:48:12
TX_0003046,KH_12428,22309,Finland,6,66300.0,2024-05-15 12:57:21
TX_0003047,KH_GUEST,22834,United Kingdom,1,107380.0,2024-04-07 10:05:11
TX_0003048,KH_16712,23505,United Kingdom,10,32500.0,2025-05-25 22:04:20
TX_0003049,KH_20179,SP_191814920,MIEN_NAM,3,950000.0,2025-08-22 04:53:34
TX_0003050,KH_20070,SP_19393844,MIEN_NAM,2,627000.0,2025-02-04 11:24:02
TX_0003051,KH_20368,SP_149526326,MIEN_NAM,4,76600.0,2026-05-17 05:31:34
TX_0003052,KH_12488,22743,France,6,76700.0,2026-07-19 04:19:45
TX_0003053,KH_20412,SP_172192521,MIEN_BAC,1,118000.0,2025-07-27 18:36:33
TX_0003054,KH_GUEST,21430,United Kingdom,3,193960.0,2026-09-21 15:14:47
TX_0003055,KH_GUEST,22505,United Kingdom,1,280540.0,2025-06-18 23:21:56
TX_0003056,KH_GUEST,22027,United Kingdom,4,22100.0,2025-04-06 20:48:20
TX_0003057,KH_16145,22610,United Kingdom,36,5460.0,2025-07-26 20:18:24
TX_0003058,KH_15511,85034C,United Kingdom,4,32500.0,2025-07-18 17:24:39
TX_0003059,KH_20033,SP_222711462,MIEN_NAM,2,79000.0,2025-05-07 00:41:02
TX_0003060,KH_14527,20712,United Kingdom,2,54080.0,2026-01-11 08:53:24
TX_0003061,KH_GUEST,21216,United Kingdom,2,280540.0,2026-07-08 23:07:14
TX_0003062,KH_GUEST,21291,United Kingdom,10,42380.0,2026-04-29 23:24:09
TX_0003063,KH_12662,POST,Germany,2,468000.0,2024-09-15 05:37:38
TX_0003064,KH_17841,23228,United Kingdom,1,32500.0,2026-07-29 01:35:20
TX_0003065,KH_12473,21918,Germany,24,10920.0,2025-08-27 05:51:16
TX_0003066,KH_14161,21809,United Kingdom,6,32500.0,2024-05-10 09:26:59
TX_0003067,KH_20079,SP_2297015,MIEN_NAM,1,250000.0,2025-10-26 03:59:03
TX_0003068,KH_20022,SP_205257951,MIEN_NAM,5,299000.0,2025-10-31 08:08:14
TX_0003069,KH_20261,SP_263025581,MIEN_NAM,1,35000.0,2026-03-15 02:15:10
TX_0003070,KH_20245,SP_262974199,MIEN_BAC,2,12000.0,2025-07-27 16:22:23
TX_0003071,KH_13316,22375,United Kingdom,1,110500.0,2024-09-02 01:00:29
TX_0003072,KH_13632,22423,United Kingdom,1,331500.0,2025-04-14 17:58:13
TX_0003073,KH_14911,84968A,EIRE,2,331500.0,2024-09-15 14:48:43
TX_0003074,KH_GUEST,22644,United Kingdom,1,107380.0,2024-10-12 16:50:37
TX_0003075,KH_16015,23681,United Kingdom,1,42900.0,2025-12-23 19:08:37
TX_0003076,KH_20440,SP_206106695,MIEN_NAM,3,5590000.0,2025-09-23 06:49:25
TX_0003077,KH_20178,SP_197107284,MIEN_NAM,1,538800.0,2026-09-10 23:14:57
TX_0003078,KH_16010,22908,United Kingdom,1,22100.0,2024-04-12 21:11:30
TX_0003079,KH_20035,SP_141473132,MIEN_NAM,2,44000.0,2025-08-15 03:59:29
TX_0003080,KH_GUEST,21719,United Kingdom,1,42380.0,2024-02-16 15:30:22
TX_0003081,KH_20149,SP_186313858,MIEN_BAC,2,99000.0,2026-08-08 22:43:03
TX_0003082,KH_14503,23300,United Kingdom,12,42900.0,2025-09-16 12:29:16
TX_0003083,KH_20397,SP_160221466,MIEN_NAM,1,116900.0,2025-09-29 07:02:46
TX_0003084,KH_14911,21398,EIRE,48,10140.0,2024-06-02 17:30:35
TX_0003085,KH_20064,SP_131903614,MIEN_NAM,1,1850000.0,2025-03-17 19:10:52
TX_0003086,KH_13755,23184,United Kingdom,3,128700.0,2026-03-23 18:41:03
TX_0003087,KH_20246,SP_173798735,MIEN_BAC,1,18000.0,2026-02-12 07:57:33
TX_0003088,KH_GUEST,21977,United Kingdom,1,32500.0,2026-07-12 23:34:55
TX_0003089,KH_17764,22624,United Kingdom,1,221000.0,2026-01-09 02:26:43
TX_0003090,KH_20375,SP_258670196,MIEN_TRUNG,8,508000.0,2025-12-19 12:06:36
TX_0003091,KH_20222,SP_221231320,MIEN_TRUNG,5,225000.0,2025-05-16 14:22:58
TX_0003092,KH_17965,21915,United Kingdom,5,32500.0,2026-08-19 06:36:56
TX_0003093,KH_GUEST,22503,United Kingdom,1,662740.0,2026-01-30 12:19:10
TX_0003094,KH_14667,21745,United Kingdom,2,97500.0,2025-01-20 01:55:57
TX_0003095,KH_12626,22419,Germany,12,10920.0,2026-08-11 21:56:37
TX_0003096,KH_GUEST,23053,United Kingdom,2,432380.0,2024-12-31 06:46:07
TX_0003097,KH_20203,SP_164977727,MIEN_TRUNG,1,170000.0,2025-02-05 19:15:31
TX_0003098,KH_GUEST,22297,United Kingdom,1,65260.0,2025-09-24 04:05:51
TX_0003099,KH_13186,85099B,United Kingdom,10,54080.0,2024-10-04 16:59:12
TX_0003100,KH_15059,22993,United Kingdom,1,32500.0,2026-03-14 15:02:18
TX_0003101,KH_20357,SP_207417833,MIEN_NAM,1,90000.0,2026-07-12 21:27:41
TX_0003102,KH_13078,22730,United Kingdom,8,97500.0,2025-11-01 16:21:18
TX_0003103,KH_17517,22432,United Kingdom,6,50700.0,2025-06-16 13:11:30
TX_0003104,KH_12598,21212,France,24,14300.0,2025-06-27 19:56:22
TX_0003105,KH_16905,22155,United Kingdom,20,10920.0,2025-07-24 20:58:32
TX_0003106,KH_20066,SP_124887395,MIEN_BAC,3,25000.0,2025-07-26 12:35:57
TX_0003107,KH_13124,85014B,United Kingdom,2,154700.0,2025-03-29 18:55:58
TX_0003108,KH_12539,84817,Spain,6,54600.0,2026-07-31 14:33:06
TX_0003109,KH_12646,20677,USA,16,32500.0,2025-03-23 02:41:07
TX_0003110,KH_14298,23355,United Kingdom,24,107900.0,2026-07-03 15:40:19
TX_0003111,KH_20332,SP_177569276,MIEN_TRUNG,1,220221.0,2025-12-21 17:57:58
TX_0003112,KH_20018,SP_129247050,MIEN_BAC,5,79394.0,2025-01-29 01:00:54
TX_0003113,KH_18102,22169,United Kingdom,19,146640.0,2025-06-01 22:23:51
TX_0003114,KH_GUEST,23283,United Kingdom,1,410540.0,2025-02-09 14:41:22
TX_0003115,KH_17050,22467,United Kingdom,1,66300.0,2026-02-28 16:43:48
TX_0003116,KH_15722,22412,United Kingdom,12,54600.0,2025-06-04 10:58:28
TX_0003117,KH_GUEST,23514,United Kingdom,1,107380.0,2024-07-23 01:43:49
TX_0003118,KH_17160,23209,United Kingdom,10,42900.0,2025-04-12 07:24:13
TX_0003119,KH_GUEST,22763,United Kingdom,1,529880.0,2026-10-05 20:50:22
TX_0003120,KH_16779,82482,United Kingdom,6,66300.0,2026-01-27 08:28:42
TX_0003121,KH_17758,23200,United Kingdom,4,54080.0,2024-01-10 01:28:10
TX_0003122,KH_20343,SP_179758396,MIEN_BAC,2,1300000.0,2025-08-21 18:32:11
TX_0003123,KH_16725,22021,United Kingdom,1,42900.0,2025-04-13 03:43:48
TX_0003124,KH_15394,22423,United Kingdom,6,331500.0,2026-09-02 02:24:55
TX_0003125,KH_GUEST,22376,United Kingdom,3,109460.0,2024-04-18 22:39:16
TX_0003126,KH_20395,SP_116729411,MIEN_NAM,1,226000.0,2025-05-07 18:32:33
TX_0003127,KH_20119,SP_248546151,MIEN_TRUNG,1,89000.0,2025-06-29 11:11:48
TX_0003128,KH_15144,23344,United Kingdom,20,54080.0,2024-12-11 04:48:02
TX_0003129,KH_14868,22562,United Kingdom,12,32500.0,2026-03-15 00:37:18
TX_0003130,KH_GUEST,21934,United Kingdom,8,42380.0,2024-07-12 02:28:44
TX_0003131,KH_20483,SP_134507355,MIEN_NAM,1,22000.0,2026-07-17 07:32:03
TX_0003132,KH_14606,21627,United Kingdom,1,388700.0,2025-07-19 14:49:36
TX_0003133,KH_15601,84755,United Kingdom,32,16900.0,2026-05-11 17:29:13
TX_0003134,KH_15373,22699,United Kingdom,4,76700.0,2025-01-05 19:07:30
TX_0003135,KH_14264,48194,United Kingdom,2,206700.0,2025-12-24 08:37:09
TX_0003136,KH_20240,SP_151489431,MIEN_BAC,1,500000.0,2026-07-20 11:32:41
TX_0003137,KH_18114,46776B,United Kingdom,2,128700.0,2025-03-21 08:26:17
TX_0003138,KH_GUEST,22386,United Kingdom,4,107380.0,2024-12-26 10:06:11
TX_0003139,KH_20185,SP_59505265,MIEN_BAC,4,35000.0,2025-04-16 02:38:47
TX_0003140,KH_GUEST,22423,United Kingdom,2,648960.0,2024-07-27 01:30:52
TX_0003141,KH_20250,SP_202817098,MIEN_NAM,1,429000.0,2025-04-18 03:31:38
TX_0003142,KH_20010,SP_190681419,MIEN_BAC,1,69000.0,2026-02-11 10:43:09
TX_0003143,KH_17728,85048,United Kingdom,2,206700.0,2026-05-09 00:28:56
TX_0003144,KH_20149,SP_68726981,MIEN_TRUNG,4,570000.0,2026-01-01 22:44:22
TX_0003145,KH_20333,SP_186192906,MIEN_BAC,3,850000.0,2025-02-17 18:17:09
TX_0003146,KH_GUEST,90170,United Kingdom,1,42900.0,2025-06-11 18:27:26
TX_0003147,KH_15426,23489,United Kingdom,1,75140.0,2026-10-05 18:25:00
TX_0003148,KH_16393,21034,United Kingdom,2,24700.0,2024-09-18 00:33:00
TX_0003149,KH_20441,SP_263025421,MIEN_BAC,2,12000.0,2026-03-23 23:31:03
TX_0003150,KH_14421,21621,United Kingdom,8,221000.0,2024-05-30 15:11:33
TX_0003151,KH_20030,SP_129949676,MIEN_NAM,4,19000.0,2025-06-29 09:51:20
TX_0003152,KH_20351,SP_66233031,MIEN_NAM,1,589000.0,2025-04-28 16:03:34
TX_0003153,KH_20454,SP_4091413,MIEN_NAM,1,439000.0,2026-01-16 18:29:19
TX_0003154,KH_GUEST,21888,United Kingdom,4,193960.0,2025-06-02 12:09:01
TX_0003155,KH_14426,22800,United Kingdom,4,97500.0,2024-03-06 20:40:52
TX_0003156,KH_14132,22565,United Kingdom,12,22100.0,2025-05-30 14:03:03
TX_0003157,KH_17179,22451,United Kingdom,2,87100.0,2026-09-22 20:25:14
TX_0003158,KH_20378,SP_4210909,MIEN_TRUNG,3,690000.0,2025-07-07 02:38:31
TX_0003159,KH_20187,SP_122300439,MIEN_NAM,1,120000.0,2026-05-21 13:12:26
TX_0003160,KH_17634,82484,United Kingdom,2,206700.0,2024-08-14 16:44:20
TX_0003161,KH_13741,22364,United Kingdom,6,76700.0,2026-04-06 01:27:07
TX_0003162,KH_14397,84946,United Kingdom,24,32500.0,2024-06-02 05:49:13
TX_0003163,KH_20386,SP_103616299,MIEN_NAM,2,3490000.0,2025-03-08 12:31:55
TX_0003164,KH_20267,SP_57045167,MIEN_NAM,2,28500.0,2026-09-17 07:52:15
TX_0003165,KH_20497,SP_69861317,MIEN_NAM,2,180000.0,2025-03-19 22:01:31
TX_0003166,KH_GUEST,22966,United Kingdom,4,63960.0,2024-08-13 18:07:29
TX_0003167,KH_20301,SP_263025691,MIEN_NAM,3,1500.0,2025-12-09 14:36:24
TX_0003168,KH_20421,SP_103616915,MIEN_NAM,2,999000.0,2025-08-25 01:59:34
TX_0003169,KH_17321,22991,United Kingdom,3,50700.0,2025-09-05 10:19:43
TX_0003170,KH_13340,23234,United Kingdom,36,64740.0,2026-02-17 08:06:40
TX_0003171,KH_20419,SP_105344417,MIEN_BAC,3,630000.0,2026-07-30 01:13:21
TX_0003172,KH_15465,48185,United Kingdom,10,184080.0,2024-09-21 21:21:11
TX_0003173,KH_14534,23309,United Kingdom,2,14300.0,2025-08-16 03:46:46
TX_0003174,KH_17425,21931,United Kingdom,10,54080.0,2024-09-13 08:27:24
TX_0003175,KH_GUEST,22162,United Kingdom,3,85540.0,2024-11-01 09:31:50
TX_0003176,KH_20369,SP_253299714,MIEN_BAC,1,519000.0,2025-09-22 04:28:26
TX_0003177,KH_20204,SP_119633634,MIEN_NAM,2,550000.0,2025-03-31 07:27:03
TX_0003178,KH_12748,85118,United Kingdom,11,32500.0,2026-05-07 09:05:54
TX_0003179,KH_20388,SP_161532512,MIEN_NAM,4,752059.0,2026-03-19 04:27:36
TX_0003180,KH_13632,84536A,United Kingdom,32,10920.0,2025-01-13 12:24:40
TX_0003181,KH_20034,SP_168562965,MIEN_NAM,2,28000.0,2026-04-26 15:37:52
TX_0003182,KH_15555,23197,United Kingdom,4,37700.0,2025-09-03 21:32:42
TX_0003183,KH_20085,SP_212561814,MIEN_TRUNG,1,89300.0,2026-03-11 07:45:31
TX_0003184,KH_20219,SP_136795914,MIEN_BAC,1,189000.0,2026-04-20 11:43:55
TX_0003185,KH_GUEST,85078,United Kingdom,1,42380.0,2026-02-27 05:55:43
TX_0003186,KH_20239,SP_6476329,MIEN_BAC,1,79999.0,2025-02-04 04:35:16
TX_0003187,KH_14903,22267,United Kingdom,2,32500.0,2025-03-17 18:53:06
TX_0003188,KH_12683,22993,France,12,32500.0,2024-01-23 03:19:25
TX_0003189,KH_12748,22197,United Kingdom,6,22100.0,2025-03-01 11:26:50
TX_0003190,KH_GUEST,22352,United Kingdom,3,107380.0,2024-06-08 05:32:17
TX_0003191,KH_GUEST,22993,United Kingdom,1,63960.0,2026-06-28 00:33:32
TX_0003192,KH_17423,22594,United Kingdom,12,22100.0,2025-05-20 21:11:23
TX_0003193,KH_14646,23083,Netherlands,29,85540.0,2025-03-13 23:46:48
TX_0003194,KH_12963,21588,United Kingdom,12,66300.0,2024-10-26 14:02:42
TX_0003195,KH_13055,23188,United Kingdom,12,42900.0,2026-05-20 09:55:15
TX_0003196,KH_GUEST,21703,United Kingdom,5,21580.0,2025-09-21 03:15:28
TX_0003197,KH_17841,22999,United Kingdom,2,10920.0,2024-06-20 22:24:59
TX_0003198,KH_14096,22380,United Kingdom,3,107380.0,2026-04-18 11:59:22
TX_0003199,KH_20418,SP_179777265,MIEN_TRUNG,1,900000.0,2025-02-04 19:41:39
TX_0003200,KH_15312,23504,United Kingdom,12,32500.0,2025-05-31 21:28:53
TX_0003201,KH_GUEST,84968C,United Kingdom,19,215540.0,2024-01-30 12:50:19
TX_0003202,KH_20243,SP_127670717,MIEN_NAM,3,65000.0,2025-09-11 05:18:50
TX_0003203,KH_15021,75178,United Kingdom,3,32500.0,2025-12-20 10:45:58
TX_0003204,KH_20395,SP_24496785,MIEN_NAM,3,649000.0,2025-07-26 10:00:57
TX_0003205,KH_14505,22967,United Kingdom,1,76700.0,2026-07-29 16:25:53
TX_0003206,KH_15808,22192,United Kingdom,1,221000.0,2024-12-07 08:26:04
TX_0003207,KH_14222,20982,United Kingdom,12,22100.0,2025-04-06 02:46:34
TX_0003208,KH_GUEST,22840,United Kingdom,1,206700.0,2026-01-21 19:28:19
TX_0003209,KH_14911,22556,EIRE,12,42900.0,2024-07-02 04:50:24
TX_0003210,KH_20488,SP_35733144,MIEN_NAM,3,1859000.0,2026-06-03 13:29:31
TX_0003211,KH_GUEST,21931,United Kingdom,2,107380.0,2024-10-24 11:27:54
TX_0003212,KH_12616,20983,France,12,22100.0,2024-09-24 00:41:37
TX_0003213,KH_20007,SP_201057959,MIEN_NAM,2,194000.0,2025-11-24 05:12:00
TX_0003214,KH_16283,22372,United Kingdom,1,110500.0,2024-10-24 19:33:27
TX_0003215,KH_20336,SP_255356354,MIEN_NAM,1,210000.0,2026-08-05 17:46:24
TX_0003216,KH_15930,23541,United Kingdom,2,214500.0,2025-11-01 01:14:04
TX_0003217,KH_16700,20728,United Kingdom,10,42900.0,2024-03-24 07:23:00
TX_0003218,KH_GUEST,21544,United Kingdom,1,42380.0,2026-04-14 15:34:31
TX_0003219,KH_12856,22470,United Kingdom,3,76700.0,2024-05-31 08:54:50
TX_0003220,KH_GUEST,21033,United Kingdom,1,107380.0,2025-08-01 12:50:49
TX_0003221,KH_GUEST,21706,United Kingdom,1,264420.0,2026-07-26 06:37:36
TX_0003222,KH_20192,SP_208676879,MIEN_NAM,3,487000.0,2025-10-06 22:16:29
TX_0003223,KH_12748,22367,United Kingdom,2,50700.0,2024-03-24 23:36:41
TX_0003224,KH_20010,SP_145141473,MIEN_BAC,1,154700.0,2025-10-23 15:44:10
TX_0003225,KH_12528,21108,Germany,9,66300.0,2024-06-22 08:24:15
TX_0003226,KH_20097,SP_146492642,MIEN_NAM,5,55000.0,2026-09-30 04:38:47
TX_0003227,KH_16133,21577,United Kingdom,6,58500.0,2025-12-20 10:15:56
TX_0003228,KH_12656,47593B,France,48,10140.0,2026-04-06 17:46:54
TX_0003229,KH_17376,84997A,United Kingdom,2,97500.0,2024-11-05 10:31:05
TX_0003230,KH_12758,22411,Portugal,30,50700.0,2024-02-26 01:58:24
TX_0003231,KH_14298,22752,United Kingdom,6,198900.0,2025-12-05 09:52:58
TX_0003232,KH_16940,22721,United Kingdom,2,128700.0,2024-09-05 02:37:27
TX_0003233,KH_20397,SP_122344237,MIEN_NAM,3,399000.0,2025-04-08 06:02:50
TX_0003234,KH_16709,22191,United Kingdom,2,221000.0,2025-03-01 12:52:54
TX_0003235,KH_20020,SP_172574568,MIEN_TRUNG,1,25000.0,2025-02-06 14:29:58
TX_0003236,KH_14606,21442,United Kingdom,1,22100.0,2025-08-21 02:46:18
TX_0003237,KH_17475,47504K,United Kingdom,12,20540.0,2025-08-05 02:39:28
TX_0003238,KH_18229,22728,United Kingdom,8,97500.0,2025-11-16 07:30:30
TX_0003239,KH_20045,SP_120460252,MIEN_NAM,2,29000.0,2026-08-26 20:11:56
TX_0003240,KH_15889,22550,United Kingdom,1,97500.0,2024-02-19 03:20:57
TX_0003241,KH_20222,SP_213497455,MIEN_TRUNG,4,239400.0,2026-02-18 07:30:21
TX_0003242,KH_GUEST,22405,United Kingdom,5,63960.0,2025-06-12 17:07:42
TX_0003243,KH_17841,23182,United Kingdom,1,21580.0,2024-09-28 00:58:42
TX_0003244,KH_16713,23188,United Kingdom,12,42900.0,2025-09-09 02:12:14
TX_0003245,KH_13488,85123A,United Kingdom,12,76700.0,2024-11-05 12:18:35
TX_0003246,KH_14527,21115,United Kingdom,1,175500.0,2025-12-18 23:51:16
TX_0003247,KH_14525,22360,United Kingdom,1,76700.0,2025-03-19 00:00:57
TX_0003248,KH_20317,SP_213943374,MIEN_BAC,2,93100.0,2025-06-02 07:13:28
TX_0003249,KH_17841,22309,United Kingdom,1,66300.0,2025-11-06 00:29:16
TX_0003250,KH_17015,22945,United Kingdom,12,22100.0,2024-11-14 04:47:55
TX_0003251,KH_17001,20718,United Kingdom,10,32500.0,2025-09-16 11:53:09
TX_0003252,KH_17214,21754,United Kingdom,2,162500.0,2024-07-01 19:03:08
TX_0003253,KH_17612,20727,United Kingdom,10,42900.0,2026-01-01 02:46:28
TX_0003254,KH_13159,23031,United Kingdom,6,42900.0,2025-05-20 07:45:19
TX_0003255,KH_20376,SP_110298865,MIEN_NAM,1,34000.0,2025-12-11 14:54:40
TX_0003256,KH_20462,SP_72013733,MIEN_BAC,5,79200.0,2025-05-28 13:55:10
TX_0003257,KH_16353,23245,United Kingdom,8,128700.0,2024-06-25 00:27:10
TX_0003258,KH_17841,22063,United Kingdom,1,76700.0,2024-11-01 16:36:08
TX_0003259,KH_GUEST,21162,United Kingdom,1,85540.0,2024-05-08 03:42:36
TX_0003260,KH_GUEST,48194,United Kingdom,1,367380.0,2025-06-06 00:11:11
TX_0003261,KH_16573,22720,United Kingdom,3,128700.0,2026-06-02 02:56:31
TX_0003262,KH_GUEST,22727,United Kingdom,1,215540.0,2024-05-28 15:02:40
TX_0003263,KH_13527,23280,United Kingdom,3,21580.0,2024-07-31 22:45:04
TX_0003264,KH_16066,22086,United Kingdom,15,76700.0,2024-08-22 09:52:03
TX_0003265,KH_13601,21973,United Kingdom,7,37700.0,2026-04-10 01:11:30
TX_0003266,KH_12444,84879,Norway,8,43940.0,2025-05-12 21:48:48
TX_0003267,KH_20110,SP_253146874,MIEN_NAM,1,2100000.0,2025-10-09 00:50:06
TX_0003268,KH_16725,22098,United Kingdom,1,32500.0,2026-06-01 13:58:03
TX_0003269,KH_GUEST,22854,United Kingdom,1,280540.0,2024-04-26 04:38:56
TX_0003270,KH_13614,22553,United Kingdom,1,42900.0,2025-11-03 20:18:03
TX_0003271,KH_20193,SP_199683381,MIEN_NAM,1,1860000.0,2026-06-13 00:58:31
TX_0003272,KH_20043,SP_149568505,MIEN_BAC,1,260000.0,2025-05-16 18:06:55
TX_0003273,KH_20432,SP_149963861,MIEN_TRUNG,1,520000.0,2026-07-05 12:55:38
TX_0003274,KH_18118,21865,United Kingdom,1,54600.0,2025-09-18 15:13:34
TX_0003275,KH_15700,21868,United Kingdom,4,32500.0,2025-03-20 17:39:04
TX_0003276,KH_14096,22420,United Kingdom,4,21580.0,2025-08-30 06:31:48
TX_0003277,KH_20168,SP_149754322,MIEN_TRUNG,1,756000.0,2025-10-11 09:04:22
TX_0003278,KH_16116,17013D,United Kingdom,12,10920.0,2024-12-05 06:33:58
TX_0003279,KH_20129,SP_207034833,MIEN_BAC,1,750000.0,2025-01-13 11:28:58
TX_0003280,KH_16779,22998,United Kingdom,24,10920.0,2025-08-31 05:18:09
TX_0003281,KH_20475,SP_192919733,MIEN_BAC,2,540000.0,2026-09-04 20:12:54
TX_0003282,KH_15615,21479,United Kingdom,8,110500.0,2025-07-28 19:17:05
TX_0003283,KH_20012,SP_263026038,MIEN_BAC,3,19000.0,2025-05-09 22:23:46
TX_0003284,KH_GUEST,82567,United Kingdom,1,42380.0,2024-06-18 11:52:43
TX_0003285,KH_15727,22875,United Kingdom,6,50700.0,2025-08-08 14:28:23
TX_0003286,KH_20393,SP_168494566,MIEN_NAM,1,309540.0,2026-01-20 05:35:09
TX_0003287,KH_14472,22297,United Kingdom,1,32500.0,2025-06-14 05:11:33
TX_0003288,KH_20476,SP_71615009,MIEN_TRUNG,1,299000.0,2025-03-20 01:24:49
TX_0003289,KH_GUEST,22608,United Kingdom,4,10920.0,2025-04-25 23:50:05
TX_0003290,KH_GUEST,90013A,United Kingdom,2,96980.0,2024-12-11 03:44:12
TX_0003291,KH_14546,23307,United Kingdom,1,14300.0,2024-10-07 16:22:34
TX_0003292,KH_14672,72351B,United Kingdom,12,54600.0,2024-12-29 12:04:15
TX_0003293,KH_13534,48187,United Kingdom,2,214500.0,2026-03-05 15:56:55
TX_0003294,KH_16281,22273,United Kingdom,48,66300.0,2024-08-28 03:00:50
TX_0003295,KH_20324,SP_73507935,MIEN_TRUNG,1,62700.0,2025-07-28 11:42:23
TX_0003296,KH_GUEST,21716,United Kingdom,1,128960.0,2025-03-08 12:15:49
TX_0003297,KH_15950,22720,United Kingdom,3,128700.0,2025-11-22 12:59:36
TX_0003298,KH_13263,21171,United Kingdom,1,37700.0,2025-06-30 11:13:43
TX_0003299,KH_GUEST,20658,United Kingdom,2,65260.0,2024-05-23 12:48:04
TX_0003300,KH_14852,84755,United Kingdom,32,16900.0,2024-02-21 09:24:55
TX_0003301,KH_20492,SP_258668677,MIEN_TRUNG,1,345000.0,2025-01-26 21:32:23
TX_0003302,KH_16241,84884A,United Kingdom,1,102700.0,2025-07-20 12:13:39
TX_0003303,KH_20415,SP_248582225,MIEN_TRUNG,1,49400.0,2026-03-04 09:23:49
TX_0003304,KH_15839,21636,United Kingdom,12,19500.0,2025-03-05 08:34:24
TX_0003305,KH_20282,SP_248262324,MIEN_BAC,4,43000.0,2026-09-11 00:12:22
TX_0003306,KH_20065,SP_263027183,MIEN_BAC,1,1400.0,2025-03-31 10:05:35
TX_0003307,KH_GUEST,71459,United Kingdom,4,43160.0,2025-08-19 02:43:01
TX_0003308,KH_15110,22561,United Kingdom,12,42900.0,2025-10-07 02:00:07
TX_0003309,KH_15370,22848,United Kingdom,4,388700.0,2025-01-21 19:32:13
TX_0003310,KH_20040,SP_173798735,MIEN_BAC,1,18000.0,2026-01-18 02:07:50
TX_0003311,KH_20441,SP_136939993,MIEN_TRUNG,3,25000.0,2026-04-07 16:00:57
TX_0003312,KH_14676,23298,United Kingdom,12,128700.0,2024-07-15 07:14:25
TX_0003313,KH_GUEST,20828,United Kingdom,1,128960.0,2025-05-01 10:14:13
TX_0003314,KH_GUEST,23287,United Kingdom,1,42380.0,2026-03-22 17:47:42
TX_0003315,KH_20415,SP_57127803,MIEN_NAM,2,649000.0,2025-12-11 10:46:01
TX_0003316,KH_16422,21080,United Kingdom,26,18720.0,2025-12-05 09:15:21
TX_0003317,KH_14606,84970L,United Kingdom,1,24700.0,2024-05-05 04:02:18
TX_0003318,KH_20309,SP_171236900,MIEN_NAM,1,428000.0,2026-02-08 21:38:26
TX_0003319,KH_14903,23298,United Kingdom,1,128700.0,2024-06-30 05:17:56
TX_0003320,KH_15704,84692,United Kingdom,1,10920.0,2025-06-01 08:34:34
TX_0003321,KH_GUEST,21902,United Kingdom,1,42380.0,2025-11-25 23:36:43
TX_0003322,KH_13881,22909,United Kingdom,9,18720.0,2024-04-05 01:08:49
TX_0003323,KH_14367,22537,United Kingdom,3,10920.0,2024-11-27 02:50:39
TX_0003324,KH_13969,22627,United Kingdom,2,221000.0,2025-11-14 02:54:59
TX_0003325,KH_13107,21875,United Kingdom,12,32500.0,2026-07-24 20:10:02
TX_0003326,KH_20265,SP_150732364,MIEN_BAC,1,450000.0,2026-05-02 10:11:07
TX_0003327,KH_14096,22562,United Kingdom,1,63960.0,2024-12-19 03:30:59
TX_0003328,KH_14631,22751,United Kingdom,4,97500.0,2024-02-18 09:24:29
TX_0003329,KH_14891,22383,United Kingdom,10,42900.0,2024-02-07 13:09:30
TX_0003330,KH_20068,SP_138623795,MIEN_NAM,5,78000.0,2026-08-19 10:26:49
TX_0003331,KH_15091,22969,United Kingdom,12,37700.0,2024-05-30 13:10:10
TX_0003332,KH_14214,22938,United Kingdom,12,50700.0,2026-04-15 13:23:07
TX_0003333,KH_20319,SP_75760811,MIEN_BAC,1,441000.0,2025-04-02 19:27:14
TX_0003334,KH_20314,SP_113367228,MIEN_BAC,3,1520000.0,2025-12-25 15:58:36
TX_0003335,KH_17949,22197,United Kingdom,24,18720.0,2026-07-27 00:56:36
TX_0003336,KH_20185,SP_263025841,MIEN_BAC,2,26000.0,2026-05-01 22:38:38
TX_0003337,KH_16992,84949,United Kingdom,6,42900.0,2024-10-24 04:57:13
TX_0003338,KH_GUEST,22748,United Kingdom,1,85540.0,2025-10-15 00:14:02
TX_0003339,KH_16059,21533,United Kingdom,2,128700.0,2024-05-27 07:38:12
TX_0003340,KH_20061,SP_248939475,MIEN_NAM,1,142500.0,2026-05-13 21:37:01
TX_0003341,KH_GUEST,22411,United Kingdom,5,107380.0,2024-03-18 17:13:44
TX_0003342,KH_14446,21038,United Kingdom,2,20540.0,2025-04-14 12:25:53
TX_0003343,KH_20013,SP_155773326,MIEN_BAC,1,60000.0,2025-01-01 06:28:20
TX_0003344,KH_14465,22331,United Kingdom,1,42900.0,2025-01-02 00:25:11
TX_0003345,KH_20149,SP_198511450,MIEN_BAC,3,617000.0,2025-12-01 15:08:14
TX_0003346,KH_17865,22112,United Kingdom,3,128700.0,2026-04-17 21:55:02
TX_0003347,KH_GUEST,22990,EIRE,4,128700.0,2025-03-11 09:47:49
TX_0003348,KH_12867,20969,United Kingdom,5,97500.0,2024-03-15 17:03:31
TX_0003349,KH_15888,22423,United Kingdom,6,331500.0,2025-03-23 14:30:23
TX_0003350,KH_20247,SP_263202992,MIEN_BAC,2,513000.0,2025-02-06 12:24:40
TX_0003351,KH_17019,22621,United Kingdom,1,37700.0,2024-03-10 01:42:11
TX_0003352,KH_14096,20971,United Kingdom,1,63960.0,2024-07-17 21:13:05
TX_0003353,KH_20239,SP_82514117,MIEN_BAC,1,15000.0,2026-06-22 01:29:31
TX_0003354,KH_20433,SP_170651180,MIEN_NAM,1,59000.0,2026-05-03 16:47:14
TX_0003355,KH_17073,16014,United Kingdom,10,10920.0,2024-06-08 03:40:08
TX_0003356,KH_15805,21621,United Kingdom,2,221000.0,2024-10-02 11:26:27
TX_0003357,KH_20429,SP_71519142,MIEN_NAM,1,616000.0,2025-02-19 15:27:45
TX_0003358,KH_20420,SP_187010559,MIEN_TRUNG,2,485000.0,2025-04-10 00:16:51
TX_0003359,KH_20464,SP_164463787,MIEN_NAM,2,25000.0,2026-07-23 14:48:03
TX_0003360,KH_17783,21730,United Kingdom,2,128700.0,2025-11-22 16:29:55
TX_0003361,KH_14056,22212,United Kingdom,1,54600.0,2026-01-30 21:43:08
TX_0003362,KH_20299,SP_199103607,MIEN_NAM,1,559000.0,2026-05-09 11:06:11
TX_0003363,KH_14395,22148,United Kingdom,6,50700.0,2025-06-16 00:07:18
TX_0003364,KH_14159,23328,United Kingdom,3,97500.0,2025-01-25 10:17:14
TX_0003365,KH_GUEST,22747,United Kingdom,2,107380.0,2024-09-14 18:22:36
TX_0003366,KH_18109,23111,United Kingdom,1,325000.0,2024-12-29 04:07:42
TX_0003367,KH_17790,22470,United Kingdom,5,76700.0,2024-06-19 12:13:58
TX_0003368,KH_20295,SP_91847536,MIEN_TRUNG,1,66000.0,2025-01-24 15:20:09
TX_0003369,KH_16523,23344,United Kingdom,20,54080.0,2024-12-28 01:09:49
TX_0003370,KH_17131,22090,United Kingdom,1,76700.0,2026-03-31 05:38:06
TX_0003371,KH_20359,SP_110378136,MIEN_NAM,1,39000.0,2026-05-01 14:27:21
TX_0003372,KH_20169,SP_188056810,MIEN_NAM,4,695000.0,2026-10-04 23:09:18
TX_0003373,KH_17961,84499,United Kingdom,1,22100.0,2024-01-29 04:54:51
TX_0003374,KH_20238,SP_166071756,MIEN_NAM,1,36000.0,2025-04-15 11:25:20
TX_0003375,KH_20415,SP_263025878,MIEN_NAM,1,85000.0,2025-02-22 06:41:18
TX_0003376,KH_15005,22165,United Kingdom,1,331500.0,2024-10-22 07:56:28
TX_0003377,KH_17940,21981,United Kingdom,14,6500.0,2026-09-15 01:09:53
TX_0003378,KH_20068,SP_192125146,MIEN_BAC,2,799000.0,2026-04-10 14:04:15
TX_0003379,KH_13089,23225,United Kingdom,48,21580.0,2026-08-02 06:14:20
TX_0003380,KH_12380,22329,Belgium,12,42900.0,2026-09-15 06:26:26
TX_0003381,KH_16379,22383,United Kingdom,10,42900.0,2026-01-02 18:47:44
TX_0003382,KH_16407,22694,United Kingdom,5,54600.0,2024-04-02 01:15:07
TX_0003383,KH_17364,21469,United Kingdom,1,97500.0,2024-07-05 11:32:19
TX_0003384,KH_GUEST,22672,United Kingdom,1,85540.0,2025-10-19 02:48:58
TX_0003385,KH_17750,23002,United Kingdom,24,10920.0,2026-05-29 20:51:28
TX_0003386,KH_20185,SP_195329423,MIEN_BAC,1,28000.0,2025-10-31 15:09:10
TX_0003387,KH_17085,22374,United Kingdom,1,110500.0,2025-11-11 14:40:02
TX_0003388,KH_20313,SP_173252073,MIEN_BAC,2,179100.0,2025-12-08 13:18:57
TX_0003389,KH_13758,85123A,United Kingdom,32,66300.0,2026-02-15 17:20:41
TX_0003390,KH_20055,SP_184249588,MIEN_TRUNG,1,3090000.0,2025-11-05 09:32:14
TX_0003391,KH_16161,23200,United Kingdom,10,54080.0,2025-11-04 23:54:14
TX_0003392,KH_17059,21977,United Kingdom,1,14300.0,2026-04-05 08:52:03
TX_0003393,KH_GUEST,22597,United Kingdom,3,21580.0,2024-08-30 00:33:52
TX_0003394,KH_GUEST,11001,United Kingdom,1,85540.0,2024-02-12 11:10:13
TX_0003395,KH_17841,22659,United Kingdom,1,50700.0,2024-06-10 17:09:21
TX_0003396,KH_GUEST,22689,United Kingdom,1,367380.0,2025-06-17 23:51:58
TX_0003397,KH_20344,SP_99363231,MIEN_BAC,4,61908.0,2026-03-27 20:40:10
TX_0003398,KH_20183,SP_207048825,MIEN_NAM,2,450000.0,2025-03-06 15:21:25
TX_0003399,KH_16558,23438,United Kingdom,12,32500.0,2025-12-09 16:48:43
TX_0003400,KH_14064,21977,United Kingdom,24,14300.0,2025-03-11 02:28:16
TX_0003401,KH_GUEST,21876,United Kingdom,13,85540.0,2025-03-28 03:00:45
TX_0003402,KH_16241,21975,United Kingdom,1,14300.0,2026-05-20 02:03:35
TX_0003403,KH_GUEST,21403,United Kingdom,4,10920.0,2025-12-24 15:44:37
TX_0003404,KH_20294,SP_147369216,MIEN_TRUNG,4,590000.0,2025-09-16 01:16:11
TX_0003405,KH_GUEST,21945,United Kingdom,1,42380.0,2025-05-14 10:44:33
TX_0003406,KH_20491,SP_190522607,MIEN_BAC,4,289000.0,2025-07-08 07:28:27
TX_0003407,KH_20165,SP_109979200,MIEN_NAM,2,68329.0,2026-06-30 08:05:52
TX_0003408,KH_14096,22951,United Kingdom,2,32500.0,2025-11-07 18:26:06
TX_0003409,KH_17675,21539,United Kingdom,3,128700.0,2025-02-11 13:52:16
TX_0003410,KH_16345,22577,United Kingdom,20,7540.0,2026-02-16 02:56:54
TX_0003411,KH_GUEST,71403,United Kingdom,2,150540.0,2025-02-15 02:51:34
TX_0003412,KH_GUEST,23445,United Kingdom,1,42380.0,2025-03-02 00:45:32
TX_0003413,KH_17771,22726,United Kingdom,1,97500.0,2025-04-12 11:00:56
TX_0003414,KH_20262,SP_191650094,MIEN_NAM,1,430800.0,2026-06-25 21:10:06
TX_0003415,KH_13760,22726,United Kingdom,1,97500.0,2025-01-06 10:43:10
TX_0003416,KH_20072,SP_191982252,MIEN_NAM,2,45000.0,2025-05-11 02:45:50
TX_0003417,KH_13089,21114,United Kingdom,10,32500.0,2026-02-01 22:09:51
TX_0003418,KH_14395,23321,United Kingdom,8,42900.0,2024-05-15 03:30:05
TX_0003419,KH_20082,SP_76247079,MIEN_NAM,4,74400.0,2025-06-14 08:54:37
TX_0003420,KH_15679,21877,United Kingdom,3,42900.0,2024-12-05 16:59:46
TX_0003421,KH_14159,21891,United Kingdom,2,37700.0,2024-07-23 10:25:58
TX_0003422,KH_13263,22457,United Kingdom,1,76700.0,2026-04-03 09:27:50
TX_0003423,KH_20452,SP_149451547,MIEN_TRUNG,1,2600000.0,2025-09-08 14:06:38
TX_0003424,KH_20136,SP_188076795,MIEN_NAM,5,550000.0,2026-04-23 00:36:29
TX_0003425,KH_14540,22966,United Kingdom,4,32500.0,2025-08-13 19:22:50
TX_0003426,KH_20133,SP_6242963,MIEN_BAC,4,96000.0,2026-08-18 13:36:25
TX_0003427,KH_12867,21877,United Kingdom,6,32500.0,2025-03-20 16:11:26
TX_0003428,KH_14262,22991,United Kingdom,12,50700.0,2024-11-18 20:31:30
TX_0003429,KH_GUEST,21002,United Kingdom,2,87360.0,2026-06-13 08:16:02
TX_0003430,KH_20012,SP_5918861,MIEN_NAM,1,52000.0,2026-09-21 02:07:03
TX_0003431,KH_20013,SP_138899360,MIEN_BAC,3,47000.0,2026-09-19 06:37:12
TX_0003432,KH_20366,SP_253348023,MIEN_NAM,1,46000.0,2025-10-21 07:02:35
TX_0003433,KH_GUEST,22801,United Kingdom,1,193960.0,2025-04-24 06:43:09
TX_0003434,KH_GUEST,23610,United Kingdom,1,54080.0,2026-07-08 04:42:54
TX_0003435,KH_GUEST,70006,United Kingdom,2,43160.0,2026-01-11 16:21:52
TX_0003436,KH_17338,21125,United Kingdom,3,32500.0,2025-07-22 21:19:43
TX_0003437,KH_14911,85035C,EIRE,24,32500.0,2025-04-16 03:32:06
TX_0003438,KH_20209,SP_254019066,MIEN_BAC,2,600000.0,2026-02-28 08:39:27
TX_0003439,KH_14299,22548,United Kingdom,12,32500.0,2024-01-22 14:19:37
TX_0003440,KH_17841,21382,United Kingdom,1,76700.0,2024-02-24 13:29:37
TX_0003441,KH_GUEST,21918,United Kingdom,1,22100.0,2026-08-26 07:50:34
TX_0003442,KH_15358,85049E,United Kingdom,12,32500.0,2025-08-06 12:10:00
TX_0003443,KH_17841,21080,United Kingdom,6,22100.0,2025-10-08 06:49:03
TX_0003444,KH_GUEST,22197,United Kingdom,2,42380.0,2025-01-22 02:18:30
TX_0003445,KH_14805,21472,United Kingdom,1,97500.0,2026-04-26 12:28:21
TX_0003446,KH_GUEST,22703,United Kingdom,3,42380.0,2026-10-07 22:12:19
TX_0003447,KH_17338,22965,United Kingdom,3,54600.0,2026-06-04 10:13:23
TX_0003448,KH_15984,22081,United Kingdom,5,42900.0,2026-03-14 01:12:59
TX_0003449,KH_GUEST,21843,United Kingdom,1,540540.0,2025-12-25 20:34:37
TX_0003450,KH_16023,21499,United Kingdom,25,10920.0,2024-05-13 18:50:56
TX_0003451,KH_12438,23256,Norway,4,107900.0,2026-09-09 04:45:52
TX_0003452,KH_18119,20751,United Kingdom,1,54600.0,2025-02-03 10:17:43
TX_0003453,KH_14711,22551,United Kingdom,3,42900.0,2026-01-03 05:24:38
TX_0003454,KH_20150,SP_20241668,MIEN_NAM,1,2683000.0,2026-01-15 18:46:32
TX_0003455,KH_16674,21213,United Kingdom,1,14300.0,2025-08-15 18:25:50
TX_0003456,KH_17841,21906,United Kingdom,1,175500.0,2026-09-01 08:20:07
TX_0003457,KH_20081,SP_249004786,MIEN_NAM,1,18000.0,2026-02-13 11:49:40
TX_0003458,KH_17059,84991,United Kingdom,2,14300.0,2025-02-01 03:32:30
TX_0003459,KH_20360,SP_138386959,MIEN_BAC,5,28999.0,2025-02-06 18:46:34
TX_0003460,KH_16553,21889,United Kingdom,24,32500.0,2024-12-14 21:01:40
TX_0003461,KH_GUEST,84969,United Kingdom,2,85540.0,2025-03-18 14:34:37
TX_0003462,KH_GUEST,84251C,United Kingdom,5,10920.0,2024-01-05 05:07:15
TX_0003463,KH_17757,22578,United Kingdom,8,7540.0,2024-05-27 01:10:40
TX_0003464,KH_20264,SP_68153910,MIEN_NAM,1,145041.0,2026-08-13 10:39:54
TX_0003465,KH_20425,SP_138661920,MIEN_BAC,4,59000.0,2026-07-08 16:31:04
TX_0003466,KH_13764,22751,United Kingdom,2,97500.0,2024-11-26 22:55:20
TX_0003467,KH_13124,21770,United Kingdom,2,128700.0,2024-06-28 15:23:48
TX_0003468,KH_17231,22027,United Kingdom,12,10920.0,2025-03-29 06:21:38
TX_0003469,KH_17449,22585,United Kingdom,3,32500.0,2026-07-19 04:10:04
TX_0003470,KH_13599,22411,United Kingdom,10,54080.0,2024-08-22 14:34:30
TX_0003471,KH_20420,SP_22165365,MIEN_NAM,1,388000.0,2025-05-02 14:17:57
TX_0003472,KH_16843,48185,United Kingdom,10,175500.0,2025-02-13 09:05:56
TX_0003473,KH_GUEST,22577,United Kingdom,4,21580.0,2026-08-18 12:52:04
TX_0003474,KH_14606,82486,United Kingdom,1,232700.0,2025-10-21 12:58:07
TX_0003475,KH_20101,SP_185978198,MIEN_NAM,2,455000.0,2025-11-15 23:26:29
TX_0003476,KH_20001,SP_198430776,MIEN_NAM,1,750000.0,2025-08-12 06:04:34
TX_0003477,KH_20382,SP_217267294,MIEN_NAM,8,695000.0,2025-06-19 14:45:32
TX_0003478,KH_17841,21917,United Kingdom,1,10920.0,2025-12-24 12:55:46
TX_0003479,KH_GUEST,22361,United Kingdom,1,150540.0,2024-09-06 10:33:01
TX_0003480,KH_GUEST,21314,United Kingdom,1,107380.0,2025-07-17 00:41:35
TX_0003481,KH_20264,SP_138624016,MIEN_BAC,3,79000.0,2025-09-20 02:19:58
TX_0003482,KH_15322,23398,United Kingdom,24,22100.0,2026-02-27 04:07:56
TX_0003483,KH_13566,21819,United Kingdom,5,22100.0,2025-11-09 05:21:22
TX_0003484,KH_14769,23164,United Kingdom,4,128700.0,2025-09-03 18:51:15
TX_0003485,KH_12617,90099,France,1,66300.0,2026-08-19 21:18:48
TX_0003486,KH_20153,SP_196346896,MIEN_NAM,1,49000.0,2025-04-05 20:52:33
TX_0003487,KH_20185,SP_207419440,MIEN_NAM,1,110000.0,2026-04-02 10:14:58
TX_0003488,KH_20113,SP_149526380,MIEN_NAM,1,71500.0,2026-05-10 04:56:05
TX_0003489,KH_20140,SP_253146874,MIEN_NAM,2,2100000.0,2026-04-29 05:48:22
TX_0003490,KH_16918,72351A,United Kingdom,6,54600.0,2025-07-09 22:28:35
TX_0003491,KH_17338,22158,United Kingdom,6,76700.0,2024-08-27 22:20:52
TX_0003492,KH_16717,23399,United Kingdom,12,22100.0,2025-02-21 21:36:59
TX_0003493,KH_20241,SP_170247381,MIEN_NAM,2,15000.0,2026-04-28 07:51:40
TX_0003494,KH_20352,SP_49128733,MIEN_BAC,1,419000.0,2025-06-11 04:42:47
TX_0003495,KH_GUEST,22754,United Kingdom,1,42380.0,2024-08-05 05:43:20
TX_0003496,KH_20323,SP_121490970,MIEN_BAC,2,319000.0,2026-02-22 10:40:31
TX_0003497,KH_20398,SP_153978895,MIEN_NAM,1,577500.0,2025-02-07 02:47:45
TX_0003498,KH_GUEST,21244,United Kingdom,2,65260.0,2024-02-16 07:45:20
TX_0003499,KH_GUEST,84077,United Kingdom,4,16380.0,2025-09-13 18:52:52
TX_0003500,KH_20225,SP_145134818,MIEN_NAM,2,279000.0,2025-10-23 02:26:50
TX_0003501,KH_16764,23218,United Kingdom,2,32500.0,2024-05-28 13:25:23
TX_0003502,KH_GUEST,22116,United Kingdom,1,42380.0,2026-09-05 03:01:08
TX_0003503,KH_20421,SP_195950344,MIEN_NAM,1,422000.0,2025-03-09 01:04:26
TX_0003504,KH_20319,SP_121330153,MIEN_NAM,1,10000.0,2025-10-10 21:17:39
TX_0003505,KH_15834,22291,United Kingdom,1,37700.0,2024-01-28 11:51:24
TX_0003506,KH_20131,SP_248635827,MIEN_NAM,1,149000.0,2026-06-14 17:56:42
TX_0003507,KH_GUEST,22383,United Kingdom,3,128960.0,2026-08-26 16:00:55
TX_0003508,KH_13569,21642,United Kingdom,8,7540.0,2024-06-20 00:30:45
TX_0003509,KH_20443,SP_138623898,MIEN_NAM,3,79000.0,2025-02-03 04:10:09
TX_0003510,KH_16992,84692,United Kingdom,25,10920.0,2025-03-01 01:50:30
TX_0003511,KH_20484,SP_197366553,MIEN_NAM,8,45000.0,2026-01-01 15:47:04
TX_0003512,KH_20229,SP_213977313,MIEN_NAM,1,189050.0,2026-05-23 15:25:19
TX_0003513,KH_20096,SP_140429400,MIEN_TRUNG,1,25000.0,2026-01-23 00:18:33
TX_0003514,KH_13271,21905,United Kingdom,2,20540.0,2024-01-15 00:17:57
TX_0003515,KH_GUEST,22807,United Kingdom,1,150540.0,2025-05-27 13:27:52
TX_0003516,KH_16320,16161U,Unspecified,25,10920.0,2025-11-13 21:15:17
TX_0003517,KH_20093,SP_173869110,MIEN_BAC,1,79900.0,2026-01-16 23:11:14
TX_0003518,KH_GUEST,22245,United Kingdom,1,43160.0,2024-11-26 06:12:52
TX_0003519,KH_20091,SP_263026372,MIEN_NAM,1,1500.0,2025-06-02 14:45:31
TX_0003520,KH_14156,22088,EIRE,12,76700.0,2025-12-03 09:43:16
TX_0003521,KH_15532,82482,United Kingdom,6,66300.0,2024-06-28 06:15:55
TX_0003522,KH_18042,22835,United Kingdom,2,128700.0,2026-08-25 15:07:48
TX_0003523,KH_20057,SP_184126082,MIEN_BAC,3,351000.0,2025-08-21 13:30:10
TX_0003524,KH_12705,23205,Germany,10,22100.0,2024-07-27 19:46:30
TX_0003525,KH_17675,82484,United Kingdom,8,206700.0,2025-06-02 05:39:37
TX_0003526,KH_12372,22630,Denmark,12,50700.0,2026-06-23 23:11:13
TX_0003527,KH_20113,SP_150946675,MIEN_BAC,1,490000.0,2025-06-27 07:23:10
TX_0003528,KH_GUEST,20886,United Kingdom,1,107380.0,2024-06-02 15:19:30
TX_0003529,KH_16779,85099B,United Kingdom,10,50700.0,2025-03-09 11:02:36
TX_0003530,KH_20382,SP_251777698,MIEN_NAM,4,405000.0,2026-02-03 21:57:56
TX_0003531,KH_20044,SP_38076221,MIEN_BAC,2,1039500.0,2026-04-10 10:40:08
TX_0003532,KH_14096,22814,United Kingdom,4,10920.0,2025-08-01 10:21:55
TX_0003533,KH_18257,22385,United Kingdom,10,54080.0,2025-04-16 11:53:32
TX_0003534,KH_GUEST,22185,United Kingdom,1,87360.0,2025-08-22 12:27:16
TX_0003535,KH_12928,22386,United Kingdom,10,54080.0,2025-06-23 11:59:59
TX_0003536,KH_13756,84879,United Kingdom,8,43940.0,2026-03-07 02:24:28
TX_0003537,KH_15249,22077,United Kingdom,12,42900.0,2024-12-06 17:41:07
TX_0003538,KH_17139,22697,United Kingdom,6,76700.0,2024-12-27 01:17:33
TX_0003539,KH_20182,SP_19328019,MIEN_BAC,1,54862.0,2026-05-04 13:10:49
TX_0003540,KH_14016,21735,EIRE,2,331500.0,2024-11-13 06:54:16
TX_0003541,KH_14562,22865,United Kingdom,4,54600.0,2024-06-05 03:19:37
TX_0003542,KH_12600,22178,Germany,12,32500.0,2026-04-11 21:22:04
TX_0003543,KH_20336,SP_115740385,MIEN_NAM,2,30000.0,2025-07-21 21:54:20
TX_0003544,KH_15044,82486,United Kingdom,2,232700.0,2025-04-15 09:47:53
TX_0003545,KH_13694,15036,United Kingdom,21,18720.0,2024-02-02 06:19:52
TX_0003546,KH_12867,20719,United Kingdom,5,22100.0,2026-04-21 01:07:56
TX_0003547,KH_20056,SP_186843254,MIEN_BAC,3,187000.0,2026-02-10 14:30:00
TX_0003548,KH_20431,SP_21459829,MIEN_NAM,1,177450.0,2025-02-24 16:22:37
TX_0003549,KH_GUEST,20767,United Kingdom,1,63960.0,2024-12-12 08:28:25
TX_0003550,KH_12705,23429,Germany,2,211900.0,2026-05-20 02:26:14
TX_0003551,KH_13584,20719,United Kingdom,2,22100.0,2024-08-05 01:34:51
TX_0003552,KH_20112,SP_24846555,MIEN_TRUNG,2,186340.0,2026-06-25 06:55:41
TX_0003553,KH_14732,22077,United Kingdom,12,50700.0,2025-03-31 01:03:51
TX_0003554,KH_12754,22494,Japan,16,27560.0,2024-03-24 20:41:14
TX_0003555,KH_20042,SP_177586172,MIEN_BAC,1,121221.0,2025-03-28 00:16:43
TX_0003556,KH_20170,SP_190681337,MIEN_NAM,2,59000.0,2025-09-08 15:26:42
TX_0003557,KH_GUEST,21930,United Kingdom,1,107380.0,2024-11-11 19:20:06
TX_0003558,KH_20334,SP_41793235,MIEN_TRUNG,1,36000.0,2026-03-06 01:21:29
TX_0003559,KH_13259,21841,United Kingdom,2,110500.0,2025-06-03 03:13:56
TX_0003560,KH_17580,21485,United Kingdom,3,128700.0,2025-02-18 13:11:27
TX_0003561,KH_GUEST,20724,United Kingdom,2,42380.0,2025-04-08 22:30:22
TX_0003562,KH_20403,SP_99100824,MIEN_BAC,4,240000.0,2026-07-13 06:28:25
TX_0003563,KH_GUEST,85049E,United Kingdom,6,65260.0,2024-09-12 09:43:25
TX_0003564,KH_17505,21175,United Kingdom,12,66300.0,2025-10-03 05:34:14
TX_0003565,KH_16898,84559A,United Kingdom,1,22100.0,2024-12-04 06:42:33
TX_0003566,KH_GUEST,22854,United Kingdom,1,280540.0,2026-08-06 11:37:36
TX_0003567,KH_14546,22699,United Kingdom,2,76700.0,2025-07-07 03:12:22
TX_0003568,KH_20273,SP_68616418,MIEN_NAM,1,499000.0,2025-08-31 22:34:00
TX_0003569,KH_14439,22840,Greece,12,180700.0,2024-09-11 05:02:50
TX_0003570,KH_17091,23209,United Kingdom,10,42900.0,2024-08-26 00:27:06
TX_0003571,KH_GUEST,22580,United Kingdom,7,107380.0,2024-05-31 16:39:26
TX_0003572,KH_14083,84212,United Kingdom,1,16900.0,2025-01-25 02:16:14
TX_0003573,KH_14623,22964,United Kingdom,1,54600.0,2024-12-15 08:47:03
TX_0003574,KH_14692,20854,United Kingdom,3,42900.0,2025-01-19 01:00:30
TX_0003575,KH_14701,23116,United Kingdom,1,128700.0,2025-02-10 05:13:29
TX_0003576,KH_16942,21871,United Kingdom,6,32500.0,2024-07-23 21:43:08
TX_0003577,KH_20443,SP_216202817,MIEN_NAM,1,184500.0,2026-03-08 23:57:05
TX_0003578,KH_17841,21865,United Kingdom,2,54600.0,2026-04-17 22:50:38
TX_0003579,KH_GUEST,72799F,United Kingdom,2,87360.0,2026-08-09 05:48:46
TX_0003580,KH_GUEST,22386,United Kingdom,1,107380.0,2024-01-24 07:42:20
TX_0003581,KH_16729,21485,United Kingdom,1,128700.0,2025-12-30 13:45:17
TX_0003582,KH_GUEST,22591,United Kingdom,1,172380.0,2024-02-28 21:10:32
TX_0003583,KH_20045,SP_263026372,MIEN_NAM,1,1500.0,2026-05-04 03:23:07
TX_0003584,KH_16887,22411,United Kingdom,1,54080.0,2024-07-05 08:12:23
TX_0003585,KH_GUEST,84813,United Kingdom,1,150540.0,2025-05-08 04:10:19
TX_0003586,KH_20443,SP_168495231,MIEN_NAM,1,422100.0,2026-05-18 19:45:29
TX_0003587,KH_16133,21791,United Kingdom,12,32500.0,2026-05-13 06:21:48
TX_0003588,KH_12567,22326,France,6,76700.0,2025-05-19 06:09:44
TX_0003589,KH_16843,22242,United Kingdom,24,42900.0,2025-10-10 07:13:48
TX_0003590,KH_20370,SP_263025565,MIEN_NAM,1,1000.0,2026-08-24 23:34:48
TX_0003591,KH_14298,23026,United Kingdom,12,46540.0,2026-02-23 13:14:55
TX_0003592,KH_14911,21507,EIRE,12,10920.0,2024-07-11 20:10:05
TX_0003593,KH_20211,SP_134229804,MIEN_NAM,1,315810.0,2026-08-27 08:12:56
TX_0003594,KH_17841,22352,United Kingdom,1,66300.0,2026-04-09 01:27:04
TX_0003595,KH_GUEST,22630,United Kingdom,1,63960.0,2024-01-02 01:25:32
TX_0003596,KH_20217,SP_205081783,MIEN_BAC,1,477000.0,2026-02-15 02:30:15
TX_0003597,KH_20256,SP_78955800,MIEN_NAM,8,388000.0,2026-06-03 20:34:47
TX_0003598,KH_17426,22568,United Kingdom,8,97500.0,2026-08-28 14:52:23
TX_0003599,KH_16770,22571,United Kingdom,2,22100.0,2025-06-01 22:20:29
TX_0003600,KH_20294,SP_2229669,MIEN_NAM,1,540000.0,2026-01-21 21:35:57
TX_0003601,KH_17235,21430,United Kingdom,8,97500.0,2025-11-13 14:17:08
TX_0003602,KH_20048,SP_253043401,MIEN_BAC,2,320000.0,2026-09-07 04:02:22
TX_0003603,KH_12748,85172,United Kingdom,16,10920.0,2025-11-01 10:44:53
TX_0003604,KH_GUEST,23197,United Kingdom,2,85540.0,2026-02-27 17:58:49
TX_0003605,KH_17920,20674,United Kingdom,2,32500.0,2024-03-28 19:11:19
TX_0003606,KH_17675,20712,United Kingdom,10,54080.0,2026-09-08 12:09:37
TX_0003607,KH_20339,SP_178052721,MIEN_BAC,4,105000.0,2025-02-05 08:57:41
TX_0003608,KH_13001,21155,United Kingdom,6,66300.0,2024-06-10 08:28:19
TX_0003609,KH_GUEST,16048,United Kingdom,1,21580.0,2024-12-21 12:07:36
TX_0003610,KH_12415,23209,Australia,1,42900.0,2025-08-03 18:59:39
TX_0003611,KH_GUEST,22417,United Kingdom,1,54080.0,2026-09-28 20:08:46
TX_0003612,KH_20025,SP_16326485,MIEN_BAC,2,64000.0,2025-09-20 08:24:20
TX_0003613,KH_14895,22961,United Kingdom,12,37700.0,2026-07-31 14:58:57
TX_0003614,KH_20174,SP_79166480,MIEN_NAM,1,49000.0,2025-03-11 16:34:59
TX_0003615,KH_12748,21872,United Kingdom,2,32500.0,2026-04-24 19:21:34
TX_0003616,KH_18145,22969,United Kingdom,12,37700.0,2026-06-27 12:06:09
TX_0003617,KH_20477,SP_263025426,MIEN_NAM,2,45000.0,2026-07-11 05:00:00
TX_0003618,KH_20285,SP_200794754,MIEN_TRUNG,1,15000.0,2025-11-28 17:35:40
TX_0003619,KH_20099,SP_49125692,MIEN_TRUNG,3,593100.0,2025-08-12 23:56:46
TX_0003620,KH_17405,23153,United Kingdom,4,97500.0,2024-08-10 15:03:53
TX_0003621,KH_12626,21088,Germany,12,16900.0,2024-03-29 18:24:19
TX_0003622,KH_GUEST,84755,United Kingdom,8,32240.0,2026-07-23 18:25:27
TX_0003623,KH_14096,84970S,United Kingdom,15,54080.0,2026-06-02 11:35:36
TX_0003624,KH_16655,22847,United Kingdom,4,388700.0,2024-07-01 00:34:37
TX_0003625,KH_GUEST,21033,United Kingdom,18,63960.0,2026-06-07 11:04:07
TX_0003626,KH_17377,22998,United Kingdom,10,10920.0,2025-08-27 00:41:44
TX_0003627,KH_20223,SP_94587194,MIEN_NAM,1,377000.0,2025-03-11 23:09:05
TX_0003628,KH_20399,SP_172872972,MIEN_BAC,3,50000.0,2025-08-31 08:35:25
TX_0003629,KH_GUEST,21239,United Kingdom,4,42380.0,2025-05-09 21:17:45
TX_0003630,KH_13102,22561,United Kingdom,12,42900.0,2025-11-15 01:14:14
TX_0003631,KH_GUEST,23322,United Kingdom,4,76700.0,2024-12-07 02:43:10
TX_0003632,KH_13078,22193,United Kingdom,2,221000.0,2024-02-22 20:14:22
TX_0003633,KH_16713,85036C,United Kingdom,1,110500.0,2026-10-03 01:55:44
TX_0003634,KH_20411,SP_73521796,MIEN_TRUNG,1,703000.0,2025-08-19 09:17:38
TX_0003635,KH_17841,21672,United Kingdom,2,32500.0,2025-11-18 22:18:33
TX_0003636,KH_20332,SP_31695558,MIEN_NAM,2,22400.0,2026-02-23 22:56:20
TX_0003637,KH_GUEST,22663,United Kingdom,1,107380.0,2024-01-01 04:30:01
TX_0003638,KH_GUEST,84029G,United Kingdom,2,215540.0,2026-03-31 03:16:51
TX_0003639,KH_GUEST,22681,United Kingdom,1,65260.0,2026-07-08 12:43:23
TX_0003640,KH_20108,SP_263026406,MIEN_TRUNG,2,1000.0,2025-11-05 12:40:08
TX_0003641,KH_20112,SP_217568781,MIEN_NAM,1,65000.0,2025-03-26 03:07:08
TX_0003642,KH_20306,SP_21747380,MIEN_NAM,2,590000.0,2025-10-26 10:43:25
TX_0003643,KH_17585,22720,United Kingdom,2,128700.0,2024-12-29 15:06:25
TX_0003644,KH_17243,85123A,United Kingdom,7,76700.0,2025-06-04 16:18:57
TX_0003645,KH_13790,90214Z,United Kingdom,12,7540.0,2025-11-09 05:34:25
TX_0003646,KH_20439,SP_194517904,MIEN_BAC,1,890000.0,2025-04-17 10:28:08
TX_0003647,KH_20072,SP_35865431,MIEN_BAC,4,120000.0,2025-09-17 11:59:01
TX_0003648,KH_16332,85014A,United Kingdom,2,154700.0,2026-07-19 14:02:07
TX_0003649,KH_16809,22411,United Kingdom,4,54080.0,2024-09-18 03:48:45
TX_0003650,KH_20134,SP_207400947,MIEN_BAC,2,479000.0,2025-01-23 12:00:39
TX_0003651,KH_15971,85099B,United Kingdom,19,54080.0,2024-09-13 13:06:21
TX_0003652,KH_20293,SP_103616915,MIEN_NAM,1,999000.0,2025-10-24 18:01:13
TX_0003653,KH_20392,SP_20240540,MIEN_BAC,2,2174000.0,2026-02-23 09:40:32
TX_0003654,KH_20116,SP_200702327,MIEN_NAM,2,590000.0,2025-10-06 22:50:20
TX_0003655,KH_13731,22829,United Kingdom,2,258700.0,2025-05-07 00:54:02
TX_0003656,KH_20352,SP_193195969,MIEN_NAM,1,285000.0,2026-03-12 21:07:15
TX_0003657,KH_13564,22173,United Kingdom,8,76700.0,2025-07-30 20:31:54
TX_0003658,KH_20024,SP_208797622,MIEN_BAC,1,655000.0,2026-08-05 17:04:50
TX_0003659,KH_14085,22716,United Kingdom,24,10920.0,2025-11-26 05:38:32
TX_0003660,KH_GUEST,22902,United Kingdom,3,107380.0,2024-09-28 05:42:04
TX_0003661,KH_GUEST,22732,United Kingdom,3,42380.0,2025-01-16 20:48:49
TX_0003662,KH_14911,22961,EIRE,4,37700.0,2026-04-23 06:02:45
TX_0003663,KH_GUEST,22651,United Kingdom,1,42380.0,2024-07-07 20:36:17
TX_0003664,KH_13266,21240,United Kingdom,8,22100.0,2026-03-08 19:34:49
TX_0003665,KH_14530,82486,United Kingdom,1,232700.0,2026-06-21 20:39:00
TX_0003666,KH_20324,SP_22967660,MIEN_BAC,2,66000.0,2025-02-19 13:00:04
TX_0003667,KH_GUEST,84509A,United Kingdom,9,87360.0,2026-04-30 03:57:10
TX_0003668,KH_20332,SP_263026861,MIEN_TRUNG,2,2500.0,2025-02-17 20:16:03
TX_0003669,KH_20297,SP_190467042,MIEN_BAC,1,230000.0,2026-05-16 11:51:56
TX_0003670,KH_20121,SP_207419440,MIEN_NAM,1,110000.0,2025-05-23 01:19:07
TX_0003671,KH_15484,79321,United Kingdom,24,128700.0,2026-04-20 10:06:20
TX_0003672,KH_20017,SP_76202712,MIEN_BAC,1,56600.0,2026-04-12 19:22:10
TX_0003673,KH_17419,23490,United Kingdom,12,97500.0,2024-02-16 18:15:45
TX_0003674,KH_15034,21385,United Kingdom,10,22100.0,2026-01-18 21:15:56
TX_0003675,KH_18036,20752,United Kingdom,1,54600.0,2026-08-31 04:52:23
TX_0003676,KH_GUEST,20669,United Kingdom,2,63960.0,2024-08-06 20:25:36
TX_0003677,KH_20052,SP_196759727,MIEN_BAC,1,660000.0,2025-08-23 05:13:08
TX_0003678,KH_20243,SP_49346246,MIEN_TRUNG,4,105000.0,2025-02-20 03:56:53
TX_0003679,KH_16348,21539,United Kingdom,1,128700.0,2026-07-03 05:38:38
TX_0003680,KH_GUEST,22699,United Kingdom,2,150540.0,2026-08-16 12:42:37
TX_0003681,KH_12754,22541,Japan,1,10920.0,2026-09-07 16:26:42
TX_0003682,KH_20402,SP_199103181,MIEN_NAM,1,839000.0,2026-08-17 13:17:59
TX_0003683,KH_13900,22626,United Kingdom,1,221000.0,2025-05-27 00:27:02
TX_0003684,KH_15665,21755,United Kingdom,6,154700.0,2026-02-10 11:37:21
TX_0003685,KH_17841,21975,United Kingdom,2,14300.0,2024-02-23 12:44:21
TX_0003686,KH_15061,22585,United Kingdom,14,32500.0,2025-05-29 17:07:37
TX_0003687,KH_15189,22328,United Kingdom,6,76700.0,2025-03-09 12:17:11
TX_0003688,KH_14415,23182,United Kingdom,6,21580.0,2026-05-01 00:00:26
TX_0003689,KH_20181,SP_253145813,MIEN_NAM,1,5400000.0,2026-04-12 11:23:36
TX_0003690,KH_18283,23295,United Kingdom,3,21580.0,2024-03-12 10:11:15
TX_0003691,KH_GUEST,21216,United Kingdom,1,280540.0,2025-08-21 11:28:37
TX_0003692,KH_18231,22926,United Kingdom,3,154700.0,2024-03-19 23:00:07
TX_0003693,KH_GUEST,23204,United Kingdom,22,63960.0,2025-02-26 16:58:36
TX_0003694,KH_13790,90214S,United Kingdom,12,7540.0,2024-12-10 19:25:38
TX_0003695,KH_GUEST,23291,United Kingdom,1,63960.0,2026-04-29 17:30:15
TX_0003696,KH_GUEST,22179,United Kingdom,2,345540.0,2025-03-27 06:10:20
TX_0003697,KH_GUEST,21284,United Kingdom,1,85540.0,2024-11-20 05:45:36
TX_0003698,KH_17885,21914,United Kingdom,1,32500.0,2025-05-21 01:46:32
TX_0003699,KH_15311,22678,United Kingdom,1,32500.0,2024-03-27 18:46:46
TX_0003700,KH_13265,23061,United Kingdom,24,32500.0,2026-05-21 23:29:31
TX_0003701,KH_GUEST,37448,United Kingdom,1,85540.0,2025-09-05 03:36:27
TX_0003702,KH_17841,22722,United Kingdom,1,102700.0,2026-02-22 19:36:09
TX_0003703,KH_20021,SP_5464845,MIEN_BAC,3,1859000.0,2025-07-02 19:05:14
TX_0003704,KH_17730,23231,United Kingdom,25,10920.0,2026-08-16 07:35:50
TX_0003705,KH_20321,SP_252037063,MIEN_TRUNG,1,27000.0,2025-02-08 19:21:24
TX_0003706,KH_20108,SP_248544248,MIEN_BAC,1,399000.0,2026-09-21 03:32:30
TX_0003707,KH_20007,SP_57138134,MIEN_BAC,3,649000.0,2026-06-08 11:28:15
TX_0003708,KH_14911,22608,EIRE,36,4940.0,2024-08-10 12:56:27
TX_0003709,KH_20108,SP_68752056,MIEN_NAM,1,570000.0,2025-06-18 03:02:48
TX_0003710,KH_20297,SP_181774663,MIEN_NAM,1,1249000.0,2026-01-04 03:16:04
TX_0003711,KH_20337,SP_71671585,MIEN_NAM,1,989000.0,2025-11-07 22:21:40
TX_0003712,KH_GUEST,22423,United Kingdom,4,331500.0,2024-08-10 16:00:18
TX_0003713,KH_20034,SP_235879357,MIEN_BAC,1,1299000.0,2026-08-22 11:00:05
TX_0003714,KH_14334,48187,United Kingdom,2,214500.0,2024-08-15 01:35:58
TX_0003715,KH_20004,SP_27880972,MIEN_BAC,3,51450.0,2025-03-30 20:14:43
TX_0003716,KH_20002,SP_219140473,MIEN_BAC,1,355500.0,2025-01-06 09:56:01
TX_0003717,KH_12474,23351,Germany,12,32500.0,2025-05-26 12:46:58
TX_0003718,KH_17758,23233,United Kingdom,25,10920.0,2024-05-22 22:31:08
TX_0003719,KH_GUEST,23282,United Kingdom,1,63960.0,2024-08-25 12:33:46
TX_0003720,KH_20037,SP_163315130,MIEN_TRUNG,1,3980000.0,2026-01-07 20:57:55
TX_0003721,KH_13637,23152,United Kingdom,6,97500.0,2024-07-07 00:48:05
TX_0003722,KH_18118,21161,United Kingdom,2,37700.0,2025-11-28 10:40:12
TX_0003723,KH_14298,23526,United Kingdom,4,139100.0,2026-01-20 19:51:26
TX_0003724,KH_20007,SP_173252192,MIEN_NAM,1,66300.0,2026-08-11 12:52:39
TX_0003725,KH_20045,SP_910724,MIEN_TRUNG,1,99000.0,2025-01-23 18:56:32
TX_0003726,KH_14911,22198,EIRE,12,42900.0,2026-06-23 09:58:54
TX_0003727,KH_GUEST,DOT,United Kingdom,1,15794740.0,2026-04-26 15:39:47
TX_0003728,KH_12682,23084,France,13,46540.0,2024-02-25 10:49:47
TX_0003729,KH_20460,SP_251274640,MIEN_BAC,1,330000.0,2025-12-31 00:36:33
TX_0003730,KH_13893,21524,United Kingdom,2,206700.0,2026-06-18 17:41:17
TX_0003731,KH_GUEST,22703,United Kingdom,2,42380.0,2026-06-01 17:08:19
TX_0003732,KH_16011,21917,United Kingdom,24,10920.0,2025-05-27 20:21:37
TX_0003733,KH_12877,22941,United Kingdom,1,221000.0,2026-09-16 04:16:35
TX_0003734,KH_20190,SP_162214361,MIEN_TRUNG,8,580000.0,2025-02-26 20:00:07
TX_0003735,KH_17277,22971,United Kingdom,6,66300.0,2024-06-21 11:09:20
TX_0003736,KH_GUEST,47591d,United Kingdom,1,128960.0,2025-12-05 00:22:26
TX_0003737,KH_GUEST,22109,United Kingdom,2,193960.0,2026-08-30 04:40:58
TX_0003738,KH_20045,SP_146728934,MIEN_NAM,3,71000.0,2025-01-19 11:35:45
TX_0003739,KH_20153,SP_208185507,MIEN_BAC,2,190000.0,2025-09-22 22:39:29
TX_0003740,KH_GUEST,90087,United Kingdom,1,42380.0,2025-05-06 15:50:40
TX_0003741,KH_16107,23084,United Kingdom,22,46540.0,2025-06-15 02:44:01
TX_0003742,KH_17097,22464,Spain,1,20540.0,2025-11-18 11:53:16
TX_0003743,KH_16284,23202,United Kingdom,1,54080.0,2024-12-08 00:41:45
TX_0003744,KH_17516,21212,United Kingdom,1,14300.0,2025-09-07 23:45:41
TX_0003745,KH_20270,SP_214092751,MIEN_NAM,5,129000.0,2026-03-25 11:35:48
TX_0003746,KH_17812,22572,United Kingdom,3,22100.0,2024-11-09 05:39:05
TX_0003747,KH_20182,SP_213974328,MIEN_NAM,3,1560000.0,2026-08-26 14:56:06
TX_0003748,KH_20015,SP_212559552,MIEN_NAM,2,50000.0,2026-05-23 16:22:26
TX_0003749,KH_15061,22545,United Kingdom,24,9360.0,2024-02-20 13:16:47
TX_0003750,KH_GUEST,82580,United Kingdom,4,32500.0,2024-01-21 05:22:01
TX_0003751,KH_17426,82600,United Kingdom,12,54600.0,2025-04-15 17:41:28
TX_0003752,KH_17198,22578,United Kingdom,1,22100.0,2024-12-16 23:57:26
TX_0003753,KH_20001,SP_81110759,MIEN_NAM,3,10000.0,2025-12-15 20:04:01
TX_0003754,KH_GUEST,22115,United Kingdom,2,150540.0,2024-03-13 18:42:14
TX_0003755,KH_13764,22113,United Kingdom,1,97500.0,2025-08-24 17:44:02
TX_0003756,KH_13895,22592,United Kingdom,4,97500.0,2024-05-15 11:24:49
TX_0003757,KH_GUEST,21912,United Kingdom,1,193960.0,2025-12-12 07:26:21
TX_0003758,KH_20317,SP_253072492,MIEN_BAC,2,27000.0,2025-07-25 05:16:11
TX_0003759,KH_20443,SP_171554622,MIEN_BAC,8,44400.0,2026-09-12 18:29:07
TX_0003760,KH_20284,SP_15948681,MIEN_NAM,1,36900.0,2025-07-25 01:52:08
TX_0003761,KH_20307,SP_90533052,MIEN_NAM,2,448200.0,2026-06-08 06:42:38
TX_0003762,KH_17092,23301,United Kingdom,6,42900.0,2025-09-22 13:07:49
TX_0003763,KH_20106,SP_248800106,MIEN_NAM,3,69000.0,2025-07-27 16:48:44
TX_0003764,KH_15235,90108,United Kingdom,12,27300.0,2024-11-02 01:06:09
TX_0003765,KH_14830,22340,United Kingdom,1,10140.0,2025-07-25 11:55:00
TX_0003766,KH_20278,SP_195694462,MIEN_NAM,1,292000.0,2025-06-17 00:10:59
TX_0003767,KH_20337,SP_193596265,MIEN_NAM,2,650000.0,2026-05-01 19:09:15
TX_0003768,KH_15021,22383,United Kingdom,1,42900.0,2024-01-19 16:49:09
TX_0003769,KH_16431,20828,United Kingdom,2,66300.0,2025-05-15 02:39:44
TX_0003770,KH_17139,23169,United Kingdom,6,107900.0,2026-04-16 20:32:55
TX_0003771,KH_14140,22972,United Kingdom,12,42900.0,2024-09-16 07:39:04
TX_0003772,KH_18283,20724,United Kingdom,1,22100.0,2024-09-26 00:16:20
TX_0003773,KH_20421,SP_160753875,MIEN_BAC,5,720000.0,2026-01-29 01:35:56
TX_0003774,KH_20216,SP_45623475,MIEN_NAM,3,41943.0,2025-12-19 01:09:35
TX_0003775,KH_20205,SP_263063126,MIEN_NAM,2,24000.0,2025-01-17 20:54:18
TX_0003776,KH_12856,22551,United Kingdom,3,42900.0,2024-07-07 04:10:54
TX_0003777,KH_18151,22283,United Kingdom,2,206700.0,2026-07-26 21:23:44
TX_0003778,KH_17673,22435,United Kingdom,10,32500.0,2026-08-22 18:43:10
TX_0003779,KH_18118,21466,United Kingdom,1,97500.0,2024-05-16 18:12:40
TX_0003780,KH_12724,22383,France,10,42900.0,2026-01-25 01:03:53
TX_0003781,KH_20271,SP_168496299,MIEN_BAC,2,420224.0,2025-11-20 15:06:23
TX_0003782,KH_GUEST,22668,United Kingdom,3,150540.0,2024-03-26 15:36:07
TX_0003783,KH_GUEST,84971S,United Kingdom,1,42380.0,2026-09-23 11:15:45
TX_0003784,KH_14152,37340,United Kingdom,48,10140.0,2026-03-09 14:58:52
TX_0003785,KH_20007,SP_138624016,MIEN_BAC,2,79000.0,2026-01-28 00:43:00
TX_0003786,KH_20402,SP_199103607,MIEN_NAM,2,559000.0,2026-04-28 13:16:55
TX_0003787,KH_GUEST,46776E,United Kingdom,1,107380.0,2024-10-28 22:39:21
TX_0003788,KH_15452,85114B,United Kingdom,4,42900.0,2025-03-18 16:34:19
TX_0003789,KH_20046,SP_163871144,MIEN_NAM,3,39000.0,2026-03-09 23:37:52
TX_0003790,KH_GUEST,22893,United Kingdom,2,21580.0,2025-08-02 06:09:23
TX_0003791,KH_GUEST,84755,United Kingdom,4,16900.0,2025-04-02 19:21:53
TX_0003792,KH_20257,SP_103619149,MIEN_BAC,4,329000.0,2025-02-05 02:27:41
TX_0003793,KH_GUEST,90024E,United Kingdom,1,216320.0,2024-06-15 10:55:04
TX_0003794,KH_GUEST,90186B,United Kingdom,1,75400.0,2026-06-22 19:35:23
TX_0003795,KH_GUEST,90206C,United Kingdom,1,129480.0,2025-07-04 06:41:13
TX_0003796,KH_20287,SP_111821157,MIEN_NAM,3,17000.0,2026-06-11 23:59:34
TX_0003797,KH_GUEST,51014C,United Kingdom,1,43160.0,2025-06-23 13:40:45
TX_0003798,KH_20346,SP_241892028,MIEN_BAC,4,79000.0,2026-09-13 19:01:42
TX_0003799,KH_15845,84879,United Kingdom,16,43940.0,2024-04-25 21:27:36
TX_0003800,KH_16241,21063,United Kingdom,1,22100.0,2024-09-18 05:09:07
TX_0003801,KH_GUEST,22196,United Kingdom,1,42380.0,2025-02-11 11:21:43
TX_0003802,KH_14487,84947,United Kingdom,6,32500.0,2025-10-01 13:32:49
TX_0003803,KH_20482,SP_35189065,MIEN_NAM,1,1155000.0,2026-04-17 12:24:26
TX_0003804,KH_GUEST,22569,United Kingdom,1,193960.0,2024-11-30 22:44:31
TX_0003805,KH_GUEST,23354,United Kingdom,4,42380.0,2026-04-24 08:09:36
TX_0003806,KH_16153,22662,United Kingdom,10,42900.0,2026-06-13 03:34:55
TX_0003807,KH_20471,SP_176218409,MIEN_BAC,1,209000.0,2026-01-31 18:20:07
TX_0003808,KH_15159,22041,United Kingdom,12,66300.0,2024-05-31 14:34:44
TX_0003809,KH_12720,20675,Germany,8,32500.0,2026-01-21 06:41:18
TX_0003810,KH_16670,84050,United Kingdom,6,42900.0,2025-04-12 07:07:57
TX_0003811,KH_20048,SP_187156916,MIEN_NAM,1,278000.0,2025-02-25 06:14:07
TX_0003812,KH_20065,SP_205405630,MIEN_NAM,2,19000.0,2025-07-27 21:06:17
TX_0003813,KH_15039,20679,United Kingdom,1,154700.0,2024-08-31 13:57:32
TX_0003814,KH_18109,85123A,United Kingdom,3,76700.0,2024-03-31 22:21:20
TX_0003815,KH_17405,22359,United Kingdom,6,76700.0,2025-01-21 13:27:43
TX_0003816,KH_17472,22479,United Kingdom,10,32500.0,2024-01-19 18:26:50
TX_0003817,KH_12670,POST,France,3,468000.0,2024-10-03 19:19:18
TX_0003818,KH_13098,21506,United Kingdom,12,10920.0,2025-10-20 09:20:28
TX_0003819,KH_12670,22629,France,12,50700.0,2025-07-14 00:27:21
TX_0003820,KH_20077,SP_2549507,MIEN_BAC,3,297900.0,2025-07-27 18:15:15
TX_0003821,KH_GUEST,23205,United Kingdom,1,42380.0,2024-04-05 08:07:44
TX_0003822,KH_13521,23510,United Kingdom,2,10920.0,2026-02-28 14:40:44
TX_0003823,KH_15093,22030,United Kingdom,24,10920.0,2024-06-19 19:18:38
TX_0003824,KH_12423,22303,Belgium,6,66300.0,2025-05-30 13:50:34
TX_0003825,KH_15640,84987,United Kingdom,24,37700.0,2024-12-09 12:11:18
TX_0003826,KH_15712,22469,United Kingdom,12,42900.0,2024-02-02 18:19:36
TX_0003827,KH_16402,20748,United Kingdom,1,331500.0,2025-01-17 15:18:20
TX_0003828,KH_17293,84879,United Kingdom,24,43940.0,2025-12-25 13:59:37
TX_0003829,KH_14395,47566,United Kingdom,4,128700.0,2025-09-12 04:31:26
TX_0003830,KH_13089,22457,United Kingdom,48,66300.0,2024-05-04 11:36:42
TX_0003831,KH_20370,SP_242019690,MIEN_NAM,1,6800000.0,2025-10-04 09:18:47
TX_0003832,KH_20187,SP_149415334,MIEN_BAC,5,650000.0,2025-12-19 03:27:29
TX_0003833,KH_15427,21034,United Kingdom,3,24700.0,2025-10-28 04:05:04
TX_0003834,KH_20085,SP_163871063,MIEN_NAM,3,179000.0,2026-04-09 04:52:17
TX_0003835,KH_20341,SP_263027191,MIEN_NAM,1,1200.0,2025-01-22 08:32:17
TX_0003836,KH_14911,23058,EIRE,12,20540.0,2025-11-12 19:48:30
TX_0003837,KH_17191,22969,United Kingdom,12,37700.0,2025-01-10 17:36:09
TX_0003838,KH_12681,20750,France,2,206700.0,2025-10-01 11:26:09
TX_0003839,KH_20247,SP_214636471,MIEN_BAC,2,68000.0,2026-04-01 03:39:53
TX_0003840,KH_14178,23570,United Kingdom,5,32500.0,2025-05-13 06:49:48
TX_0003841,KH_20282,SP_162563204,MIEN_BAC,1,189000.0,2025-03-31 14:39:21
TX_0003842,KH_GUEST,22356,United Kingdom,1,43160.0,2026-06-15 12:32:42
TX_0003843,KH_16186,22983,United Kingdom,12,10920.0,2024-10-05 14:01:52
TX_0003844,KH_13078,22499,United Kingdom,48,128700.0,2026-05-20 06:59:05
TX_0003845,KH_20345,SP_263027081,MIEN_NAM,1,3500.0,2026-01-31 20:15:46
TX_0003846,KH_GUEST,16238,United Kingdom,1,10920.0,2026-01-16 00:52:59
TX_0003847,KH_15579,21485,United Kingdom,2,128700.0,2025-10-10 02:54:15
TX_0003848,KH_18190,22444,United Kingdom,24,32500.0,2026-09-14 00:25:27
TX_0003849,KH_GUEST,84510a,United Kingdom,1,63960.0,2026-06-27 22:37:38
TX_0003850,KH_GUEST,85032D,United Kingdom,1,43160.0,2026-06-13 08:45:23
TX_0003851,KH_20157,SP_68767421,MIEN_NAM,4,570000.0,2025-04-04 09:15:08
TX_0003852,KH_20396,SP_143997543,MIEN_NAM,1,25000.0,2026-02-17 08:33:41
TX_0003853,KH_GUEST,20724,United Kingdom,1,42380.0,2024-01-25 07:25:09
TX_0003854,KH_20070,SP_3006993,MIEN_BAC,1,159000.0,2026-01-22 11:48:19
TX_0003855,KH_14664,72351A,United Kingdom,1,54600.0,2026-03-01 17:14:27
TX_0003856,KH_20245,SP_253074741,MIEN_BAC,1,27000.0,2026-04-02 06:57:33
TX_0003857,KH_GUEST,22268,United Kingdom,1,16380.0,2025-01-02 00:46:21
TX_0003858,KH_15251,22840,United Kingdom,12,180700.0,2024-04-15 10:25:24
TX_0003859,KH_20468,SP_217168183,MIEN_NAM,1,69500.0,2025-11-27 21:55:53
TX_0003860,KH_17841,23031,United Kingdom,18,42900.0,2024-07-28 06:51:19
TX_0003861,KH_20062,SP_160205765,MIEN_NAM,5,169000.0,2026-05-27 10:31:49
TX_0003862,KH_GUEST,21922,United Kingdom,1,432380.0,2026-08-17 16:51:25
TX_0003863,KH_20291,SP_90324667,MIEN_BAC,1,51000.0,2025-04-06 23:10:17
TX_0003864,KH_14505,21738,United Kingdom,3,76700.0,2026-02-02 04:13:41
TX_0003865,KH_GUEST,22154,United Kingdom,1,21580.0,2024-05-24 11:27:49
TX_0003866,KH_20087,SP_173867551,MIEN_NAM,1,79900.0,2026-01-06 14:41:25
TX_0003867,KH_12662,22176,Germany,6,76700.0,2024-07-23 01:09:32
TX_0003868,KH_16791,23401,United Kingdom,1,162500.0,2025-11-19 14:48:20
TX_0003869,KH_15719,22663,United Kingdom,2,50700.0,2026-03-05 00:55:19
TX_0003870,KH_13804,22549,United Kingdom,24,37700.0,2026-09-17 23:35:42
TX_0003871,KH_14700,22805,United Kingdom,36,32500.0,2024-12-28 00:15:49
TX_0003872,KH_17589,23504,United Kingdom,3,32500.0,2025-06-27 03:17:27
TX_0003873,KH_16515,21136,United Kingdom,8,43940.0,2025-03-25 16:58:05
TX_0003874,KH_20159,SP_200795273,MIEN_NAM,4,550000.0,2025-06-19 09:04:16
TX_0003875,KH_20464,SP_89944064,MIEN_BAC,1,28600.0,2026-09-14 12:40:45
TX_0003876,KH_17530,21158,United Kingdom,3,10140.0,2024-01-06 00:15:04
TX_0003877,KH_17841,23209,United Kingdom,2,42900.0,2026-08-28 06:18:36
TX_0003878,KH_13414,22560,United Kingdom,24,32500.0,2026-03-29 12:41:18
TX_0003879,KH_GUEST,22638,United Kingdom,2,128960.0,2026-05-05 13:11:06
TX_0003880,KH_GUEST,20665,United Kingdom,1,150540.0,2024-06-14 22:55:15
TX_0003881,KH_20221,SP_157828713,MIEN_TRUNG,1,370500.0,2026-08-10 07:40:08
TX_0003882,KH_20486,SP_78629458,MIEN_NAM,4,729000.0,2026-02-24 11:54:31
TX_0003883,KH_13297,23205,United Kingdom,20,22100.0,2024-04-13 16:22:14
TX_0003884,KH_GUEST,22591,United Kingdom,4,172380.0,2025-08-28 23:38:09
TX_0003885,KH_GUEST,21623,United Kingdom,1,529880.0,2025-08-14 23:19:50
TX_0003886,KH_GUEST,23365,United Kingdom,2,32500.0,2026-08-14 05:53:08
TX_0003887,KH_GUEST,35911A,United Kingdom,3,21580.0,2025-08-17 06:44:04
TX_0003888,KH_20103,SP_168464711,MIEN_BAC,4,70000.0,2025-11-13 06:12:41
TX_0003889,KH_20328,SP_206675652,MIEN_NAM,1,25000.0,2026-01-14 19:18:39
TX_0003890,KH_20041,SP_192151159,MIEN_NAM,2,250000.0,2025-05-01 08:10:32
TX_0003891,KH_14049,22195,United Kingdom,3,42900.0,2026-09-23 21:30:04
TX_0003892,KH_17841,23263,United Kingdom,3,32500.0,2025-05-17 17:37:05
TX_0003893,KH_16474,22097,United Kingdom,1,10140.0,2026-07-15 13:25:32
TX_0003894,KH_14916,22627,United Kingdom,2,221000.0,2025-04-10 01:28:39
TX_0003895,KH_12933,22149,United Kingdom,1,54600.0,2025-12-25 18:19:55
TX_0003896,KH_GUEST,22572,United Kingdom,2,42380.0,2026-08-22 04:03:37
TX_0003897,KH_14527,22691,United Kingdom,1,206700.0,2025-07-21 09:44:02
TX_0003898,KH_GUEST,84997b,United Kingdom,16,220220.0,2025-08-02 18:56:50
TX_0003899,KH_20309,SP_4266309,MIEN_BAC,3,55000.0,2026-04-16 23:47:14
TX_0003900,KH_GUEST,21810,United Kingdom,1,63960.0,2025-01-21 04:59:12
TX_0003901,KH_20460,SP_177559174,MIEN_NAM,2,449000.0,2025-05-28 18:59:29
TX_0003902,KH_17511,22711,United Kingdom,25,10920.0,2025-07-29 00:28:46
TX_0003903,KH_GUEST,21086,United Kingdom,2,42380.0,2025-03-23 02:55:31
TX_0003904,KH_17728,22271,United Kingdom,6,76700.0,2024-06-07 23:20:33
TX_0003905,KH_GUEST,21906,United Kingdom,1,345540.0,2024-05-01 10:16:31
TX_0003906,KH_18231,22877,United Kingdom,8,50700.0,2025-04-11 03:50:23
TX_0003907,KH_17841,85206A,United Kingdom,1,42900.0,2026-01-04 08:16:37
TX_0003908,KH_20327,SP_213559507,MIEN_NAM,3,15000.0,2026-08-05 21:36:59
TX_0003909,KH_14961,22150,United Kingdom,12,50700.0,2024-11-02 02:41:44
TX_0003910,KH_13941,20931,United Kingdom,24,76700.0,2024-01-26 23:59:00
TX_0003911,KH_20256,SP_205694412,MIEN_TRUNG,1,130000.0,2025-07-26 10:55:17
TX_0003912,KH_15443,21457,United Kingdom,1,32500.0,2026-02-22 03:19:37
TX_0003913,KH_16910,84596F,United Kingdom,2,10920.0,2024-04-26 06:16:31
TX_0003914,KH_20238,SP_114688579,MIEN_NAM,3,20000.0,2025-03-26 20:56:20
TX_0003915,KH_GUEST,21231,United Kingdom,6,63960.0,2026-06-14 19:25:40
TX_0003916,KH_17602,84992,United Kingdom,6,14300.0,2026-06-25 09:28:36
TX_0003917,KH_GUEST,22602,United Kingdom,2,42380.0,2024-03-18 06:56:11
TX_0003918,KH_GUEST,23253,United Kingdom,3,367380.0,2026-07-04 03:25:01
TX_0003919,KH_15358,23176,United Kingdom,8,58500.0,2024-09-06 22:09:26
TX_0003920,KH_13394,47504K,United Kingdom,12,20540.0,2024-02-14 05:28:19
TX_0003921,KH_17811,23330,United Kingdom,3,32500.0,2025-08-27 14:46:25
TX_0003922,KH_20479,SP_72770584,MIEN_TRUNG,1,215496.0,2026-09-17 01:02:50
TX_0003923,KH_12540,21207,Spain,12,42900.0,2024-02-11 12:18:39
TX_0003924,KH_17461,23458,United Kingdom,1,388700.0,2024-12-31 18:45:51
TX_0003925,KH_12490,22738,France,10,42900.0,2024-12-18 12:28:09
TX_0003926,KH_20356,SP_249694485,MIEN_BAC,2,1965600.0,2025-07-30 01:35:04
TX_0003927,KH_13113,37447,United Kingdom,8,38740.0,2024-02-24 08:07:59
TX_0003928,KH_GUEST,84796B,United Kingdom,1,215540.0,2025-05-28 20:16:52
TX_0003929,KH_20343,SP_263202992,MIEN_BAC,1,513000.0,2026-09-20 01:39:03
TX_0003930,KH_GUEST,21258,United Kingdom,2,662740.0,2025-02-10 10:32:37
TX_0003931,KH_20212,SP_135537905,MIEN_NAM,2,9000.0,2026-08-31 21:06:04
TX_0003932,KH_12395,22551,Belgium,12,42900.0,2026-03-29 00:52:56
TX_0003933,KH_GUEST,35961,United Kingdom,1,42380.0,2025-01-23 16:53:08
TX_0003934,KH_GUEST,23091,United Kingdom,1,323960.0,2024-02-26 07:50:07
TX_0003935,KH_15321,23239,United Kingdom,12,107900.0,2024-05-07 09:20:30
TX_0003936,KH_20212,SP_182838296,MIEN_NAM,4,985000.0,2026-08-28 05:35:58
TX_0003937,KH_13742,22554,United Kingdom,1,42900.0,2024-05-17 11:16:58
TX_0003938,KH_GUEST,22422,United Kingdom,4,32500.0,2026-02-28 01:19:47
TX_0003939,KH_16497,22734,United Kingdom,12,75140.0,2024-06-18 02:32:52
TX_0003940,KH_GUEST,23318,United Kingdom,1,128960.0,2024-04-10 22:37:11
TX_0003941,KH_20372,SP_247972660,MIEN_BAC,5,89000.0,2026-07-12 09:52:45
TX_0003942,KH_GUEST,21555,United Kingdom,1,63960.0,2024-05-11 22:23:18
TX_0003943,KH_16709,22729,United Kingdom,8,97500.0,2024-04-07 03:50:17
TX_0003944,KH_20403,SP_263062623,MIEN_NAM,1,20000.0,2025-04-01 01:49:53
TX_0003945,KH_14489,23205,United Kingdom,10,22100.0,2025-06-29 19:43:33
TX_0003946,KH_20474,SP_263026393,MIEN_TRUNG,3,1000.0,2026-05-25 23:08:08
TX_0003947,KH_GUEST,22165,United Kingdom,2,280540.0,2024-05-22 06:43:16
TX_0003948,KH_20012,SP_252174136,MIEN_NAM,1,389000.0,2025-04-29 22:03:07
TX_0003949,KH_20205,SP_101155192,MIEN_BAC,1,69000.0,2026-01-04 10:49:00
TX_0003950,KH_20413,SP_176610211,MIEN_NAM,3,65000.0,2025-11-20 01:14:38
TX_0003951,KH_GUEST,22026,United Kingdom,1,21580.0,2025-07-20 12:49:46
TX_0003952,KH_17180,21613,United Kingdom,1,76700.0,2025-06-24 12:07:01
TX_0003953,KH_12378,22728,Switzerland,4,97500.0,2025-11-14 12:55:37
TX_0003954,KH_GUEST,79321,United Kingdom,10,323960.0,2024-02-06 18:26:09
TX_0003955,KH_20458,SP_72013733,MIEN_BAC,2,79200.0,2026-07-13 17:31:07
TX_0003956,KH_20484,SP_138385893,MIEN_NAM,1,26999.0,2026-01-04 10:44:36
TX_0003957,KH_20200,SP_169000412,MIEN_NAM,1,199000.0,2025-09-01 20:00:01
TX_0003958,KH_GUEST,22074,United Kingdom,25,21580.0,2025-09-28 08:39:29
TX_0003959,KH_20378,SP_141474174,MIEN_NAM,1,58000.0,2026-04-06 09:08:12
TX_0003960,KH_GUEST,84535B,United Kingdom,1,37960.0,2024-05-06 21:03:04
TX_0003961,KH_GUEST,22418,Hong Kong,48,22100.0,2026-05-19 10:45:15
TX_0003962,KH_20420,SP_124942154,MIEN_NAM,1,13500.0,2025-03-21 15:36:00
TX_0003963,KH_13813,23247,Germany,6,75140.0,2024-04-12 17:58:24
TX_0003964,KH_20214,SP_89427709,MIEN_NAM,1,9900.0,2025-09-05 16:24:03
TX_0003965,KH_14796,22844,United Kingdom,1,221000.0,2025-01-25 05:19:21
TX_0003966,KH_20212,SP_164554574,MIEN_NAM,3,111000.0,2026-04-29 10:47:03
TX_0003967,KH_18118,84789,United Kingdom,1,97500.0,2025-05-24 22:17:25
TX_0003968,KH_18283,20718,United Kingdom,1,32500.0,2024-02-29 07:37:56
TX_0003969,KH_20319,SP_171766514,MIEN_NAM,2,857000.0,2025-02-17 11:42:39
TX_0003970,KH_14931,22086,Channel Islands,6,76700.0,2026-06-21 05:02:39
TX_0003971,KH_15005,22380,United Kingdom,2,54600.0,2026-08-25 23:47:11
TX_0003972,KH_20193,SP_225113256,MIEN_NAM,1,7900.0,2026-05-10 06:43:05
TX_0003973,KH_20081,SP_158850151,MIEN_NAM,2,12349.0,2026-04-23 00:40:02
TX_0003974,KH_GUEST,22244,United Kingdom,1,107380.0,2025-08-10 20:26:21
TX_0003975,KH_GUEST,82494l,United Kingdom,1,215540.0,2024-12-30 10:52:19
TX_0003976,KH_18171,21411,United Kingdom,3,110500.0,2025-04-12 17:10:33
TX_0003977,KH_20121,SP_207406605,MIEN_NAM,1,300000.0,2026-05-24 14:41:41
TX_0003978,KH_16208,23121,United Kingdom,2,10920.0,2024-10-18 16:08:53
TX_0003979,KH_20284,SP_146729699,MIEN_NAM,1,74900.0,2026-07-07 19:42:18
TX_0003980,KH_17418,22413,United Kingdom,6,76700.0,2025-01-02 23:33:55
TX_0003981,KH_17377,23353,United Kingdom,5,21580.0,2024-07-12 01:37:45
TX_0003982,KH_14808,22491,United Kingdom,12,22100.0,2024-12-28 17:24:49
TX_0003983,KH_20464,SP_176067708,MIEN_NAM,1,11858.0,2025-08-09 19:34:45
TX_0003984,KH_16830,23203,United Kingdom,10,54080.0,2024-12-26 22:06:02
TX_0003985,KH_17796,21479,United Kingdom,2,97500.0,2024-12-17 09:32:09
TX_0003986,KH_20246,SP_161923211,MIEN_BAC,4,891000.0,2026-02-28 20:20:45
TX_0003987,KH_GUEST,22524,United Kingdom,20,85540.0,2026-07-30 03:39:47
TX_0003988,KH_20227,SP_193167426,MIEN_BAC,1,320000.0,2026-08-01 03:04:17
TX_0003989,KH_GUEST,22037,United Kingdom,1,21580.0,2024-04-15 23:09:29
TX_0003990,KH_15694,22619,United Kingdom,4,97500.0,2026-04-24 15:54:30
TX_0003991,KH_12748,22189,United Kingdom,4,102700.0,2024-10-26 14:01:58
TX_0003992,KH_20082,SP_20241668,MIEN_NAM,2,2683000.0,2025-03-15 10:24:30
TX_0003993,KH_20236,SP_10108070,MIEN_NAM,1,1280000.0,2025-12-17 09:35:47
TX_0003994,KH_14606,21850,United Kingdom,1,128700.0,2025-05-12 00:57:10
TX_0003995,KH_12360,21929,Austria,10,54080.0,2026-08-21 08:58:56
TX_0003996,KH_17790,23393,United Kingdom,4,97500.0,2025-07-20 09:32:10
TX_0003997,KH_16686,21239,United Kingdom,2,22100.0,2025-06-08 18:30:55
TX_0003998,KH_15555,84356,United Kingdom,1,180700.0,2026-06-01 07:36:45
TX_0003999,KH_GUEST,82580,United Kingdom,2,32500.0,2024-10-13 09:46:04
TX_0004000,KH_14935,21785,Channel Islands,19,16900.0,2026-03-11 02:11:16
TX_0004001,KH_20064,SP_13158535,MIEN_TRUNG,1,81000.0,2025-03-31 23:11:50
TX_0004002,KH_17774,72800B,United Kingdom,3,66300.0,2024-02-20 18:44:42
TX_0004003,KH_16224,23275,United Kingdom,12,32500.0,2026-02-01 18:29:34
TX_0004004,KH_17672,23356,United Kingdom,6,154700.0,2026-03-09 14:28:58
TX_0004005,KH_GUEST,21192,United Kingdom,11,87360.0,2025-05-23 03:12:45
TX_0004006,KH_12465,23108,Belgium,2,162500.0,2025-05-12 09:00:34
TX_0004007,KH_GUEST,22248,United Kingdom,11,20540.0,2024-02-10 09:33:58
TX_0004008,KH_12719,POST,France,2,468000.0,2026-09-14 08:49:18
TX_0004009,KH_13050,21527,United Kingdom,2,206700.0,2026-07-17 20:24:50
TX_0004010,KH_16746,22715,United Kingdom,12,10920.0,2026-05-31 05:37:40
TX_0004011,KH_20213,SP_220666690,MIEN_BAC,1,4340000.0,2025-05-14 12:24:29
TX_0004012,KH_14129,23126,United Kingdom,4,128700.0,2024-03-17 22:48:43
TX_0004013,KH_20470,SP_96711017,MIEN_NAM,2,5100000.0,2025-09-28 09:13:39
TX_0004014,KH_17017,23084,United Kingdom,12,54080.0,2025-12-04 08:32:38
TX_0004015,KH_12481,21731,Germany,24,42900.0,2024-06-23 13:30:59
TX_0004016,KH_20240,SP_207418557,MIEN_BAC,1,120000.0,2026-08-02 02:22:45
TX_0004017,KH_20112,SP_75762919,MIEN_NAM,1,250000.0,2026-02-24 21:51:21
TX_0004018,KH_20179,SP_138624527,MIEN_NAM,1,63000.0,2025-05-31 22:25:52
TX_0004019,KH_20088,SP_190680800,MIEN_BAC,4,62000.0,2025-04-26 21:37:37
TX_0004020,KH_17364,21158,United Kingdom,1,10140.0,2024-02-15 12:05:27
TX_0004021,KH_20053,SP_35579070,MIEN_BAC,1,820000.0,2025-05-31 03:47:54
TX_0004022,KH_14936,23439,Channel Islands,12,54600.0,2025-04-07 03:05:45
TX_0004023,KH_12378,21239,Switzerland,8,22100.0,2024-04-07 03:52:33
TX_0004024,KH_18126,23101,United Kingdom,1,21580.0,2026-01-27 12:55:25
TX_0004025,KH_20187,SP_207936068,MIEN_TRUNG,2,10164000.0,2025-09-09 03:52:09
TX_0004026,KH_20468,SP_94157759,MIEN_NAM,1,239000.0,2025-04-05 06:33:13
TX_0004027,KH_20057,SP_51249281,MIEN_NAM,1,992000.0,2026-06-22 11:11:33
TX_0004028,KH_13534,23207,United Kingdom,10,42900.0,2026-09-29 03:50:39
TX_0004029,KH_20447,SP_114696862,MIEN_NAM,5,28000.0,2026-04-06 00:19:06
TX_0004030,KH_GUEST,22228,United Kingdom,2,21580.0,2026-06-30 08:17:54
TX_0004031,KH_20088,SP_123939703,MIEN_NAM,3,380000.0,2026-04-22 15:28:10
TX_0004032,KH_14554,23196,United Kingdom,3,37700.0,2024-12-28 15:51:48
TX_0004033,KH_14546,23118,United Kingdom,2,195000.0,2024-10-02 05:22:18
TX_0004034,KH_20405,SP_129147586,MIEN_TRUNG,1,701100.0,2026-02-28 22:23:49
TX_0004035,KH_GUEST,85087,United Kingdom,6,87360.0,2025-07-13 04:50:46
TX_0004036,KH_14419,21328,United Kingdom,2,42900.0,2026-09-10 02:17:14
TX_0004037,KH_GUEST,21452,United Kingdom,1,150540.0,2024-01-21 22:41:46
TX_0004038,KH_20242,SP_242504242,MIEN_NAM,3,351000.0,2026-01-04 22:39:53
TX_0004039,KH_20062,SP_174665640,MIEN_TRUNG,3,949000.0,2026-01-16 13:27:32
TX_0004040,KH_GUEST,23318,United Kingdom,4,128960.0,2024-10-08 18:31:13
TX_0004041,KH_20231,SP_263026042,MIEN_NAM,2,12000.0,2025-05-09 07:55:32
TX_0004042,KH_GUEST,84356,United Kingdom,3,150540.0,2026-03-25 07:58:30
TX_0004043,KH_12951,23353,United Kingdom,12,21580.0,2024-04-11 04:02:10
TX_0004044,KH_20216,SP_181998831,MIEN_BAC,1,15000.0,2026-05-13 22:44:23
TX_0004045,KH_13755,21673,United Kingdom,1,37700.0,2026-02-01 19:30:26
TX_0004046,KH_GUEST,22151,United Kingdom,6,42380.0,2025-09-26 05:32:56
TX_0004047,KH_15427,22082,United Kingdom,5,42900.0,2026-08-01 22:27:17
TX_0004048,KH_20471,SP_74163432,MIEN_NAM,1,612000.0,2025-05-29 14:37:02
TX_0004049,KH_16843,16259,United Kingdom,19,2080.0,2024-02-24 07:58:35
TX_0004050,KH_16407,82486,United Kingdom,1,232700.0,2024-05-30 02:46:18
TX_0004051,KH_GUEST,22385,United Kingdom,1,131560.0,2024-12-26 15:45:24
TX_0004052,KH_16265,22993,United Kingdom,12,32500.0,2025-12-07 09:33:00
TX_0004053,KH_18034,23300,United Kingdom,2,42900.0,2025-09-13 14:12:14
TX_0004054,KH_20481,SP_143114560,MIEN_BAC,2,390000.0,2025-11-25 06:49:16
TX_0004055,KH_GUEST,20724,United Kingdom,32,63960.0,2024-12-13 03:21:05
TX_0004056,KH_15023,22241,United Kingdom,6,32500.0,2026-08-25 23:03:48
TX_0004057,KH_14944,23215,United Kingdom,12,54080.0,2025-04-28 17:26:06
TX_0004058,KH_14390,23083,United Kingdom,39,97500.0,2025-12-20 08:29:30
TX_0004059,KH_17381,22555,United Kingdom,6,42900.0,2025-07-12 07:25:46
TX_0004060,KH_15574,85136A,United Kingdom,1,206700.0,2024-10-17 23:31:46
TX_0004061,KH_15707,21915,United Kingdom,6,32500.0,2025-04-23 04:28:05
TX_0004062,KH_GUEST,37370,United Kingdom,1,410540.0,2025-08-22 18:48:16
TX_0004063,KH_20061,SP_101155669,MIEN_NAM,1,69000.0,2025-12-27 22:31:56
TX_0004064,KH_12624,15058C,France,2,206700.0,2024-05-29 11:14:04
TX_0004065,KH_16360,23568,United Kingdom,2,32500.0,2025-11-02 19:39:16
TX_0004066,KH_13536,23314,United Kingdom,2,325000.0,2024-05-10 03:34:41
TX_0004067,KH_20430,SP_263107459,MIEN_NAM,5,499000.0,2026-06-03 01:40:20
TX_0004068,KH_12599,23354,France,12,21580.0,2026-06-19 18:16:34
TX_0004069,KH_17685,21313,United Kingdom,12,22100.0,2025-10-25 21:29:21
TX_0004070,KH_GUEST,84535B,United Kingdom,1,37960.0,2025-01-24 15:42:55
TX_0004071,KH_20417,SP_184252647,MIEN_TRUNG,1,17680000.0,2025-05-03 04:12:20
TX_0004072,KH_15358,84535B,United Kingdom,16,16900.0,2026-01-18 07:46:04
TX_0004073,KH_20257,SP_263026390,MIEN_TRUNG,1,3500.0,2025-01-07 06:02:03
TX_0004074,KH_20127,SP_89661408,MIEN_NAM,2,14800.0,2026-10-06 15:01:41
TX_0004075,KH_13599,22629,United Kingdom,12,50700.0,2024-08-05 20:18:32
TX_0004076,KH_16712,23335,United Kingdom,3,54080.0,2026-01-18 14:38:23
TX_0004077,KH_20069,SP_194104680,MIEN_NAM,2,129000.0,2025-03-16 04:22:43
TX_0004078,KH_16549,85099F,United Kingdom,2,54080.0,2026-07-03 11:59:25
TX_0004079,KH_18226,20728,United Kingdom,10,42900.0,2025-10-13 11:18:28
TX_0004080,KH_GUEST,21658,United Kingdom,1,215540.0,2025-02-05 11:04:35
TX_0004081,KH_14606,84352,United Kingdom,1,440700.0,2025-04-17 16:42:10
TX_0004082,KH_15660,22161,United Kingdom,24,4940.0,2024-06-30 08:03:55
TX_0004083,KH_17139,22356,United Kingdom,20,22100.0,2024-07-13 16:42:25
TX_0004084,KH_20483,SP_193200599,MIEN_NAM,1,270000.0,2026-08-20 02:10:50
TX_0004085,KH_20169,SP_121331481,MIEN_TRUNG,1,145000.0,2025-06-08 13:05:52
TX_0004086,KH_20139,SP_183487222,MIEN_NAM,5,308750.0,2025-08-02 15:05:29
TX_0004087,KH_17472,22624,United Kingdom,1,221000.0,2026-01-09 02:22:30
TX_0004088,KH_17052,21818,United Kingdom,4,10140.0,2026-09-05 19:47:36
TX_0004089,KH_12957,82580,United Kingdom,12,14300.0,2024-09-14 03:54:27
TX_0004090,KH_20163,SP_31840634,MIEN_NAM,3,70499.0,2025-12-22 11:19:05
TX_0004091,KH_12540,21877,Spain,12,42900.0,2026-02-15 10:33:24
TX_0004092,KH_20119,SP_257867355,MIEN_NAM,4,389000.0,2026-09-13 14:29:21
TX_0004093,KH_14036,20750,United Kingdom,4,206700.0,2026-03-23 15:49:07
TX_0004094,KH_20096,SP_174176026,MIEN_NAM,1,49000.0,2025-01-15 14:18:15
TX_0004095,KH_15392,23044,United Kingdom,4,107900.0,2024-01-07 03:27:19
TX_0004096,KH_GUEST,22178,United Kingdom,2,63960.0,2026-06-18 19:36:22
TX_0004097,KH_20134,SP_170649389,MIEN_TRUNG,4,59000.0,2026-06-22 23:53:35
TX_0004098,KH_20466,SP_19760057,MIEN_BAC,1,869000.0,2026-02-21 07:09:26
TX_0004099,KH_GUEST,22980,United Kingdom,2,85540.0,2024-11-01 10:26:46
TX_0004100,KH_15549,22281,United Kingdom,4,154700.0,2026-05-07 12:36:12
TX_0004101,KH_20213,SP_263026058,MIEN_NAM,1,2000.0,2025-02-01 08:28:06
TX_0004102,KH_15502,22560,United Kingdom,24,32500.0,2024-03-09 18:00:17
TX_0004103,KH_GUEST,22171,United Kingdom,1,432380.0,2025-01-18 20:47:16
TX_0004104,KH_18094,82552,United Kingdom,12,37700.0,2024-09-10 00:19:51
TX_0004105,KH_GUEST,21205,United Kingdom,2,128960.0,2026-07-27 16:59:15
TX_0004106,KH_17865,23172,United Kingdom,12,42900.0,2025-12-13 10:57:19
TX_0004107,KH_20443,SP_74421679,MIEN_BAC,1,949050.0,2025-05-19 01:28:42
TX_0004108,KH_16265,22350,United Kingdom,6,66300.0,2026-05-23 17:50:00
TX_0004109,KH_15065,22583,United Kingdom,6,66300.0,2024-11-08 22:48:14
TX_0004110,KH_13018,23300,United Kingdom,12,42900.0,2024-10-25 06:54:55
TX_0004111,KH_17221,16218,United Kingdom,5,1560.0,2026-05-23 09:17:57
TX_0004112,KH_13736,21041,United Kingdom,1,76700.0,2025-03-16 06:19:36
TX_0004113,KH_20478,SP_103031452,MIEN_NAM,2,300000.0,2026-07-17 22:57:12
TX_0004114,KH_13437,84987,United Kingdom,12,37700.0,2024-05-14 16:17:34
TX_0004115,KH_GUEST,22167,United Kingdom,4,518960.0,2024-03-25 01:04:28
TX_0004116,KH_13821,22385,United Kingdom,2,54080.0,2024-02-15 14:28:20
TX_0004117,KH_14135,23307,United Kingdom,24,14300.0,2025-01-31 13:53:23
TX_0004118,KH_20168,SP_41794061,MIEN_NAM,3,23513.0,2026-02-21 22:18:17
TX_0004119,KH_20241,SP_12728380,MIEN_TRUNG,3,35000.0,2026-05-10 10:15:57
TX_0004120,KH_20056,SP_263027424,MIEN_BAC,4,2000.0,2026-05-17 04:07:21
TX_0004121,KH_20173,SP_45999915,MIEN_BAC,2,200000.0,2025-11-07 13:22:18
TX_0004122,KH_15804,23356,United Kingdom,3,154700.0,2024-09-30 18:01:30
TX_0004123,KH_GUEST,21033,United Kingdom,1,63960.0,2026-03-15 01:57:31
TX_0004124,KH_20449,SP_177561335,MIEN_NAM,4,459000.0,2025-07-28 00:30:41
TX_0004125,KH_16232,84879,United Kingdom,8,43940.0,2026-05-13 09:16:11
TX_0004126,KH_20093,SP_193003948,MIEN_BAC,1,69000.0,2025-03-22 04:28:04
TX_0004127,KH_20115,SP_192259615,MIEN_NAM,1,39000.0,2026-09-25 12:51:05
TX_0004128,KH_17062,22926,United Kingdom,2,154700.0,2025-08-08 17:01:14
TX_0004129,KH_20449,SP_191777680,MIEN_NAM,2,850000.0,2025-02-18 10:21:41
TX_0004130,KH_GUEST,21181,United Kingdom,3,107380.0,2025-01-02 12:07:31
TX_0004131,KH_20434,SP_263025592,MIEN_BAC,4,15000.0,2025-06-01 19:51:40
TX_0004132,KH_14506,23236,United Kingdom,2,75140.0,2026-04-23 03:36:12
TX_0004133,KH_20220,SP_168499238,MIEN_BAC,1,420000.0,2025-03-31 08:41:48
TX_0004134,KH_14911,22487,EIRE,4,221000.0,2024-09-26 07:25:25
TX_0004135,KH_17589,21452,United Kingdom,2,76700.0,2026-07-16 13:28:27
TX_0004136,KH_17890,22857,United Kingdom,4,22100.0,2025-04-06 22:47:07
TX_0004137,KH_16771,21870,United Kingdom,1,32500.0,2025-03-25 05:17:08
TX_0004138,KH_14660,85053,United Kingdom,1,54600.0,2026-09-07 16:26:30
TX_0004139,KH_GUEST,DOT,United Kingdom,1,5540080.0,2026-04-03 13:21:40
TX_0004140,KH_20095,SP_253072571,MIEN_TRUNG,1,38000.0,2025-02-10 14:32:09
TX_0004141,KH_20064,SP_33337444,MIEN_BAC,2,188825.0,2026-05-18 18:12:59
TX_0004142,KH_GUEST,21232,United Kingdom,9,63960.0,2024-10-07 14:02:53
TX_0004143,KH_17706,85099C,United Kingdom,10,54080.0,2026-10-01 16:52:52
TX_0004144,KH_13623,90035C,United Kingdom,2,279500.0,2026-01-24 14:03:57
TX_0004145,KH_GUEST,23192,United Kingdom,1,85540.0,2024-07-22 17:56:30
TX_0004146,KH_17637,84818,United Kingdom,24,20540.0,2025-11-10 11:05:39
TX_0004147,KH_GUEST,20661,United Kingdom,1,63960.0,2024-06-23 16:42:04
TX_0004148,KH_14156,22489,EIRE,9,9360.0,2025-03-19 06:24:47
TX_0004149,KH_GUEST,21846,United Kingdom,7,43160.0,2026-04-15 10:04:02
TX_0004150,KH_12471,22419,Germany,12,10920.0,2026-07-13 13:33:56
TX_0004151,KH_GUEST,21672,United Kingdom,2,195000.0,2025-03-26 13:57:00
TX_0004152,KH_GUEST,22421,United Kingdom,1,21580.0,2025-09-04 10:33:37
TX_0004153,KH_GUEST,22090,United Kingdom,1,172380.0,2024-11-25 17:50:04
TX_0004154,KH_15046,22917,United Kingdom,12,16900.0,2024-05-21 11:23:10
TX_0004155,KH_GUEST,84971S,United Kingdom,1,42380.0,2024-05-01 12:33:56
TX_0004156,KH_20217,SP_198511771,MIEN_BAC,2,1200000.0,2025-06-26 20:37:09
TX_0004157,KH_17686,22772,United Kingdom,12,32500.0,2024-05-08 10:28:12
TX_0004158,KH_GUEST,23534,United Kingdom,2,323960.0,2024-08-31 19:02:06
TX_0004159,KH_13821,22727,United Kingdom,2,97500.0,2026-05-07 16:49:31
TX_0004160,KH_20147,SP_159035535,MIEN_BAC,1,219000.0,2025-02-11 21:28:03
TX_0004161,KH_20177,SP_263026045,MIEN_NAM,1,1000.0,2025-02-27 17:20:16
TX_0004162,KH_20062,SP_999891,MIEN_TRUNG,3,179000.0,2026-07-03 14:34:16
TX_0004163,KH_20142,SP_135111833,MIEN_NAM,2,62900.0,2025-09-30 13:46:53
TX_0004164,KH_20050,SP_253172101,MIEN_TRUNG,2,2500000.0,2025-03-29 10:12:26
TX_0004165,KH_GUEST,20996,United Kingdom,19,10920.0,2025-06-21 15:21:56
TX_0004166,KH_12853,22725,United Kingdom,8,97500.0,2026-09-12 04:25:41
TX_0004167,KH_20426,SP_191469174,MIEN_BAC,1,945000.0,2026-05-22 18:03:23
TX_0004168,KH_17841,84519B,United Kingdom,2,32500.0,2025-07-24 06:05:16
TX_0004169,KH_18092,79000,United Kingdom,27,16900.0,2026-07-14 04:21:18
TX_0004170,KH_12949,21174,United Kingdom,12,54080.0,2025-11-29 06:47:28
TX_0004171,KH_17416,23201,United Kingdom,10,54080.0,2026-02-28 07:09:27
TX_0004172,KH_16145,22990,United Kingdom,2,128700.0,2024-04-23 21:38:45
TX_0004173,KH_17850,71053,United Kingdom,6,88140.0,2025-05-04 11:30:43
TX_0004174,KH_20014,SP_15855202,MIEN_NAM,1,50000.0,2025-04-13 02:53:51
TX_0004175,KH_20489,SP_198057279,MIEN_BAC,1,19000.0,2026-01-10 09:08:38
TX_0004176,KH_13263,21216,United Kingdom,2,128700.0,2025-04-05 12:29:56
TX_0004177,KH_20036,SP_199244647,MIEN_NAM,3,168960.0,2025-05-12 20:48:26
TX_0004178,KH_12836,21928,United Kingdom,4,54080.0,2026-06-03 03:48:18
TX_0004179,KH_15557,23392,United Kingdom,1,54080.0,2026-08-22 06:38:05
TX_0004180,KH_17512,22918,United Kingdom,12,16900.0,2024-12-12 02:26:51
TX_0004181,KH_16839,21340,United Kingdom,8,258700.0,2025-10-04 13:55:25
TX_0004182,KH_12472,23199,Germany,10,54080.0,2025-12-17 12:20:06
TX_0004183,KH_20292,SP_177274300,MIEN_NAM,5,990000.0,2026-01-25 09:09:01
TX_0004184,KH_20187,SP_148932243,MIEN_BAC,1,215000.0,2026-08-08 10:07:07
TX_0004185,KH_20398,SP_152989633,MIEN_BAC,4,12000.0,2026-01-09 15:43:39
TX_0004186,KH_20137,SP_181908917,MIEN_BAC,1,480000.0,2026-06-17 20:45:58
TX_0004187,KH_20165,SP_205242472,MIEN_NAM,2,220221.0,2025-04-09 17:29:00
TX_0004188,KH_14096,23236,United Kingdom,3,150540.0,2026-05-12 00:49:53
TX_0004189,KH_17038,23534,United Kingdom,1,154700.0,2025-03-04 21:25:29
TX_0004190,KH_20207,SP_257864003,MIEN_BAC,2,45500.0,2026-05-23 05:12:20
TX_0004191,KH_17567,82581,United Kingdom,20,14300.0,2024-02-06 12:55:52
TX_0004192,KH_17625,22123,United Kingdom,2,50700.0,2026-08-26 14:40:43
TX_0004193,KH_15159,22610,United Kingdom,36,4940.0,2024-01-15 07:06:45
TX_0004194,KH_13280,22924,United Kingdom,6,22100.0,2024-06-08 18:40:11
TX_0004195,KH_17841,22432,United Kingdom,1,50700.0,2026-08-08 17:45:46
TX_0004196,KH_16705,23503,United Kingdom,12,32500.0,2026-07-19 07:58:32
TX_0004197,KH_20159,SP_193964675,MIEN_NAM,1,220000.0,2026-04-11 12:33:11
TX_0004198,KH_20281,SP_87930461,MIEN_NAM,1,127360.0,2025-01-24 19:05:12
TX_0004199,KH_20061,SP_74188633,MIEN_NAM,2,68000.0,2025-01-29 23:40:17
TX_0004200,KH_20413,SP_181378997,MIEN_NAM,2,2190000.0,2025-04-30 17:22:10
TX_0004201,KH_20178,SP_208256031,MIEN_TRUNG,1,520000.0,2026-03-17 18:50:38
TX_0004202,KH_20391,SP_263026776,MIEN_BAC,1,3800.0,2025-04-10 12:30:40
TX_0004203,KH_13263,23356,United Kingdom,1,154700.0,2025-06-12 09:22:02
TX_0004204,KH_13451,37413,United Kingdom,6,10140.0,2026-04-15 03:41:08
TX_0004205,KH_15308,22720,United Kingdom,3,128700.0,2025-09-05 10:40:56
TX_0004206,KH_20433,SP_263025793,MIEN_TRUNG,2,4000.0,2026-08-15 12:15:44
TX_0004207,KH_16686,23041,United Kingdom,1,107900.0,2026-07-23 07:06:35
TX_0004208,KH_17920,23008,United Kingdom,1,440700.0,2026-07-10 10:25:30
TX_0004209,KH_12971,21626,United Kingdom,12,50700.0,2024-05-08 06:34:28
TX_0004210,KH_20455,SP_255356354,MIEN_NAM,2,210000.0,2025-08-01 02:41:32
TX_0004211,KH_GUEST,22274,United Kingdom,1,150540.0,2025-03-20 06:12:08
TX_0004212,KH_15198,22023,United Kingdom,12,10920.0,2026-05-30 21:46:54
TX_0004213,KH_GUEST,23245,United Kingdom,1,280540.0,2024-11-15 03:47:55
TX_0004214,KH_GUEST,90179C,United Kingdom,1,151320.0,2024-07-17 00:50:56
TX_0004215,KH_17228,22630,United Kingdom,3,50700.0,2026-07-22 00:25:49
TX_0004216,KH_16327,84946,United Kingdom,18,32500.0,2024-04-13 01:34:08
TX_0004217,KH_20452,SP_125568712,MIEN_BAC,4,330000.0,2026-10-07 05:06:07
TX_0004218,KH_14277,17174,France,5,10920.0,2024-08-08 22:59:15
TX_0004219,KH_20066,SP_194568336,MIEN_NAM,2,10440000.0,2025-12-01 23:55:57
TX_0004220,KH_20213,SP_169847963,MIEN_BAC,1,150000.0,2026-02-16 08:56:22
TX_0004221,KH_12709,22079,Germany,10,42900.0,2025-01-11 16:05:48
TX_0004222,KH_20114,SP_186279143,MIEN_NAM,3,2790000.0,2025-07-12 04:31:37
TX_0004223,KH_15891,85066,United Kingdom,2,331500.0,2025-09-17 16:36:29
TX_0004224,KH_17203,23502,United Kingdom,2,32500.0,2026-08-15 09:23:36
TX_0004225,KH_GUEST,22249,United Kingdom,2,42380.0,2025-09-26 20:16:26
TX_0004226,KH_GUEST,20914,United Kingdom,1,150540.0,2024-08-04 03:27:46
TX_0004227,KH_13488,22139,United Kingdom,3,128700.0,2025-10-10 10:37:00
TX_0004228,KH_GUEST,21231,United Kingdom,3,63960.0,2024-09-12 07:52:24
TX_0004229,KH_GUEST,85039A,United Kingdom,6,42380.0,2024-01-05 17:35:17
TX_0004230,KH_20044,SP_173733798,MIEN_BAC,2,34000.0,2025-08-11 13:12:52
TX_0004231,KH_20079,SP_177567926,MIEN_NAM,1,320279.0,2025-12-16 12:24:23
TX_0004232,KH_16025,23393,United Kingdom,4,97500.0,2025-06-25 11:37:45
TX_0004233,KH_20460,SP_44139086,MIEN_BAC,2,47000.0,2026-09-13 09:29:18
TX_0004234,KH_13980,23397,United Kingdom,4,258700.0,2025-01-29 13:20:25
TX_0004235,KH_GUEST,21094,United Kingdom,16,21580.0,2024-06-01 22:21:42
TX_0004236,KH_20264,SP_58374882,MIEN_BAC,3,2270000.0,2025-12-18 20:46:02
TX_0004237,KH_16643,22621,United Kingdom,12,42900.0,2025-01-07 14:32:51
TX_0004238,KH_16180,22059,United Kingdom,12,38740.0,2025-11-06 22:41:00
TX_0004239,KH_GUEST,22078,United Kingdom,2,107380.0,2024-01-30 18:50:32
TX_0004240,KH_14451,20728,United Kingdom,2,42900.0,2025-12-21 12:25:35
TX_0004241,KH_15750,22867,United Kingdom,6,54600.0,2025-11-05 18:52:03
TX_0004242,KH_GUEST,22129,United Kingdom,1,63960.0,2026-09-20 03:11:34
TX_0004243,KH_14474,22809,United Kingdom,6,76700.0,2026-05-08 16:48:34
TX_0004244,KH_17450,82580,United Kingdom,12,18980.0,2025-08-10 04:34:27
TX_0004245,KH_16813,47567B,United Kingdom,1,154700.0,2026-04-13 07:16:04
TX_0004246,KH_14029,22606,United Kingdom,4,331500.0,2025-02-07 03:22:42
TX_0004247,KH_17511,22813,United Kingdom,13,42900.0,2025-03-12 13:44:00
TX_0004248,KH_20458,SP_100425468,MIEN_NAM,2,509000.0,2025-08-13 02:38:18
TX_0004249,KH_14837,22945,United Kingdom,12,22100.0,2024-11-21 19:15:43
TX_0004250,KH_14299,22554,United Kingdom,12,42900.0,2025-02-25 23:36:59
TX_0004251,KH_17841,21745,United Kingdom,1,97500.0,2025-12-19 15:58:29
TX_0004252,KH_13930,21977,United Kingdom,24,14300.0,2025-12-21 04:37:29
TX_0004253,KH_GUEST,22753,United Kingdom,2,43160.0,2025-03-30 05:19:16
TX_0004254,KH_20405,SP_150536479,MIEN_BAC,1,38000.0,2026-08-03 02:41:40
TX_0004255,KH_17385,20931,United Kingdom,2,76700.0,2024-07-23 18:29:31
TX_0004256,KH_20205,SP_252560964,MIEN_TRUNG,1,477000.0,2025-07-04 23:56:09
TX_0004257,KH_GUEST,22322,United Kingdom,4,42380.0,2026-04-18 08:01:39
TX_0004258,KH_15035,22413,United Kingdom,2,76700.0,2025-09-14 15:55:24
TX_0004259,KH_16813,84596G,United Kingdom,8,10920.0,2025-06-18 11:59:40
TX_0004260,KH_20097,SP_263027154,MIEN_BAC,2,110000.0,2025-12-31 17:01:01
TX_0004261,KH_20029,SP_195510187,MIEN_NAM,1,3000000.0,2025-03-07 20:59:15
TX_0004262,KH_GUEST,21314,United Kingdom,2,107380.0,2026-05-01 02:58:28
TX_0004263,KH_14156,22936,EIRE,8,71500.0,2024-03-29 09:41:16
TX_0004264,KH_20322,SP_263027250,MIEN_BAC,2,3500.0,2025-07-06 06:33:11
TX_0004265,KH_17921,23371,United Kingdom,2,32500.0,2026-08-10 12:39:13
TX_0004266,KH_15738,20675,United Kingdom,16,32500.0,2025-11-06 06:38:03
TX_0004267,KH_16121,22152,United Kingdom,6,10920.0,2025-06-07 09:30:31
TX_0004268,KH_15993,22098,United Kingdom,3,10140.0,2026-05-03 01:21:01
TX_0004269,KH_17426,22960,United Kingdom,6,110500.0,2024-09-10 08:42:27
TX_0004270,KH_14704,22513,United Kingdom,1,97500.0,2025-12-22 12:56:30
TX_0004271,KH_18094,21166,United Kingdom,12,54080.0,2025-07-02 21:27:10
TX_0004272,KH_15334,22951,United Kingdom,1,14300.0,2026-01-23 18:57:32
TX_0004273,KH_16444,21098,United Kingdom,10,32500.0,2024-04-18 16:02:51
TX_0004274,KH_13767,22423,United Kingdom,6,331500.0,2025-05-25 21:55:18
TX_0004275,KH_18172,22750,United Kingdom,8,97500.0,2025-10-14 01:47:00
TX_0004276,KH_12545,21523,Spain,2,214500.0,2024-07-10 23:22:04
TX_0004277,KH_17379,85194S,United Kingdom,5,4940.0,2026-09-20 02:47:50
TX_0004278,KH_17675,23208,United Kingdom,10,42900.0,2025-02-18 05:41:24
TX_0004279,KH_14505,22730,United Kingdom,1,97500.0,2025-03-12 12:03:11
TX_0004280,KH_14606,22567,United Kingdom,1,32500.0,2026-03-10 08:50:21
TX_0004281,KH_15738,22333,United Kingdom,16,42900.0,2025-01-23 19:29:11
TX_0004282,KH_17841,22666,United Kingdom,1,76700.0,2024-07-02 05:04:25
TX_0004283,KH_GUEST,22420,United Kingdom,1,22100.0,2026-05-02 04:39:41
TX_0004284,KH_17655,23355,United Kingdom,4,128700.0,2025-03-13 00:39:59
TX_0004285,KH_20294,SP_253196083,MIEN_NAM,2,5200000.0,2026-08-20 07:50:07
TX_0004286,KH_20097,SP_263025806,MIEN_TRUNG,1,2500.0,2026-08-14 08:34:58
TX_0004287,KH_20299,SP_263026696,MIEN_BAC,1,4000.0,2025-07-27 10:50:26
TX_0004288,KH_14837,84536A,United Kingdom,16,10920.0,2025-02-19 18:44:50
TX_0004289,KH_15707,23351,United Kingdom,2,32500.0,2025-11-16 00:01:17
TX_0004290,KH_14606,22161,United Kingdom,2,16900.0,2026-04-28 20:17:36
TX_0004291,KH_15232,20719,United Kingdom,10,22100.0,2024-07-25 10:35:21
TX_0004292,KH_GUEST,90067A,United Kingdom,1,75400.0,2025-10-20 15:05:40
TX_0004293,KH_13263,22672,United Kingdom,1,42900.0,2026-06-16 19:46:48
TX_0004294,KH_20272,SP_149337505,MIEN_NAM,1,299000.0,2025-02-02 23:08:46
TX_0004295,KH_13089,84949,United Kingdom,24,42900.0,2025-09-10 15:33:21
TX_0004296,KH_20318,SP_148850653,MIEN_NAM,1,349000.0,2025-12-09 19:17:00
TX_0004297,KH_20251,SP_67318898,MIEN_NAM,1,450000.0,2026-04-19 01:36:34
TX_0004298,KH_14472,22285,United Kingdom,12,42900.0,2024-01-27 04:45:30
TX_0004299,KH_GUEST,22195,United Kingdom,1,85540.0,2025-08-19 16:12:03
TX_0004300,KH_17841,72351A,United Kingdom,2,54600.0,2025-08-16 13:00:36
TX_0004301,KH_12484,85049A,Spain,1,32500.0,2025-09-01 05:00:50
TX_0004302,KH_GUEST,21891,United Kingdom,5,65260.0,2026-03-29 01:43:41
TX_0004303,KH_20191,SP_207400947,MIEN_BAC,1,479000.0,2025-05-22 20:36:59
TX_0004304,KH_14573,22505,United Kingdom,1,128700.0,2024-12-22 00:09:00
TX_0004305,KH_20396,SP_20018739,MIEN_NAM,3,439000.0,2025-06-17 20:09:59
TX_0004306,KH_GUEST,22715,United Kingdom,1,21580.0,2026-06-30 08:34:21
TX_0004307,KH_17068,22379,United Kingdom,10,54600.0,2024-02-27 05:45:38
TX_0004308,KH_20295,SP_145620960,MIEN_BAC,1,42000.0,2026-01-24 18:40:54
TX_0004309,KH_20187,SP_259519444,MIEN_NAM,3,185000.0,2026-08-13 07:37:57
TX_0004310,KH_GUEST,21866,United Kingdom,2,85540.0,2024-09-19 00:57:19
TX_0004311,KH_14527,23298,United Kingdom,1,128700.0,2024-04-20 01:04:27
TX_0004312,KH_17231,22927,United Kingdom,1,154700.0,2025-03-05 16:07:45
TX_0004313,KH_14849,21975,United Kingdom,24,14300.0,2025-01-24 06:20:10
TX_0004314,KH_14907,22383,United Kingdom,10,42900.0,2026-09-04 06:38:34
TX_0004315,KH_20468,SP_194568336,MIEN_NAM,2,10440000.0,2025-12-03 14:23:06
TX_0004316,KH_GUEST,22659,United Kingdom,1,63960.0,2025-04-16 23:01:39
TX_0004317,KH_20452,SP_181908917,MIEN_BAC,1,480000.0,2026-02-07 12:26:25
TX_0004318,KH_20398,SP_263026238,MIEN_BAC,1,45500.0,2026-03-11 07:16:03
TX_0004319,KH_17728,84879,United Kingdom,8,43940.0,2024-07-21 00:54:32
TX_0004320,KH_20293,SP_170379047,MIEN_NAM,4,199000.0,2026-06-14 09:55:55
TX_0004321,KH_12611,21828,Italy,12,32500.0,2024-12-07 06:00:13
TX_0004322,KH_GUEST,21756,United Kingdom,3,302380.0,2024-01-29 02:14:47
TX_0004323,KH_20467,SP_213588948,MIEN_NAM,2,1900000.0,2026-02-26 16:55:36
TX_0004324,KH_16997,22386,United Kingdom,10,50700.0,2024-11-10 20:02:48
TX_0004325,KH_20200,SP_121782226,MIEN_NAM,1,60000.0,2025-10-30 15:28:53
TX_0004326,KH_20009,SP_185949682,MIEN_NAM,8,1920000.0,2026-08-23 20:40:00
TX_0004327,KH_GUEST,22135,United Kingdom,1,21580.0,2024-10-22 17:01:25
TX_0004328,KH_16249,23103,United Kingdom,24,42900.0,2025-05-04 09:00:35
TX_0004329,KH_20069,SP_81110965,MIEN_NAM,1,10000.0,2025-10-29 20:15:02
TX_0004330,KH_14447,21914,United Kingdom,12,32500.0,2024-01-26 01:22:12
TX_0004331,KH_GUEST,84347,United Kingdom,1,150540.0,2024-01-31 04:10:40
TX_0004332,KH_GUEST,23170,EIRE,12,42900.0,2024-09-01 10:45:40
TX_0004333,KH_20048,SP_149199159,MIEN_NAM,2,385000.0,2026-01-12 23:04:26
TX_0004334,KH_20398,SP_263026203,MIEN_TRUNG,1,13000.0,2025-05-27 21:36:35
TX_0004335,KH_20242,SP_207417252,MIEN_NAM,1,60000.0,2025-04-10 05:49:33
TX_0004336,KH_20387,SP_179758715,MIEN_BAC,2,2190000.0,2025-01-21 08:17:40
TX_0004337,KH_16747,84949,United Kingdom,12,42900.0,2025-03-09 11:56:15
TX_0004338,KH_20417,SP_168497403,MIEN_BAC,1,450240.0,2026-02-11 09:40:14
TX_0004339,KH_16923,22799,United Kingdom,1,221000.0,2025-09-27 01:14:39
TX_0004340,KH_20375,SP_174546378,MIEN_BAC,2,384230.0,2026-08-27 04:21:43
TX_0004341,KH_GUEST,20996,United Kingdom,2,10920.0,2026-07-28 17:12:05
TX_0004342,KH_18118,22522,United Kingdom,4,22100.0,2026-02-18 07:39:29
TX_0004343,KH_20164,SP_198257013,MIEN_BAC,1,73000.0,2025-09-10 17:43:09
TX_0004344,KH_20307,SP_13297482,MIEN_NAM,1,259000.0,2025-09-21 22:21:04
TX_0004345,KH_18062,23254,United Kingdom,8,107900.0,2026-05-10 23:34:27
TX_0004346,KH_20197,SP_177612650,MIEN_TRUNG,1,78785.0,2026-05-01 09:46:21
TX_0004347,KH_20120,SP_88861601,MIEN_NAM,2,351000.0,2025-09-20 17:46:41
TX_0004348,KH_15444,22699,United Kingdom,2,76700.0,2026-03-30 19:55:27
TX_0004349,KH_12985,22970,United Kingdom,6,66300.0,2026-02-05 00:37:18
TX_0004350,KH_20079,SP_35910585,MIEN_BAC,2,79000.0,2026-04-05 05:55:09
TX_0004351,KH_15605,21914,United Kingdom,12,32500.0,2025-07-05 15:58:44
TX_0004352,KH_16401,23203,United Kingdom,2,54080.0,2024-07-14 03:41:10
TX_0004353,KH_20406,SP_144129890,MIEN_NAM,2,61950.0,2026-02-13 07:42:36
TX_0004354,KH_GUEST,84029E,United Kingdom,1,193960.0,2026-05-16 04:20:28
TX_0004355,KH_GUEST,22207,United Kingdom,1,215540.0,2024-07-13 07:00:37
TX_0004356,KH_20461,SP_72663598,MIEN_TRUNG,1,145000.0,2026-09-06 11:40:12
TX_0004357,KH_14978,20752,United Kingdom,2,54600.0,2026-08-30 11:16:50
TX_0004358,KH_13668,22573,United Kingdom,6,22100.0,2026-06-30 10:47:13
TX_0004359,KH_12684,21915,France,24,32500.0,2025-01-26 07:32:03
TX_0004360,KH_20167,SP_194143871,MIEN_NAM,1,440000.0,2025-04-24 03:02:09
TX_0004361,KH_GUEST,21790,United Kingdom,2,42380.0,2025-04-23 03:55:42
TX_0004362,KH_20310,SP_263025978,MIEN_NAM,1,22000.0,2025-04-09 13:12:13
TX_0004363,KH_12674,21086,France,12,16900.0,2026-04-14 02:44:36
TX_0004364,KH_14808,22433,United Kingdom,1,50700.0,2024-05-31 19:20:52
TX_0004365,KH_15105,22960,United Kingdom,6,110500.0,2026-05-31 05:15:10
TX_0004366,KH_15416,22470,United Kingdom,6,76700.0,2026-08-27 15:28:29
TX_0004367,KH_16026,22494,United Kingdom,3,32500.0,2025-09-01 15:06:23
TX_0004368,KH_20282,SP_147708706,MIEN_NAM,5,76900.0,2026-09-29 00:57:59
TX_0004369,KH_GUEST,21828,United Kingdom,1,63960.0,2024-09-09 16:00:33
TX_0004370,KH_14554,22632,United Kingdom,12,54600.0,2026-07-16 14:28:04
TX_0004371,KH_20355,SP_252611170,MIEN_NAM,2,1000.0,2025-04-19 18:50:43
TX_0004372,KH_GUEST,21679,United Kingdom,1,42380.0,2025-03-11 22:41:12
TX_0004373,KH_20294,SP_115889781,MIEN_NAM,1,60900.0,2026-02-09 16:22:51
TX_0004374,KH_20065,SP_172992829,MIEN_NAM,1,224000.0,2026-08-20 12:46:04
TX_0004375,KH_20306,SP_249672392,MIEN_BAC,1,299000.0,2025-06-30 18:43:07
TX_0004376,KH_13069,22381,United Kingdom,10,54600.0,2024-06-25 05:26:10
TX_0004377,KH_14606,21947,United Kingdom,1,32500.0,2026-02-04 10:52:10
TX_0004378,KH_20218,SP_213497455,MIEN_TRUNG,4,239400.0,2025-11-20 20:29:52
TX_0004379,KH_16713,23209,United Kingdom,10,42900.0,2025-09-12 02:48:19
TX_0004380,KH_GUEST,20992,United Kingdom,8,21580.0,2024-12-03 20:01:11
TX_0004381,KH_20195,SP_146492642,MIEN_NAM,1,55000.0,2026-02-21 20:34:12
TX_0004382,KH_20299,SP_57844776,MIEN_TRUNG,2,149000.0,2025-01-12 04:26:50
TX_0004383,KH_14395,23321,United Kingdom,3,42900.0,2024-07-17 08:31:19
TX_0004384,KH_15720,23167,United Kingdom,4,21580.0,2026-01-12 21:55:45
TX_0004385,KH_13694,22647,United Kingdom,12,10920.0,2025-02-24 17:10:36
TX_0004386,KH_20331,SP_205673567,MIEN_TRUNG,1,284800.0,2025-06-11 06:01:08
TX_0004387,KH_20162,SP_186479879,MIEN_TRUNG,3,25000.0,2026-02-23 17:29:08
TX_0004388,KH_13504,22236,United Kingdom,1,331500.0,2026-05-23 11:17:59
TX_0004389,KH_12748,21703,United Kingdom,48,10920.0,2025-12-05 00:27:09
TX_0004390,KH_15727,84836,United Kingdom,24,32500.0,2024-03-19 16:10:30
TX_0004391,KH_GUEST,85168B,United Kingdom,1,215540.0,2025-05-10 13:09:25
TX_0004392,KH_15502,18098C,United Kingdom,6,76700.0,2024-07-17 09:50:53
TX_0004393,KH_13428,23452,United Kingdom,1,50700.0,2026-01-16 21:20:50
TX_0004394,KH_16910,85032A,United Kingdom,1,16900.0,2024-01-09 03:36:23
TX_0004395,KH_20056,SP_4330919,MIEN_TRUNG,2,640000.0,2025-04-20 13:53:24
TX_0004396,KH_17075,21584,United Kingdom,2,42900.0,2026-03-24 15:46:22
TX_0004397,KH_20101,SP_4258331,MIEN_TRUNG,1,612000.0,2026-03-26 15:37:45
TX_0004398,KH_16674,23335,United Kingdom,1,54080.0,2026-08-29 19:29:51
TX_0004399,KH_16601,22752,United Kingdom,2,221000.0,2025-12-22 02:32:01
TX_0004400,KH_20479,SP_45634092,MIEN_NAM,1,59532.0,2025-02-19 16:27:19
TX_0004401,KH_GUEST,21894,United Kingdom,2,63960.0,2025-03-29 19:40:18
TX_0004402,KH_14656,21231,United Kingdom,2,32500.0,2024-03-03 01:20:16
TX_0004403,KH_13668,21380,United Kingdom,12,76700.0,2026-02-15 23:55:45
TX_0004404,KH_20305,SP_206106686,MIEN_NAM,1,6990000.0,2026-01-30 20:08:11
TX_0004405,KH_20280,SP_249221065,MIEN_NAM,1,10260.0,2025-03-06 12:27:15
TX_0004406,KH_12483,22867,Sweden,12,54600.0,2024-05-22 05:23:31
TX_0004407,KH_12656,21499,France,25,10920.0,2024-01-13 22:16:17
TX_0004408,KH_20075,SP_173867591,MIEN_BAC,1,79900.0,2025-05-18 10:41:30
TX_0004409,KH_14077,23282,United Kingdom,4,21580.0,2024-06-08 18:01:14
TX_0004410,KH_16613,23439,United Kingdom,12,54600.0,2024-10-02 07:11:06
TX_0004411,KH_12849,22241,United Kingdom,12,32500.0,2025-04-06 02:39:43
TX_0004412,KH_20120,SP_198508541,MIEN_NAM,1,320000.0,2025-06-24 11:20:51
TX_0004413,KH_13124,22924,United Kingdom,24,22100.0,2026-09-22 09:27:11
TX_0004414,KH_20414,SP_96711017,MIEN_NAM,3,5100000.0,2025-01-28 12:00:38
TX_0004415,KH_20182,SP_34226398,MIEN_BAC,2,649000.0,2025-03-01 17:36:11
TX_0004416,KH_20457,SP_105251122,MIEN_BAC,5,690000.0,2025-08-14 22:31:10
TX_0004417,KH_16729,23148,United Kingdom,6,21580.0,2024-01-06 13:35:12
TX_0004418,KH_GUEST,46776B,United Kingdom,1,107380.0,2024-06-21 02:43:21
TX_0004419,KH_GUEST,21704,United Kingdom,4,42380.0,2026-03-20 09:07:58
TX_0004420,KH_15719,20717,United Kingdom,4,32500.0,2026-09-14 06:06:21
TX_0004421,KH_20230,SP_197409678,MIEN_NAM,1,750000.0,2025-09-03 07:04:57
TX_0004422,KH_20041,SP_138661559,MIEN_TRUNG,4,59000.0,2025-01-16 03:04:43
TX_0004423,KH_20268,SP_100428164,MIEN_TRUNG,1,549000.0,2026-02-18 06:58:44
TX_0004424,KH_17718,21231,United Kingdom,24,32500.0,2025-10-04 08:21:21
TX_0004425,KH_13089,20723,United Kingdom,10,22100.0,2025-01-17 21:06:03
TX_0004426,KH_16706,47593B,United Kingdom,2,10140.0,2025-11-16 11:14:35
TX_0004427,KH_18179,21700,United Kingdom,12,22100.0,2026-07-28 22:26:06
TX_0004428,KH_17602,23380,United Kingdom,4,10140.0,2024-02-05 08:32:03
TX_0004429,KH_15228,23127,United Kingdom,4,128700.0,2025-10-25 15:18:05
TX_0004430,KH_13388,22188,United Kingdom,4,102700.0,2025-03-12 15:10:35
TX_0004431,KH_17841,22723,United Kingdom,1,102700.0,2025-04-02 09:37:23
TX_0004432,KH_20408,SP_170381656,MIEN_NAM,1,199000.0,2025-01-30 03:10:04
TX_0004433,KH_14298,85099C,United Kingdom,10,42900.0,2024-08-04 16:40:41
TX_0004434,KH_20217,SP_168494002,MIEN_NAM,1,637000.0,2025-03-12 10:28:33
TX_0004435,KH_12621,15036,Germany,8,21580.0,2025-02-09 02:40:12
TX_0004436,KH_GUEST,21786,United Kingdom,1,21580.0,2025-05-22 13:36:56
TX_0004437,KH_13451,22616,United Kingdom,3,7540.0,2026-08-13 20:28:25
TX_0004438,KH_12621,21976,Germany,24,14300.0,2024-12-03 22:58:58
TX_0004439,KH_13476,37449,United Kingdom,2,258700.0,2024-07-05 15:58:23
TX_0004440,KH_13527,23456,United Kingdom,2,107900.0,2026-07-29 11:36:52
TX_0004441,KH_14696,85032D,United Kingdom,6,54600.0,2025-12-19 19:32:03
TX_0004442,KH_20143,SP_21024671,MIEN_NAM,3,115000.0,2025-08-04 16:45:11
TX_0004443,KH_15910,22759,United Kingdom,2,42900.0,2024-10-22 10:47:55
TX_0004444,KH_20018,SP_171510716,MIEN_BAC,2,6000.0,2025-06-01 20:16:15
TX_0004445,KH_12621,22860,Germany,6,42900.0,2026-03-01 21:11:42
TX_0004446,KH_15194,21314,United Kingdom,8,54600.0,2024-08-03 14:39:03
TX_0004447,KH_20500,SP_250567743,MIEN_BAC,4,480000.0,2025-11-13 10:39:08
TX_0004448,KH_20140,SP_80959619,MIEN_NAM,1,74999.0,2025-02-11 15:59:20
TX_0004449,KH_GUEST,22962,United Kingdom,1,42380.0,2026-07-14 21:10:37
TX_0004450,KH_16059,22963,United Kingdom,1,22100.0,2024-04-12 01:26:44
TX_0004451,KH_15444,21446,United Kingdom,6,32500.0,2024-09-06 13:13:09
TX_0004452,KH_14088,47567B,United Kingdom,12,120900.0,2026-02-11 23:47:29
TX_0004453,KH_20200,SP_147708706,MIEN_NAM,5,76900.0,2025-02-27 00:53:47
TX_0004454,KH_20377,SP_179944230,MIEN_NAM,1,590000.0,2026-06-22 06:29:01
TX_0004455,KH_18102,48116,United Kingdom,11,119080.0,2026-03-15 00:19:50
TX_0004456,KH_14031,48138,United Kingdom,10,184080.0,2025-01-07 07:32:20
TX_0004457,KH_20205,SP_248947053,MIEN_BAC,2,142500.0,2025-12-09 14:00:58
TX_0004458,KH_14349,23490,United Kingdom,1,97500.0,2026-07-05 11:11:29
TX_0004459,KH_GUEST,21746,United Kingdom,2,63960.0,2025-04-18 02:41:03
TX_0004460,KH_13404,22639,United Kingdom,25,66300.0,2024-05-10 05:49:12
TX_0004461,KH_GUEST,22285,United Kingdom,1,85540.0,2026-01-07 07:20:31
TX_0004462,KH_17337,22406,United Kingdom,1,32500.0,2025-06-06 15:42:19
TX_0004463,KH_14904,21564,United Kingdom,24,20540.0,2026-09-15 08:02:32
TX_0004464,KH_GUEST,22672,United Kingdom,1,87360.0,2024-02-22 08:45:26
TX_0004465,KH_14911,23202,EIRE,20,54080.0,2024-01-09 08:35:33
TX_0004466,KH_GUEST,23198,United Kingdom,1,42380.0,2024-03-19 09:37:19
TX_0004467,KH_20074,SP_162577553,MIEN_BAC,4,56999.0,2026-04-20 21:10:52
TX_0004468,KH_17719,23167,United Kingdom,24,21580.0,2026-02-06 08:44:27
TX_0004469,KH_15069,20749,United Kingdom,2,206700.0,2025-01-06 17:21:10
TX_0004470,KH_20393,SP_262974179,MIEN_BAC,1,4500.0,2026-10-04 16:59:25
TX_0004471,KH_20176,SP_176217968,MIEN_BAC,1,189000.0,2026-07-22 23:39:05
TX_0004472,KH_20474,SP_200729399,MIEN_BAC,4,1490000.0,2025-05-19 17:52:33
TX_0004473,KH_GUEST,20980,United Kingdom,18,21580.0,2026-05-06 07:48:20
TX_0004474,KH_17059,22384,United Kingdom,3,42900.0,2024-11-26 15:23:59
TX_0004475,KH_12681,22728,France,8,97500.0,2025-09-11 01:40:04
TX_0004476,KH_17690,84949,United Kingdom,12,42900.0,2024-12-02 11:24:05
TX_0004477,KH_13136,20725,United Kingdom,10,42900.0,2025-03-20 06:00:59
TX_0004478,KH_13858,22169,United Kingdom,2,221000.0,2025-11-05 09:39:49
TX_0004479,KH_20170,SP_195574029,MIEN_BAC,1,334000.0,2025-01-11 05:51:02
TX_0004480,KH_18073,84946,United Kingdom,28,27560.0,2026-03-01 04:53:02
TX_0004481,KH_12865,23345,Austria,12,32500.0,2025-06-22 16:26:58
TX_0004482,KH_17841,23404,United Kingdom,1,128700.0,2025-10-06 21:56:15
TX_0004483,KH_20176,SP_145550452,MIEN_NAM,1,1390000.0,2025-01-07 12:03:54
TX_0004484,KH_20297,SP_213920905,MIEN_BAC,1,888000.0,2025-06-20 12:52:16
TX_0004485,KH_20181,SP_89428544,MIEN_TRUNG,2,39000.0,2026-05-27 02:44:02
TX_0004486,KH_12937,22945,United Kingdom,5,22100.0,2024-12-15 03:21:33
TX_0004487,KH_20087,SP_202775080,MIEN_NAM,1,70000.0,2026-02-20 08:47:04
TX_0004488,KH_GUEST,84380,United Kingdom,10,85540.0,2024-07-20 18:10:47
TX_0004489,KH_20483,SP_129863094,MIEN_BAC,2,5000.0,2025-07-28 15:53:24
TX_0004490,KH_16928,22772,United Kingdom,6,32500.0,2025-02-17 03:13:11
TX_0004491,KH_16393,23207,United Kingdom,4,42900.0,2025-05-10 05:06:02
TX_0004492,KH_20059,SP_26025061,MIEN_BAC,2,54450.0,2026-04-25 07:02:54
TX_0004493,KH_12841,22960,United Kingdom,3,110500.0,2026-04-20 19:13:36
TX_0004494,KH_17338,22837,United Kingdom,6,120900.0,2024-05-28 18:05:26
TX_0004495,KH_14911,85059,EIRE,4,97500.0,2025-04-05 17:24:05
TX_0004496,KH_15150,82486,United Kingdom,2,232700.0,2025-09-04 18:55:08
TX_0004497,KH_16383,21232,United Kingdom,1,32500.0,2026-02-21 20:27:53
TX_0004498,KH_12444,23407,Norway,2,258700.0,2024-10-27 23:35:37
TX_0004499,KH_12415,23519,Australia,21,85540.0,2024-07-24 19:15:42
TX_0004500,KH_GUEST,84970S,United Kingdom,1,54080.0,2025-08-28 02:27:50
TX_0004501,KH_14299,22195,United Kingdom,12,42900.0,2024-04-11 22:49:49
TX_0004502,KH_GUEST,22297,United Kingdom,2,65260.0,2024-02-12 06:52:10
TX_0004503,KH_12748,22616,United Kingdom,2,10140.0,2025-02-13 22:23:25
TX_0004504,KH_15764,23029,United Kingdom,12,42900.0,2024-03-17 01:59:44
TX_0004505,KH_16016,90201D,United Kingdom,3,76700.0,2024-08-01 19:05:21
TX_0004506,KH_GUEST,23343,United Kingdom,3,107380.0,2024-01-28 23:55:33
TX_0004507,KH_GUEST,22419,United Kingdom,2,21580.0,2024-02-07 04:29:07
TX_0004508,KH_GUEST,21931,United Kingdom,1,107380.0,2024-06-28 15:47:32
TX_0004509,KH_GUEST,48111,United Kingdom,1,410540.0,2024-12-14 07:36:51
TX_0004510,KH_12438,21232,Norway,12,32500.0,2026-09-04 03:50:48
TX_0004511,KH_20156,SP_249672392,MIEN_BAC,1,299000.0,2026-09-08 17:13:50
TX_0004512,KH_GUEST,84663A,United Kingdom,1,153660.0,2025-09-24 08:09:44
TX_0004513,KH_16556,23111,United Kingdom,1,325000.0,2026-04-27 17:38:37
TX_0004514,KH_20350,SP_50272534,MIEN_BAC,1,608000.0,2025-11-25 08:56:04
TX_0004515,KH_12540,22138,Spain,6,128700.0,2025-06-05 16:11:49
TX_0004516,KH_20050,SP_75980161,MIEN_BAC,1,258500.0,2025-01-16 05:30:07
TX_0004517,KH_20269,SP_4799335,MIEN_NAM,1,95200.0,2025-10-20 19:13:58
TX_0004518,KH_13213,84755,United Kingdom,32,16900.0,2024-03-18 05:17:05
TX_0004519,KH_20254,SP_263025426,MIEN_NAM,1,45000.0,2025-05-31 07:50:10
TX_0004520,KH_20151,SP_76202565,MIEN_TRUNG,1,54400.0,2026-07-15 22:31:19
TX_0004521,KH_20360,SP_102739158,MIEN_BAC,1,1882000.0,2026-01-31 23:53:47
TX_0004522,KH_20347,SP_73894235,MIEN_BAC,2,52250.0,2026-10-07 15:04:38
TX_0004523,KH_14527,22738,United Kingdom,5,42900.0,2025-01-09 13:44:26
TX_0004524,KH_20222,SP_263026195,MIEN_BAC,1,50000.0,2025-01-23 13:05:30
TX_0004525,KH_12423,22252,Belgium,12,32500.0,2025-05-24 00:01:37
TX_0004526,KH_13577,22366,United Kingdom,2,206700.0,2026-05-16 02:01:55
TX_0004527,KH_12518,23289,Germany,8,32500.0,2025-03-09 15:10:48
TX_0004528,KH_14606,22327,United Kingdom,2,76700.0,2024-02-20 01:03:46
TX_0004529,KH_20258,SP_999891,MIEN_TRUNG,1,179000.0,2025-12-01 05:01:18
TX_0004530,KH_14096,22379,United Kingdom,6,107380.0,2024-01-15 21:35:48
TX_0004531,KH_14179,23372,United Kingdom,1,32500.0,2025-12-23 04:05:51
TX_0004532,KH_15855,21889,United Kingdom,12,32500.0,2026-07-10 00:53:32
TX_0004533,KH_20418,SP_195624273,MIEN_NAM,1,391000.0,2026-04-21 08:50:34
TX_0004534,KH_GUEST,22478,United Kingdom,1,63960.0,2026-04-03 22:24:23
TX_0004535,KH_GUEST,85099B,United Kingdom,3,109460.0,2025-03-02 20:39:32
TX_0004536,KH_GUEST,21928,United Kingdom,4,107380.0,2026-08-12 22:36:30
TX_0004537,KH_GUEST,22206,United Kingdom,1,21580.0,2024-08-14 14:58:11
TX_0004538,KH_18041,21625,United Kingdom,1,180700.0,2025-09-24 16:38:41
TX_0004539,KH_GUEST,21212,United Kingdom,2,33280.0,2024-09-04 01:57:34
TX_0004540,KH_16456,21930,United Kingdom,10,50700.0,2026-06-02 20:53:07
TX_0004541,KH_20281,SP_34536440,MIEN_NAM,2,410000.0,2025-04-13 09:11:48
TX_0004542,KH_GUEST,21246,United Kingdom,2,107380.0,2025-10-13 22:32:20
TX_0004543,KH_20106,SP_179731375,MIEN_NAM,8,14250.0,2026-03-16 06:10:55
TX_0004544,KH_20195,SP_18280900,MIEN_BAC,1,38000.0,2025-03-11 14:04:19
TX_0004545,KH_20161,SP_129147557,MIEN_NAM,5,422100.0,2025-11-23 08:09:57
TX_0004546,KH_17841,22995,United Kingdom,2,10920.0,2026-06-08 06:48:11
TX_0004547,KH_20217,SP_102909134,MIEN_NAM,2,69900.0,2025-02-18 17:04:12
TX_0004548,KH_GUEST,22994,United Kingdom,1,21580.0,2025-11-15 17:07:08
TX_0004549,KH_13263,22558,United Kingdom,2,42900.0,2025-05-15 12:01:47
TX_0004550,KH_GUEST,22055,United Kingdom,1,85540.0,2025-03-15 01:17:55
TX_0004551,KH_14088,22776,United Kingdom,17,221000.0,2024-08-28 06:07:46
TX_0004552,KH_20455,SP_248546151,MIEN_TRUNG,1,89000.0,2026-03-02 22:57:38
TX_0004553,KH_20499,SP_194020028,MIEN_BAC,1,95000.0,2025-06-10 09:09:26
TX_0004554,KH_20238,SP_80974293,MIEN_NAM,2,19000.0,2026-03-10 14:14:43
TX_0004555,KH_15547,22066,United Kingdom,2,10140.0,2026-09-23 07:03:05
TX_0004556,KH_12720,22564,Germany,12,32500.0,2024-11-01 01:42:44
TX_0004557,KH_20448,SP_202957056,MIEN_NAM,8,15000.0,2026-07-25 22:28:36
TX_0004558,KH_20375,SP_212561916,MIEN_BAC,4,89300.0,2026-04-08 13:02:17
TX_0004559,KH_16684,22960,United Kingdom,30,97500.0,2024-12-17 03:08:56
TX_0004560,KH_15529,47591D,United Kingdom,4,50700.0,2026-03-24 03:09:51
TX_0004561,KH_16062,23344,United Kingdom,10,54080.0,2026-07-29 08:39:21
TX_0004562,KH_20379,SP_96621714,MIEN_NAM,1,2912000.0,2025-03-08 23:34:57
TX_0004563,KH_17754,21615,United Kingdom,12,32500.0,2025-03-04 09:02:25
TX_0004564,KH_14367,20685,United Kingdom,2,206700.0,2024-09-21 22:00:52
TX_0004565,KH_16434,22739,United Kingdom,5,42900.0,2026-04-21 07:01:12
TX_0004566,KH_20112,SP_186607653,MIEN_TRUNG,4,25000.0,2025-12-21 01:00:13
TX_0004567,KH_GUEST,21967,United Kingdom,1,21580.0,2026-02-07 23:15:38
TX_0004568,KH_20185,SP_21713846,MIEN_NAM,2,50000.0,2025-08-30 01:27:43
TX_0004569,KH_16906,22423,United Kingdom,1,331500.0,2024-11-17 19:15:33
TX_0004570,KH_GUEST,84510a,United Kingdom,2,63960.0,2025-05-13 03:29:10
TX_0004571,KH_GUEST,23526,United Kingdom,2,323960.0,2026-03-28 00:21:00
TX_0004572,KH_GUEST,21494,United Kingdom,3,150540.0,2026-09-05 11:33:43
TX_0004573,KH_20328,SP_33877972,MIEN_BAC,2,139000.0,2026-08-18 15:33:08
TX_0004574,KH_GUEST,85039A,United Kingdom,1,42380.0,2025-05-17 12:58:53
TX_0004575,KH_20371,SP_172995784,MIEN_NAM,2,76000.0,2026-01-19 15:33:54
TX_0004576,KH_GUEST,22662,United Kingdom,1,107380.0,2026-08-09 14:33:43
TX_0004577,KH_14298,79030D,United Kingdom,24,10140.0,2024-02-26 00:59:19
TX_0004578,KH_18241,21733,United Kingdom,6,76700.0,2025-09-11 17:47:38
TX_0004579,KH_20294,SP_102607010,MIEN_TRUNG,1,129000.0,2025-10-23 03:18:07
TX_0004580,KH_GUEST,84406B,United Kingdom,1,215540.0,2025-10-18 02:15:55
TX_0004581,KH_15581,22721,United Kingdom,1,128700.0,2026-01-27 02:19:21
TX_0004582,KH_20448,SP_103617922,MIEN_NAM,1,599000.0,2026-02-02 08:03:04
TX_0004583,KH_20319,SP_193200599,MIEN_NAM,1,270000.0,2025-12-28 18:53:09
TX_0004584,KH_14646,23077,Netherlands,6,27040.0,2024-03-20 04:55:29
TX_0004585,KH_GUEST,84711B,United Kingdom,1,150540.0,2025-07-24 19:32:24
TX_0004586,KH_20462,SP_122344771,MIEN_BAC,3,350000.0,2026-08-27 02:32:54
TX_0004587,KH_20221,SP_16932501,MIEN_BAC,1,477000.0,2026-09-11 20:39:57
TX_0004588,KH_20294,SP_198427176,MIEN_NAM,1,650000.0,2025-12-01 10:33:24
TX_0004589,KH_18096,23388,United Kingdom,1,107900.0,2024-11-09 06:34:51
TX_0004590,KH_GUEST,23413,United Kingdom,1,280540.0,2025-05-16 04:53:39
TX_0004591,KH_15415,82578,United Kingdom,25,14300.0,2025-02-04 18:41:18
TX_0004592,KH_20225,SP_160205747,MIEN_NAM,5,28000.0,2026-08-21 13:15:17
TX_0004593,KH_14745,22851,United Kingdom,12,22100.0,2024-07-06 06:29:46
TX_0004594,KH_17373,23296,United Kingdom,8,32500.0,2025-08-02 10:58:21
TX_0004595,KH_17107,21167,United Kingdom,25,5460.0,2025-08-22 19:49:54
TX_0004596,KH_12399,21094,Belgium,24,22100.0,2025-05-05 07:48:42
TX_0004597,KH_GUEST,21094,United Kingdom,1,21580.0,2024-12-20 21:31:05
TX_0004598,KH_16907,82583,United Kingdom,2,54600.0,2025-11-20 02:03:18
TX_0004599,KH_13113,37448,United Kingdom,4,38740.0,2025-12-07 13:03:06
TX_0004600,KH_20195,SP_215327148,MIEN_TRUNG,1,10098.0,2025-12-19 07:55:19
TX_0004601,KH_GUEST,21041,United Kingdom,9,172380.0,2026-03-14 05:41:00
TX_0004602,KH_16464,23210,United Kingdom,3,32500.0,2025-10-09 15:56:29
TX_0004603,KH_17974,22457,United Kingdom,2,76700.0,2024-09-28 13:33:09
TX_0004604,KH_16710,22908,United Kingdom,2,22100.0,2024-06-06 23:51:11
TX_0004605,KH_20394,SP_263026181,MIEN_NAM,2,20000.0,2025-01-22 04:02:41
TX_0004606,KH_20115,SP_20738649,MIEN_NAM,3,69000.0,2026-10-06 04:39:07
TX_0004607,KH_20136,SP_81110965,MIEN_NAM,1,10000.0,2025-09-02 11:15:58
TX_0004608,KH_20494,SP_216379232,MIEN_NAM,2,4500000.0,2025-06-26 20:37:36
TX_0004609,KH_17769,23344,United Kingdom,4,54080.0,2026-02-17 03:53:33
TX_0004610,KH_20398,SP_143886056,MIEN_BAC,1,828000.0,2026-01-05 17:42:50
TX_0004611,KH_13174,23133,United Kingdom,3,214500.0,2026-06-01 04:11:28
TX_0004612,KH_GUEST,23438,United Kingdom,1,63960.0,2025-01-03 01:03:59
TX_0004613,KH_20233,SP_189942757,MIEN_NAM,3,290000.0,2025-03-25 07:50:23
TX_0004614,KH_15114,21212,United Kingdom,24,14300.0,2026-01-31 13:10:24
TX_0004615,KH_14159,23287,United Kingdom,4,22100.0,2026-06-13 14:17:53
TX_0004616,KH_17428,20712,United Kingdom,10,50700.0,2025-08-20 02:22:38
TX_0004617,KH_GUEST,23109,United Kingdom,1,75140.0,2026-03-09 20:08:45
TX_0004618,KH_15787,22949,United Kingdom,2,37700.0,2025-05-01 12:12:47
TX_0004619,KH_15894,21820,United Kingdom,2,97500.0,2024-05-20 13:11:07
TX_0004620,KH_15110,22725,United Kingdom,12,97500.0,2024-01-31 13:58:39
TX_0004621,KH_GUEST,90190B,United Kingdom,1,75400.0,2024-06-20 16:36:31
TX_0004622,KH_20480,SP_176811934,MIEN_BAC,1,200000.0,2025-03-03 13:41:40
TX_0004623,KH_GUEST,23198,United Kingdom,1,85540.0,2026-07-26 11:49:55
TX_0004624,KH_17964,21731,United Kingdom,3,42900.0,2025-01-06 09:08:08
TX_0004625,KH_20267,SP_219140473,MIEN_BAC,1,355500.0,2025-07-22 14:34:24
TX_0004626,KH_20008,SP_133704536,MIEN_NAM,1,56000.0,2025-03-13 14:08:52
TX_0004627,KH_12839,37448,United Kingdom,12,38740.0,2024-10-15 13:29:32
TX_0004628,KH_20314,SP_206665012,MIEN_NAM,1,24990.0,2026-08-10 17:27:21
TX_0004629,KH_GUEST,84580,United Kingdom,1,109460.0,2025-04-13 08:01:58
TX_0004630,KH_20256,SP_192919733,MIEN_BAC,4,540000.0,2025-01-31 19:34:42
TX_0004631,KH_13148,35911A,United Kingdom,12,22100.0,2025-12-06 20:31:20
TX_0004632,KH_20395,SP_171510735,MIEN_BAC,1,8000.0,2026-01-26 23:29:55
TX_0004633,KH_GUEST,22381,United Kingdom,1,107380.0,2025-03-13 03:16:50
TX_0004634,KH_GUEST,84510a,United Kingdom,1,63960.0,2026-07-12 00:16:42
TX_0004635,KH_18055,23175,United Kingdom,4,84500.0,2026-08-01 19:32:53
TX_0004636,KH_20434,SP_191316570,MIEN_BAC,2,441000.0,2025-05-02 18:12:06
TX_0004637,KH_14156,22723,EIRE,6,102700.0,2025-06-19 23:17:04
TX_0004638,KH_GUEST,22182,United Kingdom,2,107380.0,2026-09-01 06:16:02
TX_0004639,KH_20330,SP_208178373,MIEN_NAM,1,455000.0,2025-10-25 01:12:55
TX_0004640,KH_17231,22585,United Kingdom,2,32500.0,2024-06-05 13:46:33
TX_0004641,KH_12423,23204,Belgium,10,22100.0,2024-07-20 06:05:00
TX_0004642,KH_16309,22698,United Kingdom,6,76700.0,2026-09-29 05:50:39
TX_0004643,KH_17189,23108,United Kingdom,3,162500.0,2025-08-15 18:42:27
TX_0004644,KH_GUEST,21224,United Kingdom,1,21580.0,2026-08-04 21:08:08
TX_0004645,KH_16984,23241,United Kingdom,2,54080.0,2026-07-26 07:48:30
TX_0004646,KH_15811,85014B,United Kingdom,3,154700.0,2026-04-28 20:20:09
TX_0004647,KH_20265,SP_170381656,MIEN_NAM,1,199000.0,2026-07-08 19:57:15
TX_0004648,KH_20121,SP_148932243,MIEN_BAC,1,215000.0,2026-05-05 05:53:17
TX_0004649,KH_20150,SP_23792336,MIEN_NAM,1,580000.0,2026-06-09 12:06:43
TX_0004650,KH_20162,SP_190681063,MIEN_NAM,1,59000.0,2026-06-01 06:10:39
TX_0004651,KH_14096,21928,United Kingdom,2,107380.0,2024-05-19 03:51:07
TX_0004652,KH_13885,21733,United Kingdom,6,76700.0,2024-02-26 04:31:24
TX_0004653,KH_16764,20717,United Kingdom,1,32500.0,2025-07-15 21:12:13
TX_0004654,KH_20015,SP_176933378,MIEN_NAM,4,657000.0,2025-11-26 22:17:17
TX_0004655,KH_20331,SP_198077601,MIEN_BAC,1,1055000.0,2025-04-29 00:54:13
TX_0004656,KH_13728,21874,United Kingdom,12,32500.0,2026-02-27 05:33:08
TX_0004657,KH_13566,23266,United Kingdom,5,32500.0,2025-08-16 23:53:53
TX_0004658,KH_GUEST,21811,United Kingdom,1,63960.0,2026-06-25 20:47:33
TX_0004659,KH_14146,35970,United Kingdom,12,43940.0,2024-08-03 19:32:11
TX_0004660,KH_15144,22729,United Kingdom,4,97500.0,2026-03-11 05:55:37
TX_0004661,KH_GUEST,16235,United Kingdom,8,10920.0,2024-01-16 05:06:33
TX_0004662,KH_14493,22910,United Kingdom,12,76700.0,2025-07-26 00:09:55
TX_0004663,KH_20464,SP_201004395,MIEN_NAM,2,801000.0,2025-09-25 04:29:35
TX_0004664,KH_20127,SP_21747380,MIEN_NAM,3,590000.0,2025-04-04 20:13:39
TX_0004665,KH_20231,SP_181218556,MIEN_NAM,1,53000.0,2025-10-12 12:46:57
TX_0004666,KH_16133,23396,United Kingdom,4,97500.0,2024-09-11 18:33:26
TX_0004667,KH_GUEST,22335,United Kingdom,9,33280.0,2026-03-24 00:44:56
TX_0004668,KH_12390,23126,Belgium,4,128700.0,2026-09-18 15:28:53
TX_0004669,KH_13700,21985,United Kingdom,1,7540.0,2024-02-06 07:26:32
TX_0004670,KH_GUEST,22110,United Kingdom,6,193960.0,2024-02-28 17:35:48
TX_0004671,KH_20176,SP_135111833,MIEN_NAM,5,62900.0,2026-07-26 20:35:44
TX_0004672,KH_16033,22952,United Kingdom,4,14300.0,2026-09-27 11:27:50
TX_0004673,KH_GUEST,84380,United Kingdom,1,32500.0,2024-07-08 02:00:55
TX_0004674,KH_12620,22028,France,24,10920.0,2025-11-24 00:13:56
TX_0004675,KH_20109,SP_180868620,MIEN_NAM,1,20000.0,2025-10-09 18:07:39
TX_0004676,KH_14893,22278,United Kingdom,3,128700.0,2024-07-11 05:19:56
TX_0004677,KH_20092,SP_82228106,MIEN_BAC,1,349000.0,2025-10-31 13:31:40
TX_0004678,KH_14125,22726,United Kingdom,4,97500.0,2024-08-07 16:16:14
TX_0004679,KH_12660,22453,France,6,76700.0,2025-08-31 07:08:33
TX_0004680,KH_17360,85066,United Kingdom,1,331500.0,2025-05-27 04:13:46
TX_0004681,KH_GUEST,22470,United Kingdom,1,150540.0,2025-07-05 10:39:01
TX_0004682,KH_GUEST,22952,United Kingdom,1,32500.0,2025-11-02 08:28:57
TX_0004683,KH_18036,85099C,United Kingdom,6,54080.0,2026-05-20 04:53:40
TX_0004684,KH_20297,SP_166329947,MIEN_NAM,1,54000.0,2025-04-18 20:32:52
TX_0004685,KH_GUEST,85093,United Kingdom,2,21580.0,2025-10-05 12:31:14
TX_0004686,KH_20188,SP_168495949,MIEN_NAM,1,289842.0,2025-12-02 22:35:12
TX_0004687,KH_18094,22611,United Kingdom,12,128700.0,2024-01-10 11:31:04
TX_0004688,KH_13212,23553,United Kingdom,1,325000.0,2024-12-07 21:39:53
TX_0004689,KH_17735,23200,United Kingdom,10,54080.0,2024-10-09 00:02:27
TX_0004690,KH_20394,SP_142977292,MIEN_NAM,1,21000.0,2025-10-22 07:00:17
TX_0004691,KH_14547,17091J,United Kingdom,6,9880.0,2024-11-08 00:53:11
TX_0004692,KH_12556,85061W,Spain,4,22100.0,2026-09-08 01:30:08
TX_0004693,KH_15858,21586,United Kingdom,12,66300.0,2026-06-12 01:48:42
TX_0004694,KH_20447,SP_158900664,MIEN_NAM,4,299000.0,2025-10-16 09:19:15
TX_0004695,KH_12517,21213,Germany,3,14300.0,2026-05-02 13:47:50
TX_0004696,KH_13694,22059,United Kingdom,48,32500.0,2025-07-03 04:04:40
TX_0004697,KH_20370,SP_220678116,MIEN_BAC,1,4200000.0,2026-07-12 21:03:14
TX_0004698,KH_14907,22077,United Kingdom,12,42900.0,2026-06-29 00:12:34
TX_0004699,KH_20114,SP_263025647,MIEN_BAC,1,375000.0,2026-06-12 12:08:48
TX_0004700,KH_17247,23318,United Kingdom,2,64740.0,2024-02-29 08:08:08
TX_0004701,KH_14344,22698,United Kingdom,1,76700.0,2026-03-15 02:30:32
TX_0004702,KH_14005,21977,United Kingdom,24,14300.0,2026-03-09 20:41:08
TX_0004703,KH_15796,21078,United Kingdom,12,22100.0,2026-01-27 07:56:38
TX_0004704,KH_17841,20723,United Kingdom,2,22100.0,2024-12-26 06:17:25
TX_0004705,KH_GUEST,21866,United Kingdom,1,85540.0,2026-08-25 21:37:21
TX_0004706,KH_16340,22568,United Kingdom,1,97500.0,2026-04-07 07:28:08
TX_0004707,KH_15967,22171,United Kingdom,1,221000.0,2026-02-12 02:15:54
TX_0004708,KH_15669,23053,United Kingdom,2,214500.0,2024-12-13 02:01:38
TX_0004709,KH_GUEST,21913,United Kingdom,1,198120.0,2025-08-04 10:04:11
TX_0004710,KH_14907,23207,United Kingdom,10,42900.0,2024-02-27 14:25:08
TX_0004711,KH_GUEST,23175,United Kingdom,2,84500.0,2026-07-17 15:51:14
TX_0004712,KH_20118,SP_139970736,MIEN_NAM,2,5000.0,2025-09-02 18:35:03
TX_0004713,KH_13015,23039,United Kingdom,12,50700.0,2025-10-19 10:40:56
TX_0004714,KH_GUEST,71403,United Kingdom,1,150540.0,2025-03-13 22:43:24
TX_0004715,KH_14769,23145,United Kingdom,12,24700.0,2024-07-11 10:21:15
TX_0004716,KH_20213,SP_184500495,MIEN_BAC,1,749000.0,2025-10-26 08:15:11
TX_0004717,KH_20312,SP_4229193,MIEN_NAM,4,49000.0,2025-07-23 01:26:04
TX_0004718,KH_15555,23096,United Kingdom,12,42900.0,2026-02-09 12:30:02
TX_0004719,KH_17677,22666,United Kingdom,6,76700.0,2026-08-02 16:58:07
TX_0004720,KH_GUEST,85099C,United Kingdom,1,109460.0,2025-12-20 17:28:04
TX_0004721,KH_12498,23206,Germany,10,42900.0,2024-11-30 02:45:13
TX_0004722,KH_17744,22055,United Kingdom,16,10140.0,2025-12-03 02:50:28
TX_0004723,KH_20072,SP_253072571,MIEN_TRUNG,3,38000.0,2026-05-12 10:57:14
TX_0004724,KH_17841,23133,United Kingdom,1,214500.0,2025-08-02 20:30:45
TX_0004725,KH_20230,SP_122344778,MIEN_TRUNG,4,319000.0,2025-09-22 21:23:57
TX_0004726,KH_20440,SP_186843254,MIEN_BAC,1,187000.0,2025-10-18 11:04:43
TX_0004727,KH_17841,22335,United Kingdom,2,16900.0,2024-02-06 10:53:45
TX_0004728,KH_20477,SP_976121,MIEN_NAM,1,550000.0,2025-07-30 00:18:16
TX_0004729,KH_GUEST,90034,United Kingdom,1,264940.0,2024-12-18 14:03:01
TX_0004730,KH_17799,22439,United Kingdom,8,16900.0,2024-02-26 14:24:28
TX_0004731,KH_20179,SP_138899360,MIEN_BAC,3,47000.0,2025-10-03 08:22:06
TX_0004732,KH_15113,20682,United Kingdom,24,84500.0,2026-07-26 09:57:00
TX_0004733,KH_20326,SP_187641694,MIEN_BAC,1,520000.0,2026-03-04 05:00:21
TX_0004734,KH_14659,22720,United Kingdom,1,128700.0,2025-01-05 00:06:36
TX_0004735,KH_20061,SP_75706245,MIEN_TRUNG,1,76850.0,2026-08-27 08:33:58
TX_0004736,KH_16326,22691,United Kingdom,1,214500.0,2024-02-11 20:44:24
TX_0004737,KH_20127,SP_249085059,MIEN_NAM,3,145000.0,2025-07-15 14:25:55
TX_0004738,KH_GUEST,35920,United Kingdom,2,128960.0,2025-03-04 11:33:29
TX_0004739,KH_20013,SP_166332330,MIEN_TRUNG,2,53000.0,2026-01-22 19:55:59
TX_0004740,KH_GUEST,21914,United Kingdom,2,63960.0,2024-05-19 20:42:30
TX_0004741,KH_20227,SP_166353180,MIEN_NAM,4,53000.0,2026-04-09 15:30:22
TX_0004742,KH_18118,20893,United Kingdom,1,66300.0,2025-03-10 20:28:50
TX_0004743,KH_20177,SP_149568494,MIEN_BAC,2,239000.0,2025-07-03 21:25:44
TX_0004744,KH_14562,22989,United Kingdom,1,84500.0,2026-03-28 06:23:51
TX_0004745,KH_15117,20725,United Kingdom,10,42900.0,2026-08-04 13:18:42
TX_0004746,KH_20059,SP_71519142,MIEN_NAM,1,616000.0,2025-08-23 19:17:11
TX_0004747,KH_15005,22065,United Kingdom,8,10140.0,2025-09-18 06:05:11
TX_0004748,KH_20228,SP_244131835,MIEN_NAM,1,55000.0,2025-06-21 08:17:00
TX_0004749,KH_20500,SP_200795079,MIEN_BAC,3,69000.0,2025-10-27 03:52:10
TX_0004750,KH_20431,SP_198817962,MIEN_NAM,3,125000.0,2026-05-04 00:24:23
TX_0004751,KH_GUEST,22604,United Kingdom,2,128960.0,2026-04-04 04:55:43
TX_0004752,KH_13004,20983,United Kingdom,12,22100.0,2024-09-24 01:32:48
TX_0004753,KH_17523,22142,United Kingdom,6,37700.0,2024-06-29 15:35:30
TX_0004754,KH_14719,23320,United Kingdom,4,75140.0,2024-11-09 19:34:36
TX_0004755,KH_15023,22114,United Kingdom,2,110500.0,2024-05-07 01:45:45
TX_0004756,KH_GUEST,21080,United Kingdom,1,42380.0,2026-04-22 00:18:05
TX_0004757,KH_14456,22991,United Kingdom,1,50700.0,2024-07-16 13:13:06
TX_0004758,KH_17874,22499,United Kingdom,4,154700.0,2024-06-25 22:53:40
TX_0004759,KH_20133,SP_170650108,MIEN_BAC,1,59000.0,2025-02-25 09:20:20
TX_0004760,KH_17511,23080,United Kingdom,2,214500.0,2024-03-25 07:54:24
TX_0004761,KH_20136,SP_58249242,MIEN_BAC,3,120000.0,2025-08-11 08:09:08
TX_0004762,KH_17051,22355,United Kingdom,5,22100.0,2024-01-17 20:46:24
TX_0004763,KH_20208,SP_146905522,MIEN_BAC,1,348000.0,2026-05-21 08:03:57
TX_0004764,KH_12748,20727,United Kingdom,2,42900.0,2024-08-26 18:15:14
TX_0004765,KH_14607,23199,United Kingdom,24,46540.0,2026-03-09 10:47:00
TX_0004766,KH_20094,SP_910724,MIEN_TRUNG,1,99000.0,2025-08-04 17:41:25
TX_0004767,KH_16558,23581,United Kingdom,10,54080.0,2025-02-24 16:48:38
TX_0004768,KH_20421,SP_263026109,MIEN_TRUNG,1,4000.0,2025-08-22 07:38:55
TX_0004769,KH_15745,22969,United Kingdom,12,37700.0,2025-11-23 18:14:12
TX_0004770,KH_15108,22843,European Community,2,175500.0,2024-10-09 08:24:38
TX_0004771,KH_20014,SP_190681076,MIEN_NAM,1,69000.0,2026-07-17 08:44:37
TX_0004772,KH_14895,21181,United Kingdom,12,54600.0,2024-07-10 18:19:50
TX_0004773,KH_20367,SP_208413172,MIEN_BAC,2,80000.0,2025-11-20 05:19:34
TX_0004774,KH_GUEST,23575,United Kingdom,1,107380.0,2026-01-03 23:28:48
TX_0004775,KH_20082,SP_263107459,MIEN_NAM,1,499000.0,2025-04-29 07:25:56
TX_0004776,KH_20047,SP_195177689,MIEN_NAM,1,39000.0,2025-05-09 09:44:42
TX_0004777,KH_20335,SP_113499949,MIEN_BAC,4,4581000.0,2025-11-01 15:54:17
TX_0004778,KH_20310,SP_198303847,MIEN_BAC,1,40000.0,2025-09-26 07:51:00
TX_0004779,KH_18145,23270,United Kingdom,6,37700.0,2026-03-21 22:30:05
TX_0004780,KH_16369,21679,United Kingdom,12,22100.0,2025-09-17 07:25:25
TX_0004781,KH_20471,SP_250103263,MIEN_NAM,1,1139000.0,2025-01-12 23:03:49
TX_0004782,KH_20146,SP_139192101,MIEN_BAC,1,59000.0,2025-03-10 18:18:22
TX_0004783,KH_GUEST,85132C,United Kingdom,1,150540.0,2024-04-07 00:37:56
TX_0004784,KH_20236,SP_72046668,MIEN_NAM,2,388000.0,2026-05-03 06:27:32
TX_0004785,KH_18252,21408,United Kingdom,1,110500.0,2024-06-26 11:47:00
TX_0004786,KH_20335,SP_253377324,MIEN_BAC,8,399000.0,2026-09-10 04:35:12
TX_0004787,KH_20343,SP_253347953,MIEN_BAC,3,37000.0,2026-02-26 01:47:26
TX_0004788,KH_20071,SP_36775381,MIEN_BAC,2,35000.0,2026-07-10 03:17:35
TX_0004789,KH_20285,SP_135537904,MIEN_BAC,1,12000.0,2025-09-26 02:02:06
TX_0004790,KH_16360,22952,United Kingdom,1,14300.0,2024-09-01 23:51:41
TX_0004791,KH_20012,SP_195569932,MIEN_BAC,5,50000.0,2026-07-05 17:09:09
TX_0004792,KH_17841,22420,United Kingdom,3,10920.0,2025-04-23 00:18:57
TX_0004793,KH_20317,SP_153978779,MIEN_NAM,2,1897500.0,2026-01-24 22:23:02
TX_0004794,KH_20129,SP_201677793,MIEN_NAM,2,220000.0,2025-03-28 19:51:45
TX_0004795,KH_20402,SP_198270956,MIEN_TRUNG,2,80000.0,2025-04-19 23:09:33
TX_0004796,KH_15073,22674,United Kingdom,12,32500.0,2025-09-14 18:07:34
TX_0004797,KH_20306,SP_140347898,MIEN_BAC,2,69000.0,2026-07-14 23:04:35
TX_0004798,KH_GUEST,22719,United Kingdom,2,63960.0,2026-09-26 04:38:32
TX_0004799,KH_17400,21637,United Kingdom,18,32500.0,2026-08-31 19:51:14
TX_0004800,KH_20337,SP_19991507,MIEN_BAC,2,18000.0,2025-06-12 09:09:08
TX_0004801,KH_20485,SP_205335870,MIEN_TRUNG,1,6180000.0,2025-10-27 20:50:38
TX_0004802,KH_17109,15044D,United Kingdom,1,76700.0,2025-08-16 16:43:25
TX_0004803,KH_13755,23032,United Kingdom,2,42900.0,2024-03-20 18:52:45
TX_0004804,KH_GUEST,22720,United Kingdom,1,280540.0,2025-12-22 11:30:45
TX_0004805,KH_16133,23163,United Kingdom,8,64740.0,2024-10-15 06:58:12
TX_0004806,KH_20269,SP_138661689,MIEN_NAM,1,59000.0,2025-07-22 12:00:58
TX_0004807,KH_20121,SP_187009931,MIEN_NAM,1,500000.0,2025-03-06 02:50:24
TX_0004808,KH_18122,20725,United Kingdom,3,42900.0,2026-09-21 21:58:38
TX_0004809,KH_17050,22960,United Kingdom,6,110500.0,2024-09-04 00:55:16
TX_0004810,KH_20256,SP_248544248,MIEN_BAC,1,399000.0,2026-02-09 13:09:07
TX_0004811,KH_13975,21232,United Kingdom,2,32500.0,2024-10-06 03:17:15
TX_0004812,KH_14487,22698,United Kingdom,1,76700.0,2024-07-19 01:00:53
TX_0004813,KH_15298,21930,United Kingdom,10,54080.0,2026-01-25 17:53:43
TX_0004814,KH_20493,SP_215197915,MIEN_TRUNG,1,41000.0,2025-09-26 22:52:54
TX_0004815,KH_20354,SP_147487728,MIEN_NAM,2,32000.0,2026-05-16 16:15:37
TX_0004816,KH_15444,20767,United Kingdom,1,66300.0,2024-08-26 07:48:59
TX_0004817,KH_GUEST,23694,United Kingdom,1,21580.0,2026-04-11 23:07:42
TX_0004818,KH_16121,22672,United Kingdom,2,42900.0,2026-04-12 10:35:13
TX_0004819,KH_20379,SP_96079749,MIEN_NAM,1,25000.0,2026-09-21 10:22:48
TX_0004820,KH_16345,23395,United Kingdom,6,97500.0,2024-03-08 03:27:36
TX_0004821,KH_12935,21212,United Kingdom,24,14300.0,2025-10-20 23:37:19
TX_0004822,KH_20119,SP_177559174,MIEN_NAM,4,449000.0,2026-05-21 20:22:33
TX_0004823,KH_20135,SP_247972660,MIEN_BAC,3,89000.0,2026-05-15 15:53:12
TX_0004824,KH_20017,SP_179731411,MIEN_BAC,1,65550.0,2025-06-04 21:32:51
TX_0004825,KH_12668,21578,Germany,6,58500.0,2024-10-14 02:42:17
TX_0004826,KH_GUEST,22132,United Kingdom,1,42380.0,2024-01-29 18:13:12
TX_0004827,KH_14606,22545,United Kingdom,1,10920.0,2025-05-16 20:42:59
TX_0004828,KH_16121,84978,United Kingdom,4,32500.0,2024-03-18 15:36:47
TX_0004829,KH_20089,SP_85920801,MIEN_BAC,3,39000.0,2025-11-28 08:00:39
TX_0004830,KH_17504,21902,United Kingdom,24,16900.0,2024-03-18 00:17:33
TX_0004831,KH_14971,22940,United Kingdom,3,110500.0,2026-09-29 13:54:18
TX_0004832,KH_20242,SP_138661954,MIEN_NAM,1,59000.0,2025-09-18 05:09:12
TX_0004833,KH_15493,23419,United Kingdom,3,54080.0,2024-04-30 16:48:54
TX_0004834,KH_20240,SP_136074033,MIEN_BAC,1,69800.0,2025-04-10 15:33:37
TX_0004835,KH_13869,22300,United Kingdom,6,66300.0,2025-11-19 10:16:02
TX_0004836,KH_14537,23127,United Kingdom,12,107900.0,2024-08-12 10:46:48
TX_0004837,KH_16713,22429,United Kingdom,4,110500.0,2024-09-17 07:55:54
TX_0004838,KH_20471,SP_170601088,MIEN_BAC,2,29000.0,2026-06-09 20:06:08
TX_0004839,KH_13081,22776,United Kingdom,4,258700.0,2024-04-07 08:20:01
TX_0004840,KH_17841,22680,United Kingdom,1,32500.0,2024-05-03 08:02:41
TX_0004841,KH_20277,SP_191575965,MIEN_BAC,1,1815000.0,2025-12-21 14:40:46
TX_0004842,KH_13439,20845,United Kingdom,2,165100.0,2025-01-13 12:58:56
TX_0004843,KH_12766,21982,Portugal,24,7540.0,2024-03-19 18:08:57
TX_0004844,KH_20110,SP_47869068,MIEN_NAM,5,769000.0,2025-01-23 10:17:03
TX_0004845,KH_20333,SP_179176306,MIEN_BAC,3,1489000.0,2026-03-28 07:13:22
TX_0004846,KH_20191,SP_19756963,MIEN_BAC,3,170000.0,2025-11-29 19:18:20
TX_0004847,KH_16951,22489,United Kingdom,24,10920.0,2024-08-11 11:57:53
TX_0004848,KH_14776,84992,United Kingdom,24,14300.0,2026-02-21 01:38:31
TX_0004849,KH_15251,22969,United Kingdom,29,32500.0,2025-10-30 19:21:59
TX_0004850,KH_14552,23309,United Kingdom,1,14300.0,2026-01-27 15:04:35
TX_0004851,KH_20227,SP_263027445,MIEN_NAM,8,3000.0,2025-05-15 05:17:15
TX_0004852,KH_13777,20679,United Kingdom,6,128700.0,2026-02-09 03:15:32
TX_0004853,KH_17231,22156,United Kingdom,3,22100.0,2026-04-09 16:21:27
TX_0004854,KH_15194,22865,United Kingdom,12,54600.0,2024-12-14 07:15:24
TX_0004855,KH_16386,23229,United Kingdom,1,97500.0,2026-03-17 05:11:43
TX_0004856,KH_16474,23320,United Kingdom,4,75140.0,2026-02-04 07:00:42
TX_0004857,KH_16474,82494L,United Kingdom,6,76700.0,2024-09-07 18:21:26
TX_0004858,KH_17905,21192,United Kingdom,30,42900.0,2025-06-26 11:58:51
TX_0004859,KH_GUEST,47310M,United Kingdom,1,43160.0,2025-05-22 00:29:55
TX_0004860,KH_20181,SP_159035535,MIEN_BAC,1,219000.0,2026-06-01 06:49:30
TX_0004861,KH_20445,SP_143888773,MIEN_TRUNG,2,598800.0,2025-03-03 02:18:23
TX_0004862,KH_GUEST,10133,United Kingdom,5,21580.0,2025-04-23 14:21:02
TX_0004863,KH_15867,21533,United Kingdom,6,128700.0,2024-08-15 16:41:55
TX_0004864,KH_20385,SP_185978071,MIEN_NAM,2,441000.0,2025-07-21 17:37:48
TX_0004865,KH_17142,23052,United Kingdom,2,214500.0,2025-11-30 08:59:32
TX_0004866,KH_20194,SP_193702117,MIEN_NAM,1,69000.0,2026-09-27 21:47:35
TX_0004867,KH_GUEST,23404,United Kingdom,1,280540.0,2025-08-23 16:23:27
TX_0004868,KH_20024,SP_146945982,MIEN_NAM,1,250000.0,2026-03-26 17:58:55
TX_0004869,KH_20223,SP_208631974,MIEN_NAM,2,44750.0,2025-08-15 23:29:48
TX_0004870,KH_16729,23207,United Kingdom,4,42900.0,2026-01-06 04:19:32
TX_0004871,KH_GUEST,22384,United Kingdom,9,128960.0,2025-03-26 04:11:56
TX_0004872,KH_20490,SP_82496924,MIEN_NAM,3,55000.0,2026-10-02 04:17:14
TX_0004873,KH_20091,SP_262974163,MIEN_BAC,1,8000.0,2025-01-16 05:29:10
TX_0004874,KH_17370,22772,United Kingdom,12,32500.0,2024-01-03 03:18:47
TX_0004875,KH_20423,SP_90648841,MIEN_NAM,1,531000.0,2026-04-15 19:01:21
TX_0004876,KH_12415,22698,Australia,24,66300.0,2024-03-29 14:02:00
TX_0004877,KH_20280,SP_171510759,MIEN_NAM,1,3500.0,2026-02-11 23:38:39
TX_0004878,KH_20444,SP_103616185,MIEN_BAC,1,1199000.0,2025-05-19 06:40:03
TX_0004879,KH_GUEST,47566b,United Kingdom,1,215540.0,2025-01-22 05:36:41
TX_0004880,KH_20458,SP_145627104,MIEN_NAM,2,65750.0,2025-11-14 23:58:58
TX_0004881,KH_14646,21507,Netherlands,16,9360.0,2026-01-27 18:15:59
TX_0004882,KH_20113,SP_116801461,MIEN_NAM,1,45000.0,2025-12-26 23:35:36
TX_0004883,KH_GUEST,22661,United Kingdom,3,42380.0,2026-09-23 01:58:39
TX_0004884,KH_20105,SP_216473204,MIEN_NAM,1,3500000.0,2025-01-06 16:08:04
TX_0004885,KH_16496,21889,United Kingdom,12,32500.0,2024-07-07 05:18:05
TX_0004886,KH_13516,21212,United Kingdom,24,14300.0,2024-05-14 06:58:57
TX_0004887,KH_20031,SP_175780881,MIEN_BAC,3,12840.0,2025-10-06 09:13:04
TX_0004888,KH_GUEST,23183,United Kingdom,1,193960.0,2026-06-01 04:28:57
TX_0004889,KH_20480,SP_199648564,MIEN_NAM,2,785000.0,2025-02-22 09:31:07
TX_0004890,KH_20046,SP_253113184,MIEN_NAM,1,135000.0,2026-05-12 18:30:29
TX_0004891,KH_15061,48116,United Kingdom,30,175500.0,2024-10-24 13:27:51
TX_0004892,KH_GUEST,35913B,United Kingdom,2,85540.0,2024-07-07 00:19:29
TX_0004893,KH_20207,SP_145626923,MIEN_NAM,2,44750.0,2026-08-10 13:51:28
TX_0004894,KH_20443,SP_34226398,MIEN_BAC,3,649000.0,2026-07-26 02:18:29
TX_0004895,KH_17696,22077,United Kingdom,12,42900.0,2024-03-15 17:24:56
TX_0004896,KH_16764,21902,United Kingdom,1,16900.0,2024-01-27 21:45:53
TX_0004897,KH_20482,SP_146493295,MIEN_BAC,1,85000.0,2026-10-03 05:42:54
TX_0004898,KH_17433,22573,United Kingdom,6,22100.0,2024-05-15 04:09:10
TX_0004899,KH_18118,22580,United Kingdom,1,154700.0,2024-03-02 20:07:14
TX_0004900,KH_14911,23536,EIRE,4,154700.0,2025-03-10 08:21:44
TX_0004901,KH_20078,SP_120550501,MIEN_TRUNG,4,39000.0,2026-07-29 06:31:43
TX_0004902,KH_17428,22556,United Kingdom,12,42900.0,2025-10-03 03:15:39
TX_0004903,KH_17189,22897,United Kingdom,4,37700.0,2025-02-01 16:59:27
TX_0004904,KH_13471,21498,United Kingdom,25,10920.0,2024-04-06 12:12:58
TX_0004905,KH_20277,SP_131903652,MIEN_NAM,2,5030000.0,2026-08-03 08:36:48
TX_0004906,KH_15152,22979,United Kingdom,12,37700.0,2024-12-24 07:31:04
TX_0004907,KH_20494,SP_204027426,MIEN_NAM,1,755000.0,2026-07-30 01:25:14
TX_0004908,KH_17222,23061,United Kingdom,6,32500.0,2025-01-28 11:53:31
TX_0004909,KH_20267,SP_192134657,MIEN_NAM,1,520000.0,2025-09-01 19:04:36
TX_0004910,KH_GUEST,21172,United Kingdom,2,107380.0,2025-10-24 10:30:44
TX_0004911,KH_GUEST,22381,United Kingdom,2,128960.0,2026-06-02 00:26:13
TX_0004912,KH_GUEST,46776E,United Kingdom,4,107380.0,2024-06-10 17:24:42
TX_0004913,KH_13787,22800,United Kingdom,4,97500.0,2024-01-25 01:58:23
TX_0004914,KH_18212,22851,United Kingdom,3,22100.0,2026-04-13 03:44:56
TX_0004915,KH_17690,22077,United Kingdom,4,42900.0,2025-03-28 05:11:34
TX_0004916,KH_16923,22909,United Kingdom,2,22100.0,2024-01-07 11:39:43
TX_0004917,KH_15660,21914,United Kingdom,12,32500.0,2024-08-21 02:36:17
TX_0004918,KH_17706,85099B,United Kingdom,10,54080.0,2025-04-30 03:03:37
TX_0004919,KH_GUEST,23049,Israel,2,214500.0,2025-01-28 22:35:14
TX_0004920,KH_GUEST,23543,United Kingdom,1,432380.0,2026-02-22 08:09:42
TX_0004921,KH_20465,SP_17009704,MIEN_NAM,3,108000.0,2025-03-21 07:56:41
TX_0004922,KH_GUEST,22768,United Kingdom,1,529880.0,2024-08-02 06:01:44
TX_0004923,KH_GUEST,20725,United Kingdom,1,107380.0,2026-07-01 07:36:32
TX_0004924,KH_15503,22625,United Kingdom,1,221000.0,2026-01-07 01:04:45
TX_0004925,KH_14189,22209,United Kingdom,12,42900.0,2025-12-05 15:35:37
TX_0004926,KH_GUEST,23541,United Kingdom,1,432380.0,2025-04-14 16:54:02
TX_0004927,KH_12866,21218,Belgium,6,97500.0,2026-03-12 11:30:54
TX_0004928,KH_12748,23466,United Kingdom,1,214500.0,2026-05-14 03:05:00
TX_0004929,KH_14418,22468,United Kingdom,2,175500.0,2026-06-12 17:31:18
TX_0004930,KH_GUEST,84457,United Kingdom,1,42380.0,2024-11-02 01:53:54
TX_0004931,KH_GUEST,90186B,United Kingdom,1,75400.0,2024-08-10 16:48:05
TX_0004932,KH_20088,SP_212474358,MIEN_NAM,5,31500.0,2025-03-24 08:38:57
TX_0004933,KH_17078,21106,United Kingdom,24,66300.0,2026-02-16 04:23:47
TX_0004934,KH_20462,SP_193684971,MIEN_NAM,1,2380000.0,2025-09-17 17:29:27
TX_0004935,KH_16931,21069,United Kingdom,3,32500.0,2024-03-01 21:06:56
TX_0004936,KH_14880,22114,United Kingdom,4,110500.0,2024-09-19 22:59:05
TX_0004937,KH_14547,23321,United Kingdom,12,42900.0,2026-04-03 00:51:38
TX_0004938,KH_16841,22723,United Kingdom,4,102700.0,2024-11-24 03:57:11
TX_0004939,KH_GUEST,22361,United Kingdom,1,150540.0,2026-05-31 07:05:33
TX_0004940,KH_20305,SP_111106691,MIEN_BAC,2,175000.0,2025-12-26 08:47:27
TX_0004941,KH_15856,22029,United Kingdom,12,10920.0,2025-02-24 05:39:17
TX_0004942,KH_14246,23108,United Kingdom,2,162500.0,2025-03-10 18:39:12
TX_0004943,KH_GUEST,22150,United Kingdom,1,109460.0,2024-01-07 16:48:22
TX_0004944,KH_20332,SP_110164651,MIEN_BAC,1,22800.0,2026-03-02 11:37:57
TX_0004945,KH_13136,22637,United Kingdom,4,66300.0,2026-02-09 18:58:54
TX_0004946,KH_14456,22385,United Kingdom,2,54080.0,2025-11-15 10:07:06
TX_0004947,KH_12727,22436,France,20,16900.0,2026-06-09 04:24:46
TX_0004948,KH_15322,21065,United Kingdom,2,154700.0,2024-01-29 23:45:17
TX_0004949,KH_GUEST,22781,United Kingdom,1,388960.0,2024-10-25 18:50:04
TX_0004950,KH_20295,SP_198511771,MIEN_BAC,2,1200000.0,2026-06-08 19:27:09
TX_0004951,KH_15673,22961,United Kingdom,24,37700.0,2024-04-12 18:19:36
TX_0004952,KH_GUEST,22083,United Kingdom,3,172380.0,2025-03-14 12:40:41
TX_0004953,KH_GUEST,22197,United Kingdom,3,63960.0,2024-12-25 23:57:13
TX_0004954,KH_17672,23306,United Kingdom,12,37700.0,2025-07-16 13:59:04
TX_0004955,KH_17315,22092,United Kingdom,1,32500.0,2024-10-07 19:28:14
TX_0004956,KH_15044,23118,United Kingdom,2,195000.0,2025-04-04 19:59:43
TX_0004957,KH_14587,22523,United Kingdom,1,22100.0,2024-03-14 14:34:32
TX_0004958,KH_15727,22890,United Kingdom,6,258700.0,2025-03-19 16:30:18
TX_0004959,KH_20162,SP_50273977,MIEN_NAM,1,44000.0,2025-06-06 22:41:40
TX_0004960,KH_17337,21911,United Kingdom,1,42900.0,2025-02-13 22:54:39
TX_0004961,KH_GUEST,22558,United Kingdom,1,85540.0,2025-02-13 01:14:15
TX_0004962,KH_18102,48184,United Kingdom,20,119080.0,2024-10-17 01:10:57
TX_0004963,KH_15031,23247,United Kingdom,2,75140.0,2026-09-12 01:08:32
TX_0004964,KH_13118,23681,United Kingdom,2,42900.0,2024-09-28 07:07:06
TX_0004965,KH_20011,SP_71087115,MIEN_BAC,8,104500.0,2026-01-19 03:46:04
TX_0004966,KH_20133,SP_28911130,MIEN_NAM,1,29500.0,2025-01-24 10:12:48
TX_0004967,KH_15152,21930,United Kingdom,10,54080.0,2025-01-09 07:45:12
TX_0004968,KH_14096,21675,United Kingdom,1,42380.0,2024-08-14 09:54:45
TX_0004969,KH_20047,SP_249152994,MIEN_NAM,2,1099000.0,2026-05-07 02:04:13
TX_0004970,KH_16829,22283,United Kingdom,2,206700.0,2025-10-23 20:11:22
TX_0004971,KH_20314,SP_263027016,MIEN_NAM,1,15000.0,2025-06-26 17:59:21
TX_0004972,KH_12841,23301,United Kingdom,1,42900.0,2026-01-11 20:00:47
TX_0004973,KH_17220,10124G,United Kingdom,4,10920.0,2026-08-11 12:56:54
TX_0004974,KH_16710,22112,United Kingdom,2,128700.0,2024-12-13 06:43:51
TX_0004975,KH_20263,SP_205257951,MIEN_NAM,5,299000.0,2025-03-21 22:56:05
TX_0004976,KH_17091,85099C,United Kingdom,10,54080.0,2025-10-06 07:01:40
TX_0004977,KH_17076,21232,United Kingdom,15,27560.0,2026-02-09 14:57:18
TX_0004978,KH_14646,22557,Netherlands,29,37700.0,2024-02-14 11:11:25
TX_0004979,KH_14606,21791,United Kingdom,1,32500.0,2025-02-13 11:15:14
TX_0004980,KH_12481,22558,Germany,12,38740.0,2025-06-18 15:11:06
TX_0004981,KH_15038,21174,United Kingdom,1,50700.0,2025-05-31 22:57:22
TX_0004982,KH_20216,SP_195287279,MIEN_NAM,2,243000.0,2025-07-04 01:22:09
TX_0004983,KH_20262,SP_206713700,MIEN_BAC,1,3690000.0,2025-07-06 21:39:25
TX_0004984,KH_16222,82582,United Kingdom,6,54600.0,2025-12-21 05:16:31
TX_0004985,KH_20445,SP_195964860,MIEN_NAM,2,45000.0,2026-05-28 06:18:55
TX_0004986,KH_20242,SP_263026150,MIEN_BAC,8,42000.0,2025-12-24 20:06:52
TX_0004987,KH_14594,23090,United Kingdom,6,21580.0,2025-02-24 00:09:00
TX_0004988,KH_20446,SP_170650161,MIEN_NAM,1,123700.0,2025-11-24 18:08:49
TX_0004989,KH_16523,23208,United Kingdom,10,42900.0,2024-01-12 14:26:47
TX_0004990,KH_20232,SP_204297975,MIEN_BAC,5,210000.0,2026-07-19 22:19:08
TX_0004991,KH_17426,23209,United Kingdom,10,42900.0,2026-07-04 10:49:49
TX_0004992,KH_GUEST,22027,United Kingdom,1,22100.0,2026-02-13 07:39:56
TX_0004993,KH_GUEST,22268,United Kingdom,1,42380.0,2024-05-19 02:03:33
TX_0004994,KH_16923,21907,United Kingdom,3,54600.0,2024-08-24 20:25:54
TX_0004995,KH_13012,21905,United Kingdom,12,20540.0,2025-06-05 21:32:34
TX_0004996,KH_20155,SP_179731621,MIEN_BAC,1,65550.0,2026-05-18 23:07:28
TX_0004997,KH_GUEST,22424,United Kingdom,1,662740.0,2025-12-15 12:28:14
TX_0004998,KH_14096,21055,United Kingdom,1,432380.0,2024-04-05 01:16:49
TX_0004999,KH_18283,23204,United Kingdom,3,22100.0,2026-02-21 05:26:40
TX_0005000,KH_14796,21212,United Kingdom,2,14300.0,2024-07-12 05:13:37
