MA_GIAO_DICH,MA_KHACH_HANG,MA_SAN_PHAM,KHU_VUC,SO_LUONG,DON_GIA,THOI_GIAN
TX_0000001,KH_17850,85123A,United Kingdom,6,66300.0,2010-12-01 08:26:00
TX_0000002,KH_17850,71053,United Kingdom,6,88140.0,2010-12-01 08:26:00
TX_0000003,KH_17850,84406B,United Kingdom,8,71500.0,2010-12-01 08:26:00
TX_0000004,KH_17850,84029G,United Kingdom,6,88140.0,2010-12-01 08:26:00
TX_0000005,KH_17850,84029E,United Kingdom,6,88140.0,2010-12-01 08:26:00
TX_0000006,KH_17850,22752,United Kingdom,2,198900.0,2010-12-01 08:26:00
TX_0000007,KH_17850,21730,United Kingdom,6,110500.0,2010-12-01 08:26:00
TX_0000008,KH_17850,22633,United Kingdom,6,48100.0,2010-12-01 08:28:00
TX_0000009,KH_17850,22632,United Kingdom,6,48100.0,2010-12-01 08:28:00
TX_0000010,KH_13047,84879,United Kingdom,32,43940.0,2010-12-01 08:34:00
TX_0000011,KH_13047,22745,United Kingdom,6,54600.0,2010-12-01 08:34:00
TX_0000012,KH_13047,22748,United Kingdom,6,54600.0,2010-12-01 08:34:00
TX_0000013,KH_13047,22749,United Kingdom,8,97500.0,2010-12-01 08:34:00
TX_0000014,KH_13047,22310,United Kingdom,6,42900.0,2010-12-01 08:34:00
TX_0000015,KH_13047,84969,United Kingdom,6,110500.0,2010-12-01 08:34:00
TX_0000016,KH_13047,22623,United Kingdom,3,128700.0,2010-12-01 08:34:00
TX_0000017,KH_13047,22622,United Kingdom,2,258700.0,2010-12-01 08:34:00
TX_0000018,KH_13047,21754,United Kingdom,3,154700.0,2010-12-01 08:34:00
TX_0000019,KH_13047,21755,United Kingdom,3,154700.0,2010-12-01 08:34:00
TX_0000020,KH_13047,21777,United Kingdom,4,206700.0,2010-12-01 08:34:00
TX_0000021,KH_13047,48187,United Kingdom,4,206700.0,2010-12-01 08:34:00
TX_0000022,KH_13047,22960,United Kingdom,6,110500.0,2010-12-01 08:34:00
TX_0000023,KH_13047,22913,United Kingdom,3,128700.0,2010-12-01 08:34:00
TX_0000024,KH_13047,22912,United Kingdom,3,128700.0,2010-12-01 08:34:00
TX_0000025,KH_13047,22914,United Kingdom,3,128700.0,2010-12-01 08:34:00
TX_0000026,KH_13047,21756,United Kingdom,3,154700.0,2010-12-01 08:35:00
TX_0000027,KH_12583,22728,France,24,97500.0,2010-12-01 08:45:00
TX_0000028,KH_12583,22727,France,24,97500.0,2010-12-01 08:45:00
TX_0000029,KH_12583,22726,France,12,97500.0,2010-12-01 08:45:00
TX_0000030,KH_12583,21724,France,12,22100.0,2010-12-01 08:45:00
TX_0000031,KH_12583,21883,France,24,16900.0,2010-12-01 08:45:00
TX_0000032,KH_12583,10002,France,48,22100.0,2010-12-01 08:45:00
TX_0000033,KH_12583,21791,France,24,32500.0,2010-12-01 08:45:00
TX_0000034,KH_12583,21035,France,18,76700.0,2010-12-01 08:45:00
TX_0000035,KH_12583,22326,France,24,76700.0,2010-12-01 08:45:00
TX_0000036,KH_12583,22629,France,24,50700.0,2010-12-01 08:45:00
TX_0000037,KH_12583,22659,France,24,50700.0,2010-12-01 08:45:00
TX_0000038,KH_12583,22631,France,24,50700.0,2010-12-01 08:45:00
TX_0000039,KH_12583,22661,France,20,22100.0,2010-12-01 08:45:00
TX_0000040,KH_12583,21731,France,24,42900.0,2010-12-01 08:45:00
TX_0000041,KH_12583,22900,France,24,76700.0,2010-12-01 08:45:00
TX_0000042,KH_12583,21913,France,12,97500.0,2010-12-01 08:45:00
TX_0000043,KH_12583,22540,France,24,10920.0,2010-12-01 08:45:00
TX_0000044,KH_12583,22544,France,24,10920.0,2010-12-01 08:45:00
TX_0000045,KH_12583,22492,France,36,16900.0,2010-12-01 08:45:00
TX_0000046,KH_12583,POST,France,3,468000.0,2010-12-01 08:45:00
TX_0000047,KH_13748,22086,United Kingdom,80,66300.0,2010-12-01 09:00:00
TX_0000048,KH_17850,22632,United Kingdom,6,48100.0,2010-12-01 09:01:00
TX_0000049,KH_17850,22633,United Kingdom,6,48100.0,2010-12-01 09:01:00
TX_0000050,KH_17850,85123A,United Kingdom,6,66300.0,2010-12-01 09:02:00
TX_0000051,KH_17850,71053,United Kingdom,6,88140.0,2010-12-01 09:02:00
TX_0000052,KH_17850,84406B,United Kingdom,8,71500.0,2010-12-01 09:02:00
TX_0000053,KH_17850,20679,United Kingdom,6,128700.0,2010-12-01 09:02:00
TX_0000054,KH_17850,37370,United Kingdom,6,27560.0,2010-12-01 09:02:00
TX_0000055,KH_17850,21871,United Kingdom,6,27560.0,2010-12-01 09:02:00
TX_0000056,KH_17850,21071,United Kingdom,6,27560.0,2010-12-01 09:02:00
TX_0000057,KH_17850,21068,United Kingdom,6,27560.0,2010-12-01 09:02:00
TX_0000058,KH_17850,82483,United Kingdom,2,128700.0,2010-12-01 09:02:00
TX_0000059,KH_17850,82486,United Kingdom,4,180700.0,2010-12-01 09:02:00
TX_0000060,KH_17850,82482,United Kingdom,6,54600.0,2010-12-01 09:02:00
TX_0000061,KH_17850,82494L,United Kingdom,6,66300.0,2010-12-01 09:02:00
TX_0000062,KH_17850,84029G,United Kingdom,6,88140.0,2010-12-01 09:02:00
TX_0000063,KH_17850,84029E,United Kingdom,6,88140.0,2010-12-01 09:02:00
TX_0000064,KH_17850,22752,United Kingdom,2,198900.0,2010-12-01 09:02:00
TX_0000065,KH_17850,21730,United Kingdom,6,110500.0,2010-12-01 09:02:00
TX_0000066,KH_15100,21258,United Kingdom,32,284700.0,2010-12-01 09:09:00
TX_0000067,KH_17850,85123A,United Kingdom,6,66300.0,2010-12-01 09:32:00
TX_0000068,KH_17850,71053,United Kingdom,6,88140.0,2010-12-01 09:32:00
TX_0000069,KH_17850,84406B,United Kingdom,8,71500.0,2010-12-01 09:32:00
TX_0000070,KH_17850,20679,United Kingdom,6,128700.0,2010-12-01 09:32:00
TX_0000071,KH_17850,37370,United Kingdom,6,27560.0,2010-12-01 09:32:00
TX_0000072,KH_17850,21871,United Kingdom,6,27560.0,2010-12-01 09:32:00
TX_0000073,KH_17850,21071,United Kingdom,6,27560.0,2010-12-01 09:32:00
TX_0000074,KH_17850,21068,United Kingdom,6,27560.0,2010-12-01 09:32:00
TX_0000075,KH_17850,82483,United Kingdom,2,128700.0,2010-12-01 09:32:00
TX_0000076,KH_17850,82486,United Kingdom,4,180700.0,2010-12-01 09:32:00
TX_0000077,KH_17850,82482,United Kingdom,6,54600.0,2010-12-01 09:32:00
TX_0000078,KH_17850,82494L,United Kingdom,6,66300.0,2010-12-01 09:32:00
TX_0000079,KH_17850,84029G,United Kingdom,6,88140.0,2010-12-01 09:32:00
TX_0000080,KH_17850,84029E,United Kingdom,6,88140.0,2010-12-01 09:32:00
TX_0000081,KH_17850,22752,United Kingdom,2,198900.0,2010-12-01 09:32:00
TX_0000082,KH_17850,21730,United Kingdom,6,110500.0,2010-12-01 09:32:00
TX_0000083,KH_15291,22114,United Kingdom,48,89700.0,2010-12-01 09:32:00
TX_0000084,KH_15291,21733,United Kingdom,64,66300.0,2010-12-01 09:32:00
TX_0000085,KH_17850,22632,United Kingdom,6,48100.0,2010-12-01 09:34:00
TX_0000086,KH_17850,22633,United Kingdom,6,48100.0,2010-12-01 09:34:00
TX_0000087,KH_14688,22386,United Kingdom,10,50700.0,2010-12-01 09:37:00
TX_0000088,KH_14688,85099C,United Kingdom,10,50700.0,2010-12-01 09:37:00
TX_0000089,KH_14688,21033,United Kingdom,10,76700.0,2010-12-01 09:37:00
TX_0000090,KH_14688,20723,United Kingdom,10,22100.0,2010-12-01 09:37:00
TX_0000091,KH_14688,84997B,United Kingdom,12,97500.0,2010-12-01 09:37:00
TX_0000092,KH_14688,84997C,United Kingdom,6,97500.0,2010-12-01 09:37:00
TX_0000093,KH_14688,21094,United Kingdom,12,22100.0,2010-12-01 09:37:00
TX_0000094,KH_14688,20725,United Kingdom,10,42900.0,2010-12-01 09:37:00
TX_0000095,KH_14688,21559,United Kingdom,6,66300.0,2010-12-01 09:37:00
TX_0000096,KH_14688,22352,United Kingdom,6,66300.0,2010-12-01 09:37:00
TX_0000097,KH_14688,21212,United Kingdom,120,10920.0,2010-12-01 09:37:00
TX_0000098,KH_14688,21975,United Kingdom,24,14300.0,2010-12-01 09:37:00
TX_0000099,KH_14688,21977,United Kingdom,24,14300.0,2010-12-01 09:37:00
TX_0000100,KH_14688,84991,United Kingdom,24,14300.0,2010-12-01 09:37:00
TX_0000101,KH_14688,84519A,United Kingdom,6,76700.0,2010-12-01 09:37:00
TX_0000102,KH_14688,85183B,United Kingdom,48,32500.0,2010-12-01 09:37:00
TX_0000103,KH_14688,85071B,United Kingdom,96,9880.0,2010-12-01 09:37:00
TX_0000104,KH_14688,21931,United Kingdom,10,50700.0,2010-12-01 09:37:00
TX_0000105,KH_14688,21929,United Kingdom,10,50700.0,2010-12-01 09:37:00
TX_0000106,KH_17809,22961,United Kingdom,24,37700.0,2010-12-01 09:41:00
TX_0000107,KH_15311,22139,United Kingdom,23,110500.0,2010-12-01 09:41:00
TX_0000108,KH_15311,84854,United Kingdom,5,128700.0,2010-12-01 09:41:00
TX_0000109,KH_15311,22411,United Kingdom,10,50700.0,2010-12-01 09:41:00
TX_0000110,KH_15311,82567,United Kingdom,2,54600.0,2010-12-01 09:41:00
TX_0000111,KH_15311,21672,United Kingdom,6,32500.0,2010-12-01 09:41:00
TX_0000112,KH_15311,22774,United Kingdom,24,32500.0,2010-12-01 09:41:00
TX_0000113,KH_15311,22771,United Kingdom,24,32500.0,2010-12-01 09:41:00
TX_0000114,KH_15311,71270,United Kingdom,1,32500.0,2010-12-01 09:41:00
TX_0000115,KH_15311,22262,United Kingdom,1,22100.0,2010-12-01 09:41:00
TX_0000116,KH_15311,22637,United Kingdom,1,66300.0,2010-12-01 09:41:00
TX_0000117,KH_15311,21934,United Kingdom,10,42900.0,2010-12-01 09:41:00
TX_0000118,KH_15311,21169,United Kingdom,3,43940.0,2010-12-01 09:41:00
TX_0000119,KH_15311,21166,United Kingdom,1,50700.0,2010-12-01 09:41:00
TX_0000120,KH_15311,21175,United Kingdom,2,54600.0,2010-12-01 09:41:00
TX_0000121,KH_15311,37444A,United Kingdom,1,76700.0,2010-12-01 09:41:00
TX_0000122,KH_15311,37444C,United Kingdom,1,76700.0,2010-12-01 09:41:00
TX_0000123,KH_15311,22086,United Kingdom,4,76700.0,2010-12-01 09:41:00
TX_0000124,KH_15311,22083,United Kingdom,1,76700.0,2010-12-01 09:41:00
TX_0000125,KH_15311,84971S,United Kingdom,6,22100.0,2010-12-01 09:41:00
TX_0000126,KH_15311,71270,United Kingdom,3,32500.0,2010-12-01 09:41:00
TX_0000127,KH_15311,47580,United Kingdom,2,66300.0,2010-12-01 09:41:00
TX_0000128,KH_15311,22261,United Kingdom,1,22100.0,2010-12-01 09:41:00
TX_0000129,KH_15311,84832,United Kingdom,1,22100.0,2010-12-01 09:41:00
TX_0000130,KH_15311,22644,United Kingdom,1,37700.0,2010-12-01 09:41:00
TX_0000131,KH_15311,21533,United Kingdom,1,128700.0,2010-12-01 09:41:00
TX_0000132,KH_15311,21557,United Kingdom,2,76700.0,2010-12-01 09:41:00
TX_0000133,KH_15311,15056BL,United Kingdom,2,154700.0,2010-12-01 09:41:00
TX_0000134,KH_15311,15056N,United Kingdom,2,154700.0,2010-12-01 09:41:00
TX_0000135,KH_15311,22646,United Kingdom,4,37700.0,2010-12-01 09:41:00
TX_0000136,KH_15311,22176,United Kingdom,1,76700.0,2010-12-01 09:41:00
TX_0000137,KH_15311,22438,United Kingdom,1,50700.0,2010-12-01 09:41:00
TX_0000138,KH_15311,21731,United Kingdom,2,42900.0,2010-12-01 09:41:00
TX_0000139,KH_15311,22778,United Kingdom,3,102700.0,2010-12-01 09:41:00
TX_0000140,KH_15311,22719,United Kingdom,36,27560.0,2010-12-01 09:41:00
TX_0000141,KH_15311,21523,United Kingdom,10,175500.0,2010-12-01 09:41:00
TX_0000142,KH_16098,10002,United Kingdom,12,22100.0,2010-12-01 09:45:00
TX_0000143,KH_16098,21912,United Kingdom,8,97500.0,2010-12-01 09:45:00
TX_0000144,KH_16098,21832,United Kingdom,12,42900.0,2010-12-01 09:45:00
TX_0000145,KH_16098,22411,United Kingdom,10,50700.0,2010-12-01 09:45:00
TX_0000146,KH_16098,22379,United Kingdom,10,54600.0,2010-12-01 09:45:00
TX_0000147,KH_16098,22381,United Kingdom,50,48100.0,2010-12-01 09:45:00
TX_0000148,KH_16098,22798,United Kingdom,8,76700.0,2010-12-01 09:45:00
TX_0000149,KH_16098,22726,United Kingdom,4,97500.0,2010-12-01 09:45:00
TX_0000150,KH_16098,22926,United Kingdom,12,154700.0,2010-12-01 09:45:00
TX_0000151,KH_16098,22839,United Kingdom,2,388700.0,2010-12-01 09:45:00
TX_0000152,KH_16098,22838,United Kingdom,2,388700.0,2010-12-01 09:45:00
TX_0000153,KH_16098,22783,United Kingdom,4,440700.0,2010-12-01 09:45:00
TX_0000154,KH_18074,82484,United Kingdom,3,167700.0,2010-12-01 09:53:00
TX_0000155,KH_18074,84755,United Kingdom,48,16900.0,2010-12-01 09:53:00
TX_0000156,KH_18074,22464,United Kingdom,12,42900.0,2010-12-01 09:53:00
TX_0000157,KH_18074,21324,United Kingdom,6,76700.0,2010-12-01 09:53:00
TX_0000158,KH_18074,22457,United Kingdom,12,76700.0,2010-12-01 09:53:00
TX_0000159,KH_18074,22469,United Kingdom,40,37700.0,2010-12-01 09:53:00
TX_0000160,KH_18074,22470,United Kingdom,40,66300.0,2010-12-01 09:53:00
TX_0000161,KH_18074,22224,United Kingdom,6,76700.0,2010-12-01 09:53:00
TX_0000162,KH_18074,21340,United Kingdom,2,331500.0,2010-12-01 09:53:00
TX_0000163,KH_18074,22189,United Kingdom,4,102700.0,2010-12-01 09:53:00
TX_0000164,KH_18074,22427,United Kingdom,3,154700.0,2010-12-01 09:53:00
TX_0000165,KH_18074,22428,United Kingdom,6,180700.0,2010-12-01 09:53:00
TX_0000166,KH_18074,22424,United Kingdom,8,284700.0,2010-12-01 09:53:00
TX_0000167,KH_17420,22783,United Kingdom,1,518700.0,2010-12-01 09:56:00
TX_0000168,KH_17420,22961,United Kingdom,12,37700.0,2010-12-01 09:56:00
TX_0000169,KH_17420,22960,United Kingdom,6,110500.0,2010-12-01 09:56:00
TX_0000170,KH_17420,22663,United Kingdom,10,50700.0,2010-12-01 09:56:00
TX_0000171,KH_17420,85049A,United Kingdom,12,32500.0,2010-12-01 09:56:00
TX_0000172,KH_17420,22168,United Kingdom,2,221000.0,2010-12-01 09:56:00
TX_0000173,KH_17420,22662,United Kingdom,10,42900.0,2010-12-01 09:56:00
TX_0000174,KH_16029,84880,United Kingdom,36,128700.0,2010-12-01 09:57:00
TX_0000175,KH_16029,85099C,United Kingdom,100,42900.0,2010-12-01 09:57:00
TX_0000176,KH_16029,85099B,United Kingdom,100,42900.0,2010-12-01 09:57:00
TX_0000177,KH_16029,79321,United Kingdom,192,99320.0,2010-12-01 09:58:00
TX_0000178,KH_16029,22780,United Kingdom,192,87620.0,2010-12-01 09:58:00
TX_0000179,KH_16029,22779,United Kingdom,192,87620.0,2010-12-01 09:58:00
TX_0000180,KH_16029,22466,United Kingdom,432,37700.0,2010-12-01 09:58:00
TX_0000181,KH_16029,21731,United Kingdom,432,32500.0,2010-12-01 09:58:00
TX_0000182,KH_16250,21754,United Kingdom,3,154700.0,2010-12-01 09:59:00
TX_0000183,KH_16250,21755,United Kingdom,3,154700.0,2010-12-01 09:59:00
TX_0000184,KH_16250,21523,United Kingdom,2,206700.0,2010-12-01 09:59:00
TX_0000185,KH_16250,21363,United Kingdom,3,128700.0,2010-12-01 09:59:00
TX_0000186,KH_16250,21411,United Kingdom,3,110500.0,2010-12-01 09:59:00
TX_0000187,KH_16250,22318,United Kingdom,6,76700.0,2010-12-01 09:59:00
TX_0000188,KH_16250,22464,United Kingdom,12,42900.0,2010-12-01 09:59:00
TX_0000189,KH_16250,22915,United Kingdom,12,10920.0,2010-12-01 09:59:00
TX_0000190,KH_16250,22922,United Kingdom,12,22100.0,2010-12-01 09:59:00
TX_0000191,KH_16250,22969,United Kingdom,12,37700.0,2010-12-01 09:59:00
TX_0000192,KH_16250,22923,United Kingdom,12,22100.0,2010-12-01 09:59:00
TX_0000193,KH_16250,21115,United Kingdom,4,175500.0,2010-12-01 09:59:00
TX_0000194,KH_16250,22469,United Kingdom,12,42900.0,2010-12-01 09:59:00
TX_0000195,KH_16250,22242,United Kingdom,12,42900.0,2010-12-01 09:59:00
TX_0000196,KH_12431,22941,Australia,6,221000.0,2010-12-01 10:03:00
TX_0000197,KH_12431,21622,Australia,8,128700.0,2010-12-01 10:03:00
TX_0000198,KH_12431,21791,Australia,12,32500.0,2010-12-01 10:03:00
TX_0000199,KH_12431,35004C,Australia,6,141700.0,2010-12-01 10:03:00
TX_0000200,KH_12431,35004G,Australia,4,165100.0,2010-12-01 10:03:00
TX_0000201,KH_12431,85014B,Australia,6,154700.0,2010-12-01 10:03:00
TX_0000202,KH_12431,85014A,Australia,3,154700.0,2010-12-01 10:03:00
TX_0000203,KH_12431,22193,Australia,2,221000.0,2010-12-01 10:03:00
TX_0000204,KH_12431,22726,Australia,4,97500.0,2010-12-01 10:03:00
TX_0000205,KH_12431,22727,Australia,4,97500.0,2010-12-01 10:03:00
TX_0000206,KH_12431,22192,Australia,2,221000.0,2010-12-01 10:03:00
TX_0000207,KH_12431,22191,Australia,2,221000.0,2010-12-01 10:03:00
TX_0000208,KH_12431,22195,Australia,24,42900.0,2010-12-01 10:03:00
TX_0000209,KH_12431,22196,Australia,24,22100.0,2010-12-01 10:03:00
TX_0000210,KH_17511,22941,United Kingdom,2,221000.0,2010-12-01 10:19:00
TX_0000211,KH_17511,22960,United Kingdom,12,97500.0,2010-12-01 10:19:00
TX_0000212,KH_17511,22961,United Kingdom,12,37700.0,2010-12-01 10:19:00
TX_0000213,KH_17511,22962,United Kingdom,48,18720.0,2010-12-01 10:19:00
TX_0000214,KH_17511,22963,United Kingdom,48,18720.0,2010-12-01 10:19:00
TX_0000215,KH_17511,22968,United Kingdom,8,221000.0,2010-12-01 10:19:00
TX_0000216,KH_17511,84970S,United Kingdom,144,16640.0,2010-12-01 10:19:00
TX_0000217,KH_17511,22910,United Kingdom,40,66300.0,2010-12-01 10:19:00
TX_0000218,KH_17511,20668,United Kingdom,288,2600.0,2010-12-01 10:19:00
TX_0000219,KH_17511,85123A,United Kingdom,64,66300.0,2010-12-01 10:19:00
TX_0000220,KH_17511,22197,United Kingdom,100,18720.0,2010-12-01 10:19:00
TX_0000221,KH_17511,22198,United Kingdom,50,37700.0,2010-12-01 10:19:00
TX_0000222,KH_17511,21533,United Kingdom,12,110500.0,2010-12-01 10:19:00
TX_0000223,KH_17511,21080,United Kingdom,96,16640.0,2010-12-01 10:19:00
TX_0000224,KH_17511,21094,United Kingdom,96,16640.0,2010-12-01 10:19:00
TX_0000225,KH_17511,21086,United Kingdom,48,16900.0,2010-12-01 10:19:00
TX_0000226,KH_17511,21786,United Kingdom,144,8320.0,2010-12-01 10:19:00
TX_0000227,KH_17511,22654,United Kingdom,40,128700.0,2010-12-01 10:19:00
TX_0000228,KH_17511,21485,United Kingdom,24,110500.0,2010-12-01 10:19:00
TX_0000229,KH_17511,84029G,United Kingdom,24,88140.0,2010-12-01 10:19:00
TX_0000230,KH_17511,84030E,United Kingdom,24,97500.0,2010-12-01 10:19:00
TX_0000231,KH_17511,22174,United Kingdom,48,38480.0,2010-12-01 10:19:00
TX_0000232,KH_17511,22969,United Kingdom,96,32500.0,2010-12-01 10:19:00
TX_0000233,KH_17511,85099B,United Kingdom,100,42900.0,2010-12-01 10:19:00
TX_0000234,KH_13705,22150,United Kingdom,6,50700.0,2010-12-01 10:29:00
TX_0000235,KH_13705,22619,United Kingdom,4,97500.0,2010-12-01 10:29:00
TX_0000236,KH_13705,21891,United Kingdom,12,32500.0,2010-12-01 10:29:00
TX_0000237,KH_13705,21889,United Kingdom,12,32500.0,2010-12-01 10:29:00
TX_0000238,KH_13705,22827,United Kingdom,1,4290000.0,2010-12-01 10:29:00
TX_0000239,KH_13705,22127,United Kingdom,12,32500.0,2010-12-01 10:29:00
TX_0000240,KH_13705,22128,United Kingdom,12,32500.0,2010-12-01 10:29:00
TX_0000241,KH_13705,22502,United Kingdom,4,154700.0,2010-12-01 10:29:00
TX_0000242,KH_13705,84879,United Kingdom,16,43940.0,2010-12-01 10:29:00
TX_0000243,KH_13705,22338,United Kingdom,24,16900.0,2010-12-01 10:29:00
TX_0000244,KH_13747,22180,United Kingdom,8,258700.0,2010-12-01 10:37:00
TX_0000245,KH_13408,21506,United Kingdom,24,10920.0,2010-12-01 10:39:00
TX_0000246,KH_13408,22633,United Kingdom,96,48100.0,2010-12-01 10:39:00
TX_0000247,KH_13408,22866,United Kingdom,96,48100.0,2010-12-01 10:39:00
TX_0000248,KH_13408,22865,United Kingdom,96,48100.0,2010-12-01 10:39:00
TX_0000249,KH_13408,22632,United Kingdom,96,48100.0,2010-12-01 10:39:00
TX_0000250,KH_13408,21485,United Kingdom,12,128700.0,2010-12-01 10:39:00
TX_0000251,KH_13408,22349,United Kingdom,12,97500.0,2010-12-01 10:39:00
TX_0000252,KH_13408,22558,United Kingdom,48,32500.0,2010-12-01 10:39:00
TX_0000253,KH_13408,85152,United Kingdom,12,54600.0,2010-12-01 10:39:00
TX_0000254,KH_13408,85123A,United Kingdom,32,66300.0,2010-12-01 10:39:00
TX_0000255,KH_13408,22652,United Kingdom,20,42900.0,2010-12-01 10:39:00
TX_0000256,KH_13767,22188,United Kingdom,8,102700.0,2010-12-01 10:47:00
TX_0000257,KH_13767,84879,United Kingdom,32,43940.0,2010-12-01 10:47:00
TX_0000258,KH_13767,21977,United Kingdom,24,14300.0,2010-12-01 10:47:00
TX_0000259,KH_13767,84991,United Kingdom,24,14300.0,2010-12-01 10:47:00
TX_0000260,KH_13767,21212,United Kingdom,24,14300.0,2010-12-01 10:47:00
TX_0000261,KH_13767,21484,United Kingdom,8,89700.0,2010-12-01 10:47:00
TX_0000262,KH_13767,21314,United Kingdom,8,54600.0,2010-12-01 10:47:00
TX_0000263,KH_13767,22730,United Kingdom,4,97500.0,2010-12-01 10:47:00
TX_0000264,KH_13767,22727,United Kingdom,8,97500.0,2010-12-01 10:47:00
TX_0000265,KH_13767,22729,United Kingdom,8,97500.0,2010-12-01 10:47:00
TX_0000266,KH_13767,22726,United Kingdom,8,97500.0,2010-12-01 10:47:00
TX_0000267,KH_13767,22114,United Kingdom,8,102700.0,2010-12-01 10:47:00
TX_0000268,KH_13767,22867,United Kingdom,48,54600.0,2010-12-01 10:47:00
TX_0000269,KH_13767,22866,United Kingdom,48,54600.0,2010-12-01 10:47:00
TX_0000270,KH_17850,85123A,United Kingdom,6,66300.0,2010-12-01 10:51:00
TX_0000271,KH_17850,71053,United Kingdom,6,88140.0,2010-12-01 10:51:00
TX_0000272,KH_17850,84406B,United Kingdom,8,71500.0,2010-12-01 10:51:00
TX_0000273,KH_17850,15056BL,United Kingdom,6,128700.0,2010-12-01 10:51:00
TX_0000274,KH_17850,20679,United Kingdom,6,128700.0,2010-12-01 10:51:00
TX_0000275,KH_17850,37370,United Kingdom,6,27560.0,2010-12-01 10:51:00
TX_0000276,KH_17850,21871,United Kingdom,6,27560.0,2010-12-01 10:51:00
TX_0000277,KH_17850,21071,United Kingdom,6,27560.0,2010-12-01 10:51:00
TX_0000278,KH_17850,21068,United Kingdom,6,27560.0,2010-12-01 10:51:00
TX_0000279,KH_17850,82483,United Kingdom,2,128700.0,2010-12-01 10:51:00
TX_0000280,KH_17850,82486,United Kingdom,4,180700.0,2010-12-01 10:51:00
TX_0000281,KH_17850,82482,United Kingdom,6,54600.0,2010-12-01 10:51:00
TX_0000282,KH_17850,82494L,United Kingdom,12,66300.0,2010-12-01 10:51:00
TX_0000283,KH_17850,84029G,United Kingdom,6,88140.0,2010-12-01 10:51:00
TX_0000284,KH_17850,84029E,United Kingdom,6,88140.0,2010-12-01 10:51:00
TX_0000285,KH_17850,22752,United Kingdom,2,198900.0,2010-12-01 10:51:00
TX_0000286,KH_17850,22803,United Kingdom,2,929500.0,2010-12-01 10:51:00
TX_0000287,KH_17850,21730,United Kingdom,6,110500.0,2010-12-01 10:51:00
TX_0000288,KH_17924,35004B,United Kingdom,12,120900.0,2010-12-01 10:51:00
TX_0000289,KH_17924,35004C,United Kingdom,48,120900.0,2010-12-01 10:51:00
TX_0000290,KH_13448,21980,United Kingdom,24,7540.0,2010-12-01 10:52:00
TX_0000291,KH_13448,21844,United Kingdom,6,76700.0,2010-12-01 10:52:00
TX_0000292,KH_13448,22468,United Kingdom,4,175500.0,2010-12-01 10:52:00
TX_0000293,KH_13448,22637,United Kingdom,8,66300.0,2010-12-01 10:52:00
TX_0000294,KH_13448,22752,United Kingdom,6,221000.0,2010-12-01 10:52:00
TX_0000295,KH_13448,48185,United Kingdom,2,206700.0,2010-12-01 10:52:00
TX_0000296,KH_13448,22632,United Kingdom,12,54600.0,2010-12-01 10:52:00
TX_0000297,KH_13448,22866,United Kingdom,12,54600.0,2010-12-01 10:52:00
TX_0000298,KH_13448,22865,United Kingdom,12,54600.0,2010-12-01 10:52:00
TX_0000299,KH_13448,21232,United Kingdom,12,32500.0,2010-12-01 10:52:00
TX_0000300,KH_13448,22064,United Kingdom,12,42900.0,2010-12-01 10:52:00
TX_0000301,KH_13448,22449,United Kingdom,6,87100.0,2010-12-01 10:52:00
TX_0000302,KH_13448,22114,United Kingdom,4,102700.0,2010-12-01 10:52:00
TX_0000303,KH_13448,22835,United Kingdom,8,120900.0,2010-12-01 10:52:00
TX_0000304,KH_13448,22112,United Kingdom,9,128700.0,2010-12-01 10:52:00
TX_0000305,KH_13448,21479,United Kingdom,4,97500.0,2010-12-01 10:52:00
TX_0000306,KH_13448,22111,United Kingdom,9,128700.0,2010-12-01 10:52:00
TX_0000307,KH_17850,22632,United Kingdom,6,48100.0,2010-12-01 10:52:00
TX_0000308,KH_17850,22633,United Kingdom,6,48100.0,2010-12-01 10:52:00
TX_0000309,KH_13448,22969,United Kingdom,12,37700.0,2010-12-01 10:53:00
TX_0000310,KH_15862,22110,United Kingdom,1,66300.0,2010-12-01 11:21:00
TX_0000311,KH_15862,22098,United Kingdom,1,32500.0,2010-12-01 11:21:00
TX_0000312,KH_15862,22100,United Kingdom,2,32500.0,2010-12-01 11:21:00
TX_0000313,KH_15862,22766,United Kingdom,1,76700.0,2010-12-01 11:21:00
TX_0000314,KH_15862,22451,United Kingdom,1,87100.0,2010-12-01 11:21:00
TX_0000315,KH_15862,22549,United Kingdom,1,37700.0,2010-12-01 11:21:00
TX_0000316,KH_15862,84744,United Kingdom,1,32500.0,2010-12-01 11:21:00
TX_0000317,KH_15862,85049E,United Kingdom,2,32500.0,2010-12-01 11:21:00
TX_0000318,KH_15862,21328,United Kingdom,1,42900.0,2010-12-01 11:21:00
TX_0000319,KH_15862,22961,United Kingdom,4,37700.0,2010-12-01 11:21:00
TX_0000320,KH_15862,17091A,United Kingdom,1,32500.0,2010-12-01 11:21:00
TX_0000321,KH_15862,22473,United Kingdom,1,128700.0,2010-12-01 11:21:00
TX_0000322,KH_15862,84509A,United Kingdom,2,97500.0,2010-12-01 11:21:00
TX_0000323,KH_15862,84510A,United Kingdom,2,32500.0,2010-12-01 11:21:00
TX_0000324,KH_15862,22767,United Kingdom,2,258700.0,2010-12-01 11:21:00
TX_0000325,KH_15862,22768,United Kingdom,1,258700.0,2010-12-01 11:21:00
TX_0000326,KH_15862,21463,United Kingdom,1,154700.0,2010-12-01 11:21:00
TX_0000327,KH_15862,21464,United Kingdom,1,110500.0,2010-12-01 11:21:00
TX_0000328,KH_15862,20820,United Kingdom,3,128700.0,2010-12-01 11:21:00
TX_0000329,KH_15862,85150,United Kingdom,1,66300.0,2010-12-01 11:21:00
TX_0000330,KH_15862,22117,United Kingdom,1,76700.0,2010-12-01 11:21:00
TX_0000331,KH_15862,21169,United Kingdom,2,43940.0,2010-12-01 11:21:00
TX_0000332,KH_15862,48129,United Kingdom,1,206700.0,2010-12-01 11:21:00
TX_0000333,KH_15862,82580,United Kingdom,1,14300.0,2010-12-01 11:21:00
TX_0000334,KH_15862,82578,United Kingdom,1,14300.0,2010-12-01 11:21:00
TX_0000335,KH_15862,82581,United Kingdom,2,14300.0,2010-12-01 11:21:00
TX_0000336,KH_15862,22413,United Kingdom,4,76700.0,2010-12-01 11:21:00
TX_0000337,KH_15862,21907,United Kingdom,2,54600.0,2010-12-01 11:21:00
TX_0000338,KH_15862,22441,United Kingdom,1,54600.0,2010-12-01 11:21:00
TX_0000339,KH_15862,21122,United Kingdom,1,32500.0,2010-12-01 11:21:00
TX_0000340,KH_15862,22851,United Kingdom,1,22100.0,2010-12-01 11:21:00
TX_0000341,KH_15862,84991,United Kingdom,3,14300.0,2010-12-01 11:21:00
TX_0000342,KH_15862,22810,United Kingdom,1,76700.0,2010-12-01 11:21:00
TX_0000343,KH_15862,22809,United Kingdom,1,76700.0,2010-12-01 11:21:00
TX_0000344,KH_15862,22435,United Kingdom,2,32500.0,2010-12-01 11:21:00
TX_0000345,KH_15862,20966,United Kingdom,3,32500.0,2010-12-01 11:21:00
TX_0000346,KH_15862,20963,United Kingdom,1,32500.0,2010-12-01 11:21:00
TX_0000347,KH_15862,20961,United Kingdom,1,32500.0,2010-12-01 11:21:00
TX_0000348,KH_15862,22068,United Kingdom,2,42900.0,2010-12-01 11:21:00
TX_0000349,KH_15862,21743,United Kingdom,2,76700.0,2010-12-01 11:21:00
TX_0000350,KH_15862,21744,United Kingdom,2,76700.0,2010-12-01 11:21:00
TX_0000351,KH_15862,84709B,United Kingdom,1,154700.0,2010-12-01 11:21:00
TX_0000352,KH_15862,21592,United Kingdom,1,32500.0,2010-12-01 11:21:00
TX_0000353,KH_15862,21587,United Kingdom,2,66300.0,2010-12-01 11:21:00
TX_0000354,KH_15862,20992,United Kingdom,9,22100.0,2010-12-01 11:21:00
TX_0000355,KH_15862,22662,United Kingdom,1,42900.0,2010-12-01 11:21:00
TX_0000356,KH_15862,85123A,United Kingdom,4,76700.0,2010-12-01 11:21:00
TX_0000357,KH_15862,22804,United Kingdom,3,76700.0,2010-12-01 11:21:00
TX_0000358,KH_15862,82483,United Kingdom,1,154700.0,2010-12-01 11:21:00
TX_0000359,KH_15862,20749,United Kingdom,1,206700.0,2010-12-01 11:21:00
TX_0000360,KH_15862,20725,United Kingdom,1,42900.0,2010-12-01 11:21:00
TX_0000361,KH_15862,22382,United Kingdom,2,42900.0,2010-12-01 11:21:00
TX_0000362,KH_15862,20726,United Kingdom,1,42900.0,2010-12-01 11:21:00
TX_0000363,KH_15862,22384,United Kingdom,1,42900.0,2010-12-01 11:21:00
TX_0000364,KH_15862,22467,United Kingdom,5,66300.0,2010-12-01 11:21:00
TX_0000365,KH_15862,84625C,United Kingdom,3,76700.0,2010-12-01 11:21:00
TX_0000366,KH_15862,84625A,United Kingdom,3,76700.0,2010-12-01 11:21:00
TX_0000367,KH_15862,21108,United Kingdom,9,66300.0,2010-12-01 11:21:00
TX_0000368,KH_15862,22848,United Kingdom,1,440700.0,2010-12-01 11:21:00
TX_0000369,KH_15862,21033,United Kingdom,4,76700.0,2010-12-01 11:21:00
TX_0000370,KH_15862,47570B,United Kingdom,1,276900.0,2010-12-01 11:21:00
TX_0000371,KH_15862,84030E,United Kingdom,1,110500.0,2010-12-01 11:21:00
TX_0000372,KH_15862,22428,United Kingdom,2,180700.0,2010-12-01 11:21:00
TX_0000373,KH_15862,22502,United Kingdom,2,154700.0,2010-12-01 11:21:00
TX_0000374,KH_15513,22086,United Kingdom,40,66300.0,2010-12-01 11:22:00
TX_0000375,KH_15513,22910,United Kingdom,40,66300.0,2010-12-01 11:22:00
TX_0000376,KH_15513,22837,United Kingdom,36,110500.0,2010-12-01 11:22:00
TX_0000377,KH_12791,22867,Netherlands,96,48100.0,2010-12-01 11:27:00
TX_0000378,KH_12791,POST,Netherlands,1,390000.0,2010-12-01 11:27:00
TX_0000379,KH_16218,22297,United Kingdom,24,32500.0,2010-12-01 11:29:00
TX_0000380,KH_16218,22771,United Kingdom,12,32500.0,2010-12-01 11:29:00
TX_0000381,KH_16218,22772,United Kingdom,12,32500.0,2010-12-01 11:29:00
TX_0000382,KH_16218,22773,United Kingdom,12,32500.0,2010-12-01 11:29:00
TX_0000383,KH_16218,22805,United Kingdom,12,32500.0,2010-12-01 11:29:00
TX_0000384,KH_16218,22469,United Kingdom,12,42900.0,2010-12-01 11:29:00
TX_0000385,KH_16218,22197,United Kingdom,36,22100.0,2010-12-01 11:29:00
TX_0000386,KH_16218,21125,United Kingdom,12,32500.0,2010-12-01 11:29:00
TX_0000387,KH_16218,21126,United Kingdom,12,32500.0,2010-12-01 11:29:00
TX_0000388,KH_16218,85049C,United Kingdom,12,32500.0,2010-12-01 11:29:00
TX_0000389,KH_16218,85049D,United Kingdom,12,32500.0,2010-12-01 11:29:00
TX_0000390,KH_16218,85049E,United Kingdom,12,32500.0,2010-12-01 11:29:00
TX_0000391,KH_16218,85049G,United Kingdom,12,32500.0,2010-12-01 11:29:00
TX_0000392,KH_16218,21061,United Kingdom,12,22100.0,2010-12-01 11:29:00
TX_0000393,KH_16218,21063,United Kingdom,12,22100.0,2010-12-01 11:29:00
TX_0000394,KH_16218,21062,United Kingdom,12,22100.0,2010-12-01 11:29:00
TX_0000395,KH_16218,84380,United Kingdom,12,32500.0,2010-12-01 11:29:00
TX_0000396,KH_16218,84378,United Kingdom,12,32500.0,2010-12-01 11:29:00
TX_0000397,KH_16218,22964,United Kingdom,12,54600.0,2010-12-01 11:29:00
TX_0000398,KH_16218,21213,United Kingdom,24,14300.0,2010-12-01 11:29:00
TX_0000399,KH_16218,22417,United Kingdom,24,14300.0,2010-12-01 11:29:00
TX_0000400,KH_16218,21212,United Kingdom,24,14300.0,2010-12-01 11:29:00
TX_0000401,KH_16218,84992,United Kingdom,24,14300.0,2010-12-01 11:29:00
TX_0000402,KH_16218,21975,United Kingdom,24,14300.0,2010-12-01 11:29:00
TX_0000403,KH_16218,22383,United Kingdom,10,42900.0,2010-12-01 11:29:00
TX_0000404,KH_16218,20728,United Kingdom,10,42900.0,2010-12-01 11:29:00
TX_0000405,KH_16218,20727,United Kingdom,10,42900.0,2010-12-01 11:29:00
TX_0000406,KH_16218,22296,United Kingdom,24,42900.0,2010-12-01 11:29:00
TX_0000407,KH_14045,20914,United Kingdom,128,66300.0,2010-12-01 11:32:00
TX_0000408,KH_17850,85123A,United Kingdom,8,66300.0,2010-12-01 11:33:00
TX_0000409,KH_17850,71053,United Kingdom,8,88140.0,2010-12-01 11:33:00
TX_0000410,KH_17850,84406B,United Kingdom,8,71500.0,2010-12-01 11:33:00
TX_0000411,KH_17850,20679,United Kingdom,6,128700.0,2010-12-01 11:33:00
TX_0000412,KH_17850,37370,United Kingdom,6,27560.0,2010-12-01 11:33:00
TX_0000413,KH_17850,21871,United Kingdom,6,27560.0,2010-12-01 11:33:00
TX_0000414,KH_17850,21071,United Kingdom,6,27560.0,2010-12-01 11:33:00
TX_0000415,KH_17850,21068,United Kingdom,6,27560.0,2010-12-01 11:33:00
TX_0000416,KH_17850,82483,United Kingdom,4,128700.0,2010-12-01 11:33:00
TX_0000417,KH_17850,82486,United Kingdom,4,180700.0,2010-12-01 11:33:00
TX_0000418,KH_17850,82482,United Kingdom,6,54600.0,2010-12-01 11:33:00
TX_0000419,KH_17850,82494L,United Kingdom,6,66300.0,2010-12-01 11:33:00
TX_0000420,KH_17850,84029G,United Kingdom,6,88140.0,2010-12-01 11:33:00
TX_0000421,KH_17850,84029E,United Kingdom,6,88140.0,2010-12-01 11:33:00
TX_0000422,KH_17850,22752,United Kingdom,2,198900.0,2010-12-01 11:33:00
TX_0000423,KH_17850,22803,United Kingdom,2,929500.0,2010-12-01 11:33:00
TX_0000424,KH_17850,21730,United Kingdom,6,110500.0,2010-12-01 11:33:00
TX_0000425,KH_17850,22632,United Kingdom,6,48100.0,2010-12-01 11:34:00
TX_0000426,KH_17850,22633,United Kingdom,6,48100.0,2010-12-01 11:34:00
TX_0000427,KH_14307,22537,United Kingdom,24,10920.0,2010-12-01 11:41:00
TX_0000428,KH_14307,22533,United Kingdom,24,10920.0,2010-12-01 11:41:00
TX_0000429,KH_14307,20982,United Kingdom,12,22100.0,2010-12-01 11:41:00
TX_0000430,KH_14307,21832,United Kingdom,12,42900.0,2010-12-01 11:41:00
TX_0000431,KH_14307,21915,United Kingdom,12,32500.0,2010-12-01 11:41:00
TX_0000432,KH_14307,21914,United Kingdom,12,32500.0,2010-12-01 11:41:00
TX_0000433,KH_14307,21544,United Kingdom,12,22100.0,2010-12-01 11:41:00
TX_0000434,KH_14307,22813,United Kingdom,12,50700.0,2010-12-01 11:41:00
TX_0000435,KH_14307,22114,United Kingdom,4,102700.0,2010-12-01 11:41:00
TX_0000436,KH_14307,84029E,United Kingdom,4,97500.0,2010-12-01 11:41:00
TX_0000437,KH_14307,21479,United Kingdom,4,97500.0,2010-12-01 11:41:00
TX_0000438,KH_14307,22964,United Kingdom,6,54600.0,2010-12-01 11:41:00
TX_0000439,KH_14307,84375,United Kingdom,12,54600.0,2010-12-01 11:41:00
TX_0000440,KH_14307,22418,United Kingdom,24,22100.0,2010-12-01 11:41:00
TX_0000441,KH_14307,22178,United Kingdom,12,32500.0,2010-12-01 11:41:00
TX_0000442,KH_14307,84970L,United Kingdom,12,24700.0,2010-12-01 11:41:00
TX_0000443,KH_14307,21733,United Kingdom,6,76700.0,2010-12-01 11:41:00
TX_0000444,KH_14307,22465,United Kingdom,12,42900.0,2010-12-01 11:41:00
TX_0000445,KH_14307,84949,United Kingdom,6,42900.0,2010-12-01 11:41:00
TX_0000446,KH_14307,20685,United Kingdom,2,206700.0,2010-12-01 11:41:00
TX_0000447,KH_14307,48194,United Kingdom,2,206700.0,2010-12-01 11:41:00
TX_0000448,KH_14307,22488,United Kingdom,12,42900.0,2010-12-01 11:41:00
TX_0000449,KH_14307,22219,United Kingdom,12,22100.0,2010-12-01 11:41:00
TX_0000450,KH_14307,84879,United Kingdom,8,43940.0,2010-12-01 11:41:00
TX_0000451,KH_14307,21754,United Kingdom,3,154700.0,2010-12-01 11:41:00
TX_0000452,KH_14307,21755,United Kingdom,3,154700.0,2010-12-01 11:41:00
TX_0000453,KH_14307,22766,United Kingdom,8,76700.0,2010-12-01 11:41:00
TX_0000454,KH_14307,22610,United Kingdom,36,22100.0,2010-12-01 11:41:00
TX_0000455,KH_14307,22716,United Kingdom,12,10920.0,2010-12-01 11:41:00
TX_0000456,KH_14307,22706,United Kingdom,25,10920.0,2010-12-01 11:41:00
TX_0000457,KH_14307,22371,United Kingdom,4,110500.0,2010-12-01 11:41:00
TX_0000458,KH_14307,85014B,United Kingdom,3,154700.0,2010-12-01 11:41:00
TX_0000459,KH_14307,85014A,United Kingdom,3,154700.0,2010-12-01 11:41:00
TX_0000460,KH_14307,84997B,United Kingdom,6,97500.0,2010-12-01 11:41:00
TX_0000461,KH_14307,21212,United Kingdom,24,14300.0,2010-12-01 11:41:00
TX_0000462,KH_14307,21210,United Kingdom,12,37700.0,2010-12-01 11:41:00
TX_0000463,KH_14307,22914,United Kingdom,3,128700.0,2010-12-01 11:41:00
TX_0000464,KH_14307,22553,United Kingdom,12,42900.0,2010-12-01 11:41:00
TX_0000465,KH_14307,16237,United Kingdom,30,5460.0,2010-12-01 11:41:00
TX_0000466,KH_14307,22714,United Kingdom,12,10920.0,2010-12-01 11:41:00
TX_0000467,KH_14307,22812,United Kingdom,12,50700.0,2010-12-01 11:41:00
TX_0000468,KH_14307,84347,United Kingdom,6,66300.0,2010-12-01 11:41:00
TX_0000469,KH_14307,21587,United Kingdom,12,66300.0,2010-12-01 11:41:00
TX_0000470,KH_14307,22736,United Kingdom,10,42900.0,2010-12-01 11:41:00
TX_0000471,KH_14307,22492,United Kingdom,36,16900.0,2010-12-01 11:41:00
TX_0000472,KH_14307,22620,United Kingdom,12,32500.0,2010-12-01 11:41:00
TX_0000473,KH_14307,22619,United Kingdom,4,97500.0,2010-12-01 11:41:00
TX_0000474,KH_14307,21705,United Kingdom,12,42900.0,2010-12-01 11:41:00
TX_0000475,KH_17908,90199C,United Kingdom,3,165100.0,2010-12-01 11:45:00
TX_0000476,KH_17908,21479,United Kingdom,1,97500.0,2010-12-01 11:45:00
TX_0000477,KH_17908,22111,United Kingdom,1,128700.0,2010-12-01 11:45:00
TX_0000478,KH_17908,22785,United Kingdom,1,175500.0,2010-12-01 11:45:00
TX_0000479,KH_17908,22975,United Kingdom,1,32500.0,2010-12-01 11:45:00
TX_0000480,KH_17908,22972,United Kingdom,1,42900.0,2010-12-01 11:45:00
TX_0000481,KH_17908,22866,United Kingdom,1,54600.0,2010-12-01 11:45:00
TX_0000482,KH_17908,22568,United Kingdom,1,97500.0,2010-12-01 11:45:00
TX_0000483,KH_17908,85116,United Kingdom,1,54600.0,2010-12-01 11:45:00
TX_0000484,KH_17908,22664,United Kingdom,1,54600.0,2010-12-01 11:45:00
TX_0000485,KH_17908,21609,United Kingdom,1,76700.0,2010-12-01 11:45:00
TX_0000486,KH_17908,21866,United Kingdom,1,32500.0,2010-12-01 11:45:00
TX_0000487,KH_17908,20669,United Kingdom,1,32500.0,2010-12-01 11:45:00
TX_0000488,KH_17908,90129F,United Kingdom,1,76700.0,2010-12-01 11:45:00
TX_0000489,KH_17908,90210B,United Kingdom,1,76700.0,2010-12-01 11:45:00
TX_0000490,KH_17908,90199C,United Kingdom,1,165100.0,2010-12-01 11:45:00
TX_0000491,KH_17908,21955,United Kingdom,1,206700.0,2010-12-01 11:45:00
TX_0000492,KH_17908,72802C,United Kingdom,1,110500.0,2010-12-01 11:45:00
TX_0000493,KH_17908,22109,United Kingdom,1,97500.0,2010-12-01 11:45:00
TX_0000494,KH_17908,85116,United Kingdom,5,54600.0,2010-12-01 11:45:00
TX_0000495,KH_17908,22531,United Kingdom,1,10920.0,2010-12-01 11:45:00
TX_0000496,KH_17908,21811,United Kingdom,1,32500.0,2010-12-01 11:45:00
TX_0000497,KH_17908,22183,United Kingdom,1,175500.0,2010-12-01 11:45:00
TX_0000498,KH_17908,21678,United Kingdom,6,22100.0,2010-12-01 11:45:00
TX_0000499,KH_17908,21676,United Kingdom,6,22100.0,2010-12-01 11:45:00
TX_0000500,KH_17908,84625A,United Kingdom,1,76700.0,2010-12-01 11:45:00
TX_0000501,KH_17908,84625C,United Kingdom,3,76700.0,2010-12-01 11:45:00
TX_0000502,KH_17908,21931,United Kingdom,2,50700.0,2010-12-01 11:45:00
TX_0000503,KH_17908,85169B,United Kingdom,12,32500.0,2010-12-01 11:45:00
TX_0000504,KH_17908,16238,United Kingdom,28,5460.0,2010-12-01 11:45:00
TX_0000505,KH_17908,20668,United Kingdom,24,3120.0,2010-12-01 11:45:00
TX_0000506,KH_17908,84906,United Kingdom,1,154700.0,2010-12-01 11:45:00
TX_0000507,KH_17908,21867,United Kingdom,1,32500.0,2010-12-01 11:45:00
TX_0000508,KH_17908,22075,United Kingdom,1,42900.0,2010-12-01 11:45:00
TX_0000509,KH_17908,21326,United Kingdom,12,16900.0,2010-12-01 11:45:00
TX_0000510,KH_17908,21065,United Kingdom,1,154700.0,2010-12-01 11:45:00
TX_0000511,KH_17908,22074,United Kingdom,1,42900.0,2010-12-01 11:45:00
TX_0000512,KH_17908,22900,United Kingdom,1,76700.0,2010-12-01 11:45:00
TX_0000513,KH_17908,20713,United Kingdom,1,50700.0,2010-12-01 11:45:00
TX_0000514,KH_17908,20966,United Kingdom,2,32500.0,2010-12-01 11:45:00
TX_0000515,KH_17908,21116,United Kingdom,1,128700.0,2010-12-01 11:45:00
TX_0000516,KH_17908,90199C,United Kingdom,2,165100.0,2010-12-01 11:45:00
TX_0000517,KH_17908,22633,United Kingdom,1,54600.0,2010-12-01 11:45:00
TX_0000518,KH_17908,22198,United Kingdom,1,42900.0,2010-12-01 11:45:00
TX_0000519,KH_17908,21824,United Kingdom,3,37700.0,2010-12-01 11:45:00
TX_0000520,KH_17908,21823,United Kingdom,3,37700.0,2010-12-01 11:45:00
TX_0000521,KH_17908,22153,United Kingdom,6,10920.0,2010-12-01 11:45:00
TX_0000522,KH_17908,22197,United Kingdom,2,22100.0,2010-12-01 11:45:00
TX_0000523,KH_17908,85099B,United Kingdom,2,50700.0,2010-12-01 11:45:00
TX_0000524,KH_17908,85099F,United Kingdom,1,50700.0,2010-12-01 11:45:00
TX_0000525,KH_17908,20717,United Kingdom,1,32500.0,2010-12-01 11:45:00
TX_0000526,KH_17908,20723,United Kingdom,1,22100.0,2010-12-01 11:45:00
TX_0000527,KH_17908,21980,United Kingdom,12,7540.0,2010-12-01 11:45:00
TX_0000528,KH_17908,22112,United Kingdom,1,128700.0,2010-12-01 11:45:00
TX_0000529,KH_17920,20728,United Kingdom,3,42900.0,2010-12-01 11:49:00
TX_0000530,KH_17920,22382,United Kingdom,3,42900.0,2010-12-01 11:49:00
TX_0000531,KH_17920,22326,United Kingdom,1,76700.0,2010-12-01 11:49:00
TX_0000532,KH_17920,22662,United Kingdom,4,42900.0,2010-12-01 11:49:00
TX_0000533,KH_17920,22383,United Kingdom,3,42900.0,2010-12-01 11:49:00
TX_0000534,KH_17920,20727,United Kingdom,3,42900.0,2010-12-01 11:49:00
TX_0000535,KH_17920,22328,United Kingdom,1,76700.0,2010-12-01 11:49:00
TX_0000536,KH_17920,22327,United Kingdom,1,76700.0,2010-12-01 11:49:00
TX_0000537,KH_17920,22630,United Kingdom,1,50700.0,2010-12-01 11:49:00
TX_0000538,KH_17920,22629,United Kingdom,1,50700.0,2010-12-01 11:49:00
TX_0000539,KH_17920,21245,United Kingdom,1,43940.0,2010-12-01 11:49:00
TX_0000540,KH_17920,21244,United Kingdom,1,43940.0,2010-12-01 11:49:00
TX_0000541,KH_17920,21242,United Kingdom,1,43940.0,2010-12-01 11:49:00
TX_0000542,KH_17920,21243,United Kingdom,1,43940.0,2010-12-01 11:49:00
TX_0000543,KH_17920,22273,United Kingdom,1,76700.0,2010-12-01 11:49:00
TX_0000544,KH_17920,22940,United Kingdom,3,110500.0,2010-12-01 11:49:00
TX_0000545,KH_17920,22652,United Kingdom,5,42900.0,2010-12-01 11:49:00
TX_0000546,KH_17920,22759,United Kingdom,1,42900.0,2010-12-01 11:49:00
TX_0000547,KH_17920,21880,United Kingdom,10,16900.0,2010-12-01 11:49:00
TX_0000548,KH_17920,21738,United Kingdom,1,76700.0,2010-12-01 11:49:00
TX_0000549,KH_17920,22077,United Kingdom,1,42900.0,2010-12-01 11:49:00
TX_0000550,KH_17920,85049E,United Kingdom,3,32500.0,2010-12-01 11:49:00
TX_0000551,KH_17920,22961,United Kingdom,24,37700.0,2010-12-01 11:49:00
TX_0000552,KH_17920,21448,United Kingdom,2,42900.0,2010-12-01 11:49:00
TX_0000553,KH_17920,22837,United Kingdom,3,120900.0,2010-12-01 11:49:00
TX_0000554,KH_17920,22749,United Kingdom,2,97500.0,2010-12-01 11:49:00
TX_0000555,KH_17920,22940,United Kingdom,1,110500.0,2010-12-01 11:49:00
TX_0000556,KH_17920,22749,United Kingdom,1,97500.0,2010-12-01 11:49:00
TX_0000557,KH_17920,22077,United Kingdom,2,42900.0,2010-12-01 11:49:00
TX_0000558,KH_17920,21738,United Kingdom,2,76700.0,2010-12-01 11:49:00
TX_0000559,KH_17920,85049E,United Kingdom,1,32500.0,2010-12-01 11:49:00
TX_0000560,KH_17920,22243,United Kingdom,6,42900.0,2010-12-01 11:49:00
TX_0000561,KH_17920,22141,United Kingdom,1,54600.0,2010-12-01 11:49:00
TX_0000562,KH_17920,22144,United Kingdom,2,54600.0,2010-12-01 11:49:00
TX_0000563,KH_17920,22243,United Kingdom,3,42900.0,2010-12-01 11:49:00
TX_0000564,KH_17920,22077,United Kingdom,7,42900.0,2010-12-01 11:49:00
TX_0000565,KH_17920,21448,United Kingdom,1,42900.0,2010-12-01 11:49:00
TX_0000566,KH_17920,22759,United Kingdom,5,42900.0,2010-12-01 11:49:00
TX_0000567,KH_17920,22242,United Kingdom,5,42900.0,2010-12-01 11:49:00
TX_0000568,KH_17920,85049E,United Kingdom,12,32500.0,2010-12-01 11:49:00
TX_0000569,KH_17920,21731,United Kingdom,5,42900.0,2010-12-01 11:49:00
TX_0000570,KH_17920,22243,United Kingdom,1,42900.0,2010-12-01 11:49:00
TX_0000571,KH_17920,21739,United Kingdom,2,76700.0,2010-12-01 11:49:00
TX_0000572,KH_17920,21738,United Kingdom,5,76700.0,2010-12-01 11:49:00
TX_0000573,KH_17920,22271,United Kingdom,2,76700.0,2010-12-01 11:49:00
TX_0000574,KH_17920,22274,United Kingdom,2,76700.0,2010-12-01 11:49:00
TX_0000575,KH_17920,22751,United Kingdom,2,97500.0,2010-12-01 11:49:00
TX_0000576,KH_17920,21034,United Kingdom,1,24700.0,2010-12-01 11:49:00
TX_0000577,KH_17920,22273,United Kingdom,2,76700.0,2010-12-01 11:49:00
TX_0000578,KH_17920,22568,United Kingdom,3,97500.0,2010-12-01 11:49:00
TX_0000579,KH_17920,22144,United Kingdom,1,54600.0,2010-12-01 11:49:00
TX_0000580,KH_17920,22570,United Kingdom,3,97500.0,2010-12-01 11:49:00
TX_0000581,KH_17920,22569,United Kingdom,2,97500.0,2010-12-01 11:49:00
TX_0000582,KH_17920,22086,United Kingdom,1,76700.0,2010-12-01 11:49:00
TX_0000583,KH_17920,22968,United Kingdom,4,258700.0,2010-12-01 11:49:00
TX_0000584,KH_17920,22902,United Kingdom,7,54600.0,2010-12-01 11:49:00
TX_0000585,KH_17920,21710,United Kingdom,1,128700.0,2010-12-01 11:49:00
TX_0000586,KH_17920,21708,United Kingdom,1,128700.0,2010-12-01 11:49:00
TX_0000587,KH_17920,21711,United Kingdom,1,128700.0,2010-12-01 11:49:00
TX_0000588,KH_17920,22179,United Kingdom,2,175500.0,2010-12-01 11:49:00
TX_0000589,KH_17920,22197,United Kingdom,5,22100.0,2010-12-01 11:49:00
TX_0000590,KH_17920,22900,United Kingdom,2,76700.0,2010-12-01 11:49:00
TX_0000591,KH_17920,21706,United Kingdom,1,128700.0,2010-12-01 11:49:00
TX_0000592,KH_17920,22468,United Kingdom,2,175500.0,2010-12-01 11:49:00
TX_0000593,KH_17920,20725,United Kingdom,1,42900.0,2010-12-01 11:49:00
TX_0000594,KH_17920,85184C,United Kingdom,1,76700.0,2010-12-01 11:49:00
TX_0000595,KH_17920,22988,United Kingdom,6,32500.0,2010-12-01 11:49:00
TX_0000596,KH_17920,20750,United Kingdom,1,206700.0,2010-12-01 11:49:00
TX_0000597,KH_12838,22952,United Kingdom,10,14300.0,2010-12-01 11:57:00
TX_0000598,KH_12838,22910,United Kingdom,5,76700.0,2010-12-01 11:57:00
TX_0000599,KH_12838,22739,United Kingdom,3,42900.0,2010-12-01 11:57:00
TX_0000600,KH_12838,22738,United Kingdom,3,42900.0,2010-12-01 11:57:00
TX_0000601,KH_12838,22736,United Kingdom,3,42900.0,2010-12-01 11:57:00
TX_0000602,KH_12838,22909,United Kingdom,5,22100.0,2010-12-01 11:57:00
TX_0000603,KH_12838,35591T,United Kingdom,2,32500.0,2010-12-01 11:57:00
TX_0000604,KH_12838,22186,United Kingdom,5,76700.0,2010-12-01 11:57:00
TX_0000605,KH_12838,22695,United Kingdom,3,37700.0,2010-12-01 11:57:00
TX_0000606,KH_12838,22470,United Kingdom,1,76700.0,2010-12-01 11:57:00
TX_0000607,KH_12838,22580,United Kingdom,1,154700.0,2010-12-01 11:57:00
TX_0000608,KH_12838,22469,United Kingdom,5,42900.0,2010-12-01 11:57:00
TX_0000609,KH_12838,22147,United Kingdom,4,37700.0,2010-12-01 11:57:00
TX_0000610,KH_12838,22130,United Kingdom,6,22100.0,2010-12-01 11:57:00
TX_0000611,KH_12838,21791,United Kingdom,3,32500.0,2010-12-01 11:57:00
TX_0000612,KH_12838,22694,United Kingdom,5,54600.0,2010-12-01 11:57:00
TX_0000613,KH_12838,21790,United Kingdom,3,22100.0,2010-12-01 11:57:00
TX_0000614,KH_12838,22149,United Kingdom,4,54600.0,2010-12-01 11:57:00
TX_0000615,KH_12838,22900,United Kingdom,3,76700.0,2010-12-01 11:57:00
TX_0000616,KH_12838,22961,United Kingdom,3,37700.0,2010-12-01 11:57:00
TX_0000617,KH_12838,22321,United Kingdom,12,22100.0,2010-12-01 11:57:00
TX_0000618,KH_12838,22594,United Kingdom,5,22100.0,2010-12-01 11:57:00
TX_0000619,KH_12838,22593,United Kingdom,4,22100.0,2010-12-01 11:57:00
TX_0000620,KH_12838,22595,United Kingdom,6,22100.0,2010-12-01 11:57:00
TX_0000621,KH_12838,21986,United Kingdom,12,7540.0,2010-12-01 11:57:00
TX_0000622,KH_12838,22750,United Kingdom,2,97500.0,2010-12-01 11:57:00
TX_0000623,KH_12838,22616,United Kingdom,12,7540.0,2010-12-01 11:57:00
TX_0000624,KH_12838,22775,United Kingdom,1,32500.0,2010-12-01 11:57:00
TX_0000625,KH_12838,22899,United Kingdom,2,54600.0,2010-12-01 11:57:00
TX_0000626,KH_12838,22367,United Kingdom,3,50700.0,2010-12-01 11:57:00
TX_0000627,KH_12838,22942,United Kingdom,3,221000.0,2010-12-01 11:57:00
TX_0000628,KH_12838,22941,United Kingdom,3,221000.0,2010-12-01 11:57:00
TX_0000629,KH_12838,22086,United Kingdom,6,76700.0,2010-12-01 11:57:00
TX_0000630,KH_12838,22940,United Kingdom,2,110500.0,2010-12-01 11:57:00
TX_0000631,KH_12838,21212,United Kingdom,2,14300.0,2010-12-01 11:57:00
TX_0000632,KH_12838,21976,United Kingdom,2,14300.0,2010-12-01 11:57:00
TX_0000633,KH_12838,22951,United Kingdom,2,14300.0,2010-12-01 11:57:00
TX_0000634,KH_12838,21977,United Kingdom,3,14300.0,2010-12-01 11:57:00
TX_0000635,KH_12838,22834,United Kingdom,3,54600.0,2010-12-01 11:57:00
TX_0000636,KH_12838,22867,United Kingdom,3,54600.0,2010-12-01 11:57:00
TX_0000637,KH_12838,22865,United Kingdom,3,54600.0,2010-12-01 11:57:00
TX_0000638,KH_12838,22632,United Kingdom,3,54600.0,2010-12-01 11:57:00
TX_0000639,KH_12838,21916,United Kingdom,2,10920.0,2010-12-01 11:57:00
TX_0000640,KH_12838,22587,United Kingdom,4,22100.0,2010-12-01 11:57:00
TX_0000641,KH_12838,22566,United Kingdom,3,22100.0,2010-12-01 11:57:00
TX_0000642,KH_12838,22565,United Kingdom,3,22100.0,2010-12-01 11:57:00
TX_0000643,KH_12838,22472,United Kingdom,2,128700.0,2010-12-01 11:57:00
TX_0000644,KH_12838,22557,United Kingdom,3,42900.0,2010-12-01 11:57:00
TX_0000645,KH_12838,22551,United Kingdom,3,42900.0,2010-12-01 11:57:00
TX_0000646,KH_12838,22554,United Kingdom,3,42900.0,2010-12-01 11:57:00
TX_0000647,KH_12838,22534,United Kingdom,3,10920.0,2010-12-01 11:57:00
TX_0000648,KH_12838,22531,United Kingdom,3,10920.0,2010-12-01 11:57:00
TX_0000649,KH_12838,22529,United Kingdom,3,10920.0,2010-12-01 11:57:00
TX_0000650,KH_12838,22530,United Kingdom,3,10920.0,2010-12-01 11:57:00
TX_0000651,KH_12838,84032B,United Kingdom,3,76700.0,2010-12-01 11:57:00
TX_0000652,KH_12838,22837,United Kingdom,3,120900.0,2010-12-01 11:57:00
TX_0000653,KH_12838,85049H,United Kingdom,2,32500.0,2010-12-01 11:57:00
TX_0000654,KH_12838,22749,United Kingdom,2,97500.0,2010-12-01 11:57:00
TX_0000655,KH_12838,22807,United Kingdom,12,76700.0,2010-12-01 11:57:00
TX_0000656,KH_13255,21494,United Kingdom,12,32500.0,2010-12-01 11:58:00
TX_0000657,KH_13255,21915,United Kingdom,72,32500.0,2010-12-01 11:58:00
TX_0000658,KH_13255,22938,United Kingdom,12,50700.0,2010-12-01 11:58:00
TX_0000659,KH_13255,22768,United Kingdom,4,258700.0,2010-12-01 11:58:00
TX_0000660,KH_13255,22767,United Kingdom,4,258700.0,2010-12-01 11:58:00
TX_0000661,KH_13255,82494L,United Kingdom,6,76700.0,2010-12-01 11:58:00
TX_0000662,KH_16583,21889,United Kingdom,12,32500.0,2010-12-01 12:03:00
TX_0000663,KH_16583,21892,United Kingdom,12,32500.0,2010-12-01 12:03:00
TX_0000664,KH_16583,21891,United Kingdom,12,32500.0,2010-12-01 12:03:00
TX_0000665,KH_16583,21890,United Kingdom,6,76700.0,2010-12-01 12:03:00
TX_0000666,KH_16583,21718,United Kingdom,12,32500.0,2010-12-01 12:03:00
TX_0000667,KH_16583,21716,United Kingdom,8,66300.0,2010-12-01 12:03:00
TX_0000668,KH_16583,21715,United Kingdom,8,66300.0,2010-12-01 12:03:00
TX_0000669,KH_16583,22113,United Kingdom,4,97500.0,2010-12-01 12:03:00
TX_0000670,KH_16583,22111,United Kingdom,3,128700.0,2010-12-01 12:03:00
TX_0000671,KH_16583,22110,United Kingdom,6,66300.0,2010-12-01 12:03:00
TX_0000672,KH_16583,22358,United Kingdom,6,76700.0,2010-12-01 12:03:00
TX_0000673,KH_16583,22357,United Kingdom,4,110500.0,2010-12-01 12:03:00
TX_0000674,KH_16583,22115,United Kingdom,6,76700.0,2010-12-01 12:03:00
TX_0000675,KH_16583,22969,United Kingdom,12,37700.0,2010-12-01 12:03:00
TX_0000676,KH_18085,22619,United Kingdom,4,97500.0,2010-12-01 12:08:00
TX_0000677,KH_18085,21481,United Kingdom,6,76700.0,2010-12-01 12:08:00
TX_0000678,KH_18085,22632,United Kingdom,12,54600.0,2010-12-01 12:08:00
TX_0000679,KH_18085,22837,United Kingdom,8,120900.0,2010-12-01 12:08:00
TX_0000680,KH_18085,21479,United Kingdom,8,97500.0,2010-12-01 12:08:00
TX_0000681,KH_18085,21485,United Kingdom,8,128700.0,2010-12-01 12:08:00
TX_0000682,KH_18085,84029E,United Kingdom,8,97500.0,2010-12-01 12:08:00
TX_0000683,KH_18085,22111,United Kingdom,16,128700.0,2010-12-01 12:08:00
TX_0000684,KH_18085,22113,United Kingdom,8,97500.0,2010-12-01 12:08:00
TX_0000685,KH_13758,22837,United Kingdom,8,120900.0,2010-12-01 12:08:00
TX_0000686,KH_13758,22585,United Kingdom,12,32500.0,2010-12-01 12:08:00
TX_0000687,KH_13758,79321,United Kingdom,8,128700.0,2010-12-01 12:08:00
TX_0000688,KH_13758,22637,United Kingdom,12,66300.0,2010-12-01 12:08:00
TX_0000689,KH_13758,21556,United Kingdom,6,66300.0,2010-12-01 12:08:00
TX_0000690,KH_13758,22646,United Kingdom,12,37700.0,2010-12-01 12:08:00
TX_0000691,KH_13758,22644,United Kingdom,12,37700.0,2010-12-01 12:08:00
TX_0000692,KH_13758,22645,United Kingdom,12,37700.0,2010-12-01 12:08:00
TX_0000693,KH_13758,22650,United Kingdom,12,37700.0,2010-12-01 12:08:00
TX_0000694,KH_13758,22508,United Kingdom,8,97500.0,2010-12-01 12:08:00
TX_0000695,KH_13758,21411,United Kingdom,3,110500.0,2010-12-01 12:08:00
TX_0000696,KH_13758,22511,United Kingdom,4,97500.0,2010-12-01 12:08:00
TX_0000697,KH_13758,22451,United Kingdom,6,87100.0,2010-12-01 12:08:00
TX_0000698,KH_13758,22449,United Kingdom,6,87100.0,2010-12-01 12:08:00
TX_0000699,KH_13758,22768,United Kingdom,2,258700.0,2010-12-01 12:08:00
TX_0000700,KH_13758,22829,United Kingdom,2,258700.0,2010-12-01 12:08:00
TX_0000701,KH_13758,22961,United Kingdom,12,37700.0,2010-12-01 12:08:00
TX_0000702,KH_13694,21154,United Kingdom,200,27560.0,2010-12-01 12:12:00
TX_0000703,KH_13694,22189,United Kingdom,72,88140.0,2010-12-01 12:12:00
TX_0000704,KH_13694,17021,United Kingdom,600,6240.0,2010-12-01 12:12:00
TX_0000705,KH_13694,22059,United Kingdom,48,32500.0,2010-12-01 12:12:00
TX_0000706,KH_13694,22188,United Kingdom,36,88140.0,2010-12-01 12:12:00
TX_0000707,KH_13694,84678,United Kingdom,48,32500.0,2010-12-01 12:12:00
TX_0000708,KH_15983,85172,United Kingdom,32,10920.0,2010-12-01 12:15:00
TX_0000709,KH_15983,22142,United Kingdom,2,37700.0,2010-12-01 12:15:00
TX_0000710,KH_15983,22144,United Kingdom,2,54600.0,2010-12-01 12:15:00
TX_0000711,KH_15983,21591,United Kingdom,6,32500.0,2010-12-01 12:15:00
TX_0000712,KH_15983,22480,United Kingdom,12,32500.0,2010-12-01 12:15:00
TX_0000713,KH_15983,22294,United Kingdom,48,32500.0,2010-12-01 12:15:00
TX_0000714,KH_15983,21156,United Kingdom,1,50700.0,2010-12-01 12:15:00
TX_0000715,KH_15983,10133,United Kingdom,5,22100.0,2010-12-01 12:15:00
TX_0000716,KH_15983,72800E,United Kingdom,6,66300.0,2010-12-01 12:15:00
TX_0000717,KH_15983,22294,United Kingdom,24,32500.0,2010-12-01 12:15:00
TX_0000718,KH_15983,84836,United Kingdom,12,32500.0,2010-12-01 12:15:00
TX_0000719,KH_15983,20774,United Kingdom,2,42900.0,2010-12-01 12:15:00
TX_0000720,KH_15983,20773,United Kingdom,2,42900.0,2010-12-01 12:15:00
TX_0000721,KH_15983,20777,United Kingdom,2,42900.0,2010-12-01 12:15:00
TX_0000722,KH_15983,16016,United Kingdom,10,22100.0,2010-12-01 12:15:00
TX_0000723,KH_15983,16014,United Kingdom,10,10920.0,2010-12-01 12:15:00
TX_0000724,KH_15983,21890,United Kingdom,2,76700.0,2010-12-01 12:15:00
TX_0000725,KH_15983,21891,United Kingdom,2,32500.0,2010-12-01 12:15:00
TX_0000726,KH_15983,22619,United Kingdom,8,97500.0,2010-12-01 12:15:00
TX_0000727,KH_15983,22620,United Kingdom,6,32500.0,2010-12-01 12:15:00
TX_0000728,KH_15983,84347,United Kingdom,12,66300.0,2010-12-01 12:15:00
TX_0000729,KH_15983,85169B,United Kingdom,24,32500.0,2010-12-01 12:15:00
TX_0000730,KH_15983,21156,United Kingdom,3,50700.0,2010-12-01 12:15:00
TX_0000731,KH_15983,21651,United Kingdom,6,42900.0,2010-12-01 12:15:00
TX_0000732,KH_15983,84625C,United Kingdom,10,76700.0,2010-12-01 12:15:00
TX_0000733,KH_15983,22618,United Kingdom,2,258700.0,2010-12-01 12:15:00
TX_0000734,KH_15983,21586,United Kingdom,4,66300.0,2010-12-01 12:15:00
TX_0000735,KH_15983,21587,United Kingdom,4,66300.0,2010-12-01 12:15:00
TX_0000736,KH_15983,22152,United Kingdom,24,10920.0,2010-12-01 12:15:00
TX_0000737,KH_15983,85172,United Kingdom,16,10920.0,2010-12-01 12:15:00
TX_0000738,KH_15983,84754,United Kingdom,24,32500.0,2010-12-01 12:15:00
TX_0000739,KH_14849,22670,United Kingdom,12,32500.0,2010-12-01 12:22:00
TX_0000740,KH_14849,21586,United Kingdom,12,66300.0,2010-12-01 12:22:00
TX_0000741,KH_14849,84992,United Kingdom,24,14300.0,2010-12-01 12:22:00
TX_0000742,KH_14849,84879,United Kingdom,24,43940.0,2010-12-01 12:22:00
TX_0000743,KH_14849,84849B,United Kingdom,12,43940.0,2010-12-01 12:22:00
TX_0000744,KH_14849,22927,United Kingdom,2,154700.0,2010-12-01 12:22:00
TX_0000745,KH_14849,22926,United Kingdom,4,154700.0,2010-12-01 12:22:00
TX_0000746,KH_14849,22925,United Kingdom,2,154700.0,2010-12-01 12:22:00
TX_0000747,KH_14849,21977,United Kingdom,24,14300.0,2010-12-01 12:22:00
TX_0000748,KH_14849,21485,United Kingdom,6,128700.0,2010-12-01 12:22:00
TX_0000749,KH_14849,21484,United Kingdom,8,89700.0,2010-12-01 12:22:00
TX_0000750,KH_14849,21259,United Kingdom,2,154700.0,2010-12-01 12:22:00
TX_0000751,KH_14849,21257,United Kingdom,2,206700.0,2010-12-01 12:22:00
TX_0000752,KH_14849,21121,United Kingdom,24,32500.0,2010-12-01 12:22:00
TX_0000753,KH_14849,82552,United Kingdom,12,37700.0,2010-12-01 12:22:00
TX_0000754,KH_17968,90200B,United Kingdom,2,110500.0,2010-12-01 12:23:00
TX_0000755,KH_17968,90059B,United Kingdom,2,42900.0,2010-12-01 12:23:00
TX_0000756,KH_17968,90185C,United Kingdom,2,110500.0,2010-12-01 12:23:00
TX_0000757,KH_17968,90059E,United Kingdom,3,42900.0,2010-12-01 12:23:00
TX_0000758,KH_17968,90059C,United Kingdom,1,42900.0,2010-12-01 12:23:00
TX_0000759,KH_17968,90200C,United Kingdom,1,110500.0,2010-12-01 12:23:00
TX_0000760,KH_17968,90200D,United Kingdom,3,110500.0,2010-12-01 12:23:00
TX_0000761,KH_17968,90200A,United Kingdom,1,110500.0,2010-12-01 12:23:00
TX_0000762,KH_17968,22386,United Kingdom,1,50700.0,2010-12-01 12:23:00
TX_0000763,KH_17968,85099B,United Kingdom,1,50700.0,2010-12-01 12:23:00
TX_0000764,KH_17968,84879,United Kingdom,8,43940.0,2010-12-01 12:23:00
TX_0000765,KH_17968,22086,United Kingdom,1,76700.0,2010-12-01 12:23:00
TX_0000766,KH_17968,22737,United Kingdom,1,42900.0,2010-12-01 12:23:00
TX_0000767,KH_17968,21260,United Kingdom,1,84500.0,2010-12-01 12:23:00
TX_0000768,KH_17968,22744,United Kingdom,2,76700.0,2010-12-01 12:23:00
TX_0000769,KH_17968,21985,United Kingdom,1,7540.0,2010-12-01 12:23:00
TX_0000770,KH_17968,21980,United Kingdom,1,7540.0,2010-12-01 12:23:00
TX_0000771,KH_17968,22988,United Kingdom,1,32500.0,2010-12-01 12:23:00
TX_0000772,KH_17968,22297,United Kingdom,1,32500.0,2010-12-01 12:23:00
TX_0000773,KH_17968,22294,United Kingdom,1,32500.0,2010-12-01 12:23:00
TX_0000774,KH_17968,22295,United Kingdom,1,42900.0,2010-12-01 12:23:00
TX_0000775,KH_17968,22813,United Kingdom,2,50700.0,2010-12-01 12:23:00
TX_0000776,KH_17968,22812,United Kingdom,6,50700.0,2010-12-01 12:23:00
TX_0000777,KH_17968,22197,United Kingdom,5,22100.0,2010-12-01 12:23:00
TX_0000778,KH_17968,21977,United Kingdom,1,14300.0,2010-12-01 12:23:00
TX_0000779,KH_17968,22619,United Kingdom,1,97500.0,2010-12-01 12:23:00
TX_0000780,KH_17968,16258A,United Kingdom,1,10920.0,2010-12-01 12:23:00
TX_0000781,KH_17968,21992,United Kingdom,1,76700.0,2010-12-01 12:23:00
TX_0000782,KH_17968,22910,United Kingdom,1,76700.0,2010-12-01 12:23:00
TX_0000783,KH_17968,21124,United Kingdom,1,32500.0,2010-12-01 12:23:00
TX_0000784,KH_17968,22735,United Kingdom,2,42900.0,2010-12-01 12:23:00
TX_0000785,KH_17968,22952,United Kingdom,2,14300.0,2010-12-01 12:23:00
TX_0000786,KH_17968,22945,United Kingdom,6,22100.0,2010-12-01 12:23:00
TX_0000787,KH_17968,21816,United Kingdom,2,37700.0,2010-12-01 12:23:00
TX_0000788,KH_17968,21815,United Kingdom,4,37700.0,2010-12-01 12:23:00
TX_0000789,KH_17968,21814,United Kingdom,2,37700.0,2010-12-01 12:23:00
TX_0000790,KH_17968,10125,United Kingdom,2,22100.0,2010-12-01 12:23:00
TX_0000791,KH_17968,22810,United Kingdom,1,76700.0,2010-12-01 12:23:00
TX_0000792,KH_17968,22573,United Kingdom,1,22100.0,2010-12-01 12:23:00
TX_0000793,KH_17968,22577,United Kingdom,1,22100.0,2010-12-01 12:23:00
TX_0000794,KH_17968,22603,United Kingdom,2,22100.0,2010-12-01 12:23:00
TX_0000795,KH_17968,22809,United Kingdom,1,76700.0,2010-12-01 12:23:00
TX_0000796,KH_17968,20878,United Kingdom,1,32500.0,2010-12-01 12:23:00
TX_0000797,KH_17968,20866,United Kingdom,1,32500.0,2010-12-01 12:23:00
TX_0000798,KH_17968,85095,United Kingdom,1,50700.0,2010-12-01 12:23:00
TX_0000799,KH_17968,22333,United Kingdom,1,42900.0,2010-12-01 12:23:00
TX_0000800,KH_17968,22557,United Kingdom,1,42900.0,2010-12-01 12:23:00
TX_0000801,KH_17968,21584,United Kingdom,1,42900.0,2010-12-01 12:23:00
TX_0000802,KH_17968,22866,United Kingdom,1,54600.0,2010-12-01 12:23:00
TX_0000803,KH_17968,22731,United Kingdom,2,32500.0,2010-12-01 12:23:00
TX_0000804,KH_17968,22866,United Kingdom,3,54600.0,2010-12-01 12:23:00
TX_0000805,KH_17968,22558,United Kingdom,2,38740.0,2010-12-01 12:23:00
TX_0000806,KH_17968,22956,United Kingdom,1,54600.0,2010-12-01 12:23:00
TX_0000807,KH_17968,22582,United Kingdom,1,66300.0,2010-12-01 12:23:00
TX_0000808,KH_17968,21212,United Kingdom,1,14300.0,2010-12-01 12:23:00
TX_0000809,KH_17968,21212,United Kingdom,2,14300.0,2010-12-01 12:23:00
TX_0000810,KH_17968,22585,United Kingdom,3,32500.0,2010-12-01 12:23:00
TX_0000811,KH_17968,21121,United Kingdom,1,32500.0,2010-12-01 12:23:00
TX_0000812,KH_17968,21122,United Kingdom,1,32500.0,2010-12-01 12:23:00
TX_0000813,KH_17968,22759,United Kingdom,1,42900.0,2010-12-01 12:23:00
TX_0000814,KH_17968,21815,United Kingdom,1,37700.0,2010-12-01 12:23:00
TX_0000815,KH_17968,85231B,United Kingdom,3,22100.0,2010-12-01 12:23:00
TX_0000816,KH_17968,85231G,United Kingdom,5,22100.0,2010-12-01 12:23:00
TX_0000817,KH_17968,22082,United Kingdom,5,42900.0,2010-12-01 12:23:00
TX_0000818,KH_17968,22500,United Kingdom,2,128700.0,2010-12-01 12:23:00
TX_0000819,KH_17968,22742,United Kingdom,1,76700.0,2010-12-01 12:23:00
TX_0000820,KH_17968,21329,United Kingdom,1,42900.0,2010-12-01 12:23:00
TX_0000821,KH_17968,21328,United Kingdom,1,42900.0,2010-12-01 12:23:00
TX_0000822,KH_17968,21327,United Kingdom,1,42900.0,2010-12-01 12:23:00
TX_0000823,KH_17968,21738,United Kingdom,1,76700.0,2010-12-01 12:23:00
TX_0000824,KH_17968,48173C,United Kingdom,1,206700.0,2010-12-01 12:23:00
TX_0000825,KH_17968,85099C,United Kingdom,1,50700.0,2010-12-01 12:23:00
TX_0000826,KH_17968,22960,United Kingdom,1,110500.0,2010-12-01 12:23:00
TX_0000827,KH_17968,85231G,United Kingdom,1,22100.0,2010-12-01 12:23:00
TX_0000828,KH_17968,85231B,United Kingdom,2,22100.0,2010-12-01 12:23:00
TX_0000829,KH_17968,72818,United Kingdom,1,22100.0,2010-12-01 12:23:00
TX_0000830,KH_17968,21814,United Kingdom,8,37700.0,2010-12-01 12:23:00
TX_0000831,KH_17968,22441,United Kingdom,1,54600.0,2010-12-01 12:23:00
TX_0000832,KH_17968,22312,United Kingdom,1,76700.0,2010-12-01 12:23:00
TX_0000833,KH_17968,22197,United Kingdom,6,22100.0,2010-12-01 12:23:00
TX_0000834,KH_17968,22663,United Kingdom,1,50700.0,2010-12-01 12:23:00
TX_0000835,KH_14849,22960,United Kingdom,6,110500.0,2010-12-01 12:23:00
TX_0000836,KH_14849,22961,United Kingdom,12,37700.0,2010-12-01 12:23:00
TX_0000837,KH_16210,21314,United Kingdom,48,48100.0,2010-12-01 12:27:00
TX_0000838,KH_16210,84029E,United Kingdom,24,88140.0,2010-12-01 12:27:00
TX_0000839,KH_16210,21137,United Kingdom,480,88140.0,2010-12-01 12:27:00
TX_0000840,KH_16210,22041,United Kingdom,48,54600.0,2010-12-01 12:27:00
TX_0000841,KH_16210,20979,United Kingdom,16,32500.0,2010-12-01 12:27:00
TX_0000842,KH_16210,20977,United Kingdom,16,32500.0,2010-12-01 12:27:00
TX_0000843,KH_16210,22619,United Kingdom,4,97500.0,2010-12-01 12:27:00
TX_0000844,KH_16210,22571,United Kingdom,96,18720.0,2010-12-01 12:27:00
TX_0000845,KH_16210,22595,United Kingdom,144,18720.0,2010-12-01 12:27:00
TX_0000846,KH_16210,22593,United Kingdom,144,18720.0,2010-12-01 12:27:00
TX_0000847,KH_16210,22633,United Kingdom,12,54600.0,2010-12-01 12:27:00
TX_0000848,KH_16210,22632,United Kingdom,12,54600.0,2010-12-01 12:27:00
TX_0000849,KH_16210,22423,United Kingdom,16,284700.0,2010-12-01 12:27:00
TX_0000850,KH_16210,22411,United Kingdom,10,50700.0,2010-12-01 12:27:00
TX_0000851,KH_17897,22738,United Kingdom,5,42900.0,2010-12-01 12:31:00
TX_0000852,KH_17897,21621,United Kingdom,1,221000.0,2010-12-01 12:31:00
TX_0000853,KH_17897,22960,United Kingdom,8,110500.0,2010-12-01 12:31:00
TX_0000854,KH_17897,22082,United Kingdom,5,42900.0,2010-12-01 12:31:00
TX_0000855,KH_17897,47563A,United Kingdom,1,97500.0,2010-12-01 12:31:00
TX_0000856,KH_17897,84558A,United Kingdom,1,76700.0,2010-12-01 12:31:00
TX_0000857,KH_17897,21592,United Kingdom,1,32500.0,2010-12-01 12:31:00
TX_0000858,KH_17897,20878,United Kingdom,2,32500.0,2010-12-01 12:31:00
TX_0000859,KH_17897,84347,United Kingdom,1,66300.0,2010-12-01 12:31:00
TX_0000860,KH_17897,21577,United Kingdom,1,58500.0,2010-12-01 12:31:00
TX_0000861,KH_17897,22909,United Kingdom,1,22100.0,2010-12-01 12:31:00
TX_0000862,KH_17897,22087,United Kingdom,1,76700.0,2010-12-01 12:31:00
TX_0000863,KH_17897,22651,United Kingdom,2,22100.0,2010-12-01 12:31:00
TX_0000864,KH_17897,22713,United Kingdom,12,10920.0,2010-12-01 12:31:00
TX_0000865,KH_17897,22910,United Kingdom,1,76700.0,2010-12-01 12:31:00
TX_0000866,KH_17897,21370,United Kingdom,2,165100.0,2010-12-01 12:31:00
TX_0000867,KH_17897,21367,United Kingdom,1,66300.0,2010-12-01 12:31:00
TX_0000868,KH_17897,22376,United Kingdom,1,110500.0,2010-12-01 12:31:00
TX_0000869,KH_17897,22961,United Kingdom,1,37700.0,2010-12-01 12:31:00
TX_0000870,KH_17897,21895,United Kingdom,1,110500.0,2010-12-01 12:31:00
TX_0000871,KH_17897,22468,United Kingdom,1,175500.0,2010-12-01 12:31:00
TX_0000872,KH_17897,21034,United Kingdom,1,24700.0,2010-12-01 12:31:00
TX_0000873,KH_17897,22372,United Kingdom,1,110500.0,2010-12-01 12:31:00
TX_0000874,KH_17897,22867,United Kingdom,1,54600.0,2010-12-01 12:31:00
TX_0000875,KH_17897,22144,United Kingdom,1,54600.0,2010-12-01 12:31:00
TX_0000876,KH_17897,21190,United Kingdom,1,42900.0,2010-12-01 12:31:00
TX_0000877,KH_17897,21894,United Kingdom,3,32500.0,2010-12-01 12:31:00
TX_0000878,KH_17897,70007,United Kingdom,3,42900.0,2010-12-01 12:31:00
TX_0000879,KH_17897,22940,United Kingdom,1,110500.0,2010-12-01 12:31:00
TX_0000880,KH_17897,70007,United Kingdom,1,42900.0,2010-12-01 12:31:00
TX_0000881,KH_17897,84347,United Kingdom,3,66300.0,2010-12-01 12:31:00
TX_0000882,KH_17897,22150,United Kingdom,1,50700.0,2010-12-01 12:31:00
TX_0000883,KH_17897,22149,United Kingdom,2,54600.0,2010-12-01 12:31:00
TX_0000884,KH_17897,22144,United Kingdom,2,54600.0,2010-12-01 12:31:00
TX_0000885,KH_17377,21622,United Kingdom,10,128700.0,2010-12-01 12:35:00
TX_0000886,KH_17377,46000M,United Kingdom,10,40300.0,2010-12-01 12:35:00
TX_0000887,KH_17377,22630,United Kingdom,2,50700.0,2010-12-01 12:35:00
TX_0000888,KH_17377,22616,United Kingdom,12,7540.0,2010-12-01 12:35:00
TX_0000889,KH_17377,22712,United Kingdom,12,10920.0,2010-12-01 12:35:00
TX_0000890,KH_17377,22983,United Kingdom,12,10920.0,2010-12-01 12:35:00
TX_0000891,KH_17377,22024,United Kingdom,12,10920.0,2010-12-01 12:35:00
TX_0000892,KH_17377,22113,United Kingdom,3,97500.0,2010-12-01 12:35:00
TX_0000893,KH_17377,84029E,United Kingdom,2,97500.0,2010-12-01 12:35:00
TX_0000894,KH_17377,21488,United Kingdom,2,102700.0,2010-12-01 12:35:00
TX_0000895,KH_17377,22900,United Kingdom,7,76700.0,2010-12-01 12:35:00
TX_0000896,KH_17377,22895,United Kingdom,3,76700.0,2010-12-01 12:35:00
TX_0000897,KH_17377,21035,United Kingdom,3,76700.0,2010-12-01 12:35:00
TX_0000898,KH_17377,21755,United Kingdom,6,154700.0,2010-12-01 12:35:00
TX_0000899,KH_17377,21754,United Kingdom,6,154700.0,2010-12-01 12:35:00
TX_0000900,KH_16552,84879,United Kingdom,16,43940.0,2010-12-01 12:36:00
TX_0000901,KH_16552,22784,United Kingdom,3,128700.0,2010-12-01 12:36:00
TX_0000902,KH_16552,21441,United Kingdom,12,22100.0,2010-12-01 12:36:00
TX_0000903,KH_16552,85123A,United Kingdom,6,76700.0,2010-12-01 12:36:00
TX_0000904,KH_16552,22423,United Kingdom,2,331500.0,2010-12-01 12:36:00
TX_0000905,KH_17181,84947,United Kingdom,72,27560.0,2010-12-01 12:38:00
TX_0000906,KH_17181,21326,United Kingdom,144,14300.0,2010-12-01 12:38:00
TX_0000907,KH_17951,22865,United Kingdom,36,54600.0,2010-12-01 12:40:00
TX_0000908,KH_17951,22485,United Kingdom,4,331500.0,2010-12-01 12:40:00
TX_0000909,KH_17951,22807,United Kingdom,6,76700.0,2010-12-01 12:40:00
TX_0000910,KH_17951,22633,United Kingdom,36,54600.0,2010-12-01 12:40:00
TX_0000911,KH_17951,22866,United Kingdom,36,54600.0,2010-12-01 12:40:00
TX_0000912,KH_14729,21794,United Kingdom,1,175500.0,2010-12-01 12:43:00
TX_0000913,KH_14729,20707,United Kingdom,1,32500.0,2010-12-01 12:43:00
TX_0000914,KH_14729,21175,United Kingdom,1,54600.0,2010-12-01 12:43:00
TX_0000915,KH_14729,22926,United Kingdom,1,154700.0,2010-12-01 12:43:00
TX_0000916,KH_14729,22588,United Kingdom,2,66300.0,2010-12-01 12:43:00
TX_0000917,KH_14729,21292,United Kingdom,16,22100.0,2010-12-01 12:43:00
TX_0000918,KH_14729,21890,United Kingdom,1,76700.0,2010-12-01 12:43:00
TX_0000919,KH_14729,22632,United Kingdom,4,54600.0,2010-12-01 12:43:00
TX_0000920,KH_14729,22633,United Kingdom,3,54600.0,2010-12-01 12:43:00
TX_0000921,KH_14729,22670,United Kingdom,1,32500.0,2010-12-01 12:43:00
TX_0000922,KH_14729,21867,United Kingdom,1,32500.0,2010-12-01 12:43:00
TX_0000923,KH_14729,22760,United Kingdom,1,331500.0,2010-12-01 12:43:00
TX_0000924,KH_14729,22107,United Kingdom,2,97500.0,2010-12-01 12:43:00
TX_0000925,KH_14729,22470,United Kingdom,1,76700.0,2010-12-01 12:43:00
TX_0000926,KH_14729,21486,United Kingdom,1,97500.0,2010-12-01 12:43:00
TX_0000927,KH_14729,22151,United Kingdom,14,10920.0,2010-12-01 12:43:00
TX_0000928,KH_14729,22643,United Kingdom,4,66300.0,2010-12-01 12:43:00
TX_0000929,KH_14729,22642,United Kingdom,4,66300.0,2010-12-01 12:43:00
TX_0000930,KH_14729,22604,United Kingdom,3,66300.0,2010-12-01 12:43:00
TX_0000931,KH_14729,22099,United Kingdom,2,32500.0,2010-12-01 12:43:00
TX_0000932,KH_14729,22553,United Kingdom,1,42900.0,2010-12-01 12:43:00
TX_0000933,KH_14729,22551,United Kingdom,1,42900.0,2010-12-01 12:43:00
TX_0000934,KH_14729,22653,United Kingdom,1,50700.0,2010-12-01 12:43:00
TX_0000935,KH_14729,22557,United Kingdom,2,42900.0,2010-12-01 12:43:00
TX_0000936,KH_14729,22906,United Kingdom,6,42900.0,2010-12-01 12:43:00
TX_0000937,KH_14729,22754,United Kingdom,1,22100.0,2010-12-01 12:43:00
TX_0000938,KH_14729,22938,United Kingdom,5,50700.0,2010-12-01 12:43:00
TX_0000939,KH_14729,22812,United Kingdom,3,50700.0,2010-12-01 12:43:00
TX_0000940,KH_14729,22919,United Kingdom,2,16900.0,2010-12-01 12:43:00
TX_0000941,KH_14729,22917,United Kingdom,1,16900.0,2010-12-01 12:43:00
TX_0000942,KH_14729,22920,United Kingdom,3,16900.0,2010-12-01 12:43:00
TX_0000943,KH_14729,22921,United Kingdom,2,16900.0,2010-12-01 12:43:00
TX_0000944,KH_14729,22918,United Kingdom,2,16900.0,2010-12-01 12:43:00
TX_0000945,KH_14729,22916,United Kingdom,1,16900.0,2010-12-01 12:43:00
TX_0000946,KH_14729,85123A,United Kingdom,3,76700.0,2010-12-01 12:43:00
TX_0000947,KH_14729,22575,United Kingdom,1,50700.0,2010-12-01 12:43:00
TX_0000948,KH_14729,21804,United Kingdom,3,97500.0,2010-12-01 12:43:00
TX_0000949,KH_14729,21584,United Kingdom,12,42900.0,2010-12-01 12:43:00
TX_0000950,KH_14729,21588,United Kingdom,3,66300.0,2010-12-01 12:43:00
TX_0000951,KH_14729,22152,United Kingdom,12,10920.0,2010-12-01 12:43:00
TX_0000952,KH_14729,22441,United Kingdom,1,54600.0,2010-12-01 12:43:00
TX_0000953,KH_14729,22955,United Kingdom,2,54600.0,2010-12-01 12:43:00
TX_0000954,KH_14729,22956,United Kingdom,2,54600.0,2010-12-01 12:43:00
TX_0000955,KH_14729,22582,United Kingdom,2,66300.0,2010-12-01 12:43:00
TX_0000956,KH_14729,22583,United Kingdom,3,66300.0,2010-12-01 12:43:00
TX_0000957,KH_14729,22241,United Kingdom,2,32500.0,2010-12-01 12:43:00
TX_0000958,KH_14729,22904,United Kingdom,3,76700.0,2010-12-01 12:43:00
TX_0000959,KH_14729,22905,United Kingdom,2,76700.0,2010-12-01 12:43:00
TX_0000960,KH_14729,22197,United Kingdom,3,22100.0,2010-12-01 12:43:00
TX_0000961,KH_14729,22092,United Kingdom,1,32500.0,2010-12-01 12:43:00
TX_0000962,KH_14729,22469,United Kingdom,1,42900.0,2010-12-01 12:43:00
TX_0000963,KH_14729,22100,United Kingdom,1,32500.0,2010-12-01 12:43:00
TX_0000964,KH_14729,22096,United Kingdom,1,32500.0,2010-12-01 12:43:00
TX_0000965,KH_14729,22583,United Kingdom,1,66300.0,2010-12-01 12:43:00
TX_0000966,KH_14729,21358,United Kingdom,2,32500.0,2010-12-01 12:43:00
TX_0000967,KH_14729,21123,United Kingdom,1,32500.0,2010-12-01 12:43:00
TX_0000968,KH_14729,21124,United Kingdom,1,32500.0,2010-12-01 12:43:00
TX_0000969,KH_14729,21122,United Kingdom,1,32500.0,2010-12-01 12:43:00
TX_0000970,KH_14729,84378,United Kingdom,1,32500.0,2010-12-01 12:43:00
TX_0000971,KH_14729,21985,United Kingdom,12,7540.0,2010-12-01 12:43:00
TX_0000972,KH_14729,21427,United Kingdom,2,54600.0,2010-12-01 12:43:00
TX_0000973,KH_14729,21034,United Kingdom,2,24700.0,2010-12-01 12:43:00
TX_0000974,KH_14729,21930,United Kingdom,1,50700.0,2010-12-01 12:43:00
TX_0000975,KH_14729,20772,United Kingdom,1,66300.0,2010-12-01 12:43:00
TX_0000976,KH_14729,22469,United Kingdom,2,42900.0,2010-12-01 12:43:00
TX_0000977,KH_14729,71406C,United Kingdom,12,10920.0,2010-12-01 12:43:00
TX_0000978,KH_14729,84985A,United Kingdom,1,37700.0,2010-12-01 12:43:00
TX_0000979,KH_14729,20754,United Kingdom,1,54600.0,2010-12-01 12:43:00
TX_0000980,KH_14729,84596E,United Kingdom,1,32500.0,2010-12-01 12:43:00
TX_0000981,KH_14729,21111,United Kingdom,1,76700.0,2010-12-01 12:43:00
TX_0000982,KH_14729,22501,United Kingdom,1,258700.0,2010-12-01 12:43:00
TX_0000983,KH_12748,22854,United Kingdom,1,128700.0,2010-12-01 12:48:00
TX_0000984,KH_15012,84997D,United Kingdom,1,97500.0,2010-12-01 12:49:00
TX_0000985,KH_15012,47599A,United Kingdom,1,54600.0,2010-12-01 12:49:00
TX_0000986,KH_15012,47599B,United Kingdom,1,54600.0,2010-12-01 12:49:00
TX_0000987,KH_15012,22749,United Kingdom,1,97500.0,2010-12-01 12:49:00
TX_0000988,KH_15012,20972,United Kingdom,1,32500.0,2010-12-01 12:49:00
TX_0000989,KH_15012,22569,United Kingdom,1,97500.0,2010-12-01 12:49:00
TX_0000990,KH_15012,21041,United Kingdom,1,76700.0,2010-12-01 12:49:00
TX_0000991,KH_15012,21664,United Kingdom,2,97500.0,2010-12-01 12:49:00
TX_0000992,KH_15012,84969,United Kingdom,1,110500.0,2010-12-01 12:49:00
TX_0000993,KH_15012,22907,United Kingdom,1,22100.0,2010-12-01 12:49:00
TX_0000994,KH_15012,22865,United Kingdom,2,54600.0,2010-12-01 12:49:00
TX_0000995,KH_15012,22866,United Kingdom,1,54600.0,2010-12-01 12:49:00
TX_0000996,KH_15012,22632,United Kingdom,2,54600.0,2010-12-01 12:49:00
TX_0000997,KH_15012,22776,United Kingdom,1,258700.0,2010-12-01 12:49:00
TX_0000998,KH_15012,22338,United Kingdom,2,16900.0,2010-12-01 12:49:00
TX_0000999,KH_15012,21810,United Kingdom,2,32500.0,2010-12-01 12:49:00
TX_0001000,KH_15012,22449,United Kingdom,1,87100.0,2010-12-01 12:49:00
TX_0001001,KH_15012,21197,United Kingdom,1,42900.0,2010-12-01 12:49:00
TX_0001002,KH_15012,85231G,United Kingdom,1,22100.0,2010-12-01 12:49:00
TX_0001003,KH_15012,21121,United Kingdom,1,32500.0,2010-12-01 12:49:00
TX_0001004,KH_15012,22151,United Kingdom,2,10920.0,2010-12-01 12:49:00
TX_0001005,KH_15012,84836,United Kingdom,2,32500.0,2010-12-01 12:49:00
TX_0001006,KH_15012,21326,United Kingdom,12,16900.0,2010-12-01 12:49:00
TX_0001007,KH_15012,85035B,United Kingdom,1,110500.0,2010-12-01 12:49:00
TX_0001008,KH_15012,84968C,United Kingdom,1,331500.0,2010-12-01 12:49:00
TX_0001009,KH_15012,85231B,United Kingdom,1,22100.0,2010-12-01 12:49:00
TX_0001010,KH_15012,22739,United Kingdom,5,42900.0,2010-12-01 12:49:00
TX_0001011,KH_15012,37370,United Kingdom,2,32500.0,2010-12-01 12:49:00
TX_0001012,KH_15012,22941,United Kingdom,1,221000.0,2010-12-01 12:49:00
TX_0001013,KH_15012,21098,United Kingdom,2,32500.0,2010-12-01 12:49:00
TX_0001014,KH_15012,22151,United Kingdom,1,10920.0,2010-12-01 12:49:00
TX_0001015,KH_15012,84836,United Kingdom,1,32500.0,2010-12-01 12:49:00
TX_0001016,KH_15012,20914,United Kingdom,1,76700.0,2010-12-01 12:49:00
TX_0001017,KH_15012,22749,United Kingdom,2,97500.0,2010-12-01 12:49:00
TX_0001018,KH_15012,21190,United Kingdom,1,42900.0,2010-12-01 12:49:00
TX_0001019,KH_15012,84997C,United Kingdom,1,97500.0,2010-12-01 12:49:00
TX_0001020,KH_15012,21810,United Kingdom,1,32500.0,2010-12-01 12:49:00
TX_0001021,KH_15012,21192,United Kingdom,3,42900.0,2010-12-01 12:49:00
TX_0001022,KH_15012,85014A,United Kingdom,1,154700.0,2010-12-01 12:49:00
TX_0001023,KH_15012,21124,United Kingdom,2,32500.0,2010-12-01 12:49:00
TX_0001024,KH_15012,72800B,United Kingdom,2,66300.0,2010-12-01 12:49:00
TX_0001025,KH_15012,84563A,United Kingdom,1,154700.0,2010-12-01 12:49:00
TX_0001026,KH_15012,22107,United Kingdom,2,97500.0,2010-12-01 12:49:00
TX_0001027,KH_15012,47504H,United Kingdom,1,50700.0,2010-12-01 12:49:00
TX_0001028,KH_15012,21122,United Kingdom,1,32500.0,2010-12-01 12:49:00
TX_0001029,KH_15012,21742,United Kingdom,1,154700.0,2010-12-01 12:49:00
TX_0001030,KH_15012,22566,United Kingdom,1,22100.0,2010-12-01 12:49:00
TX_0001031,KH_15012,21664,United Kingdom,1,97500.0,2010-12-01 12:49:00
TX_0001032,KH_15012,22632,United Kingdom,1,54600.0,2010-12-01 12:49:00
TX_0001033,KH_15012,22481,United Kingdom,3,32500.0,2010-12-01 12:49:00
TX_0001034,KH_15012,85099B,United Kingdom,1,50700.0,2010-12-01 12:49:00
TX_0001035,KH_15012,21931,United Kingdom,1,50700.0,2010-12-01 12:49:00
TX_0001036,KH_12868,22943,United Kingdom,6,128700.0,2010-12-01 12:50:00
TX_0001037,KH_12868,22468,United Kingdom,2,175500.0,2010-12-01 12:50:00
TX_0001038,KH_12868,22149,United Kingdom,6,54600.0,2010-12-01 12:50:00
TX_0001039,KH_12868,21485,United Kingdom,3,128700.0,2010-12-01 12:50:00
TX_0001040,KH_12868,21259,United Kingdom,2,154700.0,2010-12-01 12:50:00
TX_0001041,KH_12868,22969,United Kingdom,12,37700.0,2010-12-01 12:50:00
TX_0001042,KH_12868,22699,United Kingdom,6,76700.0,2010-12-01 12:50:00
TX_0001043,KH_12868,22217,United Kingdom,12,32500.0,2010-12-01 12:50:00
TX_0001044,KH_12868,22227,United Kingdom,24,16900.0,2010-12-01 12:50:00
TX_0001045,KH_12868,22219,United Kingdom,12,22100.0,2010-12-01 12:50:00
TX_0001046,KH_12868,22111,United Kingdom,3,128700.0,2010-12-01 12:50:00
TX_0001047,KH_12868,22294,United Kingdom,24,32500.0,2010-12-01 12:50:00
TX_0001048,KH_17572,21111,United Kingdom,6,76700.0,2010-12-01 12:51:00
TX_0001049,KH_17572,21106,United Kingdom,6,76700.0,2010-12-01 12:51:00
TX_0001050,KH_17572,21107,United Kingdom,6,76700.0,2010-12-01 12:51:00
TX_0001051,KH_17572,22697,United Kingdom,6,76700.0,2010-12-01 12:51:00
TX_0001052,KH_14078,21826,United Kingdom,2,32500.0,2010-12-01 12:54:00
TX_0001053,KH_14078,21791,United Kingdom,1,32500.0,2010-12-01 12:54:00
TX_0001054,KH_14078,22548,United Kingdom,1,32500.0,2010-12-01 12:54:00
TX_0001055,KH_14078,22149,United Kingdom,1,54600.0,2010-12-01 12:54:00
TX_0001056,KH_14078,17164B,United Kingdom,2,10920.0,2010-12-01 12:54:00
TX_0001057,KH_14078,22423,United Kingdom,2,331500.0,2010-12-01 12:54:00
TX_0001058,KH_14078,22429,United Kingdom,1,110500.0,2010-12-01 12:54:00
TX_0001059,KH_14078,22428,United Kingdom,1,180700.0,2010-12-01 12:54:00
TX_0001060,KH_14078,20974,United Kingdom,3,16900.0,2010-12-01 12:54:00
TX_0001061,KH_14078,20973,United Kingdom,2,16900.0,2010-12-01 12:54:00
TX_0001062,KH_14078,15044B,United Kingdom,1,76700.0,2010-12-01 12:54:00
TX_0001063,KH_14078,21324,United Kingdom,2,76700.0,2010-12-01 12:54:00
TX_0001064,KH_14078,20750,United Kingdom,10,206700.0,2010-12-01 12:54:00
TX_0001065,KH_14001,21135,United Kingdom,16,43940.0,2010-12-01 12:58:00
TX_0001066,KH_14001,22173,United Kingdom,16,76700.0,2010-12-01 12:58:00
TX_0001067,KH_14001,22626,United Kingdom,2,221000.0,2010-12-01 12:58:00
TX_0001068,KH_14001,22625,United Kingdom,6,221000.0,2010-12-01 12:58:00
TX_0001069,KH_14001,22624,United Kingdom,6,221000.0,2010-12-01 12:58:00
TX_0001070,KH_14001,21929,United Kingdom,20,50700.0,2010-12-01 12:58:00
TX_0001071,KH_14001,85099B,United Kingdom,10,50700.0,2010-12-01 12:58:00
TX_0001072,KH_14001,22411,United Kingdom,10,50700.0,2010-12-01 12:58:00
TX_0001073,KH_14001,22113,United Kingdom,8,97500.0,2010-12-01 12:58:00
TX_0001074,KH_12662,22809,Germany,6,76700.0,2010-12-01 13:04:00
TX_0001075,KH_12662,84347,Germany,6,66300.0,2010-12-01 13:04:00
TX_0001076,KH_12662,84945,Germany,12,22100.0,2010-12-01 13:04:00
TX_0001077,KH_12662,22242,Germany,12,42900.0,2010-12-01 13:04:00
TX_0001078,KH_12662,22244,Germany,12,50700.0,2010-12-01 13:04:00
TX_0001079,KH_12662,22243,Germany,12,42900.0,2010-12-01 13:04:00
TX_0001080,KH_12662,47421,Germany,24,10920.0,2010-12-01 13:04:00
TX_0001081,KH_12662,20712,Germany,10,50700.0,2010-12-01 13:04:00
TX_0001082,KH_12662,20713,Germany,10,50700.0,2010-12-01 13:04:00
TX_0001083,KH_12662,22837,Germany,4,120900.0,2010-12-01 13:04:00
TX_0001084,KH_12662,22969,Germany,12,37700.0,2010-12-01 13:04:00
TX_0001085,KH_12662,22973,Germany,12,42900.0,2010-12-01 13:04:00
TX_0001086,KH_12662,84569B,Germany,12,32500.0,2010-12-01 13:04:00
TX_0001087,KH_12662,22549,Germany,12,37700.0,2010-12-01 13:04:00
TX_0001088,KH_12662,POST,Germany,1,468000.0,2010-12-01 13:04:00
TX_0001089,KH_15525,22815,United Kingdom,12,10920.0,2010-12-01 13:17:00
TX_0001090,KH_15525,22865,United Kingdom,1,54600.0,2010-12-01 13:17:00
TX_0001091,KH_15525,22585,United Kingdom,6,32500.0,2010-12-01 13:17:00
TX_0001092,KH_15525,21587,United Kingdom,1,66300.0,2010-12-01 13:17:00
TX_0001093,KH_15525,84985A,United Kingdom,1,37700.0,2010-12-01 13:17:00
TX_0001094,KH_15525,85114B,United Kingdom,1,42900.0,2010-12-01 13:17:00
TX_0001095,KH_15525,22813,United Kingdom,3,50700.0,2010-12-01 13:17:00
TX_0001096,KH_15525,22128,United Kingdom,6,32500.0,2010-12-01 13:17:00
TX_0001097,KH_15525,22839,United Kingdom,1,388700.0,2010-12-01 13:17:00
TX_0001098,KH_15525,22584,United Kingdom,2,66300.0,2010-12-01 13:17:00
TX_0001099,KH_15525,22130,United Kingdom,12,22100.0,2010-12-01 13:17:00
TX_0001100,KH_15525,22938,United Kingdom,3,50700.0,2010-12-01 13:17:00
TX_0001101,KH_15525,22411,United Kingdom,1,50700.0,2010-12-01 13:17:00
TX_0001102,KH_15525,21731,United Kingdom,2,42900.0,2010-12-01 13:17:00
TX_0001103,KH_15525,22616,United Kingdom,1,7540.0,2010-12-01 13:17:00
TX_0001104,KH_15525,22454,United Kingdom,1,76700.0,2010-12-01 13:17:00
TX_0001105,KH_15525,21992,United Kingdom,1,76700.0,2010-12-01 13:17:00
TX_0001106,KH_15525,22326,United Kingdom,4,76700.0,2010-12-01 13:17:00
TX_0001107,KH_15525,22082,United Kingdom,1,42900.0,2010-12-01 13:17:00
TX_0001108,KH_15525,85049E,United Kingdom,1,32500.0,2010-12-01 13:17:00
TX_0001109,KH_15525,22077,United Kingdom,2,42900.0,2010-12-01 13:17:00
TX_0001110,KH_15525,85049A,United Kingdom,1,32500.0,2010-12-01 13:17:00
TX_0001111,KH_15525,22865,United Kingdom,2,54600.0,2010-12-01 13:17:00
TX_0001112,KH_15525,22867,United Kingdom,3,54600.0,2010-12-01 13:17:00
TX_0001113,KH_15525,22910,United Kingdom,3,76700.0,2010-12-01 13:17:00
TX_0001114,KH_15525,22963,United Kingdom,2,22100.0,2010-12-01 13:17:00
TX_0001115,KH_15525,22960,United Kingdom,1,110500.0,2010-12-01 13:17:00
TX_0001116,KH_15525,85114C,United Kingdom,1,42900.0,2010-12-01 13:17:00
TX_0001117,KH_15525,22974,United Kingdom,2,42900.0,2010-12-01 13:17:00
TX_0001118,KH_15525,22423,United Kingdom,1,331500.0,2010-12-01 13:17:00
TX_0001119,KH_15525,21452,United Kingdom,2,76700.0,2010-12-01 13:17:00
TX_0001120,KH_15525,22938,United Kingdom,1,50700.0,2010-12-01 13:17:00
TX_0001121,KH_15525,22812,United Kingdom,3,50700.0,2010-12-01 13:17:00
TX_0001122,KH_15525,22744,United Kingdom,2,76700.0,2010-12-01 13:17:00
TX_0001123,KH_15525,22743,United Kingdom,1,76700.0,2010-12-01 13:17:00
TX_0001124,KH_15525,22911,United Kingdom,1,76700.0,2010-12-01 13:17:00
TX_0001125,KH_15525,22585,United Kingdom,5,32500.0,2010-12-01 13:17:00
TX_0001126,KH_15525,22900,United Kingdom,1,76700.0,2010-12-01 13:17:00
TX_0001127,KH_15525,22961,United Kingdom,1,37700.0,2010-12-01 13:17:00
TX_0001128,KH_15525,22454,United Kingdom,2,76700.0,2010-12-01 13:17:00
TX_0001129,KH_15525,22453,United Kingdom,1,76700.0,2010-12-01 13:17:00
TX_0001130,KH_15525,22445,United Kingdom,4,76700.0,2010-12-01 13:17:00
TX_0001131,KH_15525,22568,United Kingdom,3,97500.0,2010-12-01 13:17:00
TX_0001132,KH_15525,22570,United Kingdom,1,97500.0,2010-12-01 13:17:00
TX_0001133,KH_15525,22607,United Kingdom,1,258700.0,2010-12-01 13:17:00
TX_0001134,KH_15525,22635,United Kingdom,1,258700.0,2010-12-01 13:17:00
TX_0001135,KH_15525,22634,United Kingdom,1,258700.0,2010-12-01 13:17:00
TX_0001136,KH_15525,22968,United Kingdom,3,258700.0,2010-12-01 13:17:00
TX_0001137,KH_14237,22222,United Kingdom,3,128700.0,2010-12-01 13:20:00
TX_0001138,KH_14237,22947,United Kingdom,2,440700.0,2010-12-01 13:20:00
TX_0001139,KH_14237,21743,United Kingdom,6,76700.0,2010-12-01 13:20:00
TX_0001140,KH_14237,22187,United Kingdom,4,110500.0,2010-12-01 13:20:00
TX_0001141,KH_14237,22164,United Kingdom,6,76700.0,2010-12-01 13:20:00
TX_0001142,KH_14237,72598,United Kingdom,12,22100.0,2010-12-01 13:20:00
TX_0001143,KH_14237,21258,United Kingdom,1,331500.0,2010-12-01 13:20:00
TX_0001144,KH_14237,22627,United Kingdom,2,221000.0,2010-12-01 13:20:00
TX_0001145,KH_14237,22487,United Kingdom,2,258700.0,2010-12-01 13:20:00
TX_0001146,KH_17905,22360,United Kingdom,2,76700.0,2010-12-01 13:21:00
TX_0001147,KH_17905,22364,United Kingdom,1,76700.0,2010-12-01 13:21:00
TX_0001148,KH_17905,21657,United Kingdom,1,180700.0,2010-12-01 13:21:00
TX_0001149,KH_17905,22699,United Kingdom,4,76700.0,2010-12-01 13:21:00
TX_0001150,KH_17905,21071,United Kingdom,24,32500.0,2010-12-01 13:21:00
TX_0001151,KH_17905,22941,United Kingdom,1,221000.0,2010-12-01 13:21:00
TX_0001152,KH_17905,22120,United Kingdom,1,258700.0,2010-12-01 13:21:00
TX_0001153,KH_17905,22423,United Kingdom,1,331500.0,2010-12-01 13:21:00
TX_0001154,KH_17905,21038,United Kingdom,1,76700.0,2010-12-01 13:21:00
TX_0001155,KH_17905,21625,United Kingdom,1,180700.0,2010-12-01 13:21:00
TX_0001156,KH_17905,22783,United Kingdom,1,518700.0,2010-12-01 13:21:00
TX_0001157,KH_17905,22097,United Kingdom,1,32500.0,2010-12-01 13:21:00
TX_0001158,KH_17905,82552,United Kingdom,1,37700.0,2010-12-01 13:21:00
TX_0001159,KH_17905,21179,United Kingdom,1,32500.0,2010-12-01 13:21:00
TX_0001160,KH_17905,22185,United Kingdom,4,42900.0,2010-12-01 13:21:00
TX_0001161,KH_17905,21662,United Kingdom,1,154700.0,2010-12-01 13:21:00
TX_0001162,KH_17905,85104,United Kingdom,8,76700.0,2010-12-01 13:21:00
TX_0001163,KH_17905,21654,United Kingdom,6,37700.0,2010-12-01 13:21:00
TX_0001164,KH_17905,21658,United Kingdom,1,102700.0,2010-12-01 13:21:00
TX_0001165,KH_17905,21664,United Kingdom,2,97500.0,2010-12-01 13:21:00
TX_0001166,KH_17905,22943,United Kingdom,2,128700.0,2010-12-01 13:21:00
TX_0001167,KH_17905,22411,United Kingdom,6,50700.0,2010-12-01 13:21:00
TX_0001168,KH_15485,21519,United Kingdom,24,10920.0,2010-12-01 13:23:00
TX_0001169,KH_15485,22819,United Kingdom,24,10920.0,2010-12-01 13:23:00
TX_0001170,KH_15485,21506,United Kingdom,24,10920.0,2010-12-01 13:23:00
TX_0001171,KH_15485,22704,United Kingdom,25,10920.0,2010-12-01 13:23:00
TX_0001172,KH_15485,21498,United Kingdom,25,10920.0,2010-12-01 13:23:00
TX_0001173,KH_15485,15056N,United Kingdom,12,154700.0,2010-12-01 13:23:00
TX_0001174,KH_15485,15056BL,United Kingdom,12,154700.0,2010-12-01 13:23:00
TX_0001175,KH_15485,20679,United Kingdom,12,154700.0,2010-12-01 13:23:00
TX_0001176,KH_15485,22049,United Kingdom,25,10920.0,2010-12-01 13:23:00
TX_0001177,KH_15485,21497,United Kingdom,25,10920.0,2010-12-01 13:23:00
TX_0001178,KH_15485,21333,United Kingdom,12,76700.0,2010-12-01 13:23:00
TX_0001179,KH_15485,22727,United Kingdom,9,97500.0,2010-12-01 13:23:00
TX_0001180,KH_15485,22726,United Kingdom,9,97500.0,2010-12-01 13:23:00
TX_0001181,KH_15485,22730,United Kingdom,9,97500.0,2010-12-01 13:23:00
TX_0001182,KH_15485,22086,United Kingdom,80,66300.0,2010-12-01 13:23:00
TX_0001183,KH_15485,22910,United Kingdom,40,66300.0,2010-12-01 13:23:00
TX_0001184,KH_15485,22194,United Kingdom,2,221000.0,2010-12-01 13:23:00
TX_0001185,KH_15485,22192,United Kingdom,4,221000.0,2010-12-01 13:23:00
TX_0001186,KH_15485,22193,United Kingdom,4,221000.0,2010-12-01 13:23:00
TX_0001187,KH_15485,22191,United Kingdom,4,221000.0,2010-12-01 13:23:00
TX_0001188,KH_15485,22688,United Kingdom,4,206700.0,2010-12-01 13:23:00
TX_0001189,KH_15485,22768,United Kingdom,6,258700.0,2010-12-01 13:23:00
TX_0001190,KH_12433,84692,Norway,50,10920.0,2010-12-01 13:24:00
TX_0001191,KH_12433,22444,Norway,96,27560.0,2010-12-01 13:24:00
TX_0001192,KH_12433,22899,Norway,8,54600.0,2010-12-01 13:24:00
TX_0001193,KH_12433,21156,Norway,8,50700.0,2010-12-01 13:24:00
TX_0001194,KH_12433,22556,Norway,24,42900.0,2010-12-01 13:24:00
TX_0001195,KH_12433,22555,Norway,36,42900.0,2010-12-01 13:24:00
TX_0001196,KH_12433,22554,Norway,24,42900.0,2010-12-01 13:24:00
TX_0001197,KH_12433,22553,Norway,24,42900.0,2010-12-01 13:24:00
TX_0001198,KH_12433,22551,Norway,24,42900.0,2010-12-01 13:24:00
TX_0001199,KH_12433,22547,Norway,24,10920.0,2010-12-01 13:24:00
TX_0001200,KH_12433,22544,Norway,24,10920.0,2010-12-01 13:24:00
TX_0001201,KH_12433,22543,Norway,24,10920.0,2010-12-01 13:24:00
TX_0001202,KH_12433,22540,Norway,24,10920.0,2010-12-01 13:24:00
TX_0001203,KH_12433,22539,Norway,24,10920.0,2010-12-01 13:24:00
TX_0001204,KH_12433,22534,Norway,24,10920.0,2010-12-01 13:24:00
TX_0001205,KH_12433,22530,Norway,24,10920.0,2010-12-01 13:24:00
TX_0001206,KH_12433,22531,Norway,24,10920.0,2010-12-01 13:24:00
TX_0001207,KH_12433,22561,Norway,24,42900.0,2010-12-01 13:24:00
TX_0001208,KH_12433,22489,Norway,24,10920.0,2010-12-01 13:24:00
TX_0001209,KH_12433,22814,Norway,12,10920.0,2010-12-01 13:24:00
TX_0001210,KH_12433,21520,Norway,12,10920.0,2010-12-01 13:24:00
TX_0001211,KH_12433,21506,Norway,12,10920.0,2010-12-01 13:24:00
TX_0001212,KH_12433,22716,Norway,12,10920.0,2010-12-01 13:24:00
TX_0001213,KH_12433,22866,Norway,12,54600.0,2010-12-01 13:24:00
TX_0001214,KH_12433,22632,Norway,12,54600.0,2010-12-01 13:24:00
TX_0001215,KH_12433,22865,Norway,12,54600.0,2010-12-01 13:24:00
TX_0001216,KH_12433,22114,Norway,8,102700.0,2010-12-01 13:24:00
TX_0001217,KH_12433,21982,Norway,48,7540.0,2010-12-01 13:24:00
TX_0001218,KH_12433,21981,Norway,48,7540.0,2010-12-01 13:24:00
TX_0001219,KH_12433,21967,Norway,48,7540.0,2010-12-01 13:24:00
TX_0001220,KH_12433,22092,Norway,12,32500.0,2010-12-01 13:24:00
TX_0001221,KH_12433,21983,Norway,48,7540.0,2010-12-01 13:24:00
TX_0001222,KH_12433,22615,Norway,48,7540.0,2010-12-01 13:24:00
TX_0001223,KH_12433,21980,Norway,48,7540.0,2010-12-01 13:24:00
TX_0001224,KH_12433,22614,Norway,48,7540.0,2010-12-01 13:24:00
TX_0001225,KH_12433,22095,Norway,12,32500.0,2010-12-01 13:24:00
TX_0001226,KH_12433,22094,Norway,12,32500.0,2010-12-01 13:24:00
TX_0001227,KH_12433,21984,Norway,48,7540.0,2010-12-01 13:24:00
TX_0001228,KH_12433,22557,Norway,36,42900.0,2010-12-01 13:24:00
TX_0001229,KH_12433,21786,Norway,24,10920.0,2010-12-01 13:24:00
TX_0001230,KH_12433,21080,Norway,36,22100.0,2010-12-01 13:24:00
TX_0001231,KH_12433,22963,Norway,12,22100.0,2010-12-01 13:24:00
TX_0001232,KH_12433,22962,Norway,12,22100.0,2010-12-01 13:24:00
TX_0001233,KH_12433,22961,Norway,24,37700.0,2010-12-01 13:24:00
TX_0001234,KH_12433,84375,Norway,24,54600.0,2010-12-01 13:24:00
TX_0001235,KH_12433,22966,Norway,24,32500.0,2010-12-01 13:24:00
TX_0001236,KH_12433,21874,Norway,24,32500.0,2010-12-01 13:24:00
TX_0001237,KH_12433,21873,Norway,24,32500.0,2010-12-01 13:24:00
TX_0001238,KH_12433,21870,Norway,24,32500.0,2010-12-01 13:24:00
TX_0001239,KH_12433,22956,Norway,12,54600.0,2010-12-01 13:24:00
TX_0001240,KH_12433,84050,Norway,72,32500.0,2010-12-01 13:24:00
TX_0001241,KH_12433,84991,Norway,24,14300.0,2010-12-01 13:24:00
TX_0001242,KH_12433,84992,Norway,24,14300.0,2010-12-01 13:24:00
TX_0001243,KH_12433,21213,Norway,24,14300.0,2010-12-01 13:24:00
TX_0001244,KH_12433,21977,Norway,24,14300.0,2010-12-01 13:24:00
TX_0001245,KH_12433,21212,Norway,24,14300.0,2010-12-01 13:24:00
TX_0001246,KH_12433,22198,Norway,48,42900.0,2010-12-01 13:24:00
TX_0001247,KH_12433,22197,Norway,72,22100.0,2010-12-01 13:24:00
TX_0001248,KH_12433,22315,Norway,12,32500.0,2010-12-01 13:24:00
TX_0001249,KH_12433,22667,Norway,12,76700.0,2010-12-01 13:24:00
TX_0001250,KH_12433,22666,Norway,12,76700.0,2010-12-01 13:24:00
TX_0001251,KH_12433,22665,Norway,12,76700.0,2010-12-01 13:24:00
TX_0001252,KH_12433,22558,Norway,24,38740.0,2010-12-01 13:24:00
TX_0001253,KH_12433,22567,Norway,24,32500.0,2010-12-01 13:24:00
TX_0001254,KH_12433,85150,Norway,12,66300.0,2010-12-01 13:24:00
TX_0001255,KH_12433,21166,Norway,12,50700.0,2010-12-01 13:24:00
TX_0001256,KH_12433,85152,Norway,24,54600.0,2010-12-01 13:24:00
TX_0001257,KH_12433,82600,Norway,24,54600.0,2010-12-01 13:24:00
TX_0001258,KH_12433,21733,Norway,6,76700.0,2010-12-01 13:24:00
TX_0001259,KH_12433,20685,Norway,2,206700.0,2010-12-01 13:24:00
TX_0001260,KH_12433,22842,Norway,6,175500.0,2010-12-01 13:24:00
TX_0001261,KH_12433,22494,Norway,24,32500.0,2010-12-01 13:24:00
TX_0001262,KH_12433,21260,Norway,12,84500.0,2010-12-01 13:24:00
TX_0001263,KH_16955,20754,United Kingdom,6,54600.0,2010-12-01 13:31:00
TX_0001264,KH_16955,22740,United Kingdom,48,22100.0,2010-12-01 13:31:00
TX_0001265,KH_16955,22825,United Kingdom,2,206700.0,2010-12-01 13:31:00
TX_0001266,KH_16955,22680,United Kingdom,20,32500.0,2010-12-01 13:31:00
TX_0001267,KH_16955,22797,United Kingdom,3,440700.0,2010-12-01 13:31:00
TX_0001268,KH_16955,21843,United Kingdom,1,284700.0,2010-12-01 13:31:00
TX_0001269,KH_15350,22866,United Kingdom,12,54600.0,2010-12-01 13:33:00
TX_0001270,KH_15350,22834,United Kingdom,12,54600.0,2010-12-01 13:33:00
TX_0001271,KH_15350,22865,United Kingdom,12,54600.0,2010-12-01 13:33:00
TX_0001272,KH_15350,22867,United Kingdom,12,54600.0,2010-12-01 13:33:00
TX_0001273,KH_15350,22112,United Kingdom,3,128700.0,2010-12-01 13:33:00
TX_0001274,KH_15605,22943,United Kingdom,3,128700.0,2010-12-01 13:38:00
TX_0001275,KH_15605,22118,United Kingdom,3,128700.0,2010-12-01 13:38:00
TX_0001276,KH_15605,22121,United Kingdom,3,154700.0,2010-12-01 13:38:00
TX_0001277,KH_15605,22119,United Kingdom,3,180700.0,2010-12-01 13:38:00
TX_0001278,KH_15605,21485,United Kingdom,3,128700.0,2010-12-01 13:38:00
TX_0001279,KH_15605,22219,United Kingdom,12,22100.0,2010-12-01 13:38:00
TX_0001280,KH_15605,21523,United Kingdom,2,206700.0,2010-12-01 13:38:00
TX_0001281,KH_15605,48194,United Kingdom,2,206700.0,2010-12-01 13:38:00
TX_0001282,KH_15605,20685,United Kingdom,2,206700.0,2010-12-01 13:38:00
TX_0001283,KH_15605,21156,United Kingdom,8,50700.0,2010-12-01 13:38:00
TX_0001284,KH_15605,22418,United Kingdom,24,22100.0,2010-12-01 13:38:00
TX_0001285,KH_15605,22311,United Kingdom,6,76700.0,2010-12-01 13:38:00
TX_0001286,KH_18144,21485,United Kingdom,3,128700.0,2010-12-01 13:45:00
TX_0001287,KH_18144,84879,United Kingdom,80,43940.0,2010-12-01 13:45:00
TX_0001288,KH_18144,72817,United Kingdom,12,32500.0,2010-12-01 13:45:00
TX_0001289,KH_15922,22277,United Kingdom,36,54600.0,2010-12-01 13:51:00
TX_0001290,KH_15922,22333,United Kingdom,8,42900.0,2010-12-01 13:51:00
TX_0001291,KH_15922,20867,United Kingdom,36,32500.0,2010-12-01 13:51:00
TX_0001292,KH_15922,21688,United Kingdom,12,76700.0,2010-12-01 13:51:00
TX_0001293,KH_15922,21694,United Kingdom,12,76700.0,2010-12-01 13:51:00
TX_0001294,KH_15922,22183,United Kingdom,6,175500.0,2010-12-01 13:51:00
TX_0001295,KH_15922,22423,United Kingdom,2,331500.0,2010-12-01 13:51:00
TX_0001296,KH_15922,22798,United Kingdom,8,76700.0,2010-12-01 13:51:00
TX_0001297,KH_15922,22800,United Kingdom,8,97500.0,2010-12-01 13:51:00
TX_0001298,KH_15922,22801,United Kingdom,8,97500.0,2010-12-01 13:51:00
TX_0001299,KH_15922,22781,United Kingdom,2,198900.0,2010-12-01 13:51:00
TX_0001300,KH_14594,21466,United Kingdom,1,97500.0,2010-12-01 13:54:00
TX_0001301,KH_14594,21467,United Kingdom,1,97500.0,2010-12-01 13:54:00
TX_0001302,KH_14594,21471,United Kingdom,1,97500.0,2010-12-01 13:54:00
TX_0001303,KH_14594,21469,United Kingdom,1,97500.0,2010-12-01 13:54:00
TX_0001304,KH_14594,21523,United Kingdom,1,206700.0,2010-12-01 13:54:00
TX_0001305,KH_14594,48129,United Kingdom,1,206700.0,2010-12-01 13:54:00
TX_0001306,KH_14594,21524,United Kingdom,1,206700.0,2010-12-01 13:54:00
TX_0001307,KH_14594,22791,United Kingdom,12,32500.0,2010-12-01 13:54:00
TX_0001308,KH_14594,84949,United Kingdom,6,42900.0,2010-12-01 13:54:00
TX_0001309,KH_14594,22086,United Kingdom,5,76700.0,2010-12-01 13:54:00
TX_0001310,KH_14594,22910,United Kingdom,5,76700.0,2010-12-01 13:54:00
TX_0001311,KH_14594,22457,United Kingdom,2,76700.0,2010-12-01 13:54:00
TX_0001312,KH_14594,21690,United Kingdom,4,97500.0,2010-12-01 13:54:00
TX_0001313,KH_14594,22752,United Kingdom,2,221000.0,2010-12-01 13:54:00
TX_0001314,KH_14594,37343,United Kingdom,6,42900.0,2010-12-01 13:54:00
TX_0001315,KH_14594,22088,United Kingdom,1,76700.0,2010-12-01 13:54:00
TX_0001316,KH_14594,22195,United Kingdom,5,42900.0,2010-12-01 13:54:00
TX_0001317,KH_14594,22470,United Kingdom,2,76700.0,2010-12-01 13:54:00
TX_0001318,KH_14594,22469,United Kingdom,8,42900.0,2010-12-01 13:54:00
TX_0001319,KH_14594,22173,United Kingdom,2,76700.0,2010-12-01 13:54:00
TX_0001320,KH_14594,22584,United Kingdom,2,66300.0,2010-12-01 13:54:00
TX_0001321,KH_14594,22583,United Kingdom,2,66300.0,2010-12-01 13:54:00
TX_0001322,KH_14594,21143,United Kingdom,3,50700.0,2010-12-01 13:54:00
TX_0001323,KH_14594,84944,United Kingdom,2,110500.0,2010-12-01 13:54:00
TX_0001324,KH_14594,22601,United Kingdom,10,22100.0,2010-12-01 13:54:00
TX_0001325,KH_14594,22603,United Kingdom,10,22100.0,2010-12-01 13:54:00
TX_0001326,KH_14594,22600,United Kingdom,10,22100.0,2010-12-01 13:54:00
TX_0001327,KH_14594,22574,United Kingdom,10,22100.0,2010-12-01 13:54:00
TX_0001328,KH_14594,22573,United Kingdom,10,22100.0,2010-12-01 13:54:00
TX_0001329,KH_14594,85199L,United Kingdom,10,16900.0,2010-12-01 13:54:00
TX_0001330,KH_14594,85199S,United Kingdom,10,10920.0,2010-12-01 13:54:00
TX_0001331,KH_15165,22969,United Kingdom,12,37700.0,2010-12-01 14:03:00
TX_0001332,KH_15165,72741,United Kingdom,18,37700.0,2010-12-01 14:03:00
TX_0001333,KH_15165,37495,United Kingdom,4,97500.0,2010-12-01 14:03:00
TX_0001334,KH_15165,22807,United Kingdom,6,76700.0,2010-12-01 14:03:00
TX_0001335,KH_15165,22171,United Kingdom,2,221000.0,2010-12-01 14:03:00
TX_0001336,KH_15165,82486,United Kingdom,2,206700.0,2010-12-01 14:03:00
TX_0001337,KH_15165,22173,United Kingdom,8,76700.0,2010-12-01 14:03:00
TX_0001338,KH_15165,85067,United Kingdom,1,492700.0,2010-12-01 14:03:00
TX_0001339,KH_15165,48184,United Kingdom,2,206700.0,2010-12-01 14:03:00
TX_0001340,KH_15165,48138,United Kingdom,2,206700.0,2010-12-01 14:03:00
TX_0001341,KH_15165,48129,United Kingdom,2,206700.0,2010-12-01 14:03:00
TX_0001342,KH_15165,21625,United Kingdom,3,180700.0,2010-12-01 14:03:00
TX_0001343,KH_15165,22326,United Kingdom,6,76700.0,2010-12-01 14:03:00
TX_0001344,KH_15165,22423,United Kingdom,2,331500.0,2010-12-01 14:03:00
TX_0001345,KH_15165,21743,United Kingdom,6,76700.0,2010-12-01 14:03:00
TX_0001346,KH_15165,22557,United Kingdom,12,42900.0,2010-12-01 14:03:00
TX_0001347,KH_15165,22554,United Kingdom,12,42900.0,2010-12-01 14:03:00
TX_0001348,KH_15165,85019A,United Kingdom,4,110500.0,2010-12-01 14:03:00
TX_0001349,KH_15165,85019C,United Kingdom,3,110500.0,2010-12-01 14:03:00
TX_0001350,KH_15165,20902,United Kingdom,2,165100.0,2010-12-01 14:03:00
TX_0001351,KH_15165,21429,United Kingdom,8,42900.0,2010-12-01 14:03:00
TX_0001352,KH_15165,22867,United Kingdom,12,54600.0,2010-12-01 14:03:00
TX_0001353,KH_15165,22632,United Kingdom,12,54600.0,2010-12-01 14:03:00
TX_0001354,KH_15165,84030E,United Kingdom,4,110500.0,2010-12-01 14:03:00
TX_0001355,KH_15165,22114,United Kingdom,4,102700.0,2010-12-01 14:03:00
TX_0001356,KH_15165,21481,United Kingdom,6,76700.0,2010-12-01 14:03:00
TX_0001357,KH_15165,22379,United Kingdom,5,54600.0,2010-12-01 14:03:00
TX_0001358,KH_14911,22968,EIRE,4,258700.0,2010-12-01 14:05:00
TX_0001359,KH_14911,85071A,EIRE,6,76700.0,2010-12-01 14:05:00
TX_0001360,KH_14911,85071C,EIRE,6,66300.0,2010-12-01 14:05:00
TX_0001361,KH_14911,22355,EIRE,50,22100.0,2010-12-01 14:05:00
TX_0001362,KH_14911,21579,EIRE,6,58500.0,2010-12-01 14:05:00
TX_0001363,KH_14911,21576,EIRE,6,58500.0,2010-12-01 14:05:00
TX_0001364,KH_14911,22147,EIRE,12,37700.0,2010-12-01 14:05:00
TX_0001365,KH_14911,22150,EIRE,12,50700.0,2010-12-01 14:05:00
TX_0001366,KH_14911,22492,EIRE,36,16900.0,2010-12-01 14:05:00
TX_0001367,KH_14911,22493,EIRE,24,42900.0,2010-12-01 14:05:00
TX_0001368,KH_14911,21833,EIRE,12,43940.0,2010-12-01 14:05:00
TX_0001369,KH_14911,85135B,EIRE,2,206700.0,2010-12-01 14:05:00
TX_0001370,KH_14911,85136A,EIRE,2,206700.0,2010-12-01 14:05:00
TX_0001371,KH_14911,85136C,EIRE,2,206700.0,2010-12-01 14:05:00
TX_0001372,KH_14911,21055,EIRE,4,232700.0,2010-12-01 14:05:00
TX_0001373,KH_14911,21056,EIRE,4,232700.0,2010-12-01 14:05:00
TX_0001374,KH_14911,21889,EIRE,24,32500.0,2010-12-01 14:05:00
TX_0001375,KH_14911,21891,EIRE,12,32500.0,2010-12-01 14:05:00
TX_0001376,KH_14911,22622,EIRE,6,258700.0,2010-12-01 14:05:00
TX_0001377,KH_14911,C2,EIRE,1,1300000.0,2010-12-01 14:05:00
TX_0001378,KH_14911,21915,EIRE,12,32500.0,2010-12-01 14:05:00
TX_0001379,KH_16456,22382,United Kingdom,10,42900.0,2010-12-01 14:11:00
TX_0001380,KH_16456,20727,United Kingdom,10,42900.0,2010-12-01 14:11:00
TX_0001381,KH_16456,22383,United Kingdom,20,42900.0,2010-12-01 14:11:00
TX_0001382,KH_16456,22386,United Kingdom,30,50700.0,2010-12-01 14:11:00
TX_0001383,KH_16456,85099B,United Kingdom,40,50700.0,2010-12-01 14:11:00
TX_0001384,KH_16456,22379,United Kingdom,20,54600.0,2010-12-01 14:11:00
TX_0001385,KH_16456,20712,United Kingdom,20,50700.0,2010-12-01 14:11:00
TX_0001386,KH_16456,85099F,United Kingdom,30,50700.0,2010-12-01 14:11:00
TX_0001387,KH_16456,85099C,United Kingdom,20,50700.0,2010-12-01 14:11:00
TX_0001388,KH_16456,21930,United Kingdom,20,50700.0,2010-12-01 14:11:00
TX_0001389,KH_16456,21928,United Kingdom,20,50700.0,2010-12-01 14:11:00
TX_0001390,KH_16456,22411,United Kingdom,30,50700.0,2010-12-01 14:11:00
TX_0001391,KH_16456,21931,United Kingdom,40,50700.0,2010-12-01 14:11:00
TX_0001392,KH_16456,20711,United Kingdom,20,50700.0,2010-12-01 14:11:00
TX_0001393,KH_16456,20713,United Kingdom,30,50700.0,2010-12-01 14:11:00
TX_0001394,KH_16456,85123A,United Kingdom,32,76700.0,2010-12-01 14:11:00
TX_0001395,KH_GUEST,21773,United Kingdom,1,65260.0,2010-12-01 14:32:00
TX_0001396,KH_GUEST,21774,United Kingdom,2,65260.0,2010-12-01 14:32:00
TX_0001397,KH_GUEST,21786,United Kingdom,4,22100.0,2010-12-01 14:32:00
TX_0001398,KH_GUEST,21787,United Kingdom,2,43160.0,2010-12-01 14:32:00
TX_0001399,KH_GUEST,21790,United Kingdom,9,43160.0,2010-12-01 14:32:00
TX_0001400,KH_GUEST,21791,United Kingdom,2,65260.0,2010-12-01 14:32:00
TX_0001401,KH_GUEST,21801,United Kingdom,10,11180.0,2010-12-01 14:32:00
TX_0001402,KH_GUEST,21802,United Kingdom,9,11180.0,2010-12-01 14:32:00
TX_0001403,KH_GUEST,21803,United Kingdom,11,11180.0,2010-12-01 14:32:00
TX_0001404,KH_GUEST,21809,United Kingdom,1,65260.0,2010-12-01 14:32:00
TX_0001405,KH_GUEST,21810,United Kingdom,3,65260.0,2010-12-01 14:32:00
TX_0001406,KH_GUEST,21811,United Kingdom,1,65260.0,2010-12-01 14:32:00
TX_0001407,KH_GUEST,21821,United Kingdom,1,198120.0,2010-12-01 14:32:00
TX_0001408,KH_GUEST,21822,United Kingdom,1,109460.0,2010-12-01 14:32:00
TX_0001409,KH_GUEST,21823,United Kingdom,2,77480.0,2010-12-01 14:32:00
TX_0001410,KH_GUEST,21844,United Kingdom,2,153660.0,2010-12-01 14:32:00
TX_0001411,KH_GUEST,21851,United Kingdom,1,109460.0,2010-12-01 14:32:00
TX_0001412,KH_GUEST,21870,United Kingdom,1,87360.0,2010-12-01 14:32:00
TX_0001413,KH_GUEST,21871,United Kingdom,5,87360.0,2010-12-01 14:32:00
TX_0001414,KH_GUEST,21874,United Kingdom,1,87360.0,2010-12-01 14:32:00
TX_0001415,KH_GUEST,21879,United Kingdom,1,43160.0,2010-12-01 14:32:00
TX_0001416,KH_GUEST,21884,United Kingdom,1,43160.0,2010-12-01 14:32:00
TX_0001417,KH_GUEST,21888,United Kingdom,1,198120.0,2010-12-01 14:32:00
TX_0001418,KH_GUEST,21889,United Kingdom,2,65260.0,2010-12-01 14:32:00
TX_0001419,KH_GUEST,21892,United Kingdom,3,65260.0,2010-12-01 14:32:00
TX_0001420,KH_GUEST,21894,United Kingdom,1,65260.0,2010-12-01 14:32:00
TX_0001421,KH_GUEST,21911,United Kingdom,1,87360.0,2010-12-01 14:32:00
TX_0001422,KH_GUEST,21912,United Kingdom,3,198120.0,2010-12-01 14:32:00
TX_0001423,KH_GUEST,21913,United Kingdom,1,198120.0,2010-12-01 14:32:00
TX_0001424,KH_GUEST,21914,United Kingdom,3,65260.0,2010-12-01 14:32:00
TX_0001425,KH_GUEST,21915,United Kingdom,2,65260.0,2010-12-01 14:32:00
TX_0001426,KH_GUEST,21922,United Kingdom,2,441480.0,2010-12-01 14:32:00
TX_0001427,KH_GUEST,21928,United Kingdom,1,109460.0,2010-12-01 14:32:00
TX_0001428,KH_GUEST,21935,United Kingdom,1,87360.0,2010-12-01 14:32:00
TX_0001429,KH_GUEST,21942,United Kingdom,2,43160.0,2010-12-01 14:32:00
TX_0001430,KH_GUEST,21944,United Kingdom,1,43160.0,2010-12-01 14:32:00
TX_0001431,KH_GUEST,21949,United Kingdom,1,65260.0,2010-12-01 14:32:00
TX_0001432,KH_GUEST,21975,United Kingdom,1,33280.0,2010-12-01 14:32:00
TX_0001433,KH_GUEST,21977,United Kingdom,1,33280.0,2010-12-01 14:32:00
TX_0001434,KH_GUEST,21982,United Kingdom,1,22100.0,2010-12-01 14:32:00
TX_0001435,KH_GUEST,21990,United Kingdom,2,65260.0,2010-12-01 14:32:00
TX_0001436,KH_GUEST,21991,United Kingdom,1,65260.0,2010-12-01 14:32:00
TX_0001437,KH_GUEST,21992,United Kingdom,6,65260.0,2010-12-01 14:32:00
TX_0001438,KH_GUEST,21993,United Kingdom,4,65260.0,2010-12-01 14:32:00
TX_0001439,KH_GUEST,22037,United Kingdom,1,22100.0,2010-12-01 14:32:00
TX_0001440,KH_GUEST,22043,United Kingdom,1,11180.0,2010-12-01 14:32:00
TX_0001441,KH_GUEST,22064,United Kingdom,1,87360.0,2010-12-01 14:32:00
TX_0001442,KH_GUEST,22065,United Kingdom,1,87360.0,2010-12-01 14:32:00
TX_0001443,KH_GUEST,22067,United Kingdom,1,87360.0,2010-12-01 14:32:00
TX_0001444,KH_GUEST,22068,United Kingdom,1,87360.0,2010-12-01 14:32:00
TX_0001445,KH_GUEST,22069,United Kingdom,1,87360.0,2010-12-01 14:32:00
TX_0001446,KH_GUEST,22071,United Kingdom,1,198120.0,2010-12-01 14:32:00
TX_0001447,KH_GUEST,22075,United Kingdom,1,87360.0,2010-12-01 14:32:00
TX_0001448,KH_GUEST,22076,United Kingdom,1,87360.0,2010-12-01 14:32:00
TX_0001449,KH_GUEST,22077,United Kingdom,3,87360.0,2010-12-01 14:32:00
TX_0001450,KH_GUEST,22080,United Kingdom,1,87360.0,2010-12-01 14:32:00
TX_0001451,KH_GUEST,22081,United Kingdom,1,87360.0,2010-12-01 14:32:00
TX_0001452,KH_GUEST,22082,United Kingdom,1,87360.0,2010-12-01 14:32:00
TX_0001453,KH_GUEST,22083,United Kingdom,4,153660.0,2010-12-01 14:32:00
TX_0001454,KH_GUEST,22086,United Kingdom,33,153660.0,2010-12-01 14:32:00
TX_0001455,KH_GUEST,22087,United Kingdom,2,153660.0,2010-12-01 14:32:00
TX_0001456,KH_GUEST,22090,United Kingdom,1,153660.0,2010-12-01 14:32:00
TX_0001457,KH_GUEST,22095,United Kingdom,2,65260.0,2010-12-01 14:32:00
TX_0001458,KH_GUEST,22100,United Kingdom,1,65260.0,2010-12-01 14:32:00
TX_0001459,KH_GUEST,22107,United Kingdom,1,198120.0,2010-12-01 14:32:00
TX_0001460,KH_GUEST,22110,United Kingdom,2,198120.0,2010-12-01 14:32:00
TX_0001461,KH_GUEST,22111,United Kingdom,2,286520.0,2010-12-01 14:32:00
TX_0001462,KH_GUEST,22112,United Kingdom,2,286520.0,2010-12-01 14:32:00
TX_0001463,KH_GUEST,22114,United Kingdom,3,220220.0,2010-12-01 14:32:00
TX_0001464,KH_GUEST,22115,United Kingdom,2,153660.0,2010-12-01 14:32:00
TX_0001465,KH_GUEST,22130,United Kingdom,2,220220.0,2010-12-01 14:32:00
TX_0001466,KH_GUEST,22134,United Kingdom,1,22100.0,2010-12-01 14:32:00
TX_0001467,KH_GUEST,22135,United Kingdom,5,22100.0,2010-12-01 14:32:00
TX_0001468,KH_GUEST,22141,United Kingdom,4,109460.0,2010-12-01 14:32:00
TX_0001469,KH_GUEST,22144,United Kingdom,4,109460.0,2010-12-01 14:32:00
TX_0001470,KH_GUEST,22149,United Kingdom,1,109460.0,2010-12-01 14:32:00
TX_0001471,KH_GUEST,22153,United Kingdom,1,22100.0,2010-12-01 14:32:00
TX_0001472,KH_GUEST,22154,United Kingdom,1,22100.0,2010-12-01 14:32:00
TX_0001473,KH_GUEST,22155,United Kingdom,3,22100.0,2010-12-01 14:32:00
TX_0001474,KH_GUEST,22156,United Kingdom,3,43160.0,2010-12-01 14:32:00
TX_0001475,KH_GUEST,22161,United Kingdom,10,21060.0,2010-12-01 14:32:00
TX_0001476,KH_GUEST,22162,United Kingdom,2,87360.0,2010-12-01 14:32:00
TX_0001477,KH_GUEST,22169,United Kingdom,1,441480.0,2010-12-01 14:32:00
TX_0001478,KH_GUEST,22174,United Kingdom,2,87360.0,2010-12-01 14:32:00
TX_0001479,KH_GUEST,22178,United Kingdom,13,65260.0,2010-12-01 14:32:00
TX_0001480,KH_GUEST,22182,United Kingdom,1,109460.0,2010-12-01 14:32:00
TX_0001481,KH_GUEST,22185,United Kingdom,1,87360.0,2010-12-01 14:32:00
TX_0001482,KH_GUEST,22189,United Kingdom,1,220220.0,2010-12-01 14:32:00
TX_0001483,KH_GUEST,22190,United Kingdom,3,65260.0,2010-12-01 14:32:00
TX_0001484,KH_GUEST,22195,United Kingdom,1,87360.0,2010-12-01 14:32:00
TX_0001485,KH_GUEST,22196,United Kingdom,2,43160.0,2010-12-01 14:32:00
TX_0001486,KH_GUEST,22197,United Kingdom,2,43160.0,2010-12-01 14:32:00
TX_0001487,KH_GUEST,22198,United Kingdom,4,87360.0,2010-12-01 14:32:00
TX_0001488,KH_GUEST,22203,United Kingdom,1,198120.0,2010-12-01 14:32:00
TX_0001489,KH_GUEST,22207,United Kingdom,1,220220.0,2010-12-01 14:32:00
TX_0001490,KH_GUEST,22219,United Kingdom,3,43160.0,2010-12-01 14:32:00
TX_0001491,KH_GUEST,22224,United Kingdom,1,153660.0,2010-12-01 14:32:00
TX_0001492,KH_GUEST,22265,United Kingdom,2,33280.0,2010-12-01 14:32:00
TX_0001493,KH_GUEST,22276,United Kingdom,1,153660.0,2010-12-01 14:32:00
TX_0001494,KH_GUEST,22294,United Kingdom,4,65260.0,2010-12-01 14:32:00
TX_0001495,KH_GUEST,22296,United Kingdom,1,87360.0,2010-12-01 14:32:00
TX_0001496,KH_GUEST,22297,United Kingdom,1,65260.0,2010-12-01 14:32:00
TX_0001497,KH_GUEST,22299,United Kingdom,1,65260.0,2010-12-01 14:32:00
TX_0001498,KH_GUEST,22300,United Kingdom,1,131560.0,2010-12-01 14:32:00
TX_0001499,KH_GUEST,22301,United Kingdom,2,131560.0,2010-12-01 14:32:00
TX_0001500,KH_GUEST,22309,United Kingdom,1,131560.0,2010-12-01 14:32:00
TX_0001501,KH_GUEST,22310,United Kingdom,9,87360.0,2010-12-01 14:32:00
TX_0001502,KH_GUEST,22314,United Kingdom,1,153660.0,2010-12-01 14:32:00
TX_0001503,KH_GUEST,22318,United Kingdom,1,153660.0,2010-12-01 14:32:00
TX_0001504,KH_GUEST,22335,United Kingdom,4,33280.0,2010-12-01 14:32:00
TX_0001505,KH_GUEST,22336,United Kingdom,4,33280.0,2010-12-01 14:32:00
TX_0001506,KH_GUEST,22345,United Kingdom,1,43160.0,2010-12-01 14:32:00
TX_0001507,KH_GUEST,22348,United Kingdom,3,43160.0,2010-12-01 14:32:00
TX_0001508,KH_GUEST,22355,United Kingdom,3,43160.0,2010-12-01 14:32:00
TX_0001509,KH_GUEST,22356,United Kingdom,9,43160.0,2010-12-01 14:32:00
TX_0001510,KH_GUEST,22357,United Kingdom,1,220220.0,2010-12-01 14:32:00
TX_0001511,KH_GUEST,22359,United Kingdom,2,153660.0,2010-12-01 14:32:00
TX_0001512,KH_GUEST,22360,United Kingdom,2,153660.0,2010-12-01 14:32:00
TX_0001513,KH_GUEST,22361,United Kingdom,2,153660.0,2010-12-01 14:32:00
TX_0001514,KH_GUEST,22367,United Kingdom,1,109460.0,2010-12-01 14:32:00
TX_0001515,KH_GUEST,22371,United Kingdom,1,220220.0,2010-12-01 14:32:00
TX_0001516,KH_GUEST,22375,United Kingdom,2,220220.0,2010-12-01 14:32:00
TX_0001517,KH_GUEST,22376,United Kingdom,1,220220.0,2010-12-01 14:32:00
TX_0001518,KH_GUEST,22378,United Kingdom,2,109460.0,2010-12-01 14:32:00
TX_0001519,KH_GUEST,22379,United Kingdom,2,109460.0,2010-12-01 14:32:00
TX_0001520,KH_GUEST,22380,United Kingdom,1,109460.0,2010-12-01 14:32:00
TX_0001521,KH_GUEST,22383,United Kingdom,1,109460.0,2010-12-01 14:32:00
TX_0001522,KH_GUEST,22384,United Kingdom,2,109460.0,2010-12-01 14:32:00
TX_0001523,KH_GUEST,22394,United Kingdom,1,131560.0,2010-12-01 14:32:00
TX_0001524,KH_GUEST,22396,United Kingdom,1,65260.0,2010-12-01 14:32:00
TX_0001525,KH_GUEST,22418,United Kingdom,1,43160.0,2010-12-01 14:32:00
TX_0001526,KH_GUEST,22419,United Kingdom,4,22100.0,2010-12-01 14:32:00
TX_0001527,KH_GUEST,22422,United Kingdom,2,33280.0,2010-12-01 14:32:00
TX_0001528,KH_GUEST,22423,United Kingdom,40,330720.0,2010-12-01 14:32:00
TX_0001529,KH_GUEST,22430,United Kingdom,1,264420.0,2010-12-01 14:32:00
TX_0001530,KH_GUEST,22432,United Kingdom,1,109460.0,2010-12-01 14:32:00
TX_0001531,KH_GUEST,22437,United Kingdom,1,43160.0,2010-12-01 14:32:00
TX_0001532,KH_GUEST,22444,United Kingdom,1,65260.0,2010-12-01 14:32:00
TX_0001533,KH_GUEST,22451,United Kingdom,2,176020.0,2010-12-01 14:32:00
TX_0001534,KH_GUEST,22457,United Kingdom,6,153660.0,2010-12-01 14:32:00
TX_0001535,KH_GUEST,22469,United Kingdom,8,87360.0,2010-12-01 14:32:00
TX_0001536,KH_GUEST,22470,United Kingdom,1,153660.0,2010-12-01 14:32:00
TX_0001537,KH_GUEST,22471,United Kingdom,1,286520.0,2010-12-01 14:32:00
TX_0001538,KH_GUEST,22476,United Kingdom,1,286520.0,2010-12-01 14:32:00
TX_0001539,KH_GUEST,22477,United Kingdom,2,65260.0,2010-12-01 14:32:00
TX_0001540,KH_GUEST,22478,United Kingdom,1,65260.0,2010-12-01 14:32:00
TX_0001541,KH_GUEST,22479,United Kingdom,1,65260.0,2010-12-01 14:32:00
TX_0001542,KH_GUEST,22487,United Kingdom,1,529880.0,2010-12-01 14:32:00
TX_0001543,KH_GUEST,22489,United Kingdom,1,22100.0,2010-12-01 14:32:00
TX_0001544,KH_GUEST,22494,United Kingdom,2,65260.0,2010-12-01 14:32:00
TX_0001545,KH_GUEST,22497,United Kingdom,2,220220.0,2010-12-01 14:32:00
TX_0001546,KH_GUEST,22515,United Kingdom,1,109460.0,2010-12-01 14:32:00
TX_0001547,KH_GUEST,22517,United Kingdom,1,109460.0,2010-12-01 14:32:00
TX_0001548,KH_GUEST,22519,United Kingdom,1,109460.0,2010-12-01 14:32:00
TX_0001549,KH_GUEST,22530,United Kingdom,5,22100.0,2010-12-01 14:32:00
TX_0001550,KH_GUEST,22531,United Kingdom,8,22100.0,2010-12-01 14:32:00
TX_0001551,KH_GUEST,22539,United Kingdom,4,22100.0,2010-12-01 14:32:00
TX_0001552,KH_GUEST,22540,United Kingdom,1,22100.0,2010-12-01 14:32:00
TX_0001553,KH_GUEST,22545,United Kingdom,1,22100.0,2010-12-01 14:32:00
TX_0001554,KH_GUEST,22548,United Kingdom,1,65260.0,2010-12-01 14:32:00
TX_0001555,KH_GUEST,22549,United Kingdom,1,87360.0,2010-12-01 14:32:00
TX_0001556,KH_GUEST,22550,United Kingdom,2,198120.0,2010-12-01 14:32:00
TX_0001557,KH_GUEST,22553,United Kingdom,1,87360.0,2010-12-01 14:32:00
TX_0001558,KH_GUEST,22555,United Kingdom,1,87360.0,2010-12-01 14:32:00
TX_0001559,KH_GUEST,22558,United Kingdom,4,65260.0,2010-12-01 14:32:00
TX_0001560,KH_GUEST,22560,United Kingdom,1,65260.0,2010-12-01 14:32:00
TX_0001561,KH_GUEST,22569,United Kingdom,1,198120.0,2010-12-01 14:32:00
TX_0001562,KH_GUEST,22571,United Kingdom,1,43160.0,2010-12-01 14:32:00
TX_0001563,KH_GUEST,22573,United Kingdom,5,43160.0,2010-12-01 14:32:00
TX_0001564,KH_GUEST,22574,United Kingdom,1,43160.0,2010-12-01 14:32:00
TX_0001565,KH_GUEST,22580,United Kingdom,1,308620.0,2010-12-01 14:32:00
TX_0001566,KH_GUEST,22582,United Kingdom,1,131560.0,2010-12-01 14:32:00
TX_0001567,KH_GUEST,22583,United Kingdom,1,131560.0,2010-12-01 14:32:00
TX_0001568,KH_GUEST,22588,United Kingdom,3,131560.0,2010-12-01 14:32:00
TX_0001569,KH_GUEST,22589,United Kingdom,1,131560.0,2010-12-01 14:32:00
TX_0001570,KH_GUEST,22595,United Kingdom,1,43160.0,2010-12-01 14:32:00
TX_0001571,KH_GUEST,22600,United Kingdom,1,43160.0,2010-12-01 14:32:00
TX_0001572,KH_GUEST,22601,United Kingdom,2,43160.0,2010-12-01 14:32:00
TX_0001573,KH_GUEST,22603,United Kingdom,4,43160.0,2010-12-01 14:32:00
TX_0001574,KH_GUEST,22605,United Kingdom,1,662740.0,2010-12-01 14:32:00
TX_0001575,KH_GUEST,22614,United Kingdom,1,22100.0,2010-12-01 14:32:00
TX_0001576,KH_GUEST,22616,United Kingdom,3,22100.0,2010-12-01 14:32:00
TX_0001577,KH_GUEST,22620,United Kingdom,7,65260.0,2010-12-01 14:32:00
TX_0001578,KH_GUEST,22625,United Kingdom,2,441480.0,2010-12-01 14:32:00
TX_0001579,KH_GUEST,22629,United Kingdom,1,109460.0,2010-12-01 14:32:00
TX_0001580,KH_GUEST,22632,United Kingdom,1,109460.0,2010-12-01 14:32:00
TX_0001581,KH_GUEST,22635,United Kingdom,1,529880.0,2010-12-01 14:32:00
TX_0001582,KH_GUEST,22639,United Kingdom,1,131560.0,2010-12-01 14:32:00
TX_0001583,KH_GUEST,22644,United Kingdom,1,87360.0,2010-12-01 14:32:00
TX_0001584,KH_GUEST,22645,United Kingdom,1,87360.0,2010-12-01 14:32:00
TX_0001585,KH_GUEST,22646,United Kingdom,1,87360.0,2010-12-01 14:32:00
TX_0001586,KH_GUEST,22651,United Kingdom,3,43160.0,2010-12-01 14:32:00
TX_0001587,KH_GUEST,22654,United Kingdom,1,308620.0,2010-12-01 14:32:00
TX_0001588,KH_GUEST,22662,United Kingdom,2,109460.0,2010-12-01 14:32:00
TX_0001589,KH_GUEST,22664,United Kingdom,4,109460.0,2010-12-01 14:32:00
TX_0001590,KH_GUEST,22665,United Kingdom,1,153660.0,2010-12-01 14:32:00
TX_0001591,KH_GUEST,22666,United Kingdom,2,153660.0,2010-12-01 14:32:00
TX_0001592,KH_GUEST,22669,United Kingdom,1,153660.0,2010-12-01 14:32:00
TX_0001593,KH_GUEST,22675,United Kingdom,2,65260.0,2010-12-01 14:32:00
TX_0001594,KH_GUEST,22694,United Kingdom,4,109460.0,2010-12-01 14:32:00
TX_0001595,KH_GUEST,22695,United Kingdom,2,87360.0,2010-12-01 14:32:00
TX_0001596,KH_GUEST,22697,United Kingdom,6,153660.0,2010-12-01 14:32:00
TX_0001597,KH_GUEST,22699,United Kingdom,2,153660.0,2010-12-01 14:32:00
TX_0001598,KH_GUEST,22719,United Kingdom,1,65260.0,2010-12-01 14:32:00
TX_0001599,KH_GUEST,22727,United Kingdom,2,198120.0,2010-12-01 14:32:00
TX_0001600,KH_GUEST,22728,United Kingdom,1,198120.0,2010-12-01 14:32:00
TX_0001601,KH_GUEST,22729,United Kingdom,2,198120.0,2010-12-01 14:32:00
TX_0001602,KH_GUEST,22730,United Kingdom,1,198120.0,2010-12-01 14:32:00
TX_0001603,KH_GUEST,22734,United Kingdom,3,131560.0,2010-12-01 14:32:00
TX_0001604,KH_GUEST,22737,United Kingdom,1,87360.0,2010-12-01 14:32:00
TX_0001605,KH_GUEST,22738,United Kingdom,3,87360.0,2010-12-01 14:32:00
TX_0001606,KH_GUEST,22739,United Kingdom,1,87360.0,2010-12-01 14:32:00
TX_0001607,KH_GUEST,22740,United Kingdom,13,43160.0,2010-12-01 14:32:00
TX_0001608,KH_GUEST,22741,United Kingdom,8,43160.0,2010-12-01 14:32:00
TX_0001609,KH_GUEST,22744,United Kingdom,1,153660.0,2010-12-01 14:32:00
TX_0001610,KH_GUEST,22745,United Kingdom,1,109460.0,2010-12-01 14:32:00
TX_0001611,KH_GUEST,22748,United Kingdom,1,109460.0,2010-12-01 14:32:00
TX_0001612,KH_GUEST,22755,United Kingdom,3,43160.0,2010-12-01 14:32:00
TX_0001613,KH_GUEST,22757,United Kingdom,3,65260.0,2010-12-01 14:32:00
TX_0001614,KH_GUEST,22758,United Kingdom,2,65260.0,2010-12-01 14:32:00
TX_0001615,KH_GUEST,22759,United Kingdom,3,87360.0,2010-12-01 14:32:00
TX_0001616,KH_GUEST,22760,United Kingdom,1,662740.0,2010-12-01 14:32:00
TX_0001617,KH_GUEST,22769,United Kingdom,1,1326520.0,2010-12-01 14:32:00
TX_0001618,KH_GUEST,22791,United Kingdom,3,65260.0,2010-12-01 14:32:00
TX_0001619,KH_GUEST,22792,United Kingdom,2,43160.0,2010-12-01 14:32:00
TX_0001620,KH_GUEST,22798,United Kingdom,2,153660.0,2010-12-01 14:32:00
TX_0001621,KH_GUEST,22812,United Kingdom,2,109460.0,2010-12-01 14:32:00
TX_0001622,KH_GUEST,22813,United Kingdom,1,109460.0,2010-12-01 14:32:00
TX_0001623,KH_GUEST,22816,United Kingdom,4,22100.0,2010-12-01 14:32:00
TX_0001624,KH_GUEST,22818,United Kingdom,6,22100.0,2010-12-01 14:32:00
TX_0001625,KH_GUEST,22822,United Kingdom,1,330720.0,2010-12-01 14:32:00
TX_0001626,KH_GUEST,22835,United Kingdom,4,242320.0,2010-12-01 14:32:00
TX_0001627,KH_GUEST,22837,United Kingdom,1,242320.0,2010-12-01 14:32:00
TX_0001628,KH_GUEST,22844,United Kingdom,1,441480.0,2010-12-01 14:32:00
TX_0001629,KH_GUEST,22847,United Kingdom,1,884000.0,2010-12-01 14:32:00
TX_0001630,KH_GUEST,22862,United Kingdom,1,220220.0,2010-12-01 14:32:00
TX_0001631,KH_GUEST,22865,United Kingdom,1,109460.0,2010-12-01 14:32:00
TX_0001632,KH_GUEST,22866,United Kingdom,4,109460.0,2010-12-01 14:32:00
TX_0001633,KH_GUEST,22867,United Kingdom,4,109460.0,2010-12-01 14:32:00
TX_0001634,KH_GUEST,22876,United Kingdom,1,109460.0,2010-12-01 14:32:00
TX_0001635,KH_GUEST,22899,United Kingdom,2,109460.0,2010-12-01 14:32:00
TX_0001636,KH_GUEST,22900,United Kingdom,1,153660.0,2010-12-01 14:32:00
TX_0001637,KH_GUEST,22906,United Kingdom,2,87360.0,2010-12-01 14:32:00
TX_0001638,KH_GUEST,22909,United Kingdom,3,43160.0,2010-12-01 14:32:00
TX_0001639,KH_GUEST,22910,United Kingdom,4,153660.0,2010-12-01 14:32:00
TX_0001640,KH_GUEST,22916,United Kingdom,1,43160.0,2010-12-01 14:32:00
TX_0001641,KH_GUEST,22917,United Kingdom,1,43160.0,2010-12-01 14:32:00
TX_0001642,KH_GUEST,22918,United Kingdom,1,43160.0,2010-12-01 14:32:00
TX_0001643,KH_GUEST,22919,United Kingdom,1,43160.0,2010-12-01 14:32:00
TX_0001644,KH_GUEST,22920,United Kingdom,1,43160.0,2010-12-01 14:32:00
TX_0001645,KH_GUEST,22921,United Kingdom,1,43160.0,2010-12-01 14:32:00
TX_0001646,KH_GUEST,22928,United Kingdom,1,308620.0,2010-12-01 14:32:00
TX_0001647,KH_GUEST,22940,United Kingdom,2,220220.0,2010-12-01 14:32:00
TX_0001648,KH_GUEST,22945,United Kingdom,1,286520.0,2010-12-01 14:32:00
TX_0001649,KH_GUEST,22948,United Kingdom,2,176020.0,2010-12-01 14:32:00
TX_0001650,KH_GUEST,22949,United Kingdom,1,77480.0,2010-12-01 14:32:00
TX_0001651,KH_GUEST,22951,United Kingdom,2,33280.0,2010-12-01 14:32:00
TX_0001652,KH_GUEST,22952,United Kingdom,1,33280.0,2010-12-01 14:32:00
TX_0001653,KH_GUEST,22956,United Kingdom,1,109460.0,2010-12-01 14:32:00
TX_0001654,KH_GUEST,22960,United Kingdom,7,220220.0,2010-12-01 14:32:00
TX_0001655,KH_GUEST,22961,United Kingdom,9,87360.0,2010-12-01 14:32:00
TX_0001656,KH_GUEST,22962,United Kingdom,4,43160.0,2010-12-01 14:32:00
TX_0001657,KH_GUEST,22963,United Kingdom,1,43160.0,2010-12-01 14:32:00
TX_0001658,KH_GUEST,22966,United Kingdom,3,65260.0,2010-12-01 14:32:00
TX_0001659,KH_GUEST,22969,United Kingdom,1,87360.0,2010-12-01 14:32:00
TX_0001660,KH_GUEST,22972,United Kingdom,1,87360.0,2010-12-01 14:32:00
TX_0001661,KH_GUEST,22974,United Kingdom,3,87360.0,2010-12-01 14:32:00
TX_0001662,KH_GUEST,22975,United Kingdom,2,65260.0,2010-12-01 14:32:00
TX_0001663,KH_GUEST,22976,United Kingdom,1,65260.0,2010-12-01 14:32:00
TX_0001664,KH_GUEST,22988,United Kingdom,3,65260.0,2010-12-01 14:32:00
TX_0001665,KH_GUEST,35095A,United Kingdom,2,21840.0,2010-12-01 14:32:00
TX_0001666,KH_GUEST,35095B,United Kingdom,1,21840.0,2010-12-01 14:32:00
TX_0001667,KH_GUEST,35471D,United Kingdom,1,65260.0,2010-12-01 14:32:00
TX_0001668,KH_GUEST,35598D,United Kingdom,1,65260.0,2010-12-01 14:32:00
TX_0001669,KH_GUEST,35599D,United Kingdom,1,153660.0,2010-12-01 14:32:00
TX_0001670,KH_GUEST,35610A,United Kingdom,1,65260.0,2010-12-01 14:32:00
TX_0001671,KH_GUEST,35818P,United Kingdom,1,87360.0,2010-12-01 14:32:00
TX_0001672,KH_GUEST,35957,United Kingdom,2,43160.0,2010-12-01 14:32:00
TX_0001673,KH_GUEST,35961,United Kingdom,1,43160.0,2010-12-01 14:32:00
TX_0001674,KH_GUEST,35971,United Kingdom,1,65260.0,2010-12-01 14:32:00
TX_0001675,KH_GUEST,37370,United Kingdom,1,419380.0,2010-12-01 14:32:00
TX_0001676,KH_GUEST,37449,United Kingdom,1,551980.0,2010-12-01 14:32:00
TX_0001677,KH_GUEST,37476,United Kingdom,1,485680.0,2010-12-01 14:32:00
TX_0001678,KH_GUEST,47559B,United Kingdom,2,65260.0,2010-12-01 14:32:00
TX_0001679,KH_GUEST,47580,United Kingdom,1,131560.0,2010-12-01 14:32:00
TX_0001680,KH_GUEST,47591B,United Kingdom,2,43160.0,2010-12-01 14:32:00
TX_0001681,KH_GUEST,47591D,United Kingdom,1,109460.0,2010-12-01 14:32:00
TX_0001682,KH_GUEST,47593B,United Kingdom,2,22100.0,2010-12-01 14:32:00
TX_0001683,KH_GUEST,48188,United Kingdom,1,375180.0,2010-12-01 14:32:00
TX_0001684,KH_GUEST,70007,United Kingdom,5,87360.0,2010-12-01 14:32:00
TX_0001685,KH_GUEST,71053,United Kingdom,1,220220.0,2010-12-01 14:32:00
TX_0001686,KH_GUEST,71459,United Kingdom,8,43940.0,2010-12-01 14:32:00
TX_0001687,KH_GUEST,72586,United Kingdom,1,22100.0,2010-12-01 14:32:00
TX_0001688,KH_GUEST,72799E,United Kingdom,2,87360.0,2010-12-01 14:32:00
TX_0001689,KH_GUEST,72799F,United Kingdom,2,87360.0,2010-12-01 14:32:00
TX_0001690,KH_GUEST,72807A,United Kingdom,1,220220.0,2010-12-01 14:32:00
TX_0001691,KH_GUEST,72807B,United Kingdom,1,220220.0,2010-12-01 14:32:00
TX_0001692,KH_GUEST,72807C,United Kingdom,1,220220.0,2010-12-01 14:32:00
TX_0001693,KH_GUEST,72816,United Kingdom,1,65260.0,2010-12-01 14:32:00
TX_0001694,KH_GUEST,72817,United Kingdom,2,43160.0,2010-12-01 14:32:00
TX_0001695,KH_GUEST,79030D,United Kingdom,1,330720.0,2010-12-01 14:32:00
TX_0001696,KH_GUEST,79030G,United Kingdom,1,330720.0,2010-12-01 14:32:00
TX_0001697,KH_GUEST,79321,United Kingdom,1,264420.0,2010-12-01 14:32:00
TX_0001698,KH_GUEST,82551,United Kingdom,1,65260.0,2010-12-01 14:32:00
TX_0001699,KH_GUEST,82578,United Kingdom,1,33280.0,2010-12-01 14:32:00
TX_0001700,KH_GUEST,82580,United Kingdom,1,33280.0,2010-12-01 14:32:00
TX_0001701,KH_GUEST,82583,United Kingdom,1,109460.0,2010-12-01 14:32:00
TX_0001702,KH_GUEST,82613B,United Kingdom,1,65260.0,2010-12-01 14:32:00
TX_0001703,KH_GUEST,82613C,United Kingdom,1,65260.0,2010-12-01 14:32:00
TX_0001704,KH_GUEST,82613D,United Kingdom,1,65260.0,2010-12-01 14:32:00
TX_0001705,KH_GUEST,84029E,United Kingdom,1,198120.0,2010-12-01 14:32:00
TX_0001706,KH_GUEST,84029G,United Kingdom,1,198120.0,2010-12-01 14:32:00
TX_0001707,KH_GUEST,84031A,United Kingdom,4,109460.0,2010-12-01 14:32:00
TX_0001708,KH_GUEST,84031B,United Kingdom,1,109460.0,2010-12-01 14:32:00
TX_0001709,KH_GUEST,84032A,United Kingdom,8,87360.0,2010-12-01 14:32:00
TX_0001710,KH_GUEST,84032B,United Kingdom,4,87360.0,2010-12-01 14:32:00
TX_0001711,KH_GUEST,84050,United Kingdom,3,109460.0,2010-12-01 14:32:00
TX_0001712,KH_GUEST,84086C,United Kingdom,1,109460.0,2010-12-01 14:32:00
TX_0001713,KH_GUEST,84279P,United Kingdom,1,220220.0,2010-12-01 14:32:00
TX_0001714,KH_GUEST,84347,United Kingdom,4,131560.0,2010-12-01 14:32:00
TX_0001715,KH_GUEST,84992,United Kingdom,1,33280.0,2010-12-01 14:32:00
TX_0001716,KH_GUEST,85014B,United Kingdom,2,330720.0,2010-12-01 14:32:00
TX_0001717,KH_GUEST,85015,United Kingdom,1,65260.0,2010-12-01 14:32:00
TX_0001718,KH_GUEST,85016,United Kingdom,2,65260.0,2010-12-01 14:32:00
TX_0001719,KH_GUEST,85017A,United Kingdom,1,22100.0,2010-12-01 14:32:00
TX_0001720,KH_GUEST,85017B,United Kingdom,1,22100.0,2010-12-01 14:32:00
TX_0001721,KH_GUEST,85032D,United Kingdom,2,43160.0,2010-12-01 14:32:00
TX_0001722,KH_GUEST,85039A,United Kingdom,3,43160.0,2010-12-01 14:32:00
TX_0001723,KH_GUEST,85048,United Kingdom,1,441480.0,2010-12-01 14:32:00
TX_0001724,KH_GUEST,85049E,United Kingdom,3,65260.0,2010-12-01 14:32:00
TX_0001725,KH_GUEST,85049G,United Kingdom,1,65260.0,2010-12-01 14:32:00
TX_0001726,KH_GUEST,85049H,United Kingdom,1,65260.0,2010-12-01 14:32:00
TX_0001727,KH_GUEST,85064,United Kingdom,1,286520.0,2010-12-01 14:32:00
TX_0001728,KH_GUEST,85099B,United Kingdom,1,109460.0,2010-12-01 14:32:00
TX_0001729,KH_GUEST,85114B,United Kingdom,11,87360.0,2010-12-01 14:32:00
TX_0001730,KH_GUEST,85116,United Kingdom,3,43160.0,2010-12-01 14:32:00
TX_0001731,KH_GUEST,85123A,United Kingdom,4,153660.0,2010-12-01 14:32:00
TX_0001732,KH_GUEST,85127,United Kingdom,2,264420.0,2010-12-01 14:32:00
TX_0001733,KH_GUEST,85129D,United Kingdom,1,65260.0,2010-12-01 14:32:00
TX_0001734,KH_GUEST,85131B,United Kingdom,2,22100.0,2010-12-01 14:32:00
TX_0001735,KH_GUEST,85132A,United Kingdom,2,220220.0,2010-12-01 14:32:00
TX_0001736,KH_GUEST,85135B,United Kingdom,1,220220.0,2010-12-01 14:32:00
TX_0001737,KH_GUEST,85135C,United Kingdom,1,220220.0,2010-12-01 14:32:00
TX_0001738,KH_GUEST,85152,United Kingdom,1,109460.0,2010-12-01 14:32:00
TX_0001739,KH_GUEST,85176,United Kingdom,5,43160.0,2010-12-01 14:32:00
TX_0001740,KH_GUEST,85177,United Kingdom,1,43160.0,2010-12-01 14:32:00
TX_0001741,KH_GUEST,85178,United Kingdom,1,65260.0,2010-12-01 14:32:00
TX_0001742,KH_GUEST,85186A,United Kingdom,1,22100.0,2010-12-01 14:32:00
TX_0001743,KH_GUEST,85199S,United Kingdom,10,22100.0,2010-12-01 14:32:00
TX_0001744,KH_GUEST,85231B,United Kingdom,2,43160.0,2010-12-01 14:32:00
TX_0001745,KH_GUEST,85232B,United Kingdom,1,128700.0,2010-12-01 14:32:00
TX_0001746,KH_GUEST,90003C,United Kingdom,1,99060.0,2010-12-01 14:32:00
TX_0001747,KH_GUEST,90018A,United Kingdom,1,110240.0,2010-12-01 14:32:00
TX_0001748,KH_GUEST,90022,United Kingdom,1,99060.0,2010-12-01 14:32:00
TX_0001749,KH_GUEST,90071,United Kingdom,1,32760.0,2010-12-01 14:32:00
TX_0001750,KH_GUEST,90099,United Kingdom,1,131560.0,2010-12-01 14:32:00
TX_0001751,KH_GUEST,90116,United Kingdom,1,65260.0,2010-12-01 14:32:00
TX_0001752,KH_GUEST,90120C,United Kingdom,1,110240.0,2010-12-01 14:32:00
TX_0001753,KH_GUEST,90129A,United Kingdom,2,43160.0,2010-12-01 14:32:00
TX_0001754,KH_GUEST,90129B,United Kingdom,1,43160.0,2010-12-01 14:32:00
TX_0001755,KH_GUEST,90161A,United Kingdom,1,132340.0,2010-12-01 14:32:00
TX_0001756,KH_GUEST,90190C,United Kingdom,1,76960.0,2010-12-01 14:32:00
TX_0001757,KH_GUEST,90194,United Kingdom,1,110240.0,2010-12-01 14:32:00
TX_0001758,KH_GUEST,90200A,United Kingdom,1,110240.0,2010-12-01 14:32:00
TX_0001759,KH_GUEST,90200C,United Kingdom,1,110240.0,2010-12-01 14:32:00
TX_0001760,KH_GUEST,90209B,United Kingdom,1,54860.0,2010-12-01 14:32:00
TX_0001761,KH_GUEST,90214D,United Kingdom,1,22100.0,2010-12-01 14:32:00
TX_0001762,KH_GUEST,90214G,United Kingdom,1,22100.0,2010-12-01 14:32:00
TX_0001763,KH_GUEST,90214H,United Kingdom,1,22100.0,2010-12-01 14:32:00
TX_0001764,KH_GUEST,90214J,United Kingdom,1,22100.0,2010-12-01 14:32:00
TX_0001765,KH_GUEST,90214R,United Kingdom,1,22100.0,2010-12-01 14:32:00
TX_0001766,KH_GUEST,DOT,United Kingdom,1,14814020.0,2010-12-01 14:32:00
TX_0001767,KH_GUEST,84375,United Kingdom,4,109460.0,2010-12-01 14:32:00
TX_0001768,KH_GUEST,84378,United Kingdom,1,65260.0,2010-12-01 14:32:00
TX_0001769,KH_GUEST,84380,United Kingdom,5,65260.0,2010-12-01 14:32:00
TX_0001770,KH_GUEST,84534B,United Kingdom,2,43160.0,2010-12-01 14:32:00
TX_0001771,KH_GUEST,84535B,United Kingdom,1,38740.0,2010-12-01 14:32:00
TX_0001772,KH_GUEST,84536A,United Kingdom,3,22100.0,2010-12-01 14:32:00
TX_0001773,KH_GUEST,84536B,United Kingdom,3,22100.0,2010-12-01 14:32:00
TX_0001774,KH_GUEST,84580,United Kingdom,1,109460.0,2010-12-01 14:32:00
TX_0001775,KH_GUEST,84581,United Kingdom,1,109460.0,2010-12-01 14:32:00
TX_0001776,KH_GUEST,84598,United Kingdom,2,11180.0,2010-12-01 14:32:00
TX_0001777,KH_GUEST,84625A,United Kingdom,1,153660.0,2010-12-01 14:32:00
TX_0001778,KH_GUEST,84692,United Kingdom,1,22100.0,2010-12-01 14:32:00
TX_0001779,KH_GUEST,84832,United Kingdom,3,43160.0,2010-12-01 14:32:00
TX_0001780,KH_GUEST,84912B,United Kingdom,2,87360.0,2010-12-01 14:32:00
TX_0001781,KH_GUEST,84913A,United Kingdom,1,87360.0,2010-12-01 14:32:00
TX_0001782,KH_GUEST,84913B,United Kingdom,3,87360.0,2010-12-01 14:32:00
TX_0001783,KH_GUEST,84923,United Kingdom,1,109460.0,2010-12-01 14:32:00
TX_0001784,KH_GUEST,84946,United Kingdom,30,65260.0,2010-12-01 14:32:00
TX_0001785,KH_GUEST,84949,United Kingdom,1,87360.0,2010-12-01 14:32:00
TX_0001786,KH_GUEST,84988,United Kingdom,1,77480.0,2010-12-01 14:32:00
TX_0001787,KH_GUEST,84991,United Kingdom,3,33280.0,2010-12-01 14:32:00
TX_0001788,KH_GUEST,20856,United Kingdom,6,42900.0,2010-12-01 14:32:00
TX_0001789,KH_GUEST,20854,United Kingdom,6,42900.0,2010-12-01 14:32:00
TX_0001790,KH_GUEST,22633,United Kingdom,3,54600.0,2010-12-01 14:32:00
TX_0001791,KH_GUEST,22866,United Kingdom,3,54600.0,2010-12-01 14:32:00
TX_0001792,KH_GUEST,21218,United Kingdom,2,97500.0,2010-12-01 14:32:00
TX_0001793,KH_GUEST,22968,United Kingdom,1,258700.0,2010-12-01 14:32:00
TX_0001794,KH_GUEST,22862,United Kingdom,2,110500.0,2010-12-01 14:32:00
TX_0001795,KH_GUEST,22845,United Kingdom,2,165100.0,2010-12-01 14:32:00
TX_0001796,KH_GUEST,22844,United Kingdom,2,221000.0,2010-12-01 14:32:00
TX_0001797,KH_GUEST,11001,United Kingdom,3,87360.0,2010-12-01 14:32:00
TX_0001798,KH_GUEST,16236,United Kingdom,1,11180.0,2010-12-01 14:32:00
TX_0001799,KH_GUEST,16237,United Kingdom,4,11180.0,2010-12-01 14:32:00
TX_0001800,KH_GUEST,16238,United Kingdom,1,11180.0,2010-12-01 14:32:00
TX_0001801,KH_GUEST,17003,United Kingdom,3,11180.0,2010-12-01 14:32:00
TX_0001802,KH_GUEST,17011F,United Kingdom,1,109460.0,2010-12-01 14:32:00
TX_0001803,KH_GUEST,17012A,United Kingdom,3,65260.0,2010-12-01 14:32:00
TX_0001804,KH_GUEST,17012B,United Kingdom,2,65260.0,2010-12-01 14:32:00
TX_0001805,KH_GUEST,17012C,United Kingdom,1,65260.0,2010-12-01 14:32:00
TX_0001806,KH_GUEST,17012D,United Kingdom,1,65260.0,2010-12-01 14:32:00
TX_0001807,KH_GUEST,17012E,United Kingdom,1,65260.0,2010-12-01 14:32:00
TX_0001808,KH_GUEST,17012F,United Kingdom,1,65260.0,2010-12-01 14:32:00
TX_0001809,KH_GUEST,17129F,United Kingdom,2,43160.0,2010-12-01 14:32:00
TX_0001810,KH_GUEST,18098C,United Kingdom,2,153660.0,2010-12-01 14:32:00
TX_0001811,KH_GUEST,20622,United Kingdom,1,109460.0,2010-12-01 14:32:00
TX_0001812,KH_GUEST,20658,United Kingdom,1,65260.0,2010-12-01 14:32:00
TX_0001813,KH_GUEST,20662,United Kingdom,1,65260.0,2010-12-01 14:32:00
TX_0001814,KH_GUEST,20668,United Kingdom,2,11180.0,2010-12-01 14:32:00
TX_0001815,KH_GUEST,20669,United Kingdom,1,65260.0,2010-12-01 14:32:00
TX_0001816,KH_GUEST,20676,United Kingdom,1,65260.0,2010-12-01 14:32:00
TX_0001817,KH_GUEST,20684,United Kingdom,1,176020.0,2010-12-01 14:32:00
TX_0001818,KH_GUEST,20685,United Kingdom,1,375180.0,2010-12-01 14:32:00
TX_0001819,KH_GUEST,20719,United Kingdom,2,43160.0,2010-12-01 14:32:00
TX_0001820,KH_GUEST,20724,United Kingdom,3,43160.0,2010-12-01 14:32:00
TX_0001821,KH_GUEST,20725,United Kingdom,4,109460.0,2010-12-01 14:32:00
TX_0001822,KH_GUEST,20733,United Kingdom,1,22100.0,2010-12-01 14:32:00
TX_0001823,KH_GUEST,20735,United Kingdom,1,22100.0,2010-12-01 14:32:00
TX_0001824,KH_GUEST,20770,United Kingdom,4,65260.0,2010-12-01 14:32:00
TX_0001825,KH_GUEST,20772,United Kingdom,1,131560.0,2010-12-01 14:32:00
TX_0001826,KH_GUEST,20835,United Kingdom,1,286520.0,2010-12-01 14:32:00
TX_0001827,KH_GUEST,20839,United Kingdom,1,242320.0,2010-12-01 14:32:00
TX_0001828,KH_GUEST,20840,United Kingdom,1,242320.0,2010-12-01 14:32:00
TX_0001829,KH_GUEST,20867,United Kingdom,1,65260.0,2010-12-01 14:32:00
TX_0001830,KH_GUEST,20902,United Kingdom,1,330720.0,2010-12-01 14:32:00
TX_0001831,KH_GUEST,20914,United Kingdom,3,153660.0,2010-12-01 14:32:00
TX_0001832,KH_GUEST,20956,United Kingdom,1,65260.0,2010-12-01 14:32:00
TX_0001833,KH_GUEST,20961,United Kingdom,2,65260.0,2010-12-01 14:32:00
TX_0001834,KH_GUEST,20963,United Kingdom,1,65260.0,2010-12-01 14:32:00
TX_0001835,KH_GUEST,20966,United Kingdom,4,65260.0,2010-12-01 14:32:00
TX_0001836,KH_GUEST,20969,United Kingdom,2,198120.0,2010-12-01 14:32:00
TX_0001837,KH_GUEST,20971,United Kingdom,1,65260.0,2010-12-01 14:32:00
TX_0001838,KH_GUEST,20972,United Kingdom,2,65260.0,2010-12-01 14:32:00
TX_0001839,KH_GUEST,20973,United Kingdom,1,33280.0,2010-12-01 14:32:00
TX_0001840,KH_GUEST,20975,United Kingdom,1,33280.0,2010-12-01 14:32:00
TX_0001841,KH_GUEST,20981,United Kingdom,1,43160.0,2010-12-01 14:32:00
TX_0001842,KH_GUEST,20992,United Kingdom,1,43160.0,2010-12-01 14:32:00
TX_0001843,KH_GUEST,20996,United Kingdom,1,21840.0,2010-12-01 14:32:00
TX_0001844,KH_GUEST,21000,United Kingdom,1,87360.0,2010-12-01 14:32:00
TX_0001845,KH_GUEST,21012,United Kingdom,2,65260.0,2010-12-01 14:32:00
TX_0001846,KH_GUEST,21035,United Kingdom,3,153660.0,2010-12-01 14:32:00
TX_0001847,KH_GUEST,21041,United Kingdom,2,153660.0,2010-12-01 14:32:00
TX_0001848,KH_GUEST,21068,United Kingdom,1,65260.0,2010-12-01 14:32:00
TX_0001849,KH_GUEST,21069,United Kingdom,1,65260.0,2010-12-01 14:32:00
TX_0001850,KH_GUEST,21070,United Kingdom,1,65260.0,2010-12-01 14:32:00
TX_0001851,KH_GUEST,21071,United Kingdom,1,65260.0,2010-12-01 14:32:00
TX_0001852,KH_GUEST,21080,United Kingdom,1,43160.0,2010-12-01 14:32:00
TX_0001853,KH_GUEST,21098,United Kingdom,23,65260.0,2010-12-01 14:32:00
TX_0001854,KH_GUEST,21107,United Kingdom,1,153660.0,2010-12-01 14:32:00
TX_0001855,KH_GUEST,21108,United Kingdom,3,131560.0,2010-12-01 14:32:00
TX_0001856,KH_GUEST,21115,United Kingdom,1,375180.0,2010-12-01 14:32:00
TX_0001857,KH_GUEST,21116,United Kingdom,1,220220.0,2010-12-01 14:32:00
TX_0001858,KH_GUEST,21121,United Kingdom,7,65260.0,2010-12-01 14:32:00
TX_0001859,KH_GUEST,21147,United Kingdom,2,65260.0,2010-12-01 14:32:00
TX_0001860,KH_GUEST,21154,United Kingdom,1,65260.0,2010-12-01 14:32:00
TX_0001861,KH_GUEST,21158,United Kingdom,2,87360.0,2010-12-01 14:32:00
TX_0001862,KH_GUEST,21165,United Kingdom,1,109460.0,2010-12-01 14:32:00
TX_0001863,KH_GUEST,21166,United Kingdom,2,109460.0,2010-12-01 14:32:00
TX_0001864,KH_GUEST,21169,United Kingdom,1,109460.0,2010-12-01 14:32:00
TX_0001865,KH_GUEST,21174,United Kingdom,1,109460.0,2010-12-01 14:32:00
TX_0001866,KH_GUEST,21175,United Kingdom,2,109460.0,2010-12-01 14:32:00
TX_0001867,KH_GUEST,21189,United Kingdom,4,87360.0,2010-12-01 14:32:00
TX_0001868,KH_GUEST,21191,United Kingdom,6,109460.0,2010-12-01 14:32:00
TX_0001869,KH_GUEST,21195,United Kingdom,5,109460.0,2010-12-01 14:32:00
TX_0001870,KH_GUEST,21207,United Kingdom,2,87360.0,2010-12-01 14:32:00
TX_0001871,KH_GUEST,21210,United Kingdom,1,77480.0,2010-12-01 14:32:00
TX_0001872,KH_GUEST,21212,United Kingdom,8,33280.0,2010-12-01 14:32:00
TX_0001873,KH_GUEST,21213,United Kingdom,2,33280.0,2010-12-01 14:32:00
TX_0001874,KH_GUEST,21216,United Kingdom,1,286520.0,2010-12-01 14:32:00
TX_0001875,KH_GUEST,21217,United Kingdom,1,551980.0,2010-12-01 14:32:00
TX_0001876,KH_GUEST,21218,United Kingdom,1,220220.0,2010-12-01 14:32:00
TX_0001877,KH_GUEST,21231,United Kingdom,4,65260.0,2010-12-01 14:32:00
TX_0001878,KH_GUEST,21232,United Kingdom,4,65260.0,2010-12-01 14:32:00
TX_0001879,KH_GUEST,21238,United Kingdom,4,43160.0,2010-12-01 14:32:00
TX_0001880,KH_GUEST,21249,United Kingdom,1,153660.0,2010-12-01 14:32:00
TX_0001881,KH_GUEST,21258,United Kingdom,1,662740.0,2010-12-01 14:32:00
TX_0001882,KH_GUEST,21262,United Kingdom,2,198120.0,2010-12-01 14:32:00
TX_0001883,KH_GUEST,21313,United Kingdom,2,43160.0,2010-12-01 14:32:00
TX_0001884,KH_GUEST,21314,United Kingdom,12,109460.0,2010-12-01 14:32:00
TX_0001885,KH_GUEST,21327,United Kingdom,1,87360.0,2010-12-01 14:32:00
TX_0001886,KH_GUEST,21328,United Kingdom,2,87360.0,2010-12-01 14:32:00
TX_0001887,KH_GUEST,21349,United Kingdom,1,352820.0,2010-12-01 14:32:00
TX_0001888,KH_GUEST,21352,United Kingdom,2,153660.0,2010-12-01 14:32:00
TX_0001889,KH_GUEST,21354,United Kingdom,1,65260.0,2010-12-01 14:32:00
TX_0001890,KH_GUEST,21365,United Kingdom,1,153660.0,2010-12-01 14:32:00
TX_0001891,KH_GUEST,21366,United Kingdom,1,220220.0,2010-12-01 14:32:00
TX_0001892,KH_GUEST,21369,United Kingdom,1,198120.0,2010-12-01 14:32:00
TX_0001893,KH_GUEST,21372,United Kingdom,1,153660.0,2010-12-01 14:32:00
TX_0001894,KH_GUEST,21385,United Kingdom,2,43160.0,2010-12-01 14:32:00
TX_0001895,KH_GUEST,21407,United Kingdom,2,220220.0,2010-12-01 14:32:00
TX_0001896,KH_GUEST,21408,United Kingdom,1,220220.0,2010-12-01 14:32:00
TX_0001897,KH_GUEST,21429,United Kingdom,5,87360.0,2010-12-01 14:32:00
TX_0001898,KH_GUEST,21479,United Kingdom,5,198120.0,2010-12-01 14:32:00
TX_0001899,KH_GUEST,21484,United Kingdom,4,198120.0,2010-12-01 14:32:00
TX_0001900,KH_GUEST,21486,United Kingdom,1,109460.0,2010-12-01 14:32:00
TX_0001901,KH_GUEST,21488,United Kingdom,1,220220.0,2010-12-01 14:32:00
TX_0001902,KH_GUEST,21507,United Kingdom,1,22100.0,2010-12-01 14:32:00
TX_0001903,KH_GUEST,21523,United Kingdom,1,375180.0,2010-12-01 14:32:00
TX_0001904,KH_GUEST,21559,United Kingdom,1,131560.0,2010-12-01 14:32:00
TX_0001905,KH_GUEST,21563,United Kingdom,2,153660.0,2010-12-01 14:32:00
TX_0001906,KH_GUEST,21564,United Kingdom,2,153660.0,2010-12-01 14:32:00
TX_0001907,KH_GUEST,21577,United Kingdom,2,131560.0,2010-12-01 14:32:00
TX_0001908,KH_GUEST,21634,United Kingdom,1,65260.0,2010-12-01 14:32:00
TX_0001909,KH_GUEST,21641,United Kingdom,1,43160.0,2010-12-01 14:32:00
TX_0001910,KH_GUEST,21658,United Kingdom,1,220220.0,2010-12-01 14:32:00
TX_0001911,KH_GUEST,21662,United Kingdom,2,308620.0,2010-12-01 14:32:00
TX_0001912,KH_GUEST,21679,United Kingdom,3,43160.0,2010-12-01 14:32:00
TX_0001913,KH_GUEST,21703,United Kingdom,1,22100.0,2010-12-01 14:32:00
TX_0001914,KH_GUEST,21704,United Kingdom,1,43160.0,2010-12-01 14:32:00
TX_0001915,KH_GUEST,21706,United Kingdom,2,264420.0,2010-12-01 14:32:00
TX_0001916,KH_GUEST,21716,United Kingdom,1,131560.0,2010-12-01 14:32:00
TX_0001917,KH_GUEST,21721,United Kingdom,1,43160.0,2010-12-01 14:32:00
TX_0001918,KH_GUEST,21722,United Kingdom,1,43160.0,2010-12-01 14:32:00
TX_0001919,KH_GUEST,21731,United Kingdom,5,87360.0,2010-12-01 14:32:00
TX_0001920,KH_GUEST,21742,United Kingdom,1,330720.0,2010-12-01 14:32:00
TX_0001921,KH_GUEST,21758,United Kingdom,1,330720.0,2010-12-01 14:32:00
TX_0001922,KH_17346,84970L,United Kingdom,1,24700.0,2010-12-01 14:34:00
TX_0001923,KH_17346,84970S,United Kingdom,2,22100.0,2010-12-01 14:34:00
TX_0001924,KH_17346,22466,United Kingdom,6,50700.0,2010-12-01 14:34:00
TX_0001925,KH_17346,22625,United Kingdom,1,221000.0,2010-12-01 14:34:00
TX_0001926,KH_17346,20914,United Kingdom,3,76700.0,2010-12-01 14:34:00
TX_0001927,KH_17346,22835,United Kingdom,2,120900.0,2010-12-01 14:34:00
TX_0001928,KH_17346,22837,United Kingdom,2,120900.0,2010-12-01 14:34:00
TX_0001929,KH_17346,22900,United Kingdom,1,76700.0,2010-12-01 14:34:00
TX_0001930,KH_17346,22174,United Kingdom,3,42900.0,2010-12-01 14:34:00
TX_0001931,KH_17346,22112,United Kingdom,1,128700.0,2010-12-01 14:34:00
TX_0001932,KH_17346,22895,United Kingdom,1,76700.0,2010-12-01 14:34:00
TX_0001933,KH_17346,21592,United Kingdom,2,32500.0,2010-12-01 14:34:00
TX_0001934,KH_17346,79144B,United Kingdom,2,10920.0,2010-12-01 14:34:00
TX_0001935,KH_17346,22551,United Kingdom,1,42900.0,2010-12-01 14:34:00
TX_0001936,KH_17346,22310,United Kingdom,2,42900.0,2010-12-01 14:34:00
TX_0001937,KH_17346,22557,United Kingdom,1,42900.0,2010-12-01 14:34:00
TX_0001938,KH_17346,22555,United Kingdom,1,42900.0,2010-12-01 14:34:00
TX_0001939,KH_17346,22480,United Kingdom,2,32500.0,2010-12-01 14:34:00
TX_0001940,KH_17346,22482,United Kingdom,2,32500.0,2010-12-01 14:34:00
TX_0001941,KH_17346,22481,United Kingdom,2,32500.0,2010-12-01 14:34:00
TX_0001942,KH_17346,22663,United Kingdom,4,50700.0,2010-12-01 14:34:00
TX_0001943,KH_17346,22659,United Kingdom,1,50700.0,2010-12-01 14:34:00
TX_0001944,KH_17346,84949,United Kingdom,6,42900.0,2010-12-01 14:34:00
TX_0001945,KH_17346,21326,United Kingdom,12,16900.0,2010-12-01 14:34:00
TX_0001946,KH_17346,22713,United Kingdom,12,10920.0,2010-12-01 14:34:00
TX_0001947,KH_17346,22310,United Kingdom,4,42900.0,2010-12-01 14:34:00
TX_0001948,KH_17346,22111,United Kingdom,1,128700.0,2010-12-01 14:34:00
TX_0001949,KH_17346,21592,United Kingdom,1,32500.0,2010-12-01 14:34:00
TX_0001950,KH_17346,22629,United Kingdom,1,50700.0,2010-12-01 14:34:00
TX_0001951,KH_17346,21916,United Kingdom,3,10920.0,2010-12-01 14:34:00
TX_0001952,KH_17346,21917,United Kingdom,1,10920.0,2010-12-01 14:34:00
TX_0001953,KH_GUEST,20697,United Kingdom,1,66300.0,2010-12-01 14:37:00
TX_0001954,KH_GUEST,22716,United Kingdom,1,10920.0,2010-12-01 14:37:00
TX_0001955,KH_17643,22599,United Kingdom,12,22100.0,2010-12-01 14:38:00
TX_0001956,KH_17643,22597,United Kingdom,12,22100.0,2010-12-01 14:38:00
TX_0001957,KH_17643,22336,United Kingdom,24,16900.0,2010-12-01 14:38:00
TX_0001958,KH_17643,21922,United Kingdom,2,206700.0,2010-12-01 14:38:00
TX_0001959,KH_17643,35961,United Kingdom,12,22100.0,2010-12-01 14:38:00
TX_0001960,KH_17643,21843,United Kingdom,1,284700.0,2010-12-01 14:38:00
TX_0001961,KH_17643,20749,United Kingdom,2,206700.0,2010-12-01 14:38:00
TX_0001962,KH_17643,22694,United Kingdom,6,54600.0,2010-12-01 14:38:00
TX_0001963,KH_17841,21495,United Kingdom,25,10920.0,2010-12-01 14:41:00
TX_0001964,KH_17841,46000R,United Kingdom,2,37700.0,2010-12-01 14:41:00
TX_0001965,KH_17841,46000S,United Kingdom,1,37700.0,2010-12-01 14:41:00
TX_0001966,KH_17841,22731,United Kingdom,1,32500.0,2010-12-01 14:41:00
TX_0001967,KH_17841,21258,United Kingdom,1,331500.0,2010-12-01 14:41:00
TX_0001968,KH_17841,21041,United Kingdom,1,76700.0,2010-12-01 14:41:00
TX_0001969,KH_17841,84920,United Kingdom,1,97500.0,2010-12-01 14:41:00
TX_0001970,KH_17841,22173,United Kingdom,1,76700.0,2010-12-01 14:41:00
TX_0001971,KH_17841,22953,United Kingdom,1,32500.0,2010-12-01 14:41:00
TX_0001972,KH_17841,84508A,United Kingdom,1,66300.0,2010-12-01 14:41:00
TX_0001973,KH_17841,22471,United Kingdom,1,128700.0,2010-12-01 14:41:00
TX_0001974,KH_17841,21935,United Kingdom,4,42900.0,2010-12-01 14:41:00
TX_0001975,KH_17841,21670,United Kingdom,6,32500.0,2010-12-01 14:41:00
TX_0001976,KH_17841,20668,United Kingdom,24,3120.0,2010-12-01 14:41:00
TX_0001977,KH_17841,21672,United Kingdom,1,32500.0,2010-12-01 14:41:00
TX_0001978,KH_17841,22553,United Kingdom,1,42900.0,2010-12-01 14:41:00
TX_0001979,KH_17841,22041,United Kingdom,4,66300.0,2010-12-01 14:41:00
TX_0001980,KH_17841,20972,United Kingdom,2,32500.0,2010-12-01 14:41:00
TX_0001981,KH_17841,22568,United Kingdom,1,97500.0,2010-12-01 14:41:00
TX_0001982,KH_17841,22570,United Kingdom,1,97500.0,2010-12-01 14:41:00
TX_0001983,KH_17841,22730,United Kingdom,1,97500.0,2010-12-01 14:41:00
TX_0001984,KH_17841,20749,United Kingdom,1,206700.0,2010-12-01 14:41:00
TX_0001985,KH_17841,22785,United Kingdom,1,175500.0,2010-12-01 14:41:00
TX_0001986,KH_17841,22786,United Kingdom,2,154700.0,2010-12-01 14:41:00
TX_0001987,KH_17841,85064,United Kingdom,2,141700.0,2010-12-01 14:41:00
TX_0001988,KH_17841,22212,United Kingdom,1,54600.0,2010-12-01 14:41:00
TX_0001989,KH_17841,21486,United Kingdom,2,97500.0,2010-12-01 14:41:00
TX_0001990,KH_17841,22114,United Kingdom,2,102700.0,2010-12-01 14:41:00
TX_0001991,KH_17841,21485,United Kingdom,1,128700.0,2010-12-01 14:41:00
TX_0001992,KH_17841,84029E,United Kingdom,1,97500.0,2010-12-01 14:41:00
TX_0001993,KH_17841,22678,United Kingdom,3,32500.0,2010-12-01 14:41:00
TX_0001994,KH_17841,22686,United Kingdom,1,32500.0,2010-12-01 14:41:00
TX_0001995,KH_17841,22468,United Kingdom,1,175500.0,2010-12-01 14:41:00
TX_0001996,KH_17841,85232B,United Kingdom,1,128700.0,2010-12-01 14:41:00
TX_0001997,KH_17841,21479,United Kingdom,5,97500.0,2010-12-01 14:41:00
TX_0001998,KH_17841,84029G,United Kingdom,2,97500.0,2010-12-01 14:41:00
TX_0001999,KH_17841,22837,United Kingdom,5,120900.0,2010-12-01 14:41:00
TX_0002000,KH_17841,22112,United Kingdom,2,128700.0,2010-12-01 14:41:00
TX_0002001,KH_17841,22835,United Kingdom,1,120900.0,2010-12-01 14:41:00
TX_0002002,KH_17841,21485,United Kingdom,2,128700.0,2010-12-01 14:41:00
TX_0002003,KH_17841,22111,United Kingdom,7,128700.0,2010-12-01 14:41:00
TX_0002004,KH_17841,22667,United Kingdom,1,76700.0,2010-12-01 14:41:00
TX_0002005,KH_17841,22666,United Kingdom,1,76700.0,2010-12-01 14:41:00
TX_0002006,KH_17841,21259,United Kingdom,4,154700.0,2010-12-01 14:41:00
TX_0002007,KH_17841,22941,United Kingdom,1,221000.0,2010-12-01 14:41:00
TX_0002008,KH_17841,82484,United Kingdom,1,167700.0,2010-12-01 14:41:00
TX_0002009,KH_17841,84685,United Kingdom,1,97500.0,2010-12-01 14:41:00
TX_0002010,KH_17841,21363,United Kingdom,1,128700.0,2010-12-01 14:41:00
TX_0002011,KH_17841,22755,United Kingdom,11,22100.0,2010-12-01 14:41:00
TX_0002012,KH_17841,20616,United Kingdom,2,54600.0,2010-12-01 14:41:00
TX_0002013,KH_17841,22451,United Kingdom,3,87100.0,2010-12-01 14:41:00
TX_0002014,KH_17841,22114,United Kingdom,1,102700.0,2010-12-01 14:41:00
TX_0002015,KH_17841,22753,United Kingdom,9,22100.0,2010-12-01 14:41:00
TX_0002016,KH_17841,79066K,United Kingdom,1,22100.0,2010-12-01 14:41:00
TX_0002017,KH_17841,22794,United Kingdom,1,206700.0,2010-12-01 14:41:00
TX_0002018,KH_17841,22592,United Kingdom,1,97500.0,2010-12-01 14:41:00
TX_0002019,KH_17841,84352,United Kingdom,1,440700.0,2010-12-01 14:41:00
TX_0002020,KH_17841,79321,United Kingdom,24,110500.0,2010-12-01 14:41:00
TX_0002021,KH_17841,22694,United Kingdom,2,54600.0,2010-12-01 14:41:00
TX_0002022,KH_17841,21098,United Kingdom,2,32500.0,2010-12-01 14:41:00
TX_0002023,KH_17841,22470,United Kingdom,2,76700.0,2010-12-01 14:41:00
TX_0002024,KH_17841,22795,United Kingdom,2,175500.0,2010-12-01 14:41:00
TX_0002025,KH_17841,20963,United Kingdom,1,32500.0,2010-12-01 14:41:00
TX_0002026,KH_17841,22278,United Kingdom,1,128700.0,2010-12-01 14:41:00
TX_0002027,KH_GUEST,22802,United Kingdom,5,518700.0,2010-12-01 14:48:00
TX_0002028,KH_17873,84884A,United Kingdom,10,102700.0,2010-12-01 14:54:00
TX_0002029,KH_17873,51014C,United Kingdom,24,22100.0,2010-12-01 14:54:00
TX_0002030,KH_17873,51014L,United Kingdom,12,22100.0,2010-12-01 14:54:00
TX_0002031,KH_17873,51014C,United Kingdom,12,22100.0,2010-12-01 14:54:00
TX_0002032,KH_17873,51014A,United Kingdom,12,22100.0,2010-12-01 14:54:00
TX_0002033,KH_17873,22366,United Kingdom,10,175500.0,2010-12-01 14:54:00
TX_0002034,KH_17873,22876,United Kingdom,1,50700.0,2010-12-01 14:54:00
TX_0002035,KH_17873,22953,United Kingdom,36,32500.0,2010-12-01 14:54:00
TX_0002036,KH_13093,79321,United Kingdom,48,110500.0,2010-12-01 15:00:00
TX_0002037,KH_13093,48129,United Kingdom,10,175500.0,2010-12-01 15:00:00
TX_0002038,KH_13093,48111,United Kingdom,10,175500.0,2010-12-01 15:00:00
TX_0002039,KH_13093,22960,United Kingdom,12,97500.0,2010-12-01 15:00:00
TX_0002040,KH_13093,22847,United Kingdom,4,388700.0,2010-12-01 15:00:00
TX_0002041,KH_13093,22846,United Kingdom,4,388700.0,2010-12-01 15:00:00
TX_0002042,KH_13093,22665,United Kingdom,6,76700.0,2010-12-01 15:00:00
TX_0002043,KH_13093,22652,United Kingdom,10,42900.0,2010-12-01 15:00:00
TX_0002044,KH_13093,22418,United Kingdom,96,22100.0,2010-12-01 15:00:00
TX_0002045,KH_13093,22402,United Kingdom,12,32500.0,2010-12-01 15:00:00
TX_0002046,KH_13093,22400,United Kingdom,12,32500.0,2010-12-01 15:00:00
TX_0002047,KH_13093,22399,United Kingdom,12,32500.0,2010-12-01 15:00:00
TX_0002048,KH_13093,20685,United Kingdom,20,175500.0,2010-12-01 15:00:00
TX_0002049,KH_12921,22318,United Kingdom,6,76700.0,2010-12-01 15:06:00
TX_0002050,KH_12921,22551,United Kingdom,12,42900.0,2010-12-01 15:06:00
TX_0002051,KH_12921,22748,United Kingdom,6,54600.0,2010-12-01 15:06:00
TX_0002052,KH_12921,22745,United Kingdom,6,54600.0,2010-12-01 15:06:00
TX_0002053,KH_12921,21731,United Kingdom,12,42900.0,2010-12-01 15:06:00
TX_0002054,KH_12921,22466,United Kingdom,12,50700.0,2010-12-01 15:06:00
TX_0002055,KH_12921,20972,United Kingdom,12,32500.0,2010-12-01 15:06:00
TX_0002056,KH_12921,22274,United Kingdom,6,76700.0,2010-12-01 15:06:00
TX_0002057,KH_12921,22750,United Kingdom,4,97500.0,2010-12-01 15:06:00
TX_0002058,KH_12921,22780,United Kingdom,8,110500.0,2010-12-01 15:06:00
TX_0002059,KH_12921,22779,United Kingdom,8,110500.0,2010-12-01 15:06:00
TX_0002060,KH_12921,22866,United Kingdom,12,54600.0,2010-12-01 15:06:00
TX_0002061,KH_12921,22867,United Kingdom,12,54600.0,2010-12-01 15:06:00
TX_0002062,KH_12921,22865,United Kingdom,12,54600.0,2010-12-01 15:06:00
TX_0002063,KH_12921,22632,United Kingdom,12,54600.0,2010-12-01 15:06:00
TX_0002064,KH_13468,21777,United Kingdom,2,206700.0,2010-12-01 15:08:00
TX_0002065,KH_13468,79302M,United Kingdom,6,76700.0,2010-12-01 15:08:00
TX_0002066,KH_13468,22752,United Kingdom,2,221000.0,2010-12-01 15:08:00
TX_0002067,KH_13468,21609,United Kingdom,6,76700.0,2010-12-01 15:08:00
TX_0002068,KH_13468,20685,United Kingdom,2,206700.0,2010-12-01 15:08:00
TX_0002069,KH_13468,48185,United Kingdom,2,206700.0,2010-12-01 15:08:00
TX_0002070,KH_13468,48194,United Kingdom,2,206700.0,2010-12-01 15:08:00
TX_0002071,KH_13468,22423,United Kingdom,2,331500.0,2010-12-01 15:08:00
TX_0002072,KH_13468,37446,United Kingdom,8,37700.0,2010-12-01 15:08:00
TX_0002073,KH_13468,37449,United Kingdom,2,258700.0,2010-12-01 15:08:00
TX_0002074,KH_13468,21231,United Kingdom,12,32500.0,2010-12-01 15:08:00
TX_0002075,KH_13468,21232,United Kingdom,12,32500.0,2010-12-01 15:08:00
TX_0002076,KH_13468,84509B,United Kingdom,4,97500.0,2010-12-01 15:08:00
TX_0002077,KH_13468,22313,United Kingdom,6,76700.0,2010-12-01 15:08:00
TX_0002078,KH_13468,22314,United Kingdom,6,76700.0,2010-12-01 15:08:00
TX_0002079,KH_13468,21181,United Kingdom,12,54600.0,2010-12-01 15:08:00
TX_0002080,KH_13468,72741,United Kingdom,9,37700.0,2010-12-01 15:08:00
TX_0002081,KH_13468,22187,United Kingdom,4,110500.0,2010-12-01 15:08:00
TX_0002082,KH_17760,85199S,United Kingdom,72,10920.0,2010-12-01 15:08:00
TX_0002083,KH_17760,22909,United Kingdom,10,22100.0,2010-12-01 15:08:00
TX_0002084,KH_17760,22798,United Kingdom,4,76700.0,2010-12-01 15:08:00
TX_0002085,KH_17760,22800,United Kingdom,4,97500.0,2010-12-01 15:08:00
TX_0002086,KH_17760,21818,United Kingdom,36,22100.0,2010-12-01 15:08:00
TX_0002087,KH_17760,22976,United Kingdom,24,32500.0,2010-12-01 15:08:00
TX_0002088,KH_17760,21452,United Kingdom,10,76700.0,2010-12-01 15:08:00
TX_0002089,KH_17760,22964,United Kingdom,4,54600.0,2010-12-01 15:08:00
TX_0002090,KH_17760,22941,United Kingdom,1,221000.0,2010-12-01 15:08:00
TX_0002091,KH_13468,37446,United Kingdom,8,37700.0,2010-12-01 15:08:00
TX_0002092,KH_13468,37449,United Kingdom,4,258700.0,2010-12-01 15:08:00
TX_0002093,KH_GUEST,21372,United Kingdom,1,76700.0,2010-12-01 15:15:00
TX_0002094,KH_GUEST,21369,United Kingdom,1,97500.0,2010-12-01 15:15:00
TX_0002095,KH_16928,21668,United Kingdom,6,32500.0,2010-12-01 15:21:00
TX_0002096,KH_16928,22771,United Kingdom,10,32500.0,2010-12-01 15:21:00
TX_0002097,KH_16928,22805,United Kingdom,9,32500.0,2010-12-01 15:21:00
TX_0002098,KH_16928,22772,United Kingdom,20,32500.0,2010-12-01 15:21:00
TX_0002099,KH_16928,22774,United Kingdom,36,32500.0,2010-12-01 15:21:00
TX_0002100,KH_16928,22773,United Kingdom,12,32500.0,2010-12-01 15:21:00
TX_0002101,KH_16048,22867,United Kingdom,24,54600.0,2010-12-01 15:27:00
TX_0002102,KH_16048,22866,United Kingdom,24,54600.0,2010-12-01 15:27:00
TX_0002103,KH_16048,22865,United Kingdom,24,54600.0,2010-12-01 15:27:00
TX_0002104,KH_16048,21231,United Kingdom,12,32500.0,2010-12-01 15:27:00
TX_0002105,KH_16048,22645,United Kingdom,12,37700.0,2010-12-01 15:27:00
TX_0002106,KH_16048,22646,United Kingdom,12,37700.0,2010-12-01 15:27:00
TX_0002107,KH_16048,22632,United Kingdom,24,54600.0,2010-12-01 15:27:00
TX_0002108,KH_16048,22915,United Kingdom,12,10920.0,2010-12-01 15:28:00
TX_0002109,KH_16274,22171,United Kingdom,1,221000.0,2010-12-01 15:35:00
TX_0002110,KH_16274,21462,United Kingdom,1,175500.0,2010-12-01 15:35:00
TX_0002111,KH_16274,22622,United Kingdom,1,258700.0,2010-12-01 15:35:00
TX_0002112,KH_16274,22616,United Kingdom,12,7540.0,2010-12-01 15:35:00
TX_0002113,KH_16274,22713,United Kingdom,12,10920.0,2010-12-01 15:35:00
TX_0002114,KH_16274,22111,United Kingdom,1,128700.0,2010-12-01 15:35:00
TX_0002115,KH_16274,22496,United Kingdom,1,76700.0,2010-12-01 15:35:00
TX_0002116,KH_16274,84870C,United Kingdom,1,97500.0,2010-12-01 15:35:00
TX_0002117,KH_16274,22659,United Kingdom,1,50700.0,2010-12-01 15:35:00
TX_0002118,KH_16274,22494,United Kingdom,1,32500.0,2010-12-01 15:35:00
TX_0002119,KH_16274,22113,United Kingdom,1,97500.0,2010-12-01 15:35:00
TX_0002120,KH_16274,84870B,United Kingdom,1,97500.0,2010-12-01 15:35:00
TX_0002121,KH_16274,22119,United Kingdom,1,180700.0,2010-12-01 15:35:00
TX_0002122,KH_16274,22121,United Kingdom,1,154700.0,2010-12-01 15:35:00
TX_0002123,KH_16274,22765,United Kingdom,1,388700.0,2010-12-01 15:35:00
TX_0002124,KH_16274,21351,United Kingdom,2,175500.0,2010-12-01 15:35:00
TX_0002125,KH_16274,22130,United Kingdom,12,22100.0,2010-12-01 15:35:00
TX_0002126,KH_16274,21191,United Kingdom,2,54600.0,2010-12-01 15:35:00
TX_0002127,KH_16274,22945,United Kingdom,12,22100.0,2010-12-01 15:35:00
TX_0002128,KH_16274,22581,United Kingdom,3,22100.0,2010-12-01 15:35:00
TX_0002129,KH_16274,22639,United Kingdom,1,66300.0,2010-12-01 15:35:00
TX_0002130,KH_16274,22579,United Kingdom,1,22100.0,2010-12-01 15:35:00
TX_0002131,KH_16274,22572,United Kingdom,1,22100.0,2010-12-01 15:35:00
TX_0002132,KH_16274,21809,United Kingdom,1,32500.0,2010-12-01 15:35:00
TX_0002133,KH_16274,21818,United Kingdom,1,22100.0,2010-12-01 15:35:00
TX_0002134,KH_16274,22571,United Kingdom,4,22100.0,2010-12-01 15:35:00
TX_0002135,KH_16274,21810,United Kingdom,2,32500.0,2010-12-01 15:35:00
TX_0002136,KH_16274,21147,United Kingdom,2,54600.0,2010-12-01 15:35:00
TX_0002137,KH_16274,21811,United Kingdom,2,32500.0,2010-12-01 15:35:00
TX_0002138,KH_16274,22640,United Kingdom,1,66300.0,2010-12-01 15:35:00
TX_0002139,KH_16274,22641,United Kingdom,2,66300.0,2010-12-01 15:35:00
TX_0002140,KH_16274,22638,United Kingdom,1,66300.0,2010-12-01 15:35:00
TX_0002141,KH_16274,22573,United Kingdom,1,22100.0,2010-12-01 15:35:00
TX_0002142,KH_16274,22576,United Kingdom,3,22100.0,2010-12-01 15:35:00
TX_0002143,KH_16274,22603,United Kingdom,1,22100.0,2010-12-01 15:35:00
TX_0002144,KH_16274,21817,United Kingdom,1,22100.0,2010-12-01 15:35:00
TX_0002145,KH_16274,21813,United Kingdom,1,128700.0,2010-12-01 15:35:00
TX_0002146,KH_16274,21808,United Kingdom,1,97500.0,2010-12-01 15:35:00
TX_0002147,KH_16274,21804,United Kingdom,1,97500.0,2010-12-01 15:35:00
TX_0002148,KH_16274,21014,United Kingdom,2,22100.0,2010-12-01 15:35:00
TX_0002149,KH_16274,21823,United Kingdom,4,37700.0,2010-12-01 15:35:00
TX_0002150,KH_16274,22086,United Kingdom,1,76700.0,2010-12-01 15:35:00
TX_0002151,KH_16274,21018,United Kingdom,2,22100.0,2010-12-01 15:35:00
TX_0002152,KH_16274,22739,United Kingdom,1,42900.0,2010-12-01 15:35:00
TX_0002153,KH_16274,22738,United Kingdom,1,42900.0,2010-12-01 15:35:00
TX_0002154,KH_16274,22635,United Kingdom,1,258700.0,2010-12-01 15:35:00
TX_0002155,KH_16274,22731,United Kingdom,2,32500.0,2010-12-01 15:35:00
TX_0002156,KH_16274,22428,United Kingdom,1,180700.0,2010-12-01 15:35:00
TX_0002157,KH_16274,22946,United Kingdom,1,440700.0,2010-12-01 15:35:00
TX_0002158,KH_16274,22825,United Kingdom,1,206700.0,2010-12-01 15:35:00
TX_0002159,KH_16274,21871,United Kingdom,1,32500.0,2010-12-01 15:35:00
TX_0002160,KH_16274,21071,United Kingdom,1,32500.0,2010-12-01 15:35:00
TX_0002161,KH_16274,M,United Kingdom,1,32500.0,2010-12-01 15:35:00
TX_0002162,KH_16274,21340,United Kingdom,1,331500.0,2010-12-01 15:35:00
TX_0002163,KH_16274,22816,United Kingdom,12,10920.0,2010-12-01 15:35:00
TX_0002164,KH_16274,22818,United Kingdom,12,10920.0,2010-12-01 15:35:00
TX_0002165,KH_16274,21591,United Kingdom,2,32500.0,2010-12-01 15:35:00
TX_0002166,KH_16274,21587,United Kingdom,3,66300.0,2010-12-01 15:35:00
TX_0002167,KH_16274,22750,United Kingdom,1,97500.0,2010-12-01 15:35:00
TX_0002168,KH_16274,22767,United Kingdom,1,258700.0,2010-12-01 15:35:00
TX_0002169,KH_16274,22660,United Kingdom,1,206700.0,2010-12-01 15:35:00
TX_0002170,KH_16274,85232B,United Kingdom,1,128700.0,2010-12-01 15:35:00
TX_0002171,KH_16274,22941,United Kingdom,1,221000.0,2010-12-01 15:35:00
TX_0002172,KH_16274,M,United Kingdom,1,492700.0,2010-12-01 15:35:00
TX_0002173,KH_16274,21761,United Kingdom,1,778700.0,2010-12-01 15:35:00
TX_0002174,KH_14496,84836,United Kingdom,12,32500.0,2010-12-01 15:35:00
TX_0002175,KH_14496,21781,United Kingdom,2,388700.0,2010-12-01 15:35:00
TX_0002176,KH_14496,22457,United Kingdom,12,76700.0,2010-12-01 15:35:00
TX_0002177,KH_14496,22113,United Kingdom,36,88140.0,2010-12-01 15:35:00
TX_0002178,KH_14496,22835,United Kingdom,24,110500.0,2010-12-01 15:35:00
TX_0002179,KH_14696,85032D,United Kingdom,6,54600.0,2010-12-01 15:37:00
TX_0002180,KH_14696,22696,United Kingdom,6,50700.0,2010-12-01 15:37:00
TX_0002181,KH_14696,21790,United Kingdom,12,22100.0,2010-12-01 15:37:00
TX_0002182,KH_14696,84360,United Kingdom,2,154700.0,2010-12-01 15:37:00
TX_0002183,KH_14696,35954,United Kingdom,48,10920.0,2010-12-01 15:37:00
TX_0002184,KH_14696,35957,United Kingdom,48,10920.0,2010-12-01 15:37:00
TX_0002185,KH_14696,84760S,United Kingdom,12,37700.0,2010-12-01 15:37:00
TX_0002186,KH_14696,72816,United Kingdom,12,32500.0,2010-12-01 15:37:00
TX_0002187,KH_14696,84754,United Kingdom,12,32500.0,2010-12-01 15:37:00
TX_0002188,KH_14696,22444,United Kingdom,24,32500.0,2010-12-01 15:37:00
TX_0002189,KH_14696,35598D,United Kingdom,24,16900.0,2010-12-01 15:37:00
TX_0002190,KH_14696,85045,United Kingdom,4,128700.0,2010-12-01 15:37:00
TX_0002191,KH_14696,21352,United Kingdom,2,175500.0,2010-12-01 15:37:00
TX_0002192,KH_14696,22065,United Kingdom,12,37700.0,2010-12-01 15:37:00
TX_0002193,KH_14696,35598B,United Kingdom,24,16900.0,2010-12-01 15:37:00
TX_0002194,KH_14696,85099C,United Kingdom,10,50700.0,2010-12-01 15:37:00
TX_0002195,KH_14696,22952,United Kingdom,24,14300.0,2010-12-01 15:37:00
TX_0002196,KH_14696,85048,United Kingdom,2,206700.0,2010-12-01 15:37:00
TX_0002197,KH_16539,22589,United Kingdom,6,66300.0,2010-12-01 15:40:00
TX_0002198,KH_16539,22121,United Kingdom,3,154700.0,2010-12-01 15:40:00
TX_0002199,KH_16539,22119,United Kingdom,3,180700.0,2010-12-01 15:40:00
TX_0002200,KH_16539,22573,United Kingdom,24,22100.0,2010-12-01 15:40:00
TX_0002201,KH_16539,22574,United Kingdom,24,22100.0,2010-12-01 15:40:00
TX_0002202,KH_16539,22577,United Kingdom,24,22100.0,2010-12-01 15:40:00
TX_0002203,KH_16539,22578,United Kingdom,24,22100.0,2010-12-01 15:40:00
TX_0002204,KH_16539,22579,United Kingdom,24,22100.0,2010-12-01 15:40:00
TX_0002205,KH_16539,22593,United Kingdom,24,22100.0,2010-12-01 15:40:00
TX_0002206,KH_16539,22594,United Kingdom,24,22100.0,2010-12-01 15:40:00
TX_0002207,KH_16539,22595,United Kingdom,24,22100.0,2010-12-01 15:40:00
TX_0002208,KH_16539,21810,United Kingdom,12,32500.0,2010-12-01 15:40:00
TX_0002209,KH_16539,21811,United Kingdom,12,32500.0,2010-12-01 15:40:00
TX_0002210,KH_16539,21817,United Kingdom,12,22100.0,2010-12-01 15:40:00
TX_0002211,KH_16539,22695,United Kingdom,12,37700.0,2010-12-01 15:40:00
TX_0002212,KH_16539,22696,United Kingdom,6,50700.0,2010-12-01 15:40:00
TX_0002213,KH_16539,21523,United Kingdom,10,175500.0,2010-12-01 15:40:00
TX_0002214,KH_16539,22469,United Kingdom,12,42900.0,2010-12-01 15:40:00
TX_0002215,KH_16539,22855,United Kingdom,12,32500.0,2010-12-01 15:40:00
TX_0002216,KH_16539,21754,United Kingdom,6,154700.0,2010-12-01 15:40:00
TX_0002217,KH_16539,21756,United Kingdom,3,154700.0,2010-12-01 15:40:00
TX_0002218,KH_17025,84755,United Kingdom,16,16900.0,2010-12-01 15:45:00
TX_0002219,KH_17025,84970L,United Kingdom,12,24700.0,2010-12-01 15:45:00
TX_0002220,KH_17025,22178,United Kingdom,36,32500.0,2010-12-01 15:45:00
TX_0002221,KH_17025,22791,United Kingdom,72,27560.0,2010-12-01 15:45:00
TX_0002222,KH_17025,21756,United Kingdom,3,154700.0,2010-12-01 15:46:00
TX_0002223,KH_13777,21864,United Kingdom,72,43940.0,2010-12-01 16:01:00
TX_0002224,KH_13777,21107,United Kingdom,72,66300.0,2010-12-01 16:01:00
TX_0002225,KH_13777,21232,United Kingdom,144,32500.0,2010-12-01 16:01:00
TX_0002226,KH_13777,84050,United Kingdom,72,32500.0,2010-12-01 16:01:00
TX_0002227,KH_13777,85099B,United Kingdom,70,42900.0,2010-12-01 16:01:00
TX_0002228,KH_13777,85123A,United Kingdom,128,66300.0,2010-12-01 16:01:00
TX_0002229,KH_13777,15056P,United Kingdom,48,119600.0,2010-12-01 16:01:00
TX_0002230,KH_13777,22095,United Kingdom,252,32500.0,2010-12-01 16:01:00
TX_0002231,KH_13777,22041,United Kingdom,144,54600.0,2010-12-01 16:11:00
TX_0002232,KH_13777,85174,United Kingdom,16,110500.0,2010-12-01 16:11:00
TX_0002233,KH_13777,84050,United Kingdom,96,32500.0,2010-12-01 16:11:00
TX_0002234,KH_13777,84029E,United Kingdom,96,76700.0,2010-12-01 16:11:00
TX_0002235,KH_13777,82615,United Kingdom,36,66300.0,2010-12-01 16:11:00
TX_0002236,KH_13777,21156,United Kingdom,12,42900.0,2010-12-01 16:11:00
TX_0002237,KH_13777,20727,United Kingdom,60,37700.0,2010-12-01 16:11:00
TX_0002238,KH_13777,35004C,United Kingdom,120,120900.0,2010-12-01 16:11:00
TX_0002239,KH_13777,85099B,United Kingdom,30,42900.0,2010-12-01 16:11:00
TX_0002240,KH_13777,85123A,United Kingdom,128,66300.0,2010-12-01 16:11:00
TX_0002241,KH_13777,22095,United Kingdom,72,32500.0,2010-12-01 16:11:00
TX_0002242,KH_13777,85038,United Kingdom,72,43940.0,2010-12-01 16:11:00
TX_0002243,KH_13777,15056N,United Kingdom,36,110500.0,2010-12-01 16:11:00
TX_0002244,KH_13777,20971,United Kingdom,144,27560.0,2010-12-01 16:11:00
TX_0002245,KH_13777,21354,United Kingdom,12,27300.0,2010-12-01 16:11:00
TX_0002246,KH_13777,21107,United Kingdom,48,66300.0,2010-12-01 16:11:00
TX_0002247,KH_13777,20725,United Kingdom,60,37700.0,2010-12-01 16:13:00
TX_0002248,KH_13777,21232,United Kingdom,144,32500.0,2010-12-01 16:13:00
TX_0002249,KH_13777,22646,United Kingdom,144,32500.0,2010-12-01 16:13:00
TX_0002250,KH_13777,22147,United Kingdom,40,32500.0,2010-12-01 16:13:00
TX_0002251,KH_17690,22837,United Kingdom,12,120900.0,2010-12-01 16:15:00
TX_0002252,KH_17690,21484,United Kingdom,8,89700.0,2010-12-01 16:15:00
TX_0002253,KH_17690,22865,United Kingdom,24,54600.0,2010-12-01 16:15:00
TX_0002254,KH_17690,22866,United Kingdom,24,54600.0,2010-12-01 16:15:00
TX_0002255,KH_17690,22834,United Kingdom,24,54600.0,2010-12-01 16:15:00
TX_0002256,KH_17690,22726,United Kingdom,4,97500.0,2010-12-01 16:15:00
TX_0002257,KH_17690,22728,United Kingdom,4,97500.0,2010-12-01 16:15:00
TX_0002258,KH_17690,22729,United Kingdom,4,97500.0,2010-12-01 16:15:00
TX_0002259,KH_13777,21232,United Kingdom,216,27560.0,2010-12-01 16:16:00
TX_0002260,KH_13777,20727,United Kingdom,60,37700.0,2010-12-01 16:16:00
TX_0002261,KH_17690,22966,United Kingdom,12,32500.0,2010-12-01 16:17:00
TX_0002262,KH_17690,22965,United Kingdom,6,54600.0,2010-12-01 16:17:00
TX_0002263,KH_17690,22975,United Kingdom,12,32500.0,2010-12-01 16:17:00
TX_0002264,KH_17690,22988,United Kingdom,12,32500.0,2010-12-01 16:17:00
TX_0002265,KH_17690,22972,United Kingdom,12,42900.0,2010-12-01 16:17:00
TX_0002266,KH_17690,22974,United Kingdom,12,42900.0,2010-12-01 16:17:00
TX_0002267,KH_13777,85099B,United Kingdom,200,42900.0,2010-12-01 16:19:00
TX_0002268,KH_12947,21668,United Kingdom,12,32500.0,2010-12-01 16:21:00
TX_0002269,KH_12947,21672,United Kingdom,12,32500.0,2010-12-01 16:21:00
TX_0002270,KH_12947,22771,United Kingdom,24,32500.0,2010-12-01 16:21:00
TX_0002271,KH_12947,22530,United Kingdom,24,10920.0,2010-12-01 16:21:00
TX_0002272,KH_12947,22534,United Kingdom,24,10920.0,2010-12-01 16:21:00
TX_0002273,KH_12947,21374,United Kingdom,4,97500.0,2010-12-01 16:21:00
TX_0002274,KH_12947,21365,United Kingdom,6,76700.0,2010-12-01 16:21:00
TX_0002275,KH_12947,21479,United Kingdom,8,97500.0,2010-12-01 16:21:00
TX_0002276,KH_12947,21481,United Kingdom,6,76700.0,2010-12-01 16:21:00
TX_0002277,KH_12947,84032A,United Kingdom,6,76700.0,2010-12-01 16:21:00
TX_0002278,KH_12947,84031A,United Kingdom,6,120900.0,2010-12-01 16:21:00
TX_0002279,KH_12947,21509,United Kingdom,12,10920.0,2010-12-01 16:21:00
TX_0002280,KH_12947,22025,United Kingdom,12,10920.0,2010-12-01 16:21:00
TX_0002281,KH_12947,22650,United Kingdom,12,37700.0,2010-12-01 16:21:00
TX_0002282,KH_12947,22637,United Kingdom,12,66300.0,2010-12-01 16:21:00
TX_0002283,KH_12947,22634,United Kingdom,2,258700.0,2010-12-01 16:21:00
TX_0002284,KH_12947,22635,United Kingdom,2,258700.0,2010-12-01 16:21:00
TX_0002285,KH_13777,21156,United Kingdom,120,42900.0,2010-12-01 16:21:00
TX_0002286,KH_13777,84029E,United Kingdom,384,76700.0,2010-12-01 16:22:00
TX_0002287,KH_17460,37449,United Kingdom,2,258700.0,2010-12-01 16:24:00
TX_0002288,KH_18229,22846,United Kingdom,8,388700.0,2010-12-01 16:25:00
TX_0002289,KH_18229,22848,United Kingdom,8,388700.0,2010-12-01 16:25:00
TX_0002290,KH_18229,22726,United Kingdom,8,97500.0,2010-12-01 16:25:00
TX_0002291,KH_18229,22728,United Kingdom,8,97500.0,2010-12-01 16:25:00
TX_0002292,KH_18229,22725,United Kingdom,4,97500.0,2010-12-01 16:25:00
TX_0002293,KH_18229,22729,United Kingdom,4,97500.0,2010-12-01 16:25:00
TX_0002294,KH_18229,22730,United Kingdom,4,97500.0,2010-12-01 16:25:00
TX_0002295,KH_14142,37448,United Kingdom,12,38740.0,2010-12-01 16:33:00
TX_0002296,KH_14142,22744,United Kingdom,6,76700.0,2010-12-01 16:33:00
TX_0002297,KH_14142,22743,United Kingdom,6,76700.0,2010-12-01 16:33:00
TX_0002298,KH_14142,22646,United Kingdom,12,37700.0,2010-12-01 16:33:00
TX_0002299,KH_14142,21232,United Kingdom,12,32500.0,2010-12-01 16:33:00
TX_0002300,KH_14142,22466,United Kingdom,12,50700.0,2010-12-01 16:33:00
TX_0002301,KH_14142,22540,United Kingdom,24,10920.0,2010-12-01 16:33:00
TX_0002302,KH_14142,22531,United Kingdom,24,10920.0,2010-12-01 16:33:00
TX_0002303,KH_14142,16237,United Kingdom,30,5460.0,2010-12-01 16:33:00
TX_0002304,KH_14142,22752,United Kingdom,2,221000.0,2010-12-01 16:33:00
TX_0002305,KH_14142,22114,United Kingdom,4,102700.0,2010-12-01 16:33:00
TX_0002306,KH_14142,21108,United Kingdom,9,66300.0,2010-12-01 16:33:00
TX_0002307,KH_14142,22355,United Kingdom,10,22100.0,2010-12-01 16:33:00
TX_0002308,KH_14142,22449,United Kingdom,6,87100.0,2010-12-01 16:33:00
TX_0002309,KH_14142,22867,United Kingdom,12,54600.0,2010-12-01 16:33:00
TX_0002310,KH_14142,21986,United Kingdom,24,7540.0,2010-12-01 16:33:00
TX_0002311,KH_14142,21982,United Kingdom,24,7540.0,2010-12-01 16:33:00
TX_0002312,KH_14142,22421,United Kingdom,12,10920.0,2010-12-01 16:33:00
TX_0002313,KH_14142,17003,United Kingdom,36,5460.0,2010-12-01 16:33:00
TX_0002314,KH_14142,21098,United Kingdom,12,32500.0,2010-12-01 16:33:00
TX_0002315,KH_14142,22548,United Kingdom,12,32500.0,2010-12-01 16:33:00
TX_0002316,KH_14142,21790,United Kingdom,12,22100.0,2010-12-01 16:33:00
TX_0002317,KH_17069,22960,United Kingdom,6,110500.0,2010-12-01 16:49:00
TX_0002318,KH_17069,22961,United Kingdom,12,37700.0,2010-12-01 16:49:00
TX_0002319,KH_17069,22962,United Kingdom,12,22100.0,2010-12-01 16:49:00
TX_0002320,KH_17069,22963,United Kingdom,12,22100.0,2010-12-01 16:49:00
TX_0002321,KH_17069,21777,United Kingdom,1,206700.0,2010-12-01 16:49:00
TX_0002322,KH_17069,22666,United Kingdom,12,76700.0,2010-12-01 16:49:00
TX_0002323,KH_17069,22667,United Kingdom,12,76700.0,2010-12-01 16:49:00
TX_0002324,KH_17069,84997A,United Kingdom,6,97500.0,2010-12-01 16:49:00
TX_0002325,KH_17069,84997B,United Kingdom,6,97500.0,2010-12-01 16:49:00
TX_0002326,KH_17069,84997C,United Kingdom,12,97500.0,2010-12-01 16:49:00
TX_0002327,KH_17069,84997D,United Kingdom,12,97500.0,2010-12-01 16:49:00
TX_0002328,KH_13065,22969,United Kingdom,12,37700.0,2010-12-01 16:52:00
TX_0002329,KH_13065,85123A,United Kingdom,6,76700.0,2010-12-01 16:52:00
TX_0002330,KH_13065,22112,United Kingdom,3,128700.0,2010-12-01 16:52:00
TX_0002331,KH_13065,22114,United Kingdom,4,102700.0,2010-12-01 16:52:00
TX_0002332,KH_13065,21340,United Kingdom,1,331500.0,2010-12-01 16:52:00
TX_0002333,KH_13065,22457,United Kingdom,6,76700.0,2010-12-01 16:52:00
TX_0002334,KH_13065,21136,United Kingdom,8,43940.0,2010-12-01 16:52:00
TX_0002335,KH_13065,22776,United Kingdom,1,258700.0,2010-12-01 16:52:00
TX_0002336,KH_13065,21166,United Kingdom,12,50700.0,2010-12-01 16:52:00
TX_0002337,KH_13065,22794,United Kingdom,2,206700.0,2010-12-01 16:52:00
TX_0002338,KH_13065,71477,United Kingdom,4,84500.0,2010-12-01 16:52:00
TX_0002339,KH_13065,22030,United Kingdom,12,10920.0,2010-12-01 16:52:00
TX_0002340,KH_13065,22622,United Kingdom,2,258700.0,2010-12-01 16:52:00
TX_0002341,KH_13065,21055,United Kingdom,1,232700.0,2010-12-01 16:52:00
TX_0002342,KH_14606,21427,United Kingdom,1,54600.0,2010-12-01 16:57:00
TX_0002343,KH_14606,22135,United Kingdom,1,10920.0,2010-12-01 16:57:00
TX_0002344,KH_14606,90214M,United Kingdom,1,32500.0,2010-12-01 16:57:00
TX_0002345,KH_14606,90214V,United Kingdom,1,32500.0,2010-12-01 16:57:00
TX_0002346,KH_14606,90214S,United Kingdom,1,32500.0,2010-12-01 16:57:00
TX_0002347,KH_14606,90214J,United Kingdom,2,32500.0,2010-12-01 16:57:00
TX_0002348,KH_14606,22386,United Kingdom,1,50700.0,2010-12-01 16:57:00
TX_0002349,KH_14606,22378,United Kingdom,1,54600.0,2010-12-01 16:57:00
TX_0002350,KH_14606,20750,United Kingdom,1,206700.0,2010-12-01 16:57:00
TX_0002351,KH_14606,21888,United Kingdom,1,97500.0,2010-12-01 16:57:00
TX_0002352,KH_14606,22321,United Kingdom,1,22100.0,2010-12-01 16:57:00
TX_0002353,KH_14606,21789,United Kingdom,1,22100.0,2010-12-01 16:57:00
TX_0002354,KH_14606,21238,United Kingdom,1,22100.0,2010-12-01 16:57:00
TX_0002355,KH_14606,21629,United Kingdom,1,206700.0,2010-12-01 16:57:00
TX_0002356,KH_14606,22379,United Kingdom,1,54600.0,2010-12-01 16:57:00
TX_0002357,KH_14606,72807C,United Kingdom,2,110500.0,2010-12-01 16:57:00
TX_0002358,KH_14606,22497,United Kingdom,1,110500.0,2010-12-01 16:57:00
TX_0002359,KH_14606,21850,United Kingdom,1,128700.0,2010-12-01 16:57:00
TX_0002360,KH_14606,20978,United Kingdom,2,32500.0,2010-12-01 16:57:00
TX_0002361,KH_14606,20768,United Kingdom,1,66300.0,2010-12-01 16:57:00
TX_0002362,KH_14606,22081,United Kingdom,1,42900.0,2010-12-01 16:57:00
TX_0002363,KH_14606,20780,United Kingdom,1,142740.0,2010-12-01 16:57:00
TX_0002364,KH_14606,51014C,United Kingdom,12,22100.0,2010-12-01 16:57:00
TX_0002365,KH_14606,21398,United Kingdom,1,54600.0,2010-12-01 16:57:00
TX_0002366,KH_14606,22476,United Kingdom,2,128700.0,2010-12-01 16:57:00
TX_0002367,KH_14606,21643,United Kingdom,3,32500.0,2010-12-01 16:57:00
TX_0002368,KH_14606,72741,United Kingdom,27,37700.0,2010-12-01 16:57:00
TX_0002369,KH_14606,21620,United Kingdom,1,97500.0,2010-12-01 16:57:00
TX_0002370,KH_14606,37449,United Kingdom,1,258700.0,2010-12-01 16:57:00
TX_0002371,KH_14606,22260,United Kingdom,5,22100.0,2010-12-01 16:57:00
TX_0002372,KH_14606,22136,United Kingdom,1,42900.0,2010-12-01 16:57:00
TX_0002373,KH_14606,47591B,United Kingdom,1,42900.0,2010-12-01 16:57:00
TX_0002374,KH_14606,21041,United Kingdom,1,76700.0,2010-12-01 16:57:00
TX_0002375,KH_14606,21035,United Kingdom,1,76700.0,2010-12-01 16:57:00
TX_0002376,KH_14606,85064,United Kingdom,2,141700.0,2010-12-01 16:58:00
TX_0002377,KH_14606,22121,United Kingdom,2,154700.0,2010-12-01 16:58:00
TX_0002378,KH_14606,21488,United Kingdom,1,102700.0,2010-12-01 16:58:00
TX_0002379,KH_14606,21484,United Kingdom,2,89700.0,2010-12-01 16:58:00
TX_0002380,KH_14606,22357,United Kingdom,1,110500.0,2010-12-01 16:58:00
TX_0002381,KH_14606,21985,United Kingdom,4,7540.0,2010-12-01 16:58:00
TX_0002382,KH_GUEST,10135,United Kingdom,1,65260.0,2010-12-01 17:06:00
TX_0002383,KH_GUEST,16168M,United Kingdom,2,22100.0,2010-12-01 17:06:00
TX_0002384,KH_GUEST,16236,United Kingdom,1,11180.0,2010-12-01 17:06:00
TX_0002385,KH_GUEST,16237,United Kingdom,6,11180.0,2010-12-01 17:06:00
TX_0002386,KH_GUEST,16238,United Kingdom,5,11180.0,2010-12-01 17:06:00
TX_0002387,KH_GUEST,17012A,United Kingdom,1,65260.0,2010-12-01 17:06:00
TX_0002388,KH_GUEST,17012B,United Kingdom,1,65260.0,2010-12-01 17:06:00
TX_0002389,KH_GUEST,17012C,United Kingdom,1,65260.0,2010-12-01 17:06:00
TX_0002390,KH_GUEST,17012D,United Kingdom,1,65260.0,2010-12-01 17:06:00
TX_0002391,KH_GUEST,17012E,United Kingdom,1,65260.0,2010-12-01 17:06:00
TX_0002392,KH_GUEST,17012F,United Kingdom,1,65260.0,2010-12-01 17:06:00
TX_0002393,KH_GUEST,17014A,United Kingdom,1,87360.0,2010-12-01 17:06:00
TX_0002394,KH_GUEST,17084N,United Kingdom,2,11180.0,2010-12-01 17:06:00
TX_0002395,KH_GUEST,17084P,United Kingdom,1,11180.0,2010-12-01 17:06:00
TX_0002396,KH_GUEST,20616,United Kingdom,1,109460.0,2010-12-01 17:06:00
TX_0002397,KH_GUEST,20617,United Kingdom,1,109460.0,2010-12-01 17:06:00
TX_0002398,KH_GUEST,20619,United Kingdom,1,109460.0,2010-12-01 17:06:00
TX_0002399,KH_GUEST,20653,United Kingdom,1,65260.0,2010-12-01 17:06:00
TX_0002400,KH_GUEST,20668,United Kingdom,6,11180.0,2010-12-01 17:06:00
TX_0002401,KH_GUEST,20681,United Kingdom,1,176020.0,2010-12-01 17:06:00
TX_0002402,KH_GUEST,20682,United Kingdom,2,176020.0,2010-12-01 17:06:00
TX_0002403,KH_GUEST,20696,United Kingdom,1,198120.0,2010-12-01 17:06:00
TX_0002404,KH_GUEST,20699,United Kingdom,2,131560.0,2010-12-01 17:06:00
TX_0002405,KH_GUEST,20700,United Kingdom,1,264420.0,2010-12-01 17:06:00
TX_0002406,KH_GUEST,20717,United Kingdom,1,65260.0,2010-12-01 17:06:00
TX_0002407,KH_GUEST,20718,United Kingdom,1,65260.0,2010-12-01 17:06:00
TX_0002408,KH_GUEST,20723,United Kingdom,1,43160.0,2010-12-01 17:06:00
TX_0002409,KH_GUEST,20724,United Kingdom,1,43160.0,2010-12-01 17:06:00
TX_0002410,KH_GUEST,20725,United Kingdom,2,109460.0,2010-12-01 17:06:00
TX_0002411,KH_GUEST,20727,United Kingdom,2,109460.0,2010-12-01 17:06:00
TX_0002412,KH_GUEST,20733,United Kingdom,6,22100.0,2010-12-01 17:06:00
TX_0002413,KH_GUEST,20735,United Kingdom,4,22100.0,2010-12-01 17:06:00
TX_0002414,KH_GUEST,20752,United Kingdom,1,109460.0,2010-12-01 17:06:00
TX_0002415,KH_GUEST,20754,United Kingdom,1,109460.0,2010-12-01 17:06:00
TX_0002416,KH_GUEST,20761,United Kingdom,1,198120.0,2010-12-01 17:06:00
TX_0002417,KH_GUEST,20780,United Kingdom,1,286520.0,2010-12-01 17:06:00
TX_0002418,KH_GUEST,20846,United Kingdom,1,65260.0,2010-12-01 17:06:00
TX_0002419,KH_GUEST,20914,United Kingdom,1,153660.0,2010-12-01 17:06:00
TX_0002420,KH_GUEST,20931,United Kingdom,2,198120.0,2010-12-01 17:06:00
TX_0002421,KH_GUEST,20956,United Kingdom,2,65260.0,2010-12-01 17:06:00
TX_0002422,KH_GUEST,20961,United Kingdom,1,65260.0,2010-12-01 17:06:00
TX_0002423,KH_GUEST,20966,United Kingdom,1,65260.0,2010-12-01 17:06:00
TX_0002424,KH_GUEST,20972,United Kingdom,1,65260.0,2010-12-01 17:06:00
TX_0002425,KH_GUEST,20973,United Kingdom,15,33280.0,2010-12-01 17:06:00
TX_0002426,KH_GUEST,20974,United Kingdom,12,33280.0,2010-12-01 17:06:00
TX_0002427,KH_GUEST,20975,United Kingdom,18,33280.0,2010-12-01 17:06:00
TX_0002428,KH_GUEST,21002,United Kingdom,2,87360.0,2010-12-01 17:06:00
TX_0002429,KH_GUEST,21012,United Kingdom,6,65260.0,2010-12-01 17:06:00
TX_0002430,KH_GUEST,21015,United Kingdom,1,33280.0,2010-12-01 17:06:00
TX_0002431,KH_GUEST,21035,United Kingdom,2,153660.0,2010-12-01 17:06:00
TX_0002432,KH_GUEST,21055,United Kingdom,2,441480.0,2010-12-01 17:06:00
TX_0002433,KH_GUEST,21067,United Kingdom,1,65260.0,2010-12-01 17:06:00
TX_0002434,KH_GUEST,21069,United Kingdom,1,65260.0,2010-12-01 17:06:00
TX_0002435,KH_GUEST,21071,United Kingdom,1,65260.0,2010-12-01 17:06:00
TX_0002436,KH_GUEST,21098,United Kingdom,22,65260.0,2010-12-01 17:06:00
TX_0002437,KH_GUEST,21108,United Kingdom,19,131560.0,2010-12-01 17:06:00
TX_0002438,KH_GUEST,21109,United Kingdom,1,352820.0,2010-12-01 17:06:00
TX_0002439,KH_GUEST,21110,United Kingdom,2,352820.0,2010-12-01 17:06:00
TX_0002440,KH_GUEST,21111,United Kingdom,2,153660.0,2010-12-01 17:06:00
TX_0002441,KH_GUEST,21128,United Kingdom,1,330720.0,2010-12-01 17:06:00
TX_0002442,KH_GUEST,21154,United Kingdom,2,65260.0,2010-12-01 17:06:00
TX_0002443,KH_GUEST,21164,United Kingdom,1,153660.0,2010-12-01 17:06:00
TX_0002444,KH_GUEST,21165,United Kingdom,3,109460.0,2010-12-01 17:06:00
TX_0002445,KH_GUEST,21174,United Kingdom,4,109460.0,2010-12-01 17:06:00
TX_0002446,KH_GUEST,21181,United Kingdom,2,109460.0,2010-12-01 17:06:00
TX_0002447,KH_GUEST,21188,United Kingdom,2,153660.0,2010-12-01 17:06:00
TX_0002448,KH_GUEST,21191,United Kingdom,5,109460.0,2010-12-01 17:06:00
TX_0002449,KH_GUEST,21192,United Kingdom,2,87360.0,2010-12-01 17:06:00
TX_0002450,KH_GUEST,21208,United Kingdom,1,87360.0,2010-12-01 17:06:00
TX_0002451,KH_GUEST,21212,United Kingdom,12,33280.0,2010-12-01 17:06:00
TX_0002452,KH_GUEST,21213,United Kingdom,1,33280.0,2010-12-01 17:06:00
TX_0002453,KH_GUEST,21220,United Kingdom,1,65260.0,2010-12-01 17:06:00
TX_0002454,KH_GUEST,21231,United Kingdom,8,65260.0,2010-12-01 17:06:00
TX_0002455,KH_GUEST,21232,United Kingdom,5,65260.0,2010-12-01 17:06:00
TX_0002456,KH_GUEST,21249,United Kingdom,1,153660.0,2010-12-01 17:06:00
TX_0002457,KH_GUEST,21257,United Kingdom,2,419380.0,2010-12-01 17:06:00
TX_0002458,KH_GUEST,21258,United Kingdom,3,662740.0,2010-12-01 17:06:00
TX_0002459,KH_GUEST,21262,United Kingdom,1,198120.0,2010-12-01 17:06:00
TX_0002460,KH_GUEST,21272,United Kingdom,1,65260.0,2010-12-01 17:06:00
TX_0002461,KH_GUEST,21279,United Kingdom,1,131560.0,2010-12-01 17:06:00
TX_0002462,KH_GUEST,21281,United Kingdom,1,131560.0,2010-12-01 17:06:00
TX_0002463,KH_GUEST,21288,United Kingdom,1,153660.0,2010-12-01 17:06:00
TX_0002464,KH_GUEST,21313,United Kingdom,8,43160.0,2010-12-01 17:06:00
TX_0002465,KH_GUEST,21314,United Kingdom,8,109460.0,2010-12-01 17:06:00
TX_0002466,KH_GUEST,21340,United Kingdom,1,662740.0,2010-12-01 17:06:00
TX_0002467,KH_GUEST,21349,United Kingdom,3,352820.0,2010-12-01 17:06:00
TX_0002468,KH_GUEST,21352,United Kingdom,7,153660.0,2010-12-01 17:06:00
TX_0002469,KH_GUEST,21356,United Kingdom,1,65260.0,2010-12-01 17:06:00
TX_0002470,KH_GUEST,21429,United Kingdom,3,87360.0,2010-12-01 17:06:00
TX_0002471,KH_GUEST,21439,United Kingdom,1,65260.0,2010-12-01 17:06:00
TX_0002472,KH_GUEST,21447,United Kingdom,1,65260.0,2010-12-01 17:06:00
TX_0002473,KH_GUEST,21479,United Kingdom,8,198120.0,2010-12-01 17:06:00
TX_0002474,KH_GUEST,21481,United Kingdom,3,153660.0,2010-12-01 17:06:00
TX_0002475,KH_GUEST,21484,United Kingdom,2,198120.0,2010-12-01 17:06:00
TX_0002476,KH_GUEST,21486,United Kingdom,7,109460.0,2010-12-01 17:06:00
TX_0002477,KH_GUEST,21488,United Kingdom,1,220220.0,2010-12-01 17:06:00
TX_0002478,KH_GUEST,21494,United Kingdom,2,131560.0,2010-12-01 17:06:00
TX_0002479,KH_GUEST,21519,United Kingdom,1,22100.0,2010-12-01 17:06:00
TX_0002480,KH_GUEST,21520,United Kingdom,1,22100.0,2010-12-01 17:06:00
TX_0002481,KH_GUEST,21524,United Kingdom,1,375180.0,2010-12-01 17:06:00
TX_0002482,KH_GUEST,21537,United Kingdom,2,220220.0,2010-12-01 17:06:00
TX_0002483,KH_GUEST,21544,United Kingdom,1,43160.0,2010-12-01 17:06:00
TX_0002484,KH_GUEST,21547,United Kingdom,1,153660.0,2010-12-01 17:06:00
TX_0002485,KH_GUEST,21557,United Kingdom,1,153660.0,2010-12-01 17:06:00
TX_0002486,KH_GUEST,21559,United Kingdom,1,131560.0,2010-12-01 17:06:00
TX_0002487,KH_GUEST,21576,United Kingdom,1,131560.0,2010-12-01 17:06:00
TX_0002488,KH_GUEST,21594,United Kingdom,1,109460.0,2010-12-01 17:06:00
TX_0002489,KH_GUEST,21638,United Kingdom,1,109460.0,2010-12-01 17:06:00
TX_0002490,KH_GUEST,21648,United Kingdom,3,65260.0,2010-12-01 17:06:00
TX_0002491,KH_GUEST,21656,United Kingdom,1,87360.0,2010-12-01 17:06:00
TX_0002492,KH_GUEST,21658,United Kingdom,1,220220.0,2010-12-01 17:06:00
TX_0002493,KH_GUEST,21671,United Kingdom,2,65260.0,2010-12-01 17:06:00
TX_0002494,KH_GUEST,21684,United Kingdom,1,65260.0,2010-12-01 17:06:00
TX_0002495,KH_GUEST,21698,United Kingdom,1,43160.0,2010-12-01 17:06:00
TX_0002496,KH_GUEST,21700,United Kingdom,1,220220.0,2010-12-01 17:06:00
TX_0002497,KH_GUEST,21705,United Kingdom,2,87360.0,2010-12-01 17:06:00
TX_0002498,KH_GUEST,21718,United Kingdom,1,65260.0,2010-12-01 17:06:00
TX_0002499,KH_GUEST,21731,United Kingdom,1,87360.0,2010-12-01 17:06:00
TX_0002500,KH_GUEST,21743,United Kingdom,1,153660.0,2010-12-01 17:06:00
TX_0002501,KH_GUEST,21745,United Kingdom,1,220220.0,2010-12-01 17:06:00
TX_0002502,KH_GUEST,21754,United Kingdom,1,308620.0,2010-12-01 17:06:00
TX_0002503,KH_GUEST,21755,United Kingdom,1,308620.0,2010-12-01 17:06:00
TX_0002504,KH_GUEST,21756,United Kingdom,1,308620.0,2010-12-01 17:06:00
TX_0002505,KH_GUEST,21773,United Kingdom,3,65260.0,2010-12-01 17:06:00
TX_0002506,KH_GUEST,21774,United Kingdom,5,65260.0,2010-12-01 17:06:00
TX_0002507,KH_GUEST,21775,United Kingdom,3,65260.0,2010-12-01 17:06:00
TX_0002508,KH_GUEST,21777,United Kingdom,2,206700.0,2010-12-01 17:06:00
TX_0002509,KH_GUEST,21786,United Kingdom,7,22100.0,2010-12-01 17:06:00
TX_0002510,KH_GUEST,21789,United Kingdom,2,43160.0,2010-12-01 17:06:00
TX_0002511,KH_GUEST,21790,United Kingdom,5,43160.0,2010-12-01 17:06:00
TX_0002512,KH_GUEST,21791,United Kingdom,1,65260.0,2010-12-01 17:06:00
TX_0002513,KH_GUEST,21801,United Kingdom,10,11180.0,2010-12-01 17:06:00
TX_0002514,KH_GUEST,21802,United Kingdom,17,11180.0,2010-12-01 17:06:00
TX_0002515,KH_GUEST,21803,United Kingdom,12,11180.0,2010-12-01 17:06:00
TX_0002516,KH_GUEST,21809,United Kingdom,1,65260.0,2010-12-01 17:06:00
TX_0002517,KH_GUEST,21813,United Kingdom,1,264420.0,2010-12-01 17:06:00
TX_0002518,KH_GUEST,21820,United Kingdom,1,198120.0,2010-12-01 17:06:00
TX_0002519,KH_GUEST,21821,United Kingdom,1,198120.0,2010-12-01 17:06:00
TX_0002520,KH_GUEST,21830,United Kingdom,1,22100.0,2010-12-01 17:06:00
TX_0002521,KH_GUEST,21832,United Kingdom,3,87360.0,2010-12-01 17:06:00
TX_0002522,KH_GUEST,21833,United Kingdom,2,87360.0,2010-12-01 17:06:00
TX_0002523,KH_GUEST,21844,United Kingdom,1,153660.0,2010-12-01 17:06:00
TX_0002524,KH_GUEST,21846,United Kingdom,4,109460.0,2010-12-01 17:06:00
TX_0002525,KH_GUEST,21851,United Kingdom,3,109460.0,2010-12-01 17:06:00
TX_0002526,KH_GUEST,21868,United Kingdom,2,87360.0,2010-12-01 17:06:00
TX_0002527,KH_GUEST,21871,United Kingdom,3,87360.0,2010-12-01 17:06:00
TX_0002528,KH_GUEST,21875,United Kingdom,1,87360.0,2010-12-01 17:06:00
TX_0002529,KH_GUEST,21879,United Kingdom,1,43160.0,2010-12-01 17:06:00
TX_0002530,KH_GUEST,21889,United Kingdom,2,65260.0,2010-12-01 17:06:00
TX_0002531,KH_GUEST,21891,United Kingdom,4,65260.0,2010-12-01 17:06:00
TX_0002532,KH_GUEST,21892,United Kingdom,1,65260.0,2010-12-01 17:06:00
TX_0002533,KH_GUEST,21896,United Kingdom,1,109460.0,2010-12-01 17:06:00
TX_0002534,KH_GUEST,21899,United Kingdom,1,43160.0,2010-12-01 17:06:00
TX_0002535,KH_GUEST,21906,United Kingdom,1,352820.0,2010-12-01 17:06:00
TX_0002536,KH_GUEST,21908,United Kingdom,1,109460.0,2010-12-01 17:06:00
TX_0002537,KH_GUEST,21914,United Kingdom,2,65260.0,2010-12-01 17:06:00
TX_0002538,KH_GUEST,21915,United Kingdom,3,65260.0,2010-12-01 17:06:00
TX_0002539,KH_GUEST,21929,United Kingdom,1,109460.0,2010-12-01 17:06:00
TX_0002540,KH_GUEST,21931,United Kingdom,1,109460.0,2010-12-01 17:06:00
TX_0002541,KH_GUEST,21934,United Kingdom,1,87360.0,2010-12-01 17:06:00
TX_0002542,KH_GUEST,21935,United Kingdom,2,87360.0,2010-12-01 17:06:00
TX_0002543,KH_GUEST,21942,United Kingdom,2,43160.0,2010-12-01 17:06:00
TX_0002544,KH_GUEST,21949,United Kingdom,2,65260.0,2010-12-01 17:06:00
TX_0002545,KH_GUEST,21974,United Kingdom,5,77480.0,2010-12-01 17:06:00
TX_0002546,KH_GUEST,21975,United Kingdom,11,33280.0,2010-12-01 17:06:00
TX_0002547,KH_GUEST,21976,United Kingdom,1,33280.0,2010-12-01 17:06:00
TX_0002548,KH_GUEST,21977,United Kingdom,21,33280.0,2010-12-01 17:06:00
TX_0002549,KH_GUEST,21981,United Kingdom,1,22100.0,2010-12-01 17:06:00
TX_0002550,KH_GUEST,21982,United Kingdom,2,22100.0,2010-12-01 17:06:00
TX_0002551,KH_GUEST,21984,United Kingdom,1,22100.0,2010-12-01 17:06:00
TX_0002552,KH_GUEST,21985,United Kingdom,1,22100.0,2010-12-01 17:06:00
TX_0002553,KH_GUEST,21990,United Kingdom,2,65260.0,2010-12-01 17:06:00
TX_0002554,KH_GUEST,21991,United Kingdom,2,65260.0,2010-12-01 17:06:00
TX_0002555,KH_GUEST,21992,United Kingdom,14,65260.0,2010-12-01 17:06:00
TX_0002556,KH_GUEST,21993,United Kingdom,6,65260.0,2010-12-01 17:06:00
TX_0002557,KH_GUEST,22064,United Kingdom,2,87360.0,2010-12-01 17:06:00
TX_0002558,KH_GUEST,22065,United Kingdom,1,87360.0,2010-12-01 17:06:00
TX_0002559,KH_GUEST,22077,United Kingdom,7,87360.0,2010-12-01 17:06:00
TX_0002560,KH_GUEST,22078,United Kingdom,1,109460.0,2010-12-01 17:06:00
TX_0002561,KH_GUEST,22081,United Kingdom,2,87360.0,2010-12-01 17:06:00
TX_0002562,KH_GUEST,22082,United Kingdom,6,87360.0,2010-12-01 17:06:00
TX_0002563,KH_GUEST,22083,United Kingdom,2,153660.0,2010-12-01 17:06:00
TX_0002564,KH_GUEST,22084,United Kingdom,1,153660.0,2010-12-01 17:06:00
TX_0002565,KH_GUEST,22086,United Kingdom,22,153660.0,2010-12-01 17:06:00
TX_0002566,KH_GUEST,22090,United Kingdom,1,153660.0,2010-12-01 17:06:00
TX_0002567,KH_GUEST,22091,United Kingdom,2,65260.0,2010-12-01 17:06:00
TX_0002568,KH_GUEST,22100,United Kingdom,1,65260.0,2010-12-01 17:06:00
TX_0002569,KH_GUEST,22109,United Kingdom,2,198120.0,2010-12-01 17:06:00
TX_0002570,KH_GUEST,22111,United Kingdom,3,286520.0,2010-12-01 17:06:00
TX_0002571,KH_GUEST,22112,United Kingdom,3,286520.0,2010-12-01 17:06:00
TX_0002572,KH_GUEST,22114,United Kingdom,3,220220.0,2010-12-01 17:06:00
TX_0002573,KH_GUEST,22117,United Kingdom,1,153660.0,2010-12-01 17:06:00
TX_0002574,KH_GUEST,22121,United Kingdom,1,308620.0,2010-12-01 17:06:00
TX_0002575,KH_GUEST,22124,United Kingdom,2,65260.0,2010-12-01 17:06:00
TX_0002576,KH_GUEST,22134,United Kingdom,4,22100.0,2010-12-01 17:06:00
TX_0002577,KH_GUEST,22135,United Kingdom,4,22100.0,2010-12-01 17:06:00
TX_0002578,KH_GUEST,22141,United Kingdom,4,109460.0,2010-12-01 17:06:00
TX_0002579,KH_GUEST,22142,United Kingdom,1,87360.0,2010-12-01 17:06:00
TX_0002580,KH_GUEST,22144,United Kingdom,2,109460.0,2010-12-01 17:06:00
TX_0002581,KH_GUEST,22147,United Kingdom,2,87360.0,2010-12-01 17:06:00
TX_0002582,KH_GUEST,22149,United Kingdom,2,109460.0,2010-12-01 17:06:00
TX_0002583,KH_GUEST,22161,United Kingdom,7,21060.0,2010-12-01 17:06:00
TX_0002584,KH_GUEST,22162,United Kingdom,3,87360.0,2010-12-01 17:06:00
TX_0002585,KH_GUEST,22165,United Kingdom,1,286520.0,2010-12-01 17:06:00
TX_0002586,KH_GUEST,22169,United Kingdom,1,441480.0,2010-12-01 17:06:00
TX_0002587,KH_GUEST,22174,United Kingdom,5,87360.0,2010-12-01 17:06:00
TX_0002588,KH_GUEST,22178,United Kingdom,8,65260.0,2010-12-01 17:06:00
TX_0002589,KH_GUEST,22182,United Kingdom,1,109460.0,2010-12-01 17:06:00
TX_0002590,KH_GUEST,22183,United Kingdom,2,153660.0,2010-12-01 17:06:00
TX_0002591,KH_GUEST,22184,United Kingdom,1,220220.0,2010-12-01 17:06:00
TX_0002592,KH_GUEST,22188,United Kingdom,2,220220.0,2010-12-01 17:06:00
TX_0002593,KH_GUEST,22190,United Kingdom,3,65260.0,2010-12-01 17:06:00
TX_0002594,KH_GUEST,22195,United Kingdom,4,87360.0,2010-12-01 17:06:00
TX_0002595,KH_GUEST,22197,United Kingdom,34,43160.0,2010-12-01 17:06:00
TX_0002596,KH_GUEST,22198,United Kingdom,2,87360.0,2010-12-01 17:06:00
TX_0002597,KH_GUEST,22207,United Kingdom,1,220220.0,2010-12-01 17:06:00
TX_0002598,KH_GUEST,22208,United Kingdom,1,87360.0,2010-12-01 17:06:00
TX_0002599,KH_GUEST,22245,United Kingdom,2,43160.0,2010-12-01 17:06:00
TX_0002600,KH_GUEST,22246,United Kingdom,2,109460.0,2010-12-01 17:06:00
TX_0002601,KH_GUEST,22260,United Kingdom,2,43160.0,2010-12-01 17:06:00
TX_0002602,KH_GUEST,22261,United Kingdom,2,43160.0,2010-12-01 17:06:00
TX_0002603,KH_GUEST,22262,United Kingdom,3,43160.0,2010-12-01 17:06:00
TX_0002604,KH_GUEST,22276,United Kingdom,2,153660.0,2010-12-01 17:06:00
TX_0002605,KH_GUEST,22277,United Kingdom,2,109460.0,2010-12-01 17:06:00
TX_0002606,KH_GUEST,22278,United Kingdom,1,286520.0,2010-12-01 17:06:00
TX_0002607,KH_GUEST,22283,United Kingdom,1,419380.0,2010-12-01 17:06:00
TX_0002608,KH_GUEST,22294,United Kingdom,3,65260.0,2010-12-01 17:06:00
TX_0002609,KH_GUEST,22300,United Kingdom,2,131560.0,2010-12-01 17:06:00
TX_0002610,KH_GUEST,22301,United Kingdom,2,131560.0,2010-12-01 17:06:00
TX_0002611,KH_GUEST,22304,United Kingdom,1,131560.0,2010-12-01 17:06:00
TX_0002612,KH_GUEST,22308,United Kingdom,1,131560.0,2010-12-01 17:06:00
TX_0002613,KH_GUEST,22309,United Kingdom,1,131560.0,2010-12-01 17:06:00
TX_0002614,KH_GUEST,22310,United Kingdom,1,87360.0,2010-12-01 17:06:00
TX_0002615,KH_GUEST,22311,United Kingdom,2,153660.0,2010-12-01 17:06:00
TX_0002616,KH_GUEST,22312,United Kingdom,1,153660.0,2010-12-01 17:06:00
TX_0002617,KH_GUEST,22314,United Kingdom,1,153660.0,2010-12-01 17:06:00
TX_0002618,KH_GUEST,22317,United Kingdom,2,153660.0,2010-12-01 17:06:00
TX_0002619,KH_GUEST,22324,United Kingdom,1,109460.0,2010-12-01 17:06:00
TX_0002620,KH_GUEST,22325,United Kingdom,1,308620.0,2010-12-01 17:06:00
TX_0002621,KH_GUEST,22331,United Kingdom,1,87360.0,2010-12-01 17:06:00
TX_0002622,KH_GUEST,22342,United Kingdom,1,87360.0,2010-12-01 17:06:00
TX_0002623,KH_GUEST,22348,United Kingdom,2,43160.0,2010-12-01 17:06:00
TX_0002624,KH_GUEST,22350,United Kingdom,2,131560.0,2010-12-01 17:06:00
TX_0002625,KH_GUEST,22352,United Kingdom,1,131560.0,2010-12-01 17:06:00
TX_0002626,KH_GUEST,22355,United Kingdom,2,43160.0,2010-12-01 17:06:00
TX_0002627,KH_GUEST,22356,United Kingdom,6,43160.0,2010-12-01 17:06:00
TX_0002628,KH_GUEST,22364,United Kingdom,1,153660.0,2010-12-01 17:06:00
TX_0002629,KH_GUEST,22371,United Kingdom,3,220220.0,2010-12-01 17:06:00
TX_0002630,KH_GUEST,22376,United Kingdom,2,220220.0,2010-12-01 17:06:00
TX_0002631,KH_GUEST,22379,United Kingdom,2,109460.0,2010-12-01 17:06:00
TX_0002632,KH_GUEST,22381,United Kingdom,1,109460.0,2010-12-01 17:06:00
TX_0002633,KH_GUEST,22386,United Kingdom,3,109460.0,2010-12-01 17:06:00
TX_0002634,KH_GUEST,22393,United Kingdom,1,131560.0,2010-12-01 17:06:00
TX_0002635,KH_GUEST,22396,United Kingdom,1,65260.0,2010-12-01 17:06:00
TX_0002636,KH_GUEST,22405,United Kingdom,1,65260.0,2010-12-01 17:06:00
TX_0002637,KH_GUEST,22409,United Kingdom,1,65260.0,2010-12-01 17:06:00
TX_0002638,KH_GUEST,22411,United Kingdom,2,109460.0,2010-12-01 17:06:00
TX_0002639,KH_GUEST,22413,United Kingdom,1,153660.0,2010-12-01 17:06:00
TX_0002640,KH_GUEST,22419,United Kingdom,7,22100.0,2010-12-01 17:06:00
TX_0002641,KH_GUEST,22420,United Kingdom,2,22100.0,2010-12-01 17:06:00
TX_0002642,KH_GUEST,22421,United Kingdom,3,22100.0,2010-12-01 17:06:00
TX_0002643,KH_GUEST,22422,United Kingdom,2,33280.0,2010-12-01 17:06:00
TX_0002644,KH_GUEST,22423,United Kingdom,47,330720.0,2010-12-01 17:06:00
TX_0002645,KH_GUEST,22425,United Kingdom,1,264420.0,2010-12-01 17:06:00
TX_0002646,KH_GUEST,22427,United Kingdom,1,308620.0,2010-12-01 17:06:00
TX_0002647,KH_GUEST,22428,United Kingdom,1,375180.0,2010-12-01 17:06:00
TX_0002648,KH_GUEST,22449,United Kingdom,1,176020.0,2010-12-01 17:06:00
TX_0002649,KH_GUEST,22451,United Kingdom,1,176020.0,2010-12-01 17:06:00
TX_0002650,KH_GUEST,22458,United Kingdom,1,131560.0,2010-12-01 17:06:00
TX_0002651,KH_GUEST,22459,United Kingdom,1,131560.0,2010-12-01 17:06:00
TX_0002652,KH_GUEST,22467,United Kingdom,1,131560.0,2010-12-01 17:06:00
TX_0002653,KH_GUEST,22469,United Kingdom,11,87360.0,2010-12-01 17:06:00
TX_0002654,KH_GUEST,22472,United Kingdom,3,286520.0,2010-12-01 17:06:00
TX_0002655,KH_GUEST,22487,United Kingdom,1,529880.0,2010-12-01 17:06:00
TX_0002656,KH_GUEST,22489,United Kingdom,2,22100.0,2010-12-01 17:06:00
TX_0002657,KH_GUEST,22499,United Kingdom,1,330720.0,2010-12-01 17:06:00
TX_0002658,KH_GUEST,22501,United Kingdom,2,551980.0,2010-12-01 17:06:00
TX_0002659,KH_GUEST,22503,United Kingdom,1,1547780.0,2010-12-01 17:06:00
TX_0002660,KH_GUEST,22508,United Kingdom,2,198120.0,2010-12-01 17:06:00
TX_0002661,KH_GUEST,22530,United Kingdom,3,22100.0,2010-12-01 17:06:00
TX_0002662,KH_GUEST,22531,United Kingdom,1,22100.0,2010-12-01 17:06:00
TX_0002663,KH_GUEST,22534,United Kingdom,1,22100.0,2010-12-01 17:06:00
TX_0002664,KH_GUEST,22536,United Kingdom,1,22100.0,2010-12-01 17:06:00
TX_0002665,KH_GUEST,22537,United Kingdom,1,22100.0,2010-12-01 17:06:00
TX_0002666,KH_GUEST,22539,United Kingdom,1,22100.0,2010-12-01 17:06:00
TX_0002667,KH_GUEST,22544,United Kingdom,1,22100.0,2010-12-01 17:06:00
TX_0002668,KH_GUEST,22547,United Kingdom,1,22100.0,2010-12-01 17:06:00
TX_0002669,KH_GUEST,22553,United Kingdom,1,87360.0,2010-12-01 17:06:00
TX_0002670,KH_GUEST,22557,United Kingdom,1,87360.0,2010-12-01 17:06:00
TX_0002671,KH_GUEST,22560,United Kingdom,1,65260.0,2010-12-01 17:06:00
TX_0002672,KH_GUEST,22561,United Kingdom,1,87360.0,2010-12-01 17:06:00
TX_0002673,KH_GUEST,22565,United Kingdom,1,43160.0,2010-12-01 17:06:00
TX_0002674,KH_GUEST,22566,United Kingdom,1,43160.0,2010-12-01 17:06:00
TX_0002675,KH_GUEST,22569,United Kingdom,2,198120.0,2010-12-01 17:06:00
TX_0002676,KH_GUEST,22570,United Kingdom,1,198120.0,2010-12-01 17:06:00
TX_0002677,KH_GUEST,22571,United Kingdom,1,43160.0,2010-12-01 17:06:00
TX_0002678,KH_GUEST,22580,United Kingdom,1,308620.0,2010-12-01 17:06:00
TX_0002679,KH_GUEST,22581,United Kingdom,1,43160.0,2010-12-01 17:06:00
TX_0002680,KH_GUEST,22582,United Kingdom,2,131560.0,2010-12-01 17:06:00
TX_0002681,KH_GUEST,22583,United Kingdom,1,131560.0,2010-12-01 17:06:00
TX_0002682,KH_GUEST,22584,United Kingdom,1,131560.0,2010-12-01 17:06:00
TX_0002683,KH_GUEST,22586,United Kingdom,1,43160.0,2010-12-01 17:06:00
TX_0002684,KH_GUEST,22587,United Kingdom,2,43160.0,2010-12-01 17:06:00
TX_0002685,KH_GUEST,22588,United Kingdom,5,131560.0,2010-12-01 17:06:00
TX_0002686,KH_GUEST,22589,United Kingdom,2,131560.0,2010-12-01 17:06:00
TX_0002687,KH_GUEST,22600,United Kingdom,2,43160.0,2010-12-01 17:06:00
TX_0002688,KH_GUEST,22601,United Kingdom,3,43160.0,2010-12-01 17:06:00
TX_0002689,KH_GUEST,22602,United Kingdom,1,43160.0,2010-12-01 17:06:00
TX_0002690,KH_GUEST,22603,United Kingdom,1,43160.0,2010-12-01 17:06:00
TX_0002691,KH_GUEST,22619,United Kingdom,1,198120.0,2010-12-01 17:06:00
TX_0002692,KH_GUEST,22620,United Kingdom,2,65260.0,2010-12-01 17:06:00
TX_0002693,KH_GUEST,22622,United Kingdom,1,551980.0,2010-12-01 17:06:00
TX_0002694,KH_GUEST,22624,United Kingdom,1,441480.0,2010-12-01 17:06:00
TX_0002695,KH_GUEST,22625,United Kingdom,1,441480.0,2010-12-01 17:06:00
TX_0002696,KH_GUEST,22631,United Kingdom,1,109460.0,2010-12-01 17:06:00
TX_0002697,KH_GUEST,22632,United Kingdom,1,109460.0,2010-12-01 17:06:00
TX_0002698,KH_GUEST,22637,United Kingdom,1,131560.0,2010-12-01 17:06:00
TX_0002699,KH_GUEST,22645,United Kingdom,1,87360.0,2010-12-01 17:06:00
TX_0002700,KH_GUEST,22649,United Kingdom,2,286520.0,2010-12-01 17:06:00
TX_0002701,KH_GUEST,22651,United Kingdom,1,43160.0,2010-12-01 17:06:00
TX_0002702,KH_GUEST,22659,United Kingdom,1,109460.0,2010-12-01 17:06:00
TX_0002703,KH_GUEST,22663,United Kingdom,3,109460.0,2010-12-01 17:06:00
TX_0002704,KH_GUEST,22664,United Kingdom,3,109460.0,2010-12-01 17:06:00
TX_0002705,KH_GUEST,22665,United Kingdom,1,153660.0,2010-12-01 17:06:00
TX_0002706,KH_GUEST,22666,United Kingdom,1,153660.0,2010-12-01 17:06:00
TX_0002707,KH_GUEST,22668,United Kingdom,1,153660.0,2010-12-01 17:06:00
TX_0002708,KH_GUEST,22669,United Kingdom,3,153660.0,2010-12-01 17:06:00
TX_0002709,KH_GUEST,22673,United Kingdom,1,65260.0,2010-12-01 17:06:00
TX_0002710,KH_GUEST,22678,United Kingdom,1,65260.0,2010-12-01 17:06:00
TX_0002711,KH_GUEST,22692,United Kingdom,1,206700.0,2010-12-01 17:06:00
TX_0002712,KH_GUEST,22694,United Kingdom,1,109460.0,2010-12-01 17:06:00
TX_0002713,KH_GUEST,22696,United Kingdom,1,109460.0,2010-12-01 17:06:00
TX_0002714,KH_GUEST,22697,United Kingdom,3,153660.0,2010-12-01 17:06:00
TX_0002715,KH_GUEST,22699,United Kingdom,4,153660.0,2010-12-01 17:06:00
TX_0002716,KH_GUEST,22712,United Kingdom,1,22100.0,2010-12-01 17:06:00
TX_0002717,KH_GUEST,22713,United Kingdom,4,22100.0,2010-12-01 17:06:00
TX_0002718,KH_GUEST,22726,United Kingdom,2,198120.0,2010-12-01 17:06:00
TX_0002719,KH_GUEST,22734,United Kingdom,1,131560.0,2010-12-01 17:06:00
TX_0002720,KH_GUEST,22735,United Kingdom,3,87360.0,2010-12-01 17:06:00
TX_0002721,KH_GUEST,22737,United Kingdom,2,87360.0,2010-12-01 17:06:00
TX_0002722,KH_GUEST,22738,United Kingdom,1,87360.0,2010-12-01 17:06:00
TX_0002723,KH_GUEST,22739,United Kingdom,7,87360.0,2010-12-01 17:06:00
TX_0002724,KH_GUEST,22741,United Kingdom,3,43160.0,2010-12-01 17:06:00
TX_0002725,KH_GUEST,22742,United Kingdom,1,153660.0,2010-12-01 17:06:00
TX_0002726,KH_GUEST,22745,United Kingdom,1,109460.0,2010-12-01 17:06:00
TX_0002727,KH_GUEST,22746,United Kingdom,2,109460.0,2010-12-01 17:06:00
TX_0002728,KH_GUEST,22747,United Kingdom,1,109460.0,2010-12-01 17:06:00
TX_0002729,KH_GUEST,22748,United Kingdom,1,109460.0,2010-12-01 17:06:00
TX_0002730,KH_GUEST,22749,United Kingdom,2,198120.0,2010-12-01 17:06:00
TX_0002731,KH_GUEST,22751,United Kingdom,1,198120.0,2010-12-01 17:06:00
TX_0002732,KH_GUEST,22754,United Kingdom,2,43160.0,2010-12-01 17:06:00
TX_0002733,KH_GUEST,22756,United Kingdom,1,65260.0,2010-12-01 17:06:00
TX_0002734,KH_GUEST,22758,United Kingdom,2,65260.0,2010-12-01 17:06:00
TX_0002735,KH_GUEST,22759,United Kingdom,5,87360.0,2010-12-01 17:06:00
TX_0002736,KH_GUEST,22775,United Kingdom,3,65260.0,2010-12-01 17:06:00
TX_0002737,KH_GUEST,22781,United Kingdom,1,397280.0,2010-12-01 17:06:00
TX_0002738,KH_GUEST,22788,United Kingdom,1,529880.0,2010-12-01 17:06:00
TX_0002739,KH_GUEST,22791,United Kingdom,4,65260.0,2010-12-01 17:06:00
TX_0002740,KH_GUEST,22792,United Kingdom,4,43160.0,2010-12-01 17:06:00
TX_0002741,KH_GUEST,22794,United Kingdom,1,419380.0,2010-12-01 17:06:00
TX_0002742,KH_GUEST,22795,United Kingdom,3,352820.0,2010-12-01 17:06:00
TX_0002743,KH_GUEST,22798,United Kingdom,2,153660.0,2010-12-01 17:06:00
TX_0002744,KH_GUEST,22800,United Kingdom,2,198120.0,2010-12-01 17:06:00
TX_0002745,KH_GUEST,22801,United Kingdom,2,198120.0,2010-12-01 17:06:00
TX_0002746,KH_GUEST,22805,United Kingdom,4,65260.0,2010-12-01 17:06:00
TX_0002747,KH_GUEST,22810,United Kingdom,1,153660.0,2010-12-01 17:06:00
TX_0002748,KH_GUEST,22812,United Kingdom,3,109460.0,2010-12-01 17:06:00
TX_0002749,KH_GUEST,22813,United Kingdom,2,109460.0,2010-12-01 17:06:00
TX_0002750,KH_GUEST,22814,United Kingdom,5,22100.0,2010-12-01 17:06:00
TX_0002751,KH_GUEST,22831,United Kingdom,1,153660.0,2010-12-01 17:06:00
TX_0002752,KH_GUEST,22834,United Kingdom,3,109460.0,2010-12-01 17:06:00
TX_0002753,KH_GUEST,22835,United Kingdom,5,242320.0,2010-12-01 17:06:00
TX_0002754,KH_GUEST,22837,United Kingdom,3,242320.0,2010-12-01 17:06:00
TX_0002755,KH_GUEST,22841,United Kingdom,1,419380.0,2010-12-01 17:06:00
TX_0002756,KH_GUEST,22844,United Kingdom,1,441480.0,2010-12-01 17:06:00
TX_0002757,KH_GUEST,22854,United Kingdom,1,286520.0,2010-12-01 17:06:00
TX_0002758,KH_GUEST,22855,United Kingdom,1,65260.0,2010-12-01 17:06:00
TX_0002759,KH_GUEST,22862,United Kingdom,1,220220.0,2010-12-01 17:06:00
TX_0002760,KH_GUEST,22863,United Kingdom,1,153660.0,2010-12-01 17:06:00
TX_0002761,KH_GUEST,22865,United Kingdom,7,109460.0,2010-12-01 17:06:00
TX_0002762,KH_GUEST,22866,United Kingdom,4,109460.0,2010-12-01 17:06:00
TX_0002763,KH_GUEST,22867,United Kingdom,2,109460.0,2010-12-01 17:06:00
TX_0002764,KH_GUEST,22870,United Kingdom,1,109460.0,2010-12-01 17:06:00
TX_0002765,KH_GUEST,22890,United Kingdom,1,529880.0,2010-12-01 17:06:00
TX_0002766,KH_GUEST,22895,United Kingdom,5,153660.0,2010-12-01 17:06:00
TX_0002767,KH_GUEST,22897,United Kingdom,1,77480.0,2010-12-01 17:06:00
TX_0002768,KH_GUEST,22898,United Kingdom,2,109460.0,2010-12-01 17:06:00
TX_0002769,KH_GUEST,22900,United Kingdom,1,153660.0,2010-12-01 17:06:00
TX_0002770,KH_GUEST,22904,United Kingdom,1,153660.0,2010-12-01 17:06:00
TX_0002771,KH_GUEST,22906,United Kingdom,1,87360.0,2010-12-01 17:06:00
TX_0002772,KH_GUEST,22909,United Kingdom,7,43160.0,2010-12-01 17:06:00
TX_0002773,KH_GUEST,22910,United Kingdom,10,153660.0,2010-12-01 17:06:00
TX_0002774,KH_GUEST,22915,United Kingdom,1,131560.0,2010-12-01 17:06:00
TX_0002775,KH_GUEST,22916,United Kingdom,1,43160.0,2010-12-01 17:06:00
TX_0002776,KH_GUEST,22917,United Kingdom,1,43160.0,2010-12-01 17:06:00
TX_0002777,KH_GUEST,22918,United Kingdom,1,43160.0,2010-12-01 17:06:00
TX_0002778,KH_GUEST,22919,United Kingdom,1,43160.0,2010-12-01 17:06:00
TX_0002779,KH_GUEST,22920,United Kingdom,1,43160.0,2010-12-01 17:06:00
TX_0002780,KH_GUEST,22921,United Kingdom,1,43160.0,2010-12-01 17:06:00
TX_0002781,KH_GUEST,22940,United Kingdom,3,220220.0,2010-12-01 17:06:00
TX_0002782,KH_GUEST,22941,United Kingdom,4,441480.0,2010-12-01 17:06:00
TX_0002783,KH_GUEST,22944,United Kingdom,1,419380.0,2010-12-01 17:06:00
TX_0002784,KH_GUEST,22945,United Kingdom,2,286520.0,2010-12-01 17:06:00
TX_0002785,KH_GUEST,22946,United Kingdom,1,884000.0,2010-12-01 17:06:00
TX_0002786,KH_GUEST,22947,United Kingdom,1,884000.0,2010-12-01 17:06:00
TX_0002787,KH_GUEST,22948,United Kingdom,2,176020.0,2010-12-01 17:06:00
TX_0002788,KH_GUEST,22951,United Kingdom,2,33280.0,2010-12-01 17:06:00
TX_0002789,KH_GUEST,22952,United Kingdom,7,33280.0,2010-12-01 17:06:00
TX_0002790,KH_GUEST,22961,United Kingdom,1,87360.0,2010-12-01 17:06:00
TX_0002791,KH_GUEST,22968,United Kingdom,3,529880.0,2010-12-01 17:06:00
TX_0002792,KH_GUEST,22969,United Kingdom,9,87360.0,2010-12-01 17:06:00
TX_0002793,KH_GUEST,22972,United Kingdom,1,87360.0,2010-12-01 17:06:00
TX_0002794,KH_GUEST,22973,United Kingdom,1,87360.0,2010-12-01 17:06:00
TX_0002795,KH_GUEST,22974,United Kingdom,1,87360.0,2010-12-01 17:06:00
TX_0002796,KH_GUEST,22975,United Kingdom,2,65260.0,2010-12-01 17:06:00
TX_0002797,KH_GUEST,22976,United Kingdom,2,65260.0,2010-12-01 17:06:00
TX_0002798,KH_GUEST,22977,United Kingdom,1,65260.0,2010-12-01 17:06:00
TX_0002799,KH_GUEST,22988,United Kingdom,7,65260.0,2010-12-01 17:06:00
TX_0002800,KH_GUEST,35095A,United Kingdom,1,21840.0,2010-12-01 17:06:00
TX_0002801,KH_GUEST,35471D,United Kingdom,1,65260.0,2010-12-01 17:06:00
TX_0002802,KH_GUEST,35598B,United Kingdom,1,176020.0,2010-12-01 17:06:00
TX_0002803,KH_GUEST,35599D,United Kingdom,1,153660.0,2010-12-01 17:06:00
TX_0002804,KH_GUEST,35637A,United Kingdom,1,507780.0,2010-12-01 17:06:00
TX_0002805,KH_GUEST,35916B,United Kingdom,1,43160.0,2010-12-01 17:06:00
TX_0002806,KH_GUEST,35916C,United Kingdom,1,43160.0,2010-12-01 17:06:00
TX_0002807,KH_GUEST,35957,United Kingdom,5,43160.0,2010-12-01 17:06:00
TX_0002808,KH_GUEST,35961,United Kingdom,4,43160.0,2010-12-01 17:06:00
TX_0002809,KH_GUEST,35964,United Kingdom,1,43160.0,2010-12-01 17:06:00
TX_0002810,KH_GUEST,35965,United Kingdom,4,87360.0,2010-12-01 17:06:00
TX_0002811,KH_GUEST,35967,United Kingdom,3,43160.0,2010-12-01 17:06:00
TX_0002812,KH_GUEST,37370,United Kingdom,1,419380.0,2010-12-01 17:06:00
TX_0002813,KH_GUEST,37444C,United Kingdom,1,153660.0,2010-12-01 17:06:00
TX_0002814,KH_GUEST,37446,United Kingdom,1,87360.0,2010-12-01 17:06:00
TX_0002815,KH_GUEST,37450,United Kingdom,1,153660.0,2010-12-01 17:06:00
TX_0002816,KH_GUEST,37491A,United Kingdom,1,87360.0,2010-12-01 17:06:00
TX_0002817,KH_GUEST,46775D,United Kingdom,1,286520.0,2010-12-01 17:06:00
TX_0002818,KH_GUEST,46776B,United Kingdom,1,109460.0,2010-12-01 17:06:00
TX_0002819,KH_GUEST,47563A,United Kingdom,1,153660.0,2010-12-01 17:06:00
TX_0002820,KH_GUEST,47566B,United Kingdom,1,220220.0,2010-12-01 17:06:00
TX_0002821,KH_GUEST,47567B,United Kingdom,1,330720.0,2010-12-01 17:06:00
TX_0002822,KH_GUEST,47590A,United Kingdom,1,286520.0,2010-12-01 17:06:00
TX_0002823,KH_GUEST,47590B,United Kingdom,1,286520.0,2010-12-01 17:06:00
TX_0002824,KH_GUEST,47591B,United Kingdom,22,43160.0,2010-12-01 17:06:00
TX_0002825,KH_GUEST,47591D,United Kingdom,3,109460.0,2010-12-01 17:06:00
TX_0002826,KH_GUEST,47593B,United Kingdom,3,22100.0,2010-12-01 17:06:00
TX_0002827,KH_GUEST,47594A,United Kingdom,1,109460.0,2010-12-01 17:06:00
TX_0002828,KH_GUEST,47599A,United Kingdom,1,109460.0,2010-12-01 17:06:00
TX_0002829,KH_GUEST,48111,United Kingdom,1,375180.0,2010-12-01 17:06:00
TX_0002830,KH_GUEST,48138,United Kingdom,1,375180.0,2010-12-01 17:06:00
TX_0002831,KH_GUEST,48187,United Kingdom,1,375180.0,2010-12-01 17:06:00
TX_0002832,KH_GUEST,48194,United Kingdom,1,375180.0,2010-12-01 17:06:00
TX_0002833,KH_GUEST,51014A,United Kingdom,1,43160.0,2010-12-01 17:06:00
TX_0002834,KH_GUEST,51014C,United Kingdom,1,43160.0,2010-12-01 17:06:00
TX_0002835,KH_GUEST,70006,United Kingdom,2,87360.0,2010-12-01 17:06:00
TX_0002836,KH_GUEST,70007,United Kingdom,1,87360.0,2010-12-01 17:06:00
TX_0002837,KH_GUEST,71477,United Kingdom,1,176020.0,2010-12-01 17:06:00
TX_0002838,KH_GUEST,71496A,United Kingdom,2,38740.0,2010-12-01 17:06:00
TX_0002839,KH_GUEST,72134,United Kingdom,1,43160.0,2010-12-01 17:06:00
TX_0002840,KH_GUEST,72741,United Kingdom,3,73320.0,2010-12-01 17:06:00
TX_0002841,KH_GUEST,72807A,United Kingdom,1,220220.0,2010-12-01 17:06:00
TX_0002842,KH_GUEST,72816,United Kingdom,5,65260.0,2010-12-01 17:06:00
TX_0002843,KH_GUEST,72817,United Kingdom,1,43160.0,2010-12-01 17:06:00
TX_0002844,KH_GUEST,79067,United Kingdom,1,220220.0,2010-12-01 17:06:00
TX_0002845,KH_GUEST,79302M,United Kingdom,1,153660.0,2010-12-01 17:06:00
TX_0002846,KH_GUEST,79321,United Kingdom,2,264420.0,2010-12-01 17:06:00
TX_0002847,KH_GUEST,82551,United Kingdom,2,65260.0,2010-12-01 17:06:00
TX_0002848,KH_GUEST,82552,United Kingdom,1,65260.0,2010-12-01 17:06:00
TX_0002849,KH_GUEST,82578,United Kingdom,1,33280.0,2010-12-01 17:06:00
TX_0002850,KH_GUEST,82580,United Kingdom,3,33280.0,2010-12-01 17:06:00
TX_0002851,KH_GUEST,82582,United Kingdom,1,109460.0,2010-12-01 17:06:00
TX_0002852,KH_GUEST,82599,United Kingdom,2,109460.0,2010-12-01 17:06:00
TX_0002853,KH_GUEST,82613B,United Kingdom,1,65260.0,2010-12-01 17:06:00
TX_0002854,KH_GUEST,82613C,United Kingdom,1,65260.0,2010-12-01 17:06:00
TX_0002855,KH_GUEST,82613D,United Kingdom,3,65260.0,2010-12-01 17:06:00
TX_0002856,KH_GUEST,82616C,United Kingdom,1,65260.0,2010-12-01 17:06:00
TX_0002857,KH_GUEST,84029E,United Kingdom,1,198120.0,2010-12-01 17:06:00
TX_0002858,KH_GUEST,84029G,United Kingdom,2,198120.0,2010-12-01 17:06:00
TX_0002859,KH_GUEST,84031B,United Kingdom,1,109460.0,2010-12-01 17:06:00
TX_0002860,KH_GUEST,84032A,United Kingdom,8,87360.0,2010-12-01 17:06:00
TX_0002861,KH_GUEST,84032B,United Kingdom,1,87360.0,2010-12-01 17:06:00
TX_0002862,KH_GUEST,84086C,United Kingdom,1,109460.0,2010-12-01 17:06:00
TX_0002863,KH_GUEST,84279P,United Kingdom,1,220220.0,2010-12-01 17:06:00
TX_0002864,KH_GUEST,84347,United Kingdom,1,131560.0,2010-12-01 17:06:00
TX_0002865,KH_GUEST,84375,United Kingdom,1,109460.0,2010-12-01 17:06:00
TX_0002866,KH_GUEST,84378,United Kingdom,1,65260.0,2010-12-01 17:06:00
TX_0002867,KH_GUEST,84380,United Kingdom,1,65260.0,2010-12-01 17:06:00
TX_0002868,KH_GUEST,84459B,United Kingdom,1,87360.0,2010-12-01 17:06:00
TX_0002869,KH_GUEST,84509A,United Kingdom,2,198120.0,2010-12-01 17:06:00
TX_0002870,KH_GUEST,84510A,United Kingdom,2,65260.0,2010-12-01 17:06:00
TX_0002871,KH_GUEST,84520B,United Kingdom,2,43160.0,2010-12-01 17:06:00
TX_0002872,KH_GUEST,84536A,United Kingdom,1,22100.0,2010-12-01 17:06:00
TX_0002873,KH_GUEST,84536B,United Kingdom,1,22100.0,2010-12-01 17:06:00
TX_0002874,KH_GUEST,84559A,United Kingdom,1,43940.0,2010-12-01 17:06:00
TX_0002875,KH_GUEST,84559B,United Kingdom,1,43940.0,2010-12-01 17:06:00
TX_0002876,KH_GUEST,84580,United Kingdom,2,109460.0,2010-12-01 17:06:00
TX_0002877,KH_GUEST,84596J,United Kingdom,1,65260.0,2010-12-01 17:06:00
TX_0002878,KH_GUEST,84609,United Kingdom,1,441480.0,2010-12-01 17:06:00
TX_0002879,KH_GUEST,84659A,United Kingdom,3,65260.0,2010-12-01 17:06:00
TX_0002880,KH_GUEST,84663A,United Kingdom,1,153660.0,2010-12-01 17:06:00
TX_0002881,KH_GUEST,84692,United Kingdom,3,22100.0,2010-12-01 17:06:00
TX_0002882,KH_GUEST,84754,United Kingdom,1,65260.0,2010-12-01 17:06:00
TX_0002883,KH_GUEST,84755,United Kingdom,4,33020.0,2010-12-01 17:06:00
TX_0002884,KH_GUEST,84828,United Kingdom,2,65260.0,2010-12-01 17:06:00
TX_0002885,KH_GUEST,84832,United Kingdom,1,43160.0,2010-12-01 17:06:00
TX_0002886,KH_GUEST,84856L,United Kingdom,1,308620.0,2010-12-01 17:06:00
TX_0002887,KH_GUEST,84879,United Kingdom,8,82940.0,2010-12-01 17:06:00
TX_0002888,KH_GUEST,84912B,United Kingdom,1,87360.0,2010-12-01 17:06:00
TX_0002889,KH_GUEST,84913B,United Kingdom,2,87360.0,2010-12-01 17:06:00
TX_0002890,KH_GUEST,84915,United Kingdom,2,109460.0,2010-12-01 17:06:00
TX_0002891,KH_GUEST,84923,United Kingdom,1,109460.0,2010-12-01 17:06:00
TX_0002892,KH_GUEST,84946,United Kingdom,28,65260.0,2010-12-01 17:06:00
TX_0002893,KH_GUEST,84950,United Kingdom,18,25740.0,2010-12-01 17:06:00
TX_0002894,KH_GUEST,84969,United Kingdom,1,220220.0,2010-12-01 17:06:00
TX_0002895,KH_GUEST,84970L,United Kingdom,3,55380.0,2010-12-01 17:06:00
TX_0002896,KH_GUEST,84970S,United Kingdom,1,55380.0,2010-12-01 17:06:00
TX_0002897,KH_GUEST,84971S,United Kingdom,3,43160.0,2010-12-01 17:06:00
TX_0002898,KH_GUEST,84976,United Kingdom,1,87360.0,2010-12-01 17:06:00
TX_0002899,KH_GUEST,84988,United Kingdom,5,77480.0,2010-12-01 17:06:00
TX_0002900,KH_GUEST,84992,United Kingdom,1,33280.0,2010-12-01 17:06:00
TX_0002901,KH_GUEST,85008,United Kingdom,1,264420.0,2010-12-01 17:06:00
TX_0002902,KH_GUEST,85015,United Kingdom,2,65260.0,2010-12-01 17:06:00
TX_0002903,KH_GUEST,85017A,United Kingdom,1,22100.0,2010-12-01 17:06:00
TX_0002904,KH_GUEST,85017B,United Kingdom,1,22100.0,2010-12-01 17:06:00
TX_0002905,KH_GUEST,85032D,United Kingdom,4,43160.0,2010-12-01 17:06:00
TX_0002906,KH_GUEST,85040B,United Kingdom,2,87360.0,2010-12-01 17:06:00
TX_0002907,KH_GUEST,85048,United Kingdom,1,441480.0,2010-12-01 17:06:00
TX_0002908,KH_GUEST,85049A,United Kingdom,3,65260.0,2010-12-01 17:06:00
TX_0002909,KH_GUEST,85049E,United Kingdom,5,65260.0,2010-12-01 17:06:00
TX_0002910,KH_GUEST,85049G,United Kingdom,1,65260.0,2010-12-01 17:06:00
TX_0002911,KH_GUEST,85053,United Kingdom,1,109460.0,2010-12-01 17:06:00
TX_0002912,KH_GUEST,85064,United Kingdom,1,286520.0,2010-12-01 17:06:00
TX_0002913,KH_GUEST,85099B,United Kingdom,1,109460.0,2010-12-01 17:06:00
TX_0002914,KH_GUEST,85099F,United Kingdom,1,109460.0,2010-12-01 17:06:00
TX_0002915,KH_GUEST,85114A,United Kingdom,4,87360.0,2010-12-01 17:06:00
TX_0002916,KH_GUEST,85114B,United Kingdom,1,87360.0,2010-12-01 17:06:00
TX_0002917,KH_GUEST,85114C,United Kingdom,2,87360.0,2010-12-01 17:06:00
TX_0002918,KH_GUEST,85116,United Kingdom,1,43160.0,2010-12-01 17:06:00
TX_0002919,KH_GUEST,85123A,United Kingdom,9,153660.0,2010-12-01 17:06:00
TX_0002920,KH_GUEST,85131B,United Kingdom,1,22100.0,2010-12-01 17:06:00
TX_0002921,KH_GUEST,85131D,United Kingdom,1,22100.0,2010-12-01 17:06:00
TX_0002922,KH_GUEST,85132A,United Kingdom,1,220220.0,2010-12-01 17:06:00
TX_0002923,KH_GUEST,85135B,United Kingdom,1,220220.0,2010-12-01 17:06:00
TX_0002924,KH_GUEST,85136A,United Kingdom,2,220220.0,2010-12-01 17:06:00
TX_0002925,KH_GUEST,85136C,United Kingdom,1,220220.0,2010-12-01 17:06:00
TX_0002926,KH_GUEST,85150,United Kingdom,1,131560.0,2010-12-01 17:06:00
TX_0002927,KH_GUEST,85170D,United Kingdom,1,109460.0,2010-12-01 17:06:00
TX_0002928,KH_GUEST,85199L,United Kingdom,1,33280.0,2010-12-01 17:06:00
TX_0002929,KH_GUEST,85212,United Kingdom,4,43160.0,2010-12-01 17:06:00
TX_0002930,KH_GUEST,85227,United Kingdom,2,43160.0,2010-12-01 17:06:00
TX_0002931,KH_GUEST,85231B,United Kingdom,1,43160.0,2010-12-01 17:06:00
TX_0002932,KH_GUEST,85232B,United Kingdom,1,128700.0,2010-12-01 17:06:00
TX_0002933,KH_GUEST,85232D,United Kingdom,1,264420.0,2010-12-01 17:06:00
TX_0002934,KH_GUEST,90013B,United Kingdom,1,110240.0,2010-12-01 17:06:00
TX_0002935,KH_GUEST,90018B,United Kingdom,1,110240.0,2010-12-01 17:06:00
TX_0002936,KH_GUEST,90019B,United Kingdom,1,143260.0,2010-12-01 17:06:00
TX_0002937,KH_GUEST,90024C,United Kingdom,1,220740.0,2010-12-01 17:06:00
TX_0002938,KH_GUEST,90036F,United Kingdom,1,209820.0,2010-12-01 17:06:00
TX_0002939,KH_GUEST,90040B,United Kingdom,1,99060.0,2010-12-01 17:06:00
TX_0002940,KH_GUEST,90051,United Kingdom,1,187720.0,2010-12-01 17:06:00
TX_0002941,KH_GUEST,90054,United Kingdom,1,66040.0,2010-12-01 17:06:00
TX_0002942,KH_GUEST,90077,United Kingdom,1,76960.0,2010-12-01 17:06:00
TX_0002943,KH_GUEST,90124B,United Kingdom,1,264420.0,2010-12-01 17:06:00
TX_0002944,KH_GUEST,90134,United Kingdom,1,76960.0,2010-12-01 17:06:00
TX_0002945,KH_GUEST,90138,United Kingdom,1,143260.0,2010-12-01 17:06:00
TX_0002946,KH_GUEST,90161A,United Kingdom,1,132340.0,2010-12-01 17:06:00
TX_0002947,KH_GUEST,90161B,United Kingdom,2,132340.0,2010-12-01 17:06:00
TX_0002948,KH_GUEST,90166,United Kingdom,1,110240.0,2010-12-01 17:06:00
TX_0002949,KH_GUEST,90173,United Kingdom,1,99060.0,2010-12-01 17:06:00
TX_0002950,KH_GUEST,90177C,United Kingdom,1,76960.0,2010-12-01 17:06:00
TX_0002951,KH_GUEST,90177E,United Kingdom,1,76960.0,2010-12-01 17:06:00
TX_0002952,KH_GUEST,90181B,United Kingdom,1,242840.0,2010-12-01 17:06:00
TX_0002953,KH_GUEST,90192,United Kingdom,1,132340.0,2010-12-01 17:06:00
TX_0002954,KH_GUEST,90200C,United Kingdom,1,110240.0,2010-12-01 17:06:00
TX_0002955,KH_GUEST,90206C,United Kingdom,1,132340.0,2010-12-01 17:06:00
TX_0002956,KH_GUEST,90209C,United Kingdom,1,54860.0,2010-12-01 17:06:00
TX_0002957,KH_GUEST,90211A,United Kingdom,1,154440.0,2010-12-01 17:06:00
TX_0002958,KH_GUEST,90214A,United Kingdom,2,22100.0,2010-12-01 17:06:00
TX_0002959,KH_GUEST,90214E,United Kingdom,1,22100.0,2010-12-01 17:06:00
TX_0002960,KH_GUEST,90214H,United Kingdom,1,22100.0,2010-12-01 17:06:00
TX_0002961,KH_GUEST,90214S,United Kingdom,1,22100.0,2010-12-01 17:06:00
TX_0002962,KH_GUEST,DOT,United Kingdom,1,15794740.0,2010-12-01 17:06:00
TX_0002963,KH_GUEST,20970,United Kingdom,3,97500.0,2010-12-01 17:06:00
TX_0002964,KH_GUEST,22785,United Kingdom,3,175500.0,2010-12-01 17:06:00
TX_0002965,KH_GUEST,84658,United Kingdom,3,180700.0,2010-12-01 17:06:00
TX_0002966,KH_GUEST,20728,United Kingdom,9,42900.0,2010-12-01 17:06:00
TX_0002967,KH_GUEST,82494L,United Kingdom,3,76700.0,2010-12-01 17:06:00
TX_0002968,KH_GUEST,22165,United Kingdom,3,331500.0,2010-12-01 17:06:00
TX_0002969,KH_GUEST,22467,United Kingdom,3,66300.0,2010-12-01 17:06:00
TX_0002970,KH_GUEST,22448,United Kingdom,3,87100.0,2010-12-01 17:06:00
TX_0002971,KH_GUEST,22447,United Kingdom,3,87100.0,2010-12-01 17:06:00
TX_0002972,KH_GUEST,22446,United Kingdom,3,87100.0,2010-12-01 17:06:00
TX_0002973,KH_GUEST,20665,United Kingdom,3,76700.0,2010-12-01 17:06:00
TX_0002974,KH_16835,21524,United Kingdom,2,206700.0,2010-12-01 17:15:00
TX_0002975,KH_16835,22366,United Kingdom,2,206700.0,2010-12-01 17:15:00
TX_0002976,KH_16835,22519,United Kingdom,6,54600.0,2010-12-01 17:15:00
TX_0002977,KH_16835,22222,United Kingdom,3,128700.0,2010-12-01 17:15:00
TX_0002978,KH_16835,21472,United Kingdom,6,97500.0,2010-12-01 17:15:00
TX_0002979,KH_15235,21733,United Kingdom,6,76700.0,2010-12-01 17:22:00
TX_0002980,KH_15235,22113,United Kingdom,4,97500.0,2010-12-01 17:22:00
TX_0002981,KH_15235,22804,United Kingdom,6,76700.0,2010-12-01 17:22:00
TX_0002982,KH_15235,84970L,United Kingdom,12,24700.0,2010-12-01 17:22:00
TX_0002983,KH_15235,85123A,United Kingdom,6,76700.0,2010-12-01 17:22:00
TX_0002984,KH_13576,21877,United Kingdom,1,32500.0,2010-12-01 17:24:00
TX_0002985,KH_13576,21137,United Kingdom,60,88140.0,2010-12-01 17:24:00
TX_0002986,KH_13576,22041,United Kingdom,24,66300.0,2010-12-01 17:24:00
TX_0002987,KH_13576,22121,United Kingdom,4,154700.0,2010-12-01 17:24:00
TX_0002988,KH_13576,21756,United Kingdom,4,154700.0,2010-12-01 17:24:00
TX_0002989,KH_13576,21705,United Kingdom,5,42900.0,2010-12-01 17:24:00
TX_0002990,KH_13576,22694,United Kingdom,5,54600.0,2010-12-01 17:24:00
TX_0002991,KH_13576,20679,United Kingdom,1,154700.0,2010-12-01 17:24:00
TX_0002992,KH_13576,21577,United Kingdom,1,58500.0,2010-12-01 17:24:00
TX_0002993,KH_13576,22524,United Kingdom,1,32500.0,2010-12-01 17:24:00
TX_0002994,KH_13576,20765,United Kingdom,2,97500.0,2010-12-01 17:24:00
TX_0002995,KH_GUEST,21624,United Kingdom,1,154700.0,2010-12-01 17:29:00
TX_0002996,KH_GUEST,22900,United Kingdom,1,76700.0,2010-12-01 17:29:00
TX_0002997,KH_GUEST,22114,United Kingdom,1,102700.0,2010-12-01 17:29:00
TX_0002998,KH_GUEST,21967,United Kingdom,1,7540.0,2010-12-01 17:29:00
TX_0002999,KH_GUEST,84926A,United Kingdom,4,32500.0,2010-12-01 17:29:00
TX_0003000,KH_GUEST,22802,United Kingdom,1,518700.0,2010-12-01 17:29:00
TX_0003001,KH_18011,22952,United Kingdom,4,14300.0,2010-12-01 17:35:00
TX_0003002,KH_18011,21704,United Kingdom,1,22100.0,2010-12-01 17:35:00
TX_0003003,KH_18011,21703,United Kingdom,4,10920.0,2010-12-01 17:35:00
TX_0003004,KH_18011,21705,United Kingdom,2,42900.0,2010-12-01 17:35:00
TX_0003005,KH_18011,85035C,United Kingdom,1,110500.0,2010-12-01 17:35:00
TX_0003006,KH_18011,72803A,United Kingdom,1,110500.0,2010-12-01 17:35:00
TX_0003007,KH_18011,22086,United Kingdom,1,76700.0,2010-12-01 17:35:00
TX_0003008,KH_18011,22910,United Kingdom,1,76700.0,2010-12-01 17:35:00
TX_0003009,KH_18011,22583,United Kingdom,2,66300.0,2010-12-01 17:35:00
TX_0003010,KH_18011,22731,United Kingdom,1,32500.0,2010-12-01 17:35:00
TX_0003011,KH_18011,20682,United Kingdom,1,84500.0,2010-12-01 17:35:00
TX_0003012,KH_18011,72802C,United Kingdom,3,110500.0,2010-12-01 17:35:00
TX_0003013,KH_18011,22384,United Kingdom,1,42900.0,2010-12-01 17:35:00
TX_0003014,KH_18011,40001,United Kingdom,4,22100.0,2010-12-01 17:35:00
TX_0003015,KH_18011,21709,United Kingdom,1,128700.0,2010-12-01 17:35:00
TX_0003016,KH_18011,22220,United Kingdom,1,258700.0,2010-12-01 17:35:00
TX_0003017,KH_18011,21739,United Kingdom,1,76700.0,2010-12-01 17:35:00
TX_0003018,KH_18011,85034A,United Kingdom,1,110500.0,2010-12-01 17:35:00
TX_0003019,KH_18011,72818,United Kingdom,4,22100.0,2010-12-01 17:35:00
TX_0003020,KH_18011,72798C,United Kingdom,1,42900.0,2010-12-01 17:35:00
TX_0003021,KH_18011,22197,United Kingdom,6,22100.0,2010-12-01 17:35:00
TX_0003022,KH_18011,20726,United Kingdom,1,42900.0,2010-12-01 17:35:00
TX_0003023,KH_18011,84744,United Kingdom,1,32500.0,2010-12-01 17:35:00
TX_0003024,KH_18011,35271S,United Kingdom,14,4940.0,2010-12-01 17:35:00
TX_0003025,KH_18011,21380,United Kingdom,1,76700.0,2010-12-01 17:35:00
TX_0003026,KH_18011,22909,United Kingdom,1,22100.0,2010-12-01 17:35:00
TX_0003027,KH_18011,21221,United Kingdom,5,32500.0,2010-12-01 17:35:00
TX_0003028,KH_18011,20755,United Kingdom,6,22100.0,2010-12-01 17:35:00
TX_0003029,KH_13090,21421,United Kingdom,12,32500.0,2010-12-02 07:48:00
TX_0003030,KH_13090,21422,United Kingdom,16,22100.0,2010-12-02 07:48:00
TX_0003031,KH_13090,22178,United Kingdom,24,32500.0,2010-12-02 07:48:00
TX_0003032,KH_13090,22617,United Kingdom,24,110500.0,2010-12-02 07:48:00
TX_0003033,KH_15694,22968,United Kingdom,8,221000.0,2010-12-02 07:49:00
TX_0003034,KH_15694,22727,United Kingdom,4,97500.0,2010-12-02 07:49:00
TX_0003035,KH_15694,22726,United Kingdom,12,97500.0,2010-12-02 07:49:00
TX_0003036,KH_15694,84945,United Kingdom,36,22100.0,2010-12-02 07:49:00
TX_0003037,KH_15694,20749,United Kingdom,12,165100.0,2010-12-02 07:49:00
TX_0003038,KH_15694,21056,United Kingdom,8,232700.0,2010-12-02 07:49:00
TX_0003039,KH_17850,85123A,United Kingdom,6,66300.0,2010-12-02 08:32:00
TX_0003040,KH_17850,71053,United Kingdom,6,88140.0,2010-12-02 08:32:00
TX_0003041,KH_17850,82483,United Kingdom,4,128700.0,2010-12-02 08:32:00
TX_0003042,KH_17850,82486,United Kingdom,2,180700.0,2010-12-02 08:32:00
TX_0003043,KH_17850,82482,United Kingdom,6,54600.0,2010-12-02 08:32:00
TX_0003044,KH_17850,82494L,United Kingdom,6,66300.0,2010-12-02 08:32:00
TX_0003045,KH_17850,22411,United Kingdom,6,42900.0,2010-12-02 08:32:00
TX_0003046,KH_17850,84029G,United Kingdom,6,88140.0,2010-12-02 08:32:00
TX_0003047,KH_17850,84029E,United Kingdom,6,88140.0,2010-12-02 08:32:00
TX_0003048,KH_17850,22752,United Kingdom,2,198900.0,2010-12-02 08:32:00
TX_0003049,KH_17850,22803,United Kingdom,2,929500.0,2010-12-02 08:32:00
TX_0003050,KH_17850,21730,United Kingdom,4,110500.0,2010-12-02 08:32:00
TX_0003051,KH_17850,22632,United Kingdom,6,48100.0,2010-12-02 08:33:00
TX_0003052,KH_17850,22633,United Kingdom,6,48100.0,2010-12-02 08:33:00
TX_0003053,KH_17850,37370,United Kingdom,6,27560.0,2010-12-02 08:34:00
TX_0003054,KH_17850,21871,United Kingdom,6,27560.0,2010-12-02 08:34:00
TX_0003055,KH_17850,21071,United Kingdom,6,27560.0,2010-12-02 08:34:00
TX_0003056,KH_17850,21068,United Kingdom,6,27560.0,2010-12-02 08:34:00
TX_0003057,KH_17850,82483,United Kingdom,4,128700.0,2010-12-02 08:34:00
TX_0003058,KH_17850,22411,United Kingdom,6,42900.0,2010-12-02 08:34:00
TX_0003059,KH_17850,84029G,United Kingdom,6,88140.0,2010-12-02 08:34:00
TX_0003060,KH_17850,84029E,United Kingdom,6,88140.0,2010-12-02 08:34:00
TX_0003061,KH_17850,21730,United Kingdom,4,110500.0,2010-12-02 08:34:00
TX_0003062,KH_17850,22752,United Kingdom,2,198900.0,2010-12-02 08:34:00
TX_0003063,KH_17850,85123A,United Kingdom,6,66300.0,2010-12-02 08:34:00
TX_0003064,KH_17850,71053,United Kingdom,6,88140.0,2010-12-02 08:34:00
TX_0003065,KH_17850,22632,United Kingdom,6,48100.0,2010-12-02 08:40:00
TX_0003066,KH_17850,22633,United Kingdom,6,48100.0,2010-12-02 08:40:00
TX_0003067,KH_14741,84832,United Kingdom,12,22100.0,2010-12-02 08:43:00
TX_0003068,KH_14741,85231B,United Kingdom,12,22100.0,2010-12-02 08:43:00
TX_0003069,KH_14741,22189,United Kingdom,12,102700.0,2010-12-02 08:43:00
TX_0003070,KH_14741,22457,United Kingdom,6,76700.0,2010-12-02 08:43:00
TX_0003071,KH_14741,22863,United Kingdom,6,76700.0,2010-12-02 08:43:00
TX_0003072,KH_14741,22792,United Kingdom,12,22100.0,2010-12-02 08:43:00
TX_0003073,KH_14741,84970S,United Kingdom,12,22100.0,2010-12-02 08:43:00
TX_0003074,KH_14741,72741,United Kingdom,18,37700.0,2010-12-02 08:43:00
TX_0003075,KH_14741,22961,United Kingdom,24,37700.0,2010-12-02 08:43:00
TX_0003076,KH_13715,21364,United Kingdom,2,175500.0,2010-12-02 08:52:00
TX_0003077,KH_13715,22219,United Kingdom,12,22100.0,2010-12-02 08:52:00
TX_0003078,KH_13715,20966,United Kingdom,10,32500.0,2010-12-02 08:52:00
TX_0003079,KH_13715,22107,United Kingdom,8,97500.0,2010-12-02 08:52:00
TX_0003080,KH_13715,22109,United Kingdom,8,97500.0,2010-12-02 08:52:00
TX_0003081,KH_13715,21181,United Kingdom,12,54600.0,2010-12-02 08:52:00
TX_0003082,KH_13715,21042,United Kingdom,3,154700.0,2010-12-02 08:52:00
TX_0003083,KH_13715,47567B,United Kingdom,3,154700.0,2010-12-02 08:52:00
TX_0003084,KH_13715,22111,United Kingdom,3,128700.0,2010-12-02 08:52:00
TX_0003085,KH_13715,22271,United Kingdom,6,76700.0,2010-12-02 08:52:00
TX_0003086,KH_13715,22272,United Kingdom,6,76700.0,2010-12-02 08:52:00
TX_0003087,KH_13715,22273,United Kingdom,6,76700.0,2010-12-02 08:52:00
TX_0003088,KH_13715,22274,United Kingdom,6,76700.0,2010-12-02 08:52:00
TX_0003089,KH_13715,20963,United Kingdom,10,32500.0,2010-12-02 08:52:00
TX_0003090,KH_13715,21172,United Kingdom,12,37700.0,2010-12-02 08:52:00
TX_0003091,KH_17732,72760B,United Kingdom,2,258700.0,2010-12-02 09:29:00
TX_0003092,KH_17732,22602,United Kingdom,12,22100.0,2010-12-02 09:29:00
TX_0003093,KH_17732,21754,United Kingdom,3,154700.0,2010-12-02 09:29:00
TX_0003094,KH_17732,21756,United Kingdom,3,154700.0,2010-12-02 09:29:00
TX_0003095,KH_17732,21481,United Kingdom,6,76700.0,2010-12-02 09:29:00
TX_0003096,KH_17732,22114,United Kingdom,4,102700.0,2010-12-02 09:29:00
TX_0003097,KH_17732,22386,United Kingdom,10,50700.0,2010-12-02 09:29:00
TX_0003098,KH_17732,85099B,United Kingdom,10,50700.0,2010-12-02 09:29:00
TX_0003099,KH_17732,22365,United Kingdom,2,206700.0,2010-12-02 09:29:00
TX_0003100,KH_17732,21955,United Kingdom,2,206700.0,2010-12-02 09:29:00
TX_0003101,KH_17732,21733,United Kingdom,6,76700.0,2010-12-02 09:29:00
TX_0003102,KH_17732,84879,United Kingdom,8,43940.0,2010-12-02 09:29:00
TX_0003103,KH_17732,22423,United Kingdom,1,331500.0,2010-12-02 09:29:00
TX_0003104,KH_17732,22624,United Kingdom,2,221000.0,2010-12-02 09:29:00
TX_0003105,KH_17732,22507,United Kingdom,4,128700.0,2010-12-02 09:29:00
TX_0003106,KH_17732,22457,United Kingdom,6,76700.0,2010-12-02 09:29:00
TX_0003107,KH_17732,22804,United Kingdom,6,76700.0,2010-12-02 09:29:00
TX_0003108,KH_17732,85123A,United Kingdom,6,76700.0,2010-12-02 09:29:00
TX_0003109,KH_12855,22863,United Kingdom,6,76700.0,2010-12-02 09:37:00
TX_0003110,KH_12855,22962,United Kingdom,12,22100.0,2010-12-02 09:37:00
TX_0003111,KH_12855,22963,United Kingdom,12,22100.0,2010-12-02 09:37:00
TX_0003112,KH_17850,85123A,United Kingdom,6,66300.0,2010-12-02 09:41:00
TX_0003113,KH_17850,71053,United Kingdom,6,88140.0,2010-12-02 09:41:00
TX_0003114,KH_17850,84406B,United Kingdom,6,71500.0,2010-12-02 09:41:00
TX_0003115,KH_17850,37370,United Kingdom,6,27560.0,2010-12-02 09:41:00
TX_0003116,KH_17850,21871,United Kingdom,6,27560.0,2010-12-02 09:41:00
TX_0003117,KH_17850,21071,United Kingdom,6,27560.0,2010-12-02 09:41:00
TX_0003118,KH_17850,21068,United Kingdom,6,27560.0,2010-12-02 09:41:00
TX_0003119,KH_17850,82483,United Kingdom,4,128700.0,2010-12-02 09:41:00
TX_0003120,KH_17850,82486,United Kingdom,4,180700.0,2010-12-02 09:41:00
TX_0003121,KH_17850,82482,United Kingdom,6,54600.0,2010-12-02 09:41:00
TX_0003122,KH_17850,82494L,United Kingdom,6,66300.0,2010-12-02 09:41:00
TX_0003123,KH_17850,22411,United Kingdom,6,42900.0,2010-12-02 09:41:00
TX_0003124,KH_17850,84029G,United Kingdom,6,88140.0,2010-12-02 09:41:00
TX_0003125,KH_17850,84029E,United Kingdom,6,88140.0,2010-12-02 09:41:00
TX_0003126,KH_17850,22752,United Kingdom,2,198900.0,2010-12-02 09:41:00
TX_0003127,KH_17850,21730,United Kingdom,6,110500.0,2010-12-02 09:41:00
TX_0003128,KH_17850,22632,United Kingdom,6,48100.0,2010-12-02 09:42:00
TX_0003129,KH_17850,22633,United Kingdom,6,48100.0,2010-12-02 09:42:00
TX_0003130,KH_15752,22865,United Kingdom,12,54600.0,2010-12-02 09:43:00
TX_0003131,KH_15752,22866,United Kingdom,12,54600.0,2010-12-02 09:43:00
TX_0003132,KH_15752,22632,United Kingdom,24,54600.0,2010-12-02 09:43:00
TX_0003133,KH_15752,22633,United Kingdom,12,54600.0,2010-12-02 09:43:00
TX_0003134,KH_15752,21790,United Kingdom,12,22100.0,2010-12-02 09:43:00
TX_0003135,KH_15752,21889,United Kingdom,12,32500.0,2010-12-02 09:43:00
TX_0003136,KH_15752,22549,United Kingdom,12,37700.0,2010-12-02 09:43:00
TX_0003137,KH_15752,84031A,United Kingdom,3,120900.0,2010-12-02 09:43:00
TX_0003138,KH_15752,84032A,United Kingdom,6,76700.0,2010-12-02 09:43:00
TX_0003139,KH_15752,62096A,United Kingdom,6,32500.0,2010-12-02 09:43:00
TX_0003140,KH_15752,85071D,United Kingdom,6,66300.0,2010-12-02 09:43:00
TX_0003141,KH_15752,21915,United Kingdom,12,32500.0,2010-12-02 09:43:00
TX_0003142,KH_15752,82580,United Kingdom,12,14300.0,2010-12-02 09:43:00
TX_0003143,KH_15752,21272,United Kingdom,12,32500.0,2010-12-02 09:43:00
TX_0003144,KH_17850,85123A,United Kingdom,6,66300.0,2010-12-02 09:44:00
TX_0003145,KH_17850,71053,United Kingdom,6,88140.0,2010-12-02 09:44:00
TX_0003146,KH_17850,84406B,United Kingdom,6,71500.0,2010-12-02 09:44:00
TX_0003147,KH_17850,37370,United Kingdom,6,27560.0,2010-12-02 09:44:00
TX_0003148,KH_17850,21871,United Kingdom,6,27560.0,2010-12-02 09:44:00
TX_0003149,KH_17850,21071,United Kingdom,6,27560.0,2010-12-02 09:44:00
TX_0003150,KH_17850,21068,United Kingdom,6,27560.0,2010-12-02 09:44:00
TX_0003151,KH_17850,82483,United Kingdom,4,128700.0,2010-12-02 09:44:00
TX_0003152,KH_17850,82486,United Kingdom,2,180700.0,2010-12-02 09:44:00
TX_0003153,KH_17850,82482,United Kingdom,6,54600.0,2010-12-02 09:44:00
TX_0003154,KH_17850,82494L,United Kingdom,6,66300.0,2010-12-02 09:44:00
TX_0003155,KH_17850,22411,United Kingdom,6,42900.0,2010-12-02 09:44:00
TX_0003156,KH_17850,84029G,United Kingdom,6,88140.0,2010-12-02 09:44:00
TX_0003157,KH_17850,84029E,United Kingdom,6,88140.0,2010-12-02 09:44:00
TX_0003158,KH_17850,21730,United Kingdom,4,110500.0,2010-12-02 09:44:00
TX_0003159,KH_17855,22149,United Kingdom,6,54600.0,2010-12-02 09:44:00
TX_0003160,KH_17855,22818,United Kingdom,12,10920.0,2010-12-02 09:44:00
TX_0003161,KH_17855,22044,United Kingdom,12,10920.0,2010-12-02 09:44:00
TX_0003162,KH_17855,21790,United Kingdom,12,22100.0,2010-12-02 09:44:00
TX_0003163,KH_17855,22619,United Kingdom,8,97500.0,2010-12-02 09:44:00
TX_0003164,KH_17855,22620,United Kingdom,12,32500.0,2010-12-02 09:44:00
TX_0003165,KH_17855,21918,United Kingdom,24,10920.0,2010-12-02 09:44:00
TX_0003166,KH_17855,22544,United Kingdom,24,10920.0,2010-12-02 09:44:00
TX_0003167,KH_17855,21791,United Kingdom,12,32500.0,2010-12-02 09:44:00
TX_0003168,KH_17855,22029,United Kingdom,12,10920.0,2010-12-02 09:44:00
TX_0003169,KH_17855,22037,United Kingdom,12,10920.0,2010-12-02 09:44:00
TX_0003170,KH_17855,22652,United Kingdom,10,42900.0,2010-12-02 09:44:00
TX_0003171,KH_17855,84836,United Kingdom,12,32500.0,2010-12-02 09:44:00
TX_0003172,KH_17855,22910,United Kingdom,6,76700.0,2010-12-02 09:44:00
TX_0003173,KH_17855,22736,United Kingdom,10,42900.0,2010-12-02 09:44:00
TX_0003174,KH_17855,21360,United Kingdom,1,258700.0,2010-12-02 09:44:00
TX_0003175,KH_17855,22945,United Kingdom,12,22100.0,2010-12-02 09:44:00
TX_0003176,KH_17850,22632,United Kingdom,6,48100.0,2010-12-02 09:44:00
TX_0003177,KH_17850,22633,United Kingdom,6,48100.0,2010-12-02 09:44:00
TX_0003178,KH_14047,22367,United Kingdom,8,50700.0,2010-12-02 10:09:00
TX_0003179,KH_14047,84077,United Kingdom,48,7540.0,2010-12-02 10:09:00
TX_0003180,KH_14047,22618,United Kingdom,2,258700.0,2010-12-02 10:09:00
TX_0003181,KH_14047,22752,United Kingdom,4,221000.0,2010-12-02 10:09:00
TX_0003182,KH_14047,22837,United Kingdom,8,120900.0,2010-12-02 10:09:00
TX_0003183,KH_14047,22634,United Kingdom,2,258700.0,2010-12-02 10:09:00
TX_0003184,KH_14047,22898,United Kingdom,8,50700.0,2010-12-02 10:09:00
TX_0003185,KH_14047,22781,United Kingdom,2,198900.0,2010-12-02 10:09:00
TX_0003186,KH_14047,22467,United Kingdom,12,66300.0,2010-12-02 10:09:00
TX_0003187,KH_14047,84792,United Kingdom,8,120900.0,2010-12-02 10:09:00
TX_0003188,KH_14047,21754,United Kingdom,3,154700.0,2010-12-02 10:09:00
TX_0003189,KH_14047,22120,United Kingdom,3,258700.0,2010-12-02 10:09:00
TX_0003190,KH_17925,21137,United Kingdom,72,88140.0,2010-12-02 10:10:00
TX_0003191,KH_13941,21356,United Kingdom,12,32500.0,2010-12-02 10:17:00
TX_0003192,KH_13941,21354,United Kingdom,12,32500.0,2010-12-02 10:17:00
TX_0003193,KH_13941,79321,United Kingdom,24,110500.0,2010-12-02 10:17:00
TX_0003194,KH_13941,72741,United Kingdom,144,32500.0,2010-12-02 10:17:00
TX_0003195,KH_13941,22179,United Kingdom,24,154700.0,2010-12-02 10:17:00
TX_0003196,KH_13941,85116,United Kingdom,96,16900.0,2010-12-02 10:17:00
TX_0003197,KH_13941,21125,United Kingdom,12,32500.0,2010-12-02 10:17:00
TX_0003198,KH_13941,85175,United Kingdom,96,10920.0,2010-12-02 10:17:00
TX_0003199,KH_13941,79302M,United Kingdom,20,66300.0,2010-12-02 10:17:00
TX_0003200,KH_13941,20893,United Kingdom,108,54600.0,2010-12-02 10:17:00
TX_0003201,KH_13941,21743,United Kingdom,96,66300.0,2010-12-02 10:17:00
TX_0003202,KH_17017,20975,United Kingdom,24,16900.0,2010-12-02 10:17:00
TX_0003203,KH_17017,21592,United Kingdom,24,32500.0,2010-12-02 10:17:00
TX_0003204,KH_17017,22551,United Kingdom,24,42900.0,2010-12-02 10:17:00
TX_0003205,KH_17017,22555,United Kingdom,24,42900.0,2010-12-02 10:17:00
TX_0003206,KH_17017,22556,United Kingdom,24,42900.0,2010-12-02 10:17:00
TX_0003207,KH_17017,22197,United Kingdom,48,22100.0,2010-12-02 10:17:00
TX_0003208,KH_17017,22198,United Kingdom,24,42900.0,2010-12-02 10:17:00
TX_0003209,KH_17017,22418,United Kingdom,24,22100.0,2010-12-02 10:17:00
TX_0003210,KH_17017,21791,United Kingdom,24,32500.0,2010-12-02 10:17:00
TX_0003211,KH_17017,21914,United Kingdom,36,32500.0,2010-12-02 10:17:00
TX_0003212,KH_17017,21915,United Kingdom,24,32500.0,2010-12-02 10:17:00
TX_0003213,KH_17017,22440,United Kingdom,40,10920.0,2010-12-02 10:17:00
TX_0003214,KH_17017,22434,United Kingdom,16,50700.0,2010-12-02 10:17:00
TX_0003215,KH_17017,22466,United Kingdom,24,50700.0,2010-12-02 10:17:00
TX_0003216,KH_17017,22564,United Kingdom,12,32500.0,2010-12-02 10:17:00
TX_0003217,KH_17017,84077,United Kingdom,48,7540.0,2010-12-02 10:17:00
TX_0003218,KH_17017,84375,United Kingdom,12,54600.0,2010-12-02 10:17:00
TX_0003219,KH_17017,22909,United Kingdom,36,22100.0,2010-12-02 10:17:00
TX_0003220,KH_17017,22910,United Kingdom,40,66300.0,2010-12-02 10:17:00
TX_0003221,KH_17017,22943,United Kingdom,24,110500.0,2010-12-02 10:17:00
TX_0003222,KH_17017,22952,United Kingdom,48,14300.0,2010-12-02 10:17:00
TX_0003223,KH_17017,22960,United Kingdom,12,97500.0,2010-12-02 10:18:00
TX_0003224,KH_17017,22961,United Kingdom,36,37700.0,2010-12-02 10:18:00
TX_0003225,KH_14135,22965,United Kingdom,6,54600.0,2010-12-02 10:27:00
TX_0003226,KH_14135,21215,United Kingdom,120,10920.0,2010-12-02 10:27:00
TX_0003227,KH_14135,21212,United Kingdom,120,10920.0,2010-12-02 10:27:00
TX_0003228,KH_14135,21977,United Kingdom,120,10920.0,2010-12-02 10:27:00
TX_0003229,KH_14135,84991,United Kingdom,120,10920.0,2010-12-02 10:27:00
TX_0003230,KH_14135,22961,United Kingdom,12,37700.0,2010-12-02 10:27:00
TX_0003231,KH_14135,22744,United Kingdom,6,76700.0,2010-12-02 10:27:00
TX_0003232,KH_14135,22743,United Kingdom,6,76700.0,2010-12-02 10:27:00
TX_0003233,KH_14135,85049E,United Kingdom,12,32500.0,2010-12-02 10:27:00
TX_0003234,KH_14135,85049G,United Kingdom,12,32500.0,2010-12-02 10:27:00
TX_0003235,KH_14135,21328,United Kingdom,12,42900.0,2010-12-02 10:27:00
TX_0003236,KH_14135,21058,United Kingdom,12,22100.0,2010-12-02 10:27:00
TX_0003237,KH_14135,21060,United Kingdom,12,22100.0,2010-12-02 10:27:00
TX_0003238,KH_14135,21061,United Kingdom,12,22100.0,2010-12-02 10:27:00
TX_0003239,KH_14135,21062,United Kingdom,12,22100.0,2010-12-02 10:27:00
TX_0003240,KH_14135,21719,United Kingdom,12,22100.0,2010-12-02 10:27:00
TX_0003241,KH_14135,21722,United Kingdom,12,22100.0,2010-12-02 10:27:00
TX_0003242,KH_14135,21724,United Kingdom,12,22100.0,2010-12-02 10:27:00
TX_0003243,KH_14135,84826,United Kingdom,60,22100.0,2010-12-02 10:27:00
TX_0003244,KH_14135,21883,United Kingdom,24,16900.0,2010-12-02 10:27:00
TX_0003245,KH_14135,21881,United Kingdom,12,16900.0,2010-12-02 10:27:00
TX_0003246,KH_14135,21880,United Kingdom,12,16900.0,2010-12-02 10:27:00
TX_0003247,KH_14135,22943,United Kingdom,3,128700.0,2010-12-02 10:27:00
TX_0003248,KH_13108,22549,United Kingdom,24,37700.0,2010-12-02 10:35:00
TX_0003249,KH_13108,22492,United Kingdom,72,16900.0,2010-12-02 10:35:00
TX_0003250,KH_13108,10135,United Kingdom,10,32500.0,2010-12-02 10:35:00
TX_0003251,KH_13108,22422,United Kingdom,12,16900.0,2010-12-02 10:35:00
TX_0003252,KH_13108,21790,United Kingdom,48,22100.0,2010-12-02 10:35:00
TX_0003253,KH_13108,22536,United Kingdom,48,10920.0,2010-12-02 10:35:00
TX_0003254,KH_13108,22561,United Kingdom,12,42900.0,2010-12-02 10:35:00
TX_0003255,KH_13108,22752,United Kingdom,12,221000.0,2010-12-02 10:35:00
TX_0003256,KH_13108,21791,United Kingdom,36,32500.0,2010-12-02 10:35:00
TX_0003257,KH_13108,22491,United Kingdom,24,22100.0,2010-12-02 10:35:00
TX_0003258,KH_15601,21355,United Kingdom,24,32500.0,2010-12-02 10:39:00
TX_0003259,KH_15601,21756,United Kingdom,6,154700.0,2010-12-02 10:39:00
TX_0003260,KH_15601,21518,United Kingdom,12,10920.0,2010-12-02 10:39:00
TX_0003261,KH_15601,21520,United Kingdom,12,10920.0,2010-12-02 10:39:00
TX_0003262,KH_15601,21506,United Kingdom,12,10920.0,2010-12-02 10:39:00
TX_0003263,KH_15601,22023,United Kingdom,12,10920.0,2010-12-02 10:39:00
TX_0003264,KH_15601,21519,United Kingdom,12,10920.0,2010-12-02 10:39:00
TX_0003265,KH_15601,22037,United Kingdom,12,10920.0,2010-12-02 10:39:00
TX_0003266,KH_15601,22029,United Kingdom,12,10920.0,2010-12-02 10:39:00
TX_0003267,KH_15601,22030,United Kingdom,12,10920.0,2010-12-02 10:39:00
TX_0003268,KH_15601,22027,United Kingdom,12,10920.0,2010-12-02 10:39:00
TX_0003269,KH_15601,22983,United Kingdom,24,10920.0,2010-12-02 10:39:00
TX_0003270,KH_15601,22718,United Kingdom,24,10920.0,2010-12-02 10:39:00
TX_0003271,KH_15601,22717,United Kingdom,12,10920.0,2010-12-02 10:39:00
TX_0003272,KH_15601,22712,United Kingdom,24,10920.0,2010-12-02 10:39:00
TX_0003273,KH_15601,22028,United Kingdom,12,10920.0,2010-12-02 10:39:00
TX_0003274,KH_15601,22815,United Kingdom,24,10920.0,2010-12-02 10:39:00
TX_0003275,KH_15601,72818,United Kingdom,24,22100.0,2010-12-02 10:39:00
TX_0003276,KH_15601,22697,United Kingdom,12,76700.0,2010-12-02 10:39:00
TX_0003277,KH_15601,21670,United Kingdom,12,32500.0,2010-12-02 10:39:00
TX_0003278,KH_15601,21669,United Kingdom,12,32500.0,2010-12-02 10:39:00
TX_0003279,KH_15601,21671,United Kingdom,12,32500.0,2010-12-02 10:39:00
TX_0003280,KH_15601,21673,United Kingdom,12,32500.0,2010-12-02 10:39:00
TX_0003281,KH_15601,21672,United Kingdom,12,32500.0,2010-12-02 10:39:00
TX_0003282,KH_15601,22771,United Kingdom,12,32500.0,2010-12-02 10:39:00
TX_0003283,KH_15601,22775,United Kingdom,12,32500.0,2010-12-02 10:39:00
TX_0003284,KH_15601,22772,United Kingdom,12,32500.0,2010-12-02 10:39:00
TX_0003285,KH_15601,22774,United Kingdom,12,32500.0,2010-12-02 10:39:00
TX_0003286,KH_15601,48185,United Kingdom,4,206700.0,2010-12-02 10:39:00
TX_0003287,KH_15601,48187,United Kingdom,4,206700.0,2010-12-02 10:39:00
TX_0003288,KH_15601,82494L,United Kingdom,12,76700.0,2010-12-02 10:39:00
TX_0003289,KH_15601,22245,United Kingdom,24,22100.0,2010-12-02 10:39:00
TX_0003290,KH_15601,84755,United Kingdom,32,16900.0,2010-12-02 10:39:00
TX_0003291,KH_15601,22460,United Kingdom,24,32500.0,2010-12-02 10:39:00
TX_0003292,KH_15601,84970L,United Kingdom,24,24700.0,2010-12-02 10:39:00
TX_0003293,KH_15601,22432,United Kingdom,6,50700.0,2010-12-02 10:39:00
TX_0003294,KH_15601,22433,United Kingdom,6,50700.0,2010-12-02 10:39:00
TX_0003295,KH_15601,22431,United Kingdom,6,50700.0,2010-12-02 10:39:00
TX_0003296,KH_15601,84674,United Kingdom,6,76700.0,2010-12-02 10:39:00
TX_0003297,KH_15601,82486,United Kingdom,4,206700.0,2010-12-02 10:39:00
TX_0003298,KH_15601,82483,United Kingdom,4,154700.0,2010-12-02 10:39:00
TX_0003299,KH_15601,21068,United Kingdom,12,32500.0,2010-12-02 10:39:00
TX_0003300,KH_15601,21069,United Kingdom,12,32500.0,2010-12-02 10:39:00
TX_0003301,KH_15601,21070,United Kingdom,12,32500.0,2010-12-02 10:39:00
TX_0003302,KH_15601,22972,United Kingdom,12,42900.0,2010-12-02 10:39:00
TX_0003303,KH_15601,22974,United Kingdom,12,42900.0,2010-12-02 10:39:00
TX_0003304,KH_15601,22419,United Kingdom,36,10920.0,2010-12-02 10:39:00
TX_0003305,KH_15601,21071,United Kingdom,12,32500.0,2010-12-02 10:39:00
TX_0003306,KH_13418,22676,United Kingdom,10,32500.0,2010-12-02 10:45:00
TX_0003307,KH_13418,22727,United Kingdom,24,97500.0,2010-12-02 10:45:00
TX_0003308,KH_13418,22726,United Kingdom,24,97500.0,2010-12-02 10:45:00
TX_0003309,KH_13418,22730,United Kingdom,8,97500.0,2010-12-02 10:45:00
TX_0003310,KH_13418,22725,United Kingdom,8,97500.0,2010-12-02 10:45:00
TX_0003311,KH_13418,22672,United Kingdom,12,42900.0,2010-12-02 10:45:00
TX_0003312,KH_13418,22109,United Kingdom,16,88140.0,2010-12-02 10:45:00
TX_0003313,KH_13418,22925,United Kingdom,2,154700.0,2010-12-02 10:45:00
TX_0003314,KH_13418,22926,United Kingdom,2,154700.0,2010-12-02 10:45:00
TX_0003315,KH_13418,22927,United Kingdom,2,154700.0,2010-12-02 10:45:00
TX_0003316,KH_13418,22699,United Kingdom,6,76700.0,2010-12-02 10:45:00
TX_0003317,KH_13418,20914,United Kingdom,6,76700.0,2010-12-02 10:45:00
TX_0003318,KH_13418,21212,United Kingdom,24,14300.0,2010-12-02 10:45:00
TX_0003319,KH_13418,21843,United Kingdom,4,284700.0,2010-12-02 10:45:00
TX_0003320,KH_13418,21588,United Kingdom,12,66300.0,2010-12-02 10:45:00
TX_0003321,KH_13418,21584,United Kingdom,20,42900.0,2010-12-02 10:45:00
TX_0003322,KH_13418,22568,United Kingdom,4,97500.0,2010-12-02 10:45:00
TX_0003323,KH_13418,22569,United Kingdom,4,97500.0,2010-12-02 10:45:00
TX_0003324,KH_13418,22570,United Kingdom,4,97500.0,2010-12-02 10:45:00
TX_0003325,KH_13418,21914,United Kingdom,12,32500.0,2010-12-02 10:45:00
TX_0003326,KH_13418,21915,United Kingdom,12,32500.0,2010-12-02 10:45:00
TX_0003327,KH_13418,22549,United Kingdom,12,37700.0,2010-12-02 10:45:00
TX_0003328,KH_13418,22965,United Kingdom,6,54600.0,2010-12-02 10:46:00
TX_0003329,KH_15658,22927,United Kingdom,2,154700.0,2010-12-02 10:53:00
TX_0003330,KH_15658,22928,United Kingdom,2,154700.0,2010-12-02 10:53:00
TX_0003331,KH_15658,22926,United Kingdom,2,154700.0,2010-12-02 10:53:00
TX_0003332,KH_15658,22776,United Kingdom,2,258700.0,2010-12-02 10:53:00
TX_0003333,KH_15658,22778,United Kingdom,4,102700.0,2010-12-02 10:53:00
TX_0003334,KH_15658,22777,United Kingdom,2,221000.0,2010-12-02 10:53:00
TX_0003335,KH_15658,22783,United Kingdom,1,518700.0,2010-12-02 10:53:00
TX_0003336,KH_15658,22941,United Kingdom,2,221000.0,2010-12-02 10:53:00
TX_0003337,KH_15658,21756,United Kingdom,3,154700.0,2010-12-02 10:53:00
TX_0003338,KH_15658,22961,United Kingdom,12,37700.0,2010-12-02 10:53:00
TX_0003339,KH_15658,22423,United Kingdom,4,331500.0,2010-12-02 10:53:00
TX_0003340,KH_15658,22697,United Kingdom,12,76700.0,2010-12-02 10:53:00
TX_0003341,KH_15658,22699,United Kingdom,12,76700.0,2010-12-02 10:53:00
TX_0003342,KH_15658,21755,United Kingdom,4,154700.0,2010-12-02 10:53:00
TX_0003343,KH_17850,85123A,United Kingdom,6,66300.0,2010-12-02 10:54:00
TX_0003344,KH_17850,71053,United Kingdom,6,88140.0,2010-12-02 10:54:00
TX_0003345,KH_17850,84406B,United Kingdom,6,71500.0,2010-12-02 10:54:00
TX_0003346,KH_17850,37370,United Kingdom,6,27560.0,2010-12-02 10:54:00
TX_0003347,KH_17850,21871,United Kingdom,6,27560.0,2010-12-02 10:54:00
TX_0003348,KH_17850,21071,United Kingdom,6,27560.0,2010-12-02 10:54:00
TX_0003349,KH_17850,21068,United Kingdom,6,27560.0,2010-12-02 10:54:00
TX_0003350,KH_17850,82483,United Kingdom,4,128700.0,2010-12-02 10:54:00
TX_0003351,KH_17850,82486,United Kingdom,2,180700.0,2010-12-02 10:54:00
TX_0003352,KH_17850,82482,United Kingdom,6,54600.0,2010-12-02 10:54:00
TX_0003353,KH_17850,82494L,United Kingdom,6,66300.0,2010-12-02 10:54:00
TX_0003354,KH_17850,22411,United Kingdom,6,42900.0,2010-12-02 10:54:00
TX_0003355,KH_17850,84029G,United Kingdom,6,88140.0,2010-12-02 10:54:00
TX_0003356,KH_17850,84029E,United Kingdom,6,88140.0,2010-12-02 10:54:00
TX_0003357,KH_17850,22752,United Kingdom,2,198900.0,2010-12-02 10:54:00
TX_0003358,KH_17850,21730,United Kingdom,6,110500.0,2010-12-02 10:54:00
TX_0003359,KH_17850,22632,United Kingdom,6,48100.0,2010-12-02 10:55:00
TX_0003360,KH_17850,22633,United Kingdom,6,48100.0,2010-12-02 10:55:00
TX_0003361,KH_17850,85123A,United Kingdom,6,66300.0,2010-12-02 10:56:00
TX_0003362,KH_17850,71053,United Kingdom,6,88140.0,2010-12-02 10:56:00
TX_0003363,KH_17850,84406B,United Kingdom,6,71500.0,2010-12-02 10:56:00
TX_0003364,KH_17850,37370,United Kingdom,6,27560.0,2010-12-02 10:56:00
TX_0003365,KH_17850,21871,United Kingdom,6,27560.0,2010-12-02 10:56:00
TX_0003366,KH_17850,21071,United Kingdom,6,27560.0,2010-12-02 10:56:00
TX_0003367,KH_17850,21068,United Kingdom,6,27560.0,2010-12-02 10:56:00
TX_0003368,KH_17850,82483,United Kingdom,4,128700.0,2010-12-02 10:56:00
TX_0003369,KH_17850,82486,United Kingdom,4,180700.0,2010-12-02 10:56:00
TX_0003370,KH_17850,82482,United Kingdom,6,54600.0,2010-12-02 10:56:00
TX_0003371,KH_17850,82494L,United Kingdom,6,66300.0,2010-12-02 10:56:00
TX_0003372,KH_17850,22411,United Kingdom,6,42900.0,2010-12-02 10:56:00
TX_0003373,KH_17850,84029G,United Kingdom,6,88140.0,2010-12-02 10:56:00
TX_0003374,KH_17850,84029E,United Kingdom,6,88140.0,2010-12-02 10:56:00
TX_0003375,KH_17850,22752,United Kingdom,2,198900.0,2010-12-02 10:56:00
TX_0003376,KH_17850,21730,United Kingdom,6,110500.0,2010-12-02 10:56:00
TX_0003377,KH_17850,22632,United Kingdom,6,48100.0,2010-12-02 10:58:00
TX_0003378,KH_17850,22633,United Kingdom,6,48100.0,2010-12-02 10:58:00
TX_0003379,KH_14388,21931,United Kingdom,10,50700.0,2010-12-02 11:02:00
TX_0003380,KH_14388,85099B,United Kingdom,10,50700.0,2010-12-02 11:02:00
TX_0003381,KH_14388,22386,United Kingdom,10,50700.0,2010-12-02 11:02:00
TX_0003382,KH_14388,22477,United Kingdom,10,32500.0,2010-12-02 11:02:00
TX_0003383,KH_14388,21875,United Kingdom,12,32500.0,2010-12-02 11:02:00
TX_0003384,KH_14388,37370,United Kingdom,12,32500.0,2010-12-02 11:02:00
TX_0003385,KH_14388,21479,United Kingdom,4,97500.0,2010-12-02 11:02:00
TX_0003386,KH_14388,21484,United Kingdom,4,89700.0,2010-12-02 11:02:00
TX_0003387,KH_14388,21485,United Kingdom,3,128700.0,2010-12-02 11:02:00
TX_0003388,KH_14388,22111,United Kingdom,3,128700.0,2010-12-02 11:02:00
TX_0003389,KH_14388,22837,United Kingdom,4,120900.0,2010-12-02 11:02:00
TX_0003390,KH_14388,22812,United Kingdom,12,50700.0,2010-12-02 11:02:00
TX_0003391,KH_14388,22739,United Kingdom,10,42900.0,2010-12-02 11:02:00
TX_0003392,KH_14388,22924,United Kingdom,12,22100.0,2010-12-02 11:02:00
TX_0003393,KH_14388,22923,United Kingdom,12,22100.0,2010-12-02 11:02:00
TX_0003394,KH_14388,22961,United Kingdom,12,37700.0,2010-12-02 11:02:00
TX_0003395,KH_14388,22964,United Kingdom,6,54600.0,2010-12-02 11:02:00
TX_0003396,KH_14388,22988,United Kingdom,12,32500.0,2010-12-02 11:02:00
TX_0003397,KH_14388,21843,United Kingdom,1,284700.0,2010-12-02 11:02:00
TX_0003398,KH_14388,21217,United Kingdom,1,258700.0,2010-12-02 11:02:00
TX_0003399,KH_14388,79066K,United Kingdom,10,22100.0,2010-12-02 11:02:00
TX_0003400,KH_14901,22952,United Kingdom,24,14300.0,2010-12-02 11:20:00
TX_0003401,KH_14901,22301,United Kingdom,1,66300.0,2010-12-02 11:20:00
TX_0003402,KH_14901,22960,United Kingdom,6,110500.0,2010-12-02 11:20:00
TX_0003403,KH_14901,22446,United Kingdom,3,87100.0,2010-12-02 11:20:00
TX_0003404,KH_14901,22086,United Kingdom,10,76700.0,2010-12-02 11:20:00
TX_0003405,KH_14901,22961,United Kingdom,6,37700.0,2010-12-02 11:20:00
TX_0003406,KH_14901,22728,United Kingdom,4,97500.0,2010-12-02 11:20:00
TX_0003407,KH_14901,22730,United Kingdom,4,97500.0,2010-12-02 11:20:00
TX_0003408,KH_14901,84380,United Kingdom,6,32500.0,2010-12-02 11:20:00
TX_0003409,KH_14901,22832,United Kingdom,4,279500.0,2010-12-02 11:20:00
TX_0003410,KH_14901,22926,United Kingdom,1,154700.0,2010-12-02 11:20:00
TX_0003411,KH_14901,22920,United Kingdom,2,16900.0,2010-12-02 11:20:00
TX_0003412,KH_14901,22916,United Kingdom,2,16900.0,2010-12-02 11:20:00
TX_0003413,KH_14901,22919,United Kingdom,2,16900.0,2010-12-02 11:20:00
TX_0003414,KH_14901,22917,United Kingdom,2,16900.0,2010-12-02 11:20:00
TX_0003415,KH_14901,22921,United Kingdom,2,16900.0,2010-12-02 11:20:00
TX_0003416,KH_14901,22918,United Kingdom,2,16900.0,2010-12-02 11:20:00
TX_0003417,KH_14901,22909,United Kingdom,24,22100.0,2010-12-02 11:20:00
TX_0003418,KH_18041,22457,United Kingdom,4,76700.0,2010-12-02 11:21:00
TX_0003419,KH_18041,20674,United Kingdom,12,32500.0,2010-12-02 11:21:00
TX_0003420,KH_18041,20676,United Kingdom,12,32500.0,2010-12-02 11:21:00
TX_0003421,KH_18041,20727,United Kingdom,20,42900.0,2010-12-02 11:21:00
TX_0003422,KH_18041,82582,United Kingdom,1,54600.0,2010-12-02 11:21:00
TX_0003423,KH_18041,21181,United Kingdom,2,54600.0,2010-12-02 11:21:00
TX_0003424,KH_18041,22900,United Kingdom,1,76700.0,2010-12-02 11:21:00
TX_0003425,KH_18041,82494L,United Kingdom,2,76700.0,2010-12-02 11:21:00
TX_0003426,KH_18041,21967,United Kingdom,12,7540.0,2010-12-02 11:21:00
TX_0003427,KH_18041,22170,United Kingdom,3,175500.0,2010-12-02 11:21:00
TX_0003428,KH_18041,21210,United Kingdom,2,37700.0,2010-12-02 11:21:00
TX_0003429,KH_18041,21679,United Kingdom,30,22100.0,2010-12-02 11:21:00
TX_0003430,KH_18041,22094,United Kingdom,6,32500.0,2010-12-02 11:21:00
TX_0003431,KH_18041,21080,United Kingdom,52,22100.0,2010-12-02 11:21:00
TX_0003432,KH_15955,21429,United Kingdom,16,42900.0,2010-12-02 11:22:00
TX_0003433,KH_15955,21428,United Kingdom,8,110500.0,2010-12-02 11:22:00
TX_0003434,KH_15955,22961,United Kingdom,12,37700.0,2010-12-02 11:22:00
TX_0003435,KH_15955,84375,United Kingdom,12,54600.0,2010-12-02 11:22:00
TX_0003436,KH_15955,21877,United Kingdom,12,32500.0,2010-12-02 11:22:00
TX_0003437,KH_15955,21870,United Kingdom,12,32500.0,2010-12-02 11:22:00
TX_0003438,KH_15955,21868,United Kingdom,12,32500.0,2010-12-02 11:22:00
TX_0003439,KH_15955,85150,United Kingdom,12,66300.0,2010-12-02 11:22:00
TX_0003440,KH_15955,85152,United Kingdom,12,54600.0,2010-12-02 11:22:00
TX_0003441,KH_15955,21181,United Kingdom,12,54600.0,2010-12-02 11:22:00
TX_0003442,KH_15955,22441,United Kingdom,8,54600.0,2010-12-02 11:22:00
TX_0003443,KH_15955,22840,United Kingdom,4,206700.0,2010-12-02 11:22:00
TX_0003444,KH_15955,22502,United Kingdom,8,154700.0,2010-12-02 11:22:00
TX_0003445,KH_15955,22855,United Kingdom,48,27560.0,2010-12-02 11:22:00
TX_0003446,KH_15955,21754,United Kingdom,6,154700.0,2010-12-02 11:22:00
TX_0003447,KH_15955,22557,United Kingdom,12,42900.0,2010-12-02 11:22:00
TX_0003448,KH_15955,22759,United Kingdom,12,42900.0,2010-12-02 11:22:00
TX_0003449,KH_15955,84029E,United Kingdom,8,97500.0,2010-12-02 11:22:00
TX_0003450,KH_15955,22114,United Kingdom,8,102700.0,2010-12-02 11:22:00
TX_0003451,KH_15955,22112,United Kingdom,12,128700.0,2010-12-02 11:22:00
TX_0003452,KH_15070,22086,United Kingdom,36,76700.0,2010-12-02 11:23:00
TX_0003453,KH_18041,22198,United Kingdom,2,42900.0,2010-12-02 11:35:00
TX_0003454,KH_18041,22130,United Kingdom,12,22100.0,2010-12-02 11:35:00
TX_0003455,KH_18041,79191C,United Kingdom,1,22100.0,2010-12-02 11:35:00
TX_0003456,KH_18041,20733,United Kingdom,1,22100.0,2010-12-02 11:35:00
TX_0003457,KH_18041,22867,United Kingdom,1,54600.0,2010-12-02 11:35:00
TX_0003458,KH_18041,22633,United Kingdom,2,54600.0,2010-12-02 11:35:00
TX_0003459,KH_18041,47471,United Kingdom,1,16900.0,2010-12-02 11:35:00
TX_0003460,KH_18041,85231B,United Kingdom,1,22100.0,2010-12-02 11:35:00
TX_0003461,KH_18041,85231G,United Kingdom,1,22100.0,2010-12-02 11:35:00
TX_0003462,KH_18041,21212,United Kingdom,1,14300.0,2010-12-02 11:35:00
TX_0003463,KH_18041,22633,United Kingdom,1,54600.0,2010-12-02 11:35:00
TX_0003464,KH_18041,16046,United Kingdom,1,22100.0,2010-12-02 11:35:00
TX_0003465,KH_18041,22654,United Kingdom,1,154700.0,2010-12-02 11:35:00
TX_0003466,KH_18041,22652,United Kingdom,1,42900.0,2010-12-02 11:35:00
TX_0003467,KH_18041,22653,United Kingdom,2,50700.0,2010-12-02 11:35:00
TX_0003468,KH_18041,21914,United Kingdom,1,32500.0,2010-12-02 11:35:00
TX_0003469,KH_18041,22961,United Kingdom,2,37700.0,2010-12-02 11:35:00
TX_0003470,KH_18041,22616,United Kingdom,12,7540.0,2010-12-02 11:35:00
TX_0003471,KH_18041,85135B,United Kingdom,1,206700.0,2010-12-02 11:35:00
TX_0003472,KH_18041,22197,United Kingdom,1,22100.0,2010-12-02 11:35:00
TX_0003473,KH_18041,22960,United Kingdom,2,110500.0,2010-12-02 11:35:00
TX_0003474,KH_18041,22696,United Kingdom,1,50700.0,2010-12-02 11:35:00
TX_0003475,KH_18041,22196,United Kingdom,2,22100.0,2010-12-02 11:35:00
TX_0003476,KH_18041,22768,United Kingdom,2,258700.0,2010-12-02 11:35:00
TX_0003477,KH_18041,48138,United Kingdom,1,206700.0,2010-12-02 11:35:00
TX_0003478,KH_18041,22866,United Kingdom,1,54600.0,2010-12-02 11:35:00
TX_0003479,KH_18041,22945,United Kingdom,6,22100.0,2010-12-02 11:35:00
TX_0003480,KH_18041,22731,United Kingdom,4,32500.0,2010-12-02 11:35:00
TX_0003481,KH_18041,22945,United Kingdom,12,22100.0,2010-12-02 11:35:00
TX_0003482,KH_18041,21154,United Kingdom,1,32500.0,2010-12-02 11:35:00
TX_0003483,KH_18041,22911,United Kingdom,1,76700.0,2010-12-02 11:35:00
TX_0003484,KH_18041,22755,United Kingdom,1,22100.0,2010-12-02 11:35:00
TX_0003485,KH_18041,22195,United Kingdom,1,42900.0,2010-12-02 11:35:00
TX_0003486,KH_18041,21154,United Kingdom,2,32500.0,2010-12-02 11:35:00
TX_0003487,KH_18041,21328,United Kingdom,1,42900.0,2010-12-02 11:35:00
TX_0003488,KH_18041,85114C,United Kingdom,8,42900.0,2010-12-02 11:35:00
TX_0003489,KH_18041,21326,United Kingdom,24,16900.0,2010-12-02 11:35:00
TX_0003490,KH_18041,22796,United Kingdom,2,258700.0,2010-12-02 11:35:00
TX_0003491,KH_18041,22130,United Kingdom,6,22100.0,2010-12-02 11:35:00
TX_0003492,KH_18041,22733,United Kingdom,4,32500.0,2010-12-02 11:35:00
TX_0003493,KH_18041,22560,United Kingdom,3,32500.0,2010-12-02 11:35:00
TX_0003494,KH_18041,22491,United Kingdom,3,22100.0,2010-12-02 11:35:00
TX_0003495,KH_18041,22489,United Kingdom,3,10920.0,2010-12-02 11:35:00
TX_0003496,KH_18041,72818,United Kingdom,1,22100.0,2010-12-02 11:35:00
TX_0003497,KH_18041,20878,United Kingdom,1,32500.0,2010-12-02 11:35:00
TX_0003498,KH_18041,22920,United Kingdom,1,16900.0,2010-12-02 11:35:00
TX_0003499,KH_18041,22917,United Kingdom,1,16900.0,2010-12-02 11:35:00
TX_0003500,KH_18041,22919,United Kingdom,2,16900.0,2010-12-02 11:35:00
TX_0003501,KH_18041,22918,United Kingdom,2,16900.0,2010-12-02 11:35:00
TX_0003502,KH_18041,22916,United Kingdom,2,16900.0,2010-12-02 11:35:00
TX_0003503,KH_18041,22921,United Kingdom,2,16900.0,2010-12-02 11:35:00
TX_0003504,KH_18041,84692,United Kingdom,1,10920.0,2010-12-02 11:35:00
TX_0003505,KH_18041,22659,United Kingdom,1,50700.0,2010-12-02 11:35:00
TX_0003506,KH_18041,22315,United Kingdom,1,32500.0,2010-12-02 11:35:00
TX_0003507,KH_18041,22559,United Kingdom,1,32500.0,2010-12-02 11:35:00
TX_0003508,KH_18041,22896,United Kingdom,1,66300.0,2010-12-02 11:35:00
TX_0003509,KH_18041,20967,United Kingdom,1,97500.0,2010-12-02 11:35:00
TX_0003510,KH_18041,21098,United Kingdom,1,32500.0,2010-12-02 11:35:00
TX_0003511,KH_18041,22568,United Kingdom,1,97500.0,2010-12-02 11:35:00
TX_0003512,KH_16244,20992,United Kingdom,12,22100.0,2010-12-02 11:41:00
TX_0003513,KH_16244,51014A,United Kingdom,12,22100.0,2010-12-02 11:41:00
TX_0003514,KH_16244,22113,United Kingdom,4,97500.0,2010-12-02 11:41:00
TX_0003515,KH_16244,22111,United Kingdom,3,128700.0,2010-12-02 11:41:00
TX_0003516,KH_16244,84032B,United Kingdom,6,76700.0,2010-12-02 11:41:00
TX_0003517,KH_16244,84031B,United Kingdom,3,120900.0,2010-12-02 11:41:00
TX_0003518,KH_16244,84031A,United Kingdom,3,120900.0,2010-12-02 11:41:00
TX_0003519,KH_16244,21430,United Kingdom,4,97500.0,2010-12-02 11:41:00
TX_0003520,KH_16244,21429,United Kingdom,8,42900.0,2010-12-02 11:41:00
TX_0003521,KH_16244,21313,United Kingdom,12,22100.0,2010-12-02 11:41:00
TX_0003522,KH_16244,21108,United Kingdom,9,66300.0,2010-12-02 11:41:00
TX_0003523,KH_16244,47599B,United Kingdom,6,54600.0,2010-12-02 11:41:00
TX_0003524,KH_16244,47566B,United Kingdom,5,120900.0,2010-12-02 11:41:00
TX_0003525,KH_16244,22499,United Kingdom,3,154700.0,2010-12-02 11:41:00
TX_0003526,KH_16244,22090,United Kingdom,6,76700.0,2010-12-02 11:41:00
TX_0003527,KH_16244,22071,United Kingdom,6,97500.0,2010-12-02 11:41:00
TX_0003528,KH_16244,22070,United Kingdom,6,97500.0,2010-12-02 11:41:00
TX_0003529,KH_16244,21216,United Kingdom,4,128700.0,2010-12-02 11:41:00
TX_0003530,KH_16244,22637,United Kingdom,6,66300.0,2010-12-02 11:41:00
TX_0003531,KH_16244,20983,United Kingdom,12,22100.0,2010-12-02 11:41:00
TX_0003532,KH_16244,20975,United Kingdom,24,16900.0,2010-12-02 11:41:00
TX_0003533,KH_16244,20750,United Kingdom,2,206700.0,2010-12-02 11:41:00
TX_0003534,KH_16244,21041,United Kingdom,6,76700.0,2010-12-02 11:41:00
TX_0003535,KH_16244,21537,United Kingdom,4,110500.0,2010-12-02 11:41:00
TX_0003536,KH_16244,21533,United Kingdom,3,128700.0,2010-12-02 11:41:00
TX_0003537,KH_16244,21527,United Kingdom,2,206700.0,2010-12-02 11:41:00
TX_0003538,KH_16244,21538,United Kingdom,4,97500.0,2010-12-02 11:41:00
TX_0003539,KH_16244,85216,United Kingdom,12,16900.0,2010-12-02 11:41:00
TX_0003540,KH_16244,84992,United Kingdom,24,14300.0,2010-12-02 11:41:00
TX_0003541,KH_16244,84991,United Kingdom,24,14300.0,2010-12-02 11:41:00
TX_0003542,KH_16244,22352,United Kingdom,6,66300.0,2010-12-02 11:41:00
TX_0003543,KH_16244,84509A,United Kingdom,4,97500.0,2010-12-02 11:41:00
TX_0003544,KH_16244,84510A,United Kingdom,10,32500.0,2010-12-02 11:41:00
TX_0003545,KH_16244,22131,United Kingdom,6,50700.0,2010-12-02 11:41:00
TX_0003546,KH_16244,21163,United Kingdom,12,37700.0,2010-12-02 11:41:00
TX_0003547,KH_16244,21158,United Kingdom,12,37700.0,2010-12-02 11:41:00
TX_0003548,KH_16244,21161,United Kingdom,12,37700.0,2010-12-02 11:41:00
TX_0003549,KH_16244,21159,United Kingdom,12,37700.0,2010-12-02 11:41:00
TX_0003550,KH_16244,84970L,United Kingdom,12,24700.0,2010-12-02 11:41:00
TX_0003551,KH_16244,72741,United Kingdom,18,37700.0,2010-12-02 11:41:00
TX_0003552,KH_16244,22502,United Kingdom,4,154700.0,2010-12-02 11:41:00
TX_0003553,KH_16244,22469,United Kingdom,12,42900.0,2010-12-02 11:41:00
TX_0003554,KH_16244,22212,United Kingdom,6,54600.0,2010-12-02 11:41:00
TX_0003555,KH_16244,84406B,United Kingdom,8,84500.0,2010-12-02 11:41:00
TX_0003556,KH_16244,22188,United Kingdom,4,102700.0,2010-12-02 11:41:00
TX_0003557,KH_16244,84971S,United Kingdom,24,22100.0,2010-12-02 11:41:00
TX_0003558,KH_16244,21390,United Kingdom,24,32500.0,2010-12-02 11:41:00
TX_0003559,KH_16244,84836,United Kingdom,12,32500.0,2010-12-02 11:41:00
TX_0003560,KH_16244,22297,United Kingdom,24,32500.0,2010-12-02 11:41:00
TX_0003561,KH_16244,22335,United Kingdom,24,16900.0,2010-12-02 11:41:00
TX_0003562,KH_16244,22285,United Kingdom,12,42900.0,2010-12-02 11:41:00
TX_0003563,KH_16244,22284,United Kingdom,12,42900.0,2010-12-02 11:41:00
TX_0003564,KH_16244,21383,United Kingdom,12,16900.0,2010-12-02 11:41:00
TX_0003565,KH_16244,21381,United Kingdom,12,43940.0,2010-12-02 11:41:00
TX_0003566,KH_16244,21380,United Kingdom,6,76700.0,2010-12-02 11:41:00
TX_0003567,KH_16244,47590B,United Kingdom,3,141700.0,2010-12-02 11:41:00
TX_0003568,KH_16244,47590A,United Kingdom,3,141700.0,2010-12-02 11:41:00
TX_0003569,KH_16244,22210,United Kingdom,12,42900.0,2010-12-02 11:41:00
TX_0003570,KH_16244,22209,United Kingdom,12,42900.0,2010-12-02 11:41:00
TX_0003571,KH_16244,22208,United Kingdom,12,42900.0,2010-12-02 11:41:00
TX_0003572,KH_16244,22318,United Kingdom,6,76700.0,2010-12-02 11:41:00
TX_0003573,KH_16244,20974,United Kingdom,24,16900.0,2010-12-02 11:41:00
TX_0003574,KH_16244,20982,United Kingdom,12,22100.0,2010-12-02 11:41:00
TX_0003575,KH_15111,22632,United Kingdom,12,54600.0,2010-12-02 11:45:00
TX_0003576,KH_15111,21872,United Kingdom,12,32500.0,2010-12-02 11:45:00
TX_0003577,KH_15111,48111,United Kingdom,2,206700.0,2010-12-02 11:45:00
TX_0003578,KH_15111,21888,United Kingdom,4,97500.0,2010-12-02 11:45:00
TX_0003579,KH_15111,22867,United Kingdom,12,54600.0,2010-12-02 11:45:00
TX_0003580,KH_15111,22866,United Kingdom,12,54600.0,2010-12-02 11:45:00
TX_0003581,KH_15111,22865,United Kingdom,12,54600.0,2010-12-02 11:45:00
TX_0003582,KH_15111,22112,United Kingdom,3,128700.0,2010-12-02 11:45:00
TX_0003583,KH_15111,84029G,United Kingdom,4,97500.0,2010-12-02 11:45:00
TX_0003584,KH_15111,22637,United Kingdom,6,66300.0,2010-12-02 11:45:00
TX_0003585,KH_15111,22090,United Kingdom,6,76700.0,2010-12-02 11:45:00
TX_0003586,KH_15111,21042,United Kingdom,3,154700.0,2010-12-02 11:45:00
TX_0003587,KH_15111,22961,United Kingdom,12,37700.0,2010-12-02 11:45:00
TX_0003588,KH_15111,22365,United Kingdom,2,206700.0,2010-12-02 11:45:00
TX_0003589,KH_15111,48138,United Kingdom,2,206700.0,2010-12-02 11:45:00
TX_0003590,KH_15111,22822,United Kingdom,2,154700.0,2010-12-02 11:45:00
TX_0003591,KH_GUEST,21914,United Kingdom,1,32500.0,2010-12-02 11:45:00
TX_0003592,KH_GUEST,22661,United Kingdom,1,22100.0,2010-12-02 11:45:00
TX_0003593,KH_GUEST,22560,United Kingdom,1,32500.0,2010-12-02 11:45:00
TX_0003594,KH_GUEST,22411,United Kingdom,1,50700.0,2010-12-02 11:45:00
TX_0003595,KH_GUEST,22633,United Kingdom,1,54600.0,2010-12-02 11:45:00
TX_0003596,KH_GUEST,22632,United Kingdom,1,54600.0,2010-12-02 11:45:00
TX_0003597,KH_GUEST,22867,United Kingdom,1,54600.0,2010-12-02 11:45:00
TX_0003598,KH_GUEST,20754,United Kingdom,1,54600.0,2010-12-02 11:45:00
TX_0003599,KH_GUEST,85035A,United Kingdom,1,110500.0,2010-12-02 11:45:00
TX_0003600,KH_GUEST,22667,United Kingdom,1,76700.0,2010-12-02 11:45:00
TX_0003601,KH_GUEST,22761,United Kingdom,1,648700.0,2010-12-02 11:45:00
TX_0003602,KH_12748,22187,United Kingdom,1,110500.0,2010-12-02 11:46:00
TX_0003603,KH_14390,85136A,United Kingdom,1,206700.0,2010-12-02 11:57:00
TX_0003604,KH_14390,85099B,United Kingdom,2,50700.0,2010-12-02 11:57:00
TX_0003605,KH_14390,22385,United Kingdom,4,50700.0,2010-12-02 11:57:00
TX_0003606,KH_14390,21870,United Kingdom,1,32500.0,2010-12-02 11:57:00
TX_0003607,KH_14390,20723,United Kingdom,1,22100.0,2010-12-02 11:57:00
TX_0003608,KH_14390,20967,United Kingdom,2,97500.0,2010-12-02 11:57:00
TX_0003609,KH_14390,20969,United Kingdom,2,97500.0,2010-12-02 11:57:00
TX_0003610,KH_14390,20970,United Kingdom,1,97500.0,2010-12-02 11:57:00
TX_0003611,KH_14390,85099B,United Kingdom,3,50700.0,2010-12-02 11:57:00
TX_0003612,KH_14390,22418,United Kingdom,2,22100.0,2010-12-02 11:57:00
TX_0003613,KH_14390,22374,United Kingdom,2,110500.0,2010-12-02 11:57:00
TX_0003614,KH_14390,22372,United Kingdom,2,110500.0,2010-12-02 11:57:00
TX_0003615,KH_14390,22375,United Kingdom,2,110500.0,2010-12-02 11:57:00
TX_0003616,KH_14390,22371,United Kingdom,1,110500.0,2010-12-02 11:57:00
TX_0003617,KH_14390,22634,United Kingdom,2,258700.0,2010-12-02 11:57:00
TX_0003618,KH_14390,22663,United Kingdom,2,50700.0,2010-12-02 11:57:00
TX_0003619,KH_14390,22662,United Kingdom,2,42900.0,2010-12-02 11:57:00
TX_0003620,KH_14390,22650,United Kingdom,4,37700.0,2010-12-02 11:57:00
TX_0003621,KH_14390,22578,United Kingdom,5,22100.0,2010-12-02 11:57:00
TX_0003622,KH_14390,22579,United Kingdom,6,22100.0,2010-12-02 11:57:00
TX_0003623,KH_14390,21479,United Kingdom,2,97500.0,2010-12-02 11:57:00
TX_0003624,KH_14390,22112,United Kingdom,6,128700.0,2010-12-02 11:57:00
TX_0003625,KH_14390,22110,United Kingdom,4,66300.0,2010-12-02 11:57:00
TX_0003626,KH_14390,84997B,United Kingdom,3,97500.0,2010-12-02 11:57:00
TX_0003627,KH_14390,84997A,United Kingdom,3,97500.0,2010-12-02 11:57:00
TX_0003628,KH_14390,84997C,United Kingdom,2,97500.0,2010-12-02 11:57:00
TX_0003629,KH_14390,84997D,United Kingdom,7,97500.0,2010-12-02 11:57:00
TX_0003630,KH_16546,22867,United Kingdom,24,54600.0,2010-12-02 12:07:00
TX_0003631,KH_16546,22633,United Kingdom,24,54600.0,2010-12-02 12:07:00
TX_0003632,KH_16546,22632,United Kingdom,24,54600.0,2010-12-02 12:07:00
TX_0003633,KH_16546,22910,United Kingdom,40,66300.0,2010-12-02 12:07:00
TX_0003634,KH_16546,22737,United Kingdom,20,42900.0,2010-12-02 12:07:00
TX_0003635,KH_16546,22952,United Kingdom,24,14300.0,2010-12-02 12:07:00
TX_0003636,KH_15260,22601,United Kingdom,24,22100.0,2010-12-02 12:09:00
TX_0003637,KH_15260,22602,United Kingdom,24,22100.0,2010-12-02 12:09:00
TX_0003638,KH_15260,22579,United Kingdom,24,22100.0,2010-12-02 12:09:00
TX_0003639,KH_15260,22574,United Kingdom,24,22100.0,2010-12-02 12:09:00
TX_0003640,KH_15260,22576,United Kingdom,24,22100.0,2010-12-02 12:09:00
TX_0003641,KH_15260,22594,United Kingdom,24,22100.0,2010-12-02 12:09:00
TX_0003642,KH_15260,22595,United Kingdom,12,22100.0,2010-12-02 12:09:00
TX_0003643,KH_15260,22423,United Kingdom,4,331500.0,2010-12-02 12:09:00
TX_0003644,KH_15260,21217,United Kingdom,2,258700.0,2010-12-02 12:09:00
TX_0003645,KH_15260,22086,United Kingdom,12,76700.0,2010-12-02 12:09:00
TX_0003646,KH_15260,22910,United Kingdom,12,76700.0,2010-12-02 12:09:00
TX_0003647,KH_15260,84347,United Kingdom,6,66300.0,2010-12-02 12:09:00
TX_0003648,KH_15260,21741,United Kingdom,6,76700.0,2010-12-02 12:09:00
TX_0003649,KH_15260,21738,United Kingdom,6,76700.0,2010-12-02 12:09:00
TX_0003650,KH_15260,21739,United Kingdom,6,76700.0,2010-12-02 12:09:00
TX_0003651,KH_15260,79321,United Kingdom,4,128700.0,2010-12-02 12:09:00
TX_0003652,KH_15260,22469,United Kingdom,40,37700.0,2010-12-02 12:09:00
TX_0003653,KH_13305,85061W,United Kingdom,24,22100.0,2010-12-02 12:10:00
TX_0003654,KH_13305,22855,United Kingdom,12,32500.0,2010-12-02 12:10:00
TX_0003655,KH_13305,22465,United Kingdom,24,42900.0,2010-12-02 12:10:00
TX_0003656,KH_13305,22740,United Kingdom,48,22100.0,2010-12-02 12:10:00
TX_0003657,KH_13305,21385,United Kingdom,24,22100.0,2010-12-02 12:10:00
TX_0003658,KH_14491,22812,United Kingdom,24,50700.0,2010-12-02 12:10:00
TX_0003659,KH_14491,20749,United Kingdom,6,206700.0,2010-12-02 12:10:00
TX_0003660,KH_14491,22729,United Kingdom,4,97500.0,2010-12-02 12:10:00
TX_0003661,KH_14491,21288,United Kingdom,6,76700.0,2010-12-02 12:10:00
TX_0003662,KH_14060,21014,United Kingdom,60,22100.0,2010-12-02 12:11:00
TX_0003663,KH_14060,21803,United Kingdom,36,10920.0,2010-12-02 12:11:00
TX_0003664,KH_14060,21801,United Kingdom,36,10920.0,2010-12-02 12:11:00
TX_0003665,KH_14060,72816,United Kingdom,48,27560.0,2010-12-02 12:11:00
TX_0003666,KH_14060,22909,United Kingdom,96,16640.0,2010-12-02 12:11:00
TX_0003667,KH_14060,40016,United Kingdom,144,10920.0,2010-12-02 12:11:00
TX_0003668,KH_14060,22491,United Kingdom,48,22100.0,2010-12-02 12:11:00
TX_0003669,KH_14060,21791,United Kingdom,36,32500.0,2010-12-02 12:11:00
TX_0003670,KH_15923,21034,United Kingdom,5,24700.0,2010-12-02 12:16:00
TX_0003671,KH_15923,22650,United Kingdom,4,37700.0,2010-12-02 12:16:00
TX_0003672,KH_15923,22202,United Kingdom,2,97500.0,2010-12-02 12:16:00
TX_0003673,KH_15923,21064,United Kingdom,1,154700.0,2010-12-02 12:16:00
TX_0003674,KH_15923,21364,United Kingdom,1,175500.0,2010-12-02 12:16:00
TX_0003675,KH_15923,22964,United Kingdom,1,54600.0,2010-12-02 12:16:00
TX_0003676,KH_15923,22131,United Kingdom,1,50700.0,2010-12-02 12:16:00
TX_0003677,KH_15923,48173C,United Kingdom,1,206700.0,2010-12-02 12:16:00
TX_0003678,KH_15923,47591B,United Kingdom,1,42900.0,2010-12-02 12:16:00
TX_0003679,KH_15923,47591D,United Kingdom,1,50700.0,2010-12-02 12:16:00
TX_0003680,KH_15923,85038,United Kingdom,7,54600.0,2010-12-02 12:16:00
TX_0003681,KH_15923,22195,United Kingdom,1,42900.0,2010-12-02 12:16:00
TX_0003682,KH_15923,84341B,United Kingdom,1,22100.0,2010-12-02 12:16:00
TX_0003683,KH_15923,84509G,United Kingdom,2,97500.0,2010-12-02 12:16:00
TX_0003684,KH_15923,22367,United Kingdom,2,50700.0,2010-12-02 12:16:00
TX_0003685,KH_15923,16235,United Kingdom,48,5460.0,2010-12-02 12:16:00
TX_0003686,KH_15923,84755,United Kingdom,32,16900.0,2010-12-02 12:16:00
TX_0003687,KH_15923,21161,United Kingdom,2,37700.0,2010-12-02 12:16:00
TX_0003688,KH_15923,20986,United Kingdom,4,32500.0,2010-12-02 12:16:00
TX_0003689,KH_15923,20832,United Kingdom,4,22100.0,2010-12-02 12:16:00
TX_0003690,KH_15923,22501,United Kingdom,1,258700.0,2010-12-02 12:16:00
TX_0003691,KH_16752,84846A,United Kingdom,6,54600.0,2010-12-02 12:18:00
TX_0003692,KH_16752,22442,United Kingdom,2,206700.0,2010-12-02 12:18:00
TX_0003693,KH_16752,22759,United Kingdom,12,42900.0,2010-12-02 12:18:00
TX_0003694,KH_16752,22168,United Kingdom,2,221000.0,2010-12-02 12:18:00
TX_0003695,KH_16752,22797,United Kingdom,1,440700.0,2010-12-02 12:18:00
TX_0003696,KH_16752,22595,United Kingdom,12,22100.0,2010-12-02 12:18:00
TX_0003697,KH_16752,21563,United Kingdom,6,76700.0,2010-12-02 12:18:00
TX_0003698,KH_16752,22969,United Kingdom,12,37700.0,2010-12-02 12:18:00
TX_0003699,KH_16752,21769,United Kingdom,1,2078700.0,2010-12-02 12:18:00
TX_0003700,KH_17287,84406B,United Kingdom,1,84500.0,2010-12-02 12:22:00
TX_0003701,KH_17287,22294,United Kingdom,10,32500.0,2010-12-02 12:22:00
TX_0003702,KH_17287,22295,United Kingdom,6,42900.0,2010-12-02 12:22:00
TX_0003703,KH_17287,22906,United Kingdom,1,42900.0,2010-12-02 12:22:00
TX_0003704,KH_17287,22988,United Kingdom,1,32500.0,2010-12-02 12:22:00
TX_0003705,KH_17287,84879,United Kingdom,8,43940.0,2010-12-02 12:22:00
TX_0003706,KH_17287,22423,United Kingdom,3,331500.0,2010-12-02 12:22:00
TX_0003707,KH_17287,22633,United Kingdom,2,54600.0,2010-12-02 12:22:00
TX_0003708,KH_17287,22867,United Kingdom,1,54600.0,2010-12-02 12:22:00
TX_0003709,KH_17287,22866,United Kingdom,1,54600.0,2010-12-02 12:22:00
TX_0003710,KH_17287,21586,United Kingdom,3,66300.0,2010-12-02 12:22:00
TX_0003711,KH_17287,21584,United Kingdom,6,42900.0,2010-12-02 12:22:00
TX_0003712,KH_17287,21588,United Kingdom,3,66300.0,2010-12-02 12:22:00
TX_0003713,KH_17850,84029E,United Kingdom,8,88140.0,2010-12-02 12:23:00
TX_0003714,KH_17850,22752,United Kingdom,4,198900.0,2010-12-02 12:23:00
TX_0003715,KH_17850,22803,United Kingdom,2,929500.0,2010-12-02 12:23:00
TX_0003716,KH_17850,21730,United Kingdom,6,110500.0,2010-12-02 12:23:00
TX_0003717,KH_17850,85123A,United Kingdom,12,66300.0,2010-12-02 12:23:00
TX_0003718,KH_17850,71053,United Kingdom,12,88140.0,2010-12-02 12:23:00
TX_0003719,KH_17850,84406B,United Kingdom,6,71500.0,2010-12-02 12:23:00
TX_0003720,KH_17850,37370,United Kingdom,6,27560.0,2010-12-02 12:23:00
TX_0003721,KH_17850,21871,United Kingdom,6,27560.0,2010-12-02 12:23:00
TX_0003722,KH_17850,21071,United Kingdom,6,27560.0,2010-12-02 12:23:00
TX_0003723,KH_17850,21068,United Kingdom,6,27560.0,2010-12-02 12:23:00
TX_0003724,KH_17850,82483,United Kingdom,4,128700.0,2010-12-02 12:23:00
TX_0003725,KH_17850,82486,United Kingdom,4,180700.0,2010-12-02 12:23:00
TX_0003726,KH_17850,82482,United Kingdom,6,54600.0,2010-12-02 12:23:00
TX_0003727,KH_17850,82494L,United Kingdom,6,66300.0,2010-12-02 12:23:00
TX_0003728,KH_17850,22411,United Kingdom,6,42900.0,2010-12-02 12:23:00
TX_0003729,KH_17850,84029G,United Kingdom,8,88140.0,2010-12-02 12:23:00
TX_0003730,KH_17850,22632,United Kingdom,6,48100.0,2010-12-02 12:24:00
TX_0003731,KH_17850,22633,United Kingdom,6,48100.0,2010-12-02 12:24:00
TX_0003732,KH_17850,85123A,United Kingdom,6,66300.0,2010-12-02 12:25:00
TX_0003733,KH_17850,71053,United Kingdom,6,88140.0,2010-12-02 12:25:00
TX_0003734,KH_17850,84406B,United Kingdom,6,71500.0,2010-12-02 12:25:00
TX_0003735,KH_17850,37370,United Kingdom,6,27560.0,2010-12-02 12:25:00
TX_0003736,KH_17850,21871,United Kingdom,6,27560.0,2010-12-02 12:25:00
TX_0003737,KH_17850,21071,United Kingdom,6,27560.0,2010-12-02 12:25:00
TX_0003738,KH_17850,21068,United Kingdom,6,27560.0,2010-12-02 12:25:00
TX_0003739,KH_17850,82483,United Kingdom,4,128700.0,2010-12-02 12:25:00
TX_0003740,KH_17850,82486,United Kingdom,4,180700.0,2010-12-02 12:25:00
TX_0003741,KH_17850,82482,United Kingdom,6,54600.0,2010-12-02 12:25:00
TX_0003742,KH_17850,82494L,United Kingdom,6,66300.0,2010-12-02 12:25:00
TX_0003743,KH_17850,22411,United Kingdom,6,42900.0,2010-12-02 12:25:00
TX_0003744,KH_17850,84029G,United Kingdom,6,88140.0,2010-12-02 12:25:00
TX_0003745,KH_17850,84029E,United Kingdom,6,88140.0,2010-12-02 12:25:00
TX_0003746,KH_17850,22752,United Kingdom,4,198900.0,2010-12-02 12:25:00
TX_0003747,KH_17850,22803,United Kingdom,2,929500.0,2010-12-02 12:25:00
TX_0003748,KH_17850,21730,United Kingdom,6,110500.0,2010-12-02 12:25:00
TX_0003749,KH_17850,22632,United Kingdom,6,48100.0,2010-12-02 12:26:00
TX_0003750,KH_17850,22633,United Kingdom,6,48100.0,2010-12-02 12:26:00
TX_0003751,KH_15363,21731,United Kingdom,12,42900.0,2010-12-02 12:28:00
TX_0003752,KH_15363,85135B,United Kingdom,2,206700.0,2010-12-02 12:28:00
TX_0003753,KH_15363,21913,United Kingdom,4,97500.0,2010-12-02 12:28:00
TX_0003754,KH_15363,22745,United Kingdom,12,54600.0,2010-12-02 12:28:00
TX_0003755,KH_15363,85227,United Kingdom,12,22100.0,2010-12-02 12:28:00
TX_0003756,KH_15363,21790,United Kingdom,12,22100.0,2010-12-02 12:28:00
TX_0003757,KH_15363,21743,United Kingdom,12,76700.0,2010-12-02 12:28:00
TX_0003758,KH_15363,20798,United Kingdom,12,54600.0,2010-12-02 12:28:00
TX_0003759,KH_15363,22457,United Kingdom,6,76700.0,2010-12-02 12:28:00
TX_0003760,KH_15363,22669,United Kingdom,5,76700.0,2010-12-02 12:28:00
TX_0003761,KH_15363,22320,United Kingdom,3,154700.0,2010-12-02 12:28:00
TX_0003762,KH_15363,21249,United Kingdom,6,76700.0,2010-12-02 12:28:00
TX_0003763,KH_15363,22493,United Kingdom,24,42900.0,2010-12-02 12:28:00
TX_0003764,KH_15363,22943,United Kingdom,6,128700.0,2010-12-02 12:28:00
TX_0003765,KH_15363,21561,United Kingdom,6,66300.0,2010-12-02 12:28:00
TX_0003766,KH_15363,22382,United Kingdom,10,42900.0,2010-12-02 12:28:00
TX_0003767,KH_12915,37495,United Kingdom,4,97500.0,2010-12-02 12:33:00
TX_0003768,KH_12915,21218,United Kingdom,6,97500.0,2010-12-02 12:33:00
TX_0003769,KH_12915,21217,United Kingdom,1,258700.0,2010-12-02 12:33:00
TX_0003770,KH_12915,22840,United Kingdom,2,206700.0,2010-12-02 12:33:00
TX_0003771,KH_12915,85132A,United Kingdom,1,258700.0,2010-12-02 12:33:00
TX_0003772,KH_12915,85132B,United Kingdom,1,258700.0,2010-12-02 12:33:00
TX_0003773,KH_12915,85132C,United Kingdom,1,258700.0,2010-12-02 12:33:00
TX_0003774,KH_12915,22938,United Kingdom,12,50700.0,2010-12-02 12:33:00
TX_0003775,KH_12915,22955,United Kingdom,6,54600.0,2010-12-02 12:33:00
TX_0003776,KH_12915,22626,United Kingdom,2,221000.0,2010-12-02 12:33:00
TX_0003777,KH_12915,21843,United Kingdom,1,284700.0,2010-12-02 12:33:00
TX_0003778,KH_12915,22215,United Kingdom,2,221000.0,2010-12-02 12:33:00
TX_0003779,KH_12915,22423,United Kingdom,2,331500.0,2010-12-02 12:33:00
TX_0003780,KH_15544,21238,United Kingdom,8,22100.0,2010-12-02 12:47:00
TX_0003781,KH_15544,20674,United Kingdom,8,32500.0,2010-12-02 12:47:00
TX_0003782,KH_15544,20675,United Kingdom,8,32500.0,2010-12-02 12:47:00
TX_0003783,KH_15544,21239,United Kingdom,8,22100.0,2010-12-02 12:47:00
TX_0003784,KH_15544,21244,United Kingdom,8,43940.0,2010-12-02 12:47:00
TX_0003785,KH_15544,21245,United Kingdom,8,43940.0,2010-12-02 12:47:00
TX_0003786,KH_15544,84997A,United Kingdom,6,97500.0,2010-12-02 12:47:00
TX_0003787,KH_15544,84997D,United Kingdom,6,97500.0,2010-12-02 12:47:00
TX_0003788,KH_15544,21679,United Kingdom,12,22100.0,2010-12-02 12:47:00
TX_0003789,KH_15544,21479,United Kingdom,4,97500.0,2010-12-02 12:47:00
TX_0003790,KH_15544,22423,United Kingdom,2,331500.0,2010-12-02 12:47:00
TX_0003791,KH_15544,21213,United Kingdom,24,14300.0,2010-12-02 12:47:00
TX_0003792,KH_15544,21207,United Kingdom,12,42900.0,2010-12-02 12:47:00
TX_0003793,KH_15544,21987,United Kingdom,12,16900.0,2010-12-02 12:47:00
TX_0003794,KH_15544,21988,United Kingdom,12,22100.0,2010-12-02 12:47:00
TX_0003795,KH_15544,21989,United Kingdom,12,22100.0,2010-12-02 12:47:00
TX_0003796,KH_15544,22316,United Kingdom,12,32500.0,2010-12-02 12:47:00
TX_0003797,KH_15544,22332,United Kingdom,8,42900.0,2010-12-02 12:47:00
TX_0003798,KH_15544,22437,United Kingdom,20,22100.0,2010-12-02 12:47:00
TX_0003799,KH_15544,22910,United Kingdom,6,76700.0,2010-12-02 12:47:00
TX_0003800,KH_15544,22086,United Kingdom,6,76700.0,2010-12-02 12:47:00
TX_0003801,KH_15544,85049A,United Kingdom,12,32500.0,2010-12-02 12:47:00
TX_0003802,KH_15544,21080,United Kingdom,12,22100.0,2010-12-02 12:47:00
TX_0003803,KH_15544,21086,United Kingdom,12,16900.0,2010-12-02 12:47:00
TX_0003804,KH_15544,21094,United Kingdom,12,22100.0,2010-12-02 12:47:00
TX_0003805,KH_15544,21212,United Kingdom,24,14300.0,2010-12-02 12:47:00
TX_0003806,KH_15738,21206,United Kingdom,12,42900.0,2010-12-02 12:50:00
TX_0003807,KH_15738,20974,United Kingdom,24,16900.0,2010-12-02 12:50:00
TX_0003808,KH_15738,22333,United Kingdom,16,42900.0,2010-12-02 12:50:00
TX_0003809,KH_15738,21094,United Kingdom,60,22100.0,2010-12-02 12:50:00
TX_0003810,KH_15738,21080,United Kingdom,24,22100.0,2010-12-02 12:50:00
TX_0003811,KH_15738,21086,United Kingdom,36,16900.0,2010-12-02 12:50:00
TX_0003812,KH_15738,20914,United Kingdom,6,76700.0,2010-12-02 12:50:00
TX_0003813,KH_15738,20975,United Kingdom,24,16900.0,2010-12-02 12:50:00
TX_0003814,KH_15738,20677,United Kingdom,8,32500.0,2010-12-02 12:50:00
TX_0003815,KH_15738,47590B,United Kingdom,9,141700.0,2010-12-02 12:50:00
TX_0003816,KH_15738,47599A,United Kingdom,12,54600.0,2010-12-02 12:50:00
TX_0003817,KH_15738,22083,United Kingdom,6,76700.0,2010-12-02 12:50:00
TX_0003818,KH_15738,47599B,United Kingdom,6,54600.0,2010-12-02 12:50:00
TX_0003819,KH_15738,84375,United Kingdom,12,54600.0,2010-12-02 12:50:00
TX_0003820,KH_17381,22659,United Kingdom,128,42900.0,2010-12-02 12:58:00
TX_0003821,KH_17381,21703,United Kingdom,192,10920.0,2010-12-02 12:59:00
TX_0003822,KH_17381,21790,United Kingdom,144,18720.0,2010-12-02 12:59:00
TX_0003823,KH_17381,21791,United Kingdom,216,27560.0,2010-12-02 12:59:00
TX_0003824,KH_17381,22616,United Kingdom,600,7540.0,2010-12-02 12:59:00
TX_0003825,KH_17381,22555,United Kingdom,144,42900.0,2010-12-02 12:59:00
TX_0003826,KH_15827,22806,United Kingdom,6,76700.0,2010-12-02 13:06:00
TX_0003827,KH_15827,22893,United Kingdom,24,10920.0,2010-12-02 13:06:00
TX_0003828,KH_15827,21843,United Kingdom,1,284700.0,2010-12-02 13:06:00
TX_0003829,KH_15827,21217,United Kingdom,1,258700.0,2010-12-02 13:06:00
TX_0003830,KH_15827,20914,United Kingdom,6,76700.0,2010-12-02 13:06:00
TX_0003831,KH_15827,22841,United Kingdom,2,206700.0,2010-12-02 13:06:00
TX_0003832,KH_15827,22840,United Kingdom,2,206700.0,2010-12-02 13:06:00
TX_0003833,KH_14180,22666,United Kingdom,6,76700.0,2010-12-02 13:08:00
TX_0003834,KH_14180,22120,United Kingdom,3,258700.0,2010-12-02 13:08:00
TX_0003835,KH_14180,85159A,United Kingdom,2,165100.0,2010-12-02 13:08:00
TX_0003836,KH_14180,85064,United Kingdom,2,141700.0,2010-12-02 13:08:00
TX_0003837,KH_14180,21843,United Kingdom,1,284700.0,2010-12-02 13:08:00
TX_0003838,KH_14180,20750,United Kingdom,2,206700.0,2010-12-02 13:08:00
TX_0003839,KH_14180,35004C,United Kingdom,3,141700.0,2010-12-02 13:08:00
TX_0003840,KH_14180,21784,United Kingdom,2,258700.0,2010-12-02 13:08:00
TX_0003841,KH_14180,22849,United Kingdom,1,440700.0,2010-12-02 13:08:00
TX_0003842,KH_14180,22848,United Kingdom,1,440700.0,2010-12-02 13:08:00
TX_0003843,KH_14180,21527,United Kingdom,2,206700.0,2010-12-02 13:08:00
TX_0003844,KH_14180,21844,United Kingdom,6,76700.0,2010-12-02 13:08:00
TX_0003845,KH_15827,22963,United Kingdom,12,22100.0,2010-12-02 13:08:00
TX_0003846,KH_15827,22962,United Kingdom,12,22100.0,2010-12-02 13:08:00
TX_0003847,KH_15827,22961,United Kingdom,12,37700.0,2010-12-02 13:08:00
TX_0003848,KH_15827,22966,United Kingdom,12,32500.0,2010-12-02 13:08:00
TX_0003849,KH_15827,22964,United Kingdom,6,54600.0,2010-12-02 13:08:00
TX_0003850,KH_15827,22969,United Kingdom,12,37700.0,2010-12-02 13:08:00
TX_0003851,KH_15827,21217,United Kingdom,1,258700.0,2010-12-02 13:08:00
TX_0003852,KH_13117,17090D,United Kingdom,6,32500.0,2010-12-02 13:11:00
TX_0003853,KH_13117,17090A,United Kingdom,6,32500.0,2010-12-02 13:11:00
TX_0003854,KH_13117,22457,United Kingdom,6,76700.0,2010-12-02 13:11:00
TX_0003855,KH_13117,84879,United Kingdom,8,43940.0,2010-12-02 13:11:00
TX_0003856,KH_13117,72127,United Kingdom,6,32500.0,2010-12-02 13:11:00
TX_0003857,KH_13117,72133,United Kingdom,6,32500.0,2010-12-02 13:11:00
TX_0003858,KH_13117,84763,United Kingdom,12,32500.0,2010-12-02 13:11:00
TX_0003859,KH_13117,85049E,United Kingdom,12,32500.0,2010-12-02 13:11:00
TX_0003860,KH_13117,22077,United Kingdom,12,42900.0,2010-12-02 13:11:00
TX_0003861,KH_13117,22075,United Kingdom,12,42900.0,2010-12-02 13:11:00
TX_0003862,KH_13117,85049A,United Kingdom,12,32500.0,2010-12-02 13:11:00
TX_0003863,KH_13117,22940,United Kingdom,4,110500.0,2010-12-02 13:11:00
TX_0003864,KH_13117,22144,United Kingdom,6,54600.0,2010-12-02 13:11:00
TX_0003865,KH_13117,22652,United Kingdom,10,42900.0,2010-12-02 13:11:00
TX_0003866,KH_13117,84945,United Kingdom,12,22100.0,2010-12-02 13:11:00
TX_0003867,KH_16916,47504H,United Kingdom,1,50700.0,2010-12-02 13:14:00
TX_0003868,KH_16916,85127,United Kingdom,2,128700.0,2010-12-02 13:14:00
TX_0003869,KH_16916,21472,United Kingdom,1,97500.0,2010-12-02 13:14:00
TX_0003870,KH_16916,22196,United Kingdom,1,22100.0,2010-12-02 13:14:00
TX_0003871,KH_16916,22086,United Kingdom,1,76700.0,2010-12-02 13:14:00
TX_0003872,KH_16916,84692,United Kingdom,1,10920.0,2010-12-02 13:14:00
TX_0003873,KH_16916,84380,United Kingdom,1,32500.0,2010-12-02 13:14:00
TX_0003874,KH_16916,20978,United Kingdom,1,32500.0,2010-12-02 13:14:00
TX_0003875,KH_16916,21833,United Kingdom,6,43940.0,2010-12-02 13:14:00
TX_0003876,KH_16916,22553,United Kingdom,1,42900.0,2010-12-02 13:14:00
TX_0003877,KH_16916,22451,United Kingdom,1,87100.0,2010-12-02 13:14:00
TX_0003878,KH_16916,22450,United Kingdom,1,87100.0,2010-12-02 13:14:00
TX_0003879,KH_16916,10124G,United Kingdom,5,10920.0,2010-12-02 13:14:00
TX_0003880,KH_16916,84519B,United Kingdom,2,76700.0,2010-12-02 13:14:00
TX_0003881,KH_16916,22941,United Kingdom,1,221000.0,2010-12-02 13:14:00
TX_0003882,KH_16916,22349,United Kingdom,1,97500.0,2010-12-02 13:14:00
TX_0003883,KH_16916,21931,United Kingdom,1,50700.0,2010-12-02 13:14:00
TX_0003884,KH_16916,22505,United Kingdom,1,128700.0,2010-12-02 13:14:00
TX_0003885,KH_16916,21922,United Kingdom,1,206700.0,2010-12-02 13:14:00
TX_0003886,KH_16916,21584,United Kingdom,1,42900.0,2010-12-02 13:14:00
TX_0003887,KH_16916,22312,United Kingdom,1,76700.0,2010-12-02 13:14:00
TX_0003888,KH_16916,22822,United Kingdom,1,154700.0,2010-12-02 13:14:00
TX_0003889,KH_16916,22514,United Kingdom,3,54600.0,2010-12-02 13:14:00
TX_0003890,KH_16916,22988,United Kingdom,2,32500.0,2010-12-02 13:14:00
TX_0003891,KH_16916,22862,United Kingdom,2,110500.0,2010-12-02 13:14:00
TX_0003892,KH_16916,22973,United Kingdom,1,42900.0,2010-12-02 13:14:00
TX_0003893,KH_16916,22974,United Kingdom,1,42900.0,2010-12-02 13:14:00
TX_0003894,KH_16916,22972,United Kingdom,3,42900.0,2010-12-02 13:14:00
TX_0003895,KH_16916,21213,United Kingdom,1,14300.0,2010-12-02 13:14:00
TX_0003896,KH_16916,22659,United Kingdom,2,50700.0,2010-12-02 13:14:00
TX_0003897,KH_16916,22768,United Kingdom,1,258700.0,2010-12-02 13:14:00
TX_0003898,KH_16916,21427,United Kingdom,2,54600.0,2010-12-02 13:14:00
TX_0003899,KH_16916,21504,United Kingdom,12,10920.0,2010-12-02 13:14:00
TX_0003900,KH_16916,22292,United Kingdom,1,37700.0,2010-12-02 13:14:00
TX_0003901,KH_16916,22558,United Kingdom,2,38740.0,2010-12-02 13:14:00
TX_0003902,KH_16916,22379,United Kingdom,1,54600.0,2010-12-02 13:14:00
TX_0003903,KH_16916,22470,United Kingdom,1,76700.0,2010-12-02 13:14:00
TX_0003904,KH_16916,21211,United Kingdom,1,37700.0,2010-12-02 13:14:00
TX_0003905,KH_16916,22469,United Kingdom,2,42900.0,2010-12-02 13:14:00
TX_0003906,KH_16916,20978,United Kingdom,3,32500.0,2010-12-02 13:14:00
TX_0003907,KH_16916,21974,United Kingdom,1,37700.0,2010-12-02 13:14:00
TX_0003908,KH_16916,20914,United Kingdom,1,76700.0,2010-12-02 13:14:00
TX_0003909,KH_16916,22316,United Kingdom,1,32500.0,2010-12-02 13:14:00
TX_0003910,KH_16916,22557,United Kingdom,1,42900.0,2010-12-02 13:14:00
TX_0003911,KH_16916,22652,United Kingdom,1,42900.0,2010-12-02 13:14:00
TX_0003912,KH_16916,22311,United Kingdom,1,76700.0,2010-12-02 13:14:00
TX_0003913,KH_16916,22465,United Kingdom,12,42900.0,2010-12-02 13:14:00
TX_0003914,KH_16916,84755,United Kingdom,8,16900.0,2010-12-02 13:14:00
TX_0003915,KH_16916,22666,United Kingdom,2,76700.0,2010-12-02 13:14:00
TX_0003916,KH_17964,22045,United Kingdom,25,10920.0,2010-12-02 13:32:00
TX_0003917,KH_17964,90175C,United Kingdom,1,232700.0,2010-12-02 13:32:00
TX_0003918,KH_17964,90180A,United Kingdom,1,258700.0,2010-12-02 13:32:00
TX_0003919,KH_17964,90178A,United Kingdom,1,310700.0,2010-12-02 13:32:00
TX_0003920,KH_17964,22746,United Kingdom,1,54600.0,2010-12-02 13:32:00
TX_0003921,KH_17964,22745,United Kingdom,1,54600.0,2010-12-02 13:32:00
TX_0003922,KH_17964,22983,United Kingdom,12,10920.0,2010-12-02 13:32:00
TX_0003923,KH_17964,21914,United Kingdom,1,32500.0,2010-12-02 13:32:00
TX_0003924,KH_17964,22986,United Kingdom,25,10920.0,2010-12-02 13:32:00
TX_0003925,KH_17964,21731,United Kingdom,3,42900.0,2010-12-02 13:32:00
TX_0003926,KH_17964,20984,United Kingdom,2,22100.0,2010-12-02 13:32:00
TX_0003927,KH_17964,22436,United Kingdom,10,16900.0,2010-12-02 13:32:00
TX_0003928,KH_17964,21465,United Kingdom,1,97500.0,2010-12-02 13:32:00
TX_0003929,KH_17964,21470,United Kingdom,1,97500.0,2010-12-02 13:32:00
TX_0003930,KH_17964,22622,United Kingdom,2,258700.0,2010-12-02 13:32:00
TX_0003931,KH_17964,16012,United Kingdom,24,5460.0,2010-12-02 13:32:00
TX_0003932,KH_17964,85135B,United Kingdom,1,206700.0,2010-12-02 13:32:00
TX_0003933,KH_17964,22551,United Kingdom,1,42900.0,2010-12-02 13:32:00
TX_0003934,KH_17964,85025C,United Kingdom,2,42900.0,2010-12-02 13:32:00
TX_0003935,KH_17964,21918,United Kingdom,1,10920.0,2010-12-02 13:32:00
TX_0003936,KH_17964,21851,United Kingdom,1,128700.0,2010-12-02 13:32:00
TX_0003937,KH_17964,21849,United Kingdom,1,128700.0,2010-12-02 13:32:00
TX_0003938,KH_17964,22729,United Kingdom,1,97500.0,2010-12-02 13:32:00
TX_0003939,KH_17964,21889,United Kingdom,1,32500.0,2010-12-02 13:32:00
TX_0003940,KH_17964,85124B,United Kingdom,1,66300.0,2010-12-02 13:32:00
TX_0003941,KH_17964,85124C,United Kingdom,1,66300.0,2010-12-02 13:32:00
TX_0003942,KH_17964,20828,United Kingdom,2,66300.0,2010-12-02 13:32:00
TX_0003943,KH_17964,22554,United Kingdom,2,42900.0,2010-12-02 13:32:00
TX_0003944,KH_17964,22653,United Kingdom,2,50700.0,2010-12-02 13:32:00
TX_0003945,KH_17964,21830,United Kingdom,48,10920.0,2010-12-02 13:32:00
TX_0003946,KH_17964,21623,United Kingdom,2,258700.0,2010-12-02 13:32:00
TX_0003947,KH_17964,22785,United Kingdom,2,175500.0,2010-12-02 13:32:00
TX_0003948,KH_17964,22654,United Kingdom,5,154700.0,2010-12-02 13:32:00
TX_0003949,KH_17964,84949,United Kingdom,6,42900.0,2010-12-02 13:32:00
TX_0003950,KH_17964,22800,United Kingdom,4,97500.0,2010-12-02 13:32:00
TX_0003951,KH_14466,22898,United Kingdom,25,50700.0,2010-12-02 13:36:00
TX_0003952,KH_14466,47591D,United Kingdom,50,42900.0,2010-12-02 13:36:00
TX_0003953,KH_14466,21156,United Kingdom,25,50700.0,2010-12-02 13:36:00
TX_0003954,KH_14466,22367,United Kingdom,10,50700.0,2010-12-02 13:36:00
TX_0003955,KH_14466,22955,United Kingdom,6,54600.0,2010-12-02 13:36:00
TX_0003956,KH_14466,22956,United Kingdom,6,54600.0,2010-12-02 13:36:00
TX_0003957,KH_14466,21625,United Kingdom,6,180700.0,2010-12-02 13:36:00
TX_0003958,KH_14466,22423,United Kingdom,6,331500.0,2010-12-02 13:36:00
TX_0003959,KH_14466,21843,United Kingdom,2,284700.0,2010-12-02 13:36:00
TX_0003960,KH_14466,22839,United Kingdom,1,388700.0,2010-12-02 13:36:00
TX_0003961,KH_17235,22738,United Kingdom,30,42900.0,2010-12-02 13:38:00
TX_0003962,KH_17235,21430,United Kingdom,8,97500.0,2010-12-02 13:38:00
TX_0003963,KH_17235,85184C,United Kingdom,12,76700.0,2010-12-02 13:38:00
TX_0003964,KH_17235,20749,United Kingdom,8,206700.0,2010-12-02 13:38:00
TX_0003965,KH_17235,20750,United Kingdom,8,206700.0,2010-12-02 13:38:00
TX_0003966,KH_17235,22077,United Kingdom,24,42900.0,2010-12-02 13:38:00
TX_0003967,KH_17235,22736,United Kingdom,10,42900.0,2010-12-02 13:38:00
TX_0003968,KH_17235,22737,United Kingdom,10,42900.0,2010-12-02 13:38:00
TX_0003969,KH_17235,21428,United Kingdom,4,110500.0,2010-12-02 13:38:00
TX_0003970,KH_17235,85177,United Kingdom,12,22100.0,2010-12-02 13:38:00
TX_0003971,KH_16510,22768,United Kingdom,2,258700.0,2010-12-02 13:39:00
TX_0003972,KH_16510,22795,United Kingdom,4,175500.0,2010-12-02 13:39:00
TX_0003973,KH_16510,22914,United Kingdom,3,128700.0,2010-12-02 13:39:00
TX_0003974,KH_16510,22969,United Kingdom,12,37700.0,2010-12-02 13:39:00
TX_0003975,KH_16510,21259,United Kingdom,2,154700.0,2010-12-02 13:39:00
TX_0003976,KH_16510,21258,United Kingdom,1,331500.0,2010-12-02 13:39:00
TX_0003977,KH_16510,84947,United Kingdom,12,32500.0,2010-12-02 13:39:00
TX_0003978,KH_16510,84946,United Kingdom,24,32500.0,2010-12-02 13:39:00
TX_0003979,KH_16510,22169,United Kingdom,2,221000.0,2010-12-02 13:39:00
TX_0003980,KH_16510,22767,United Kingdom,2,258700.0,2010-12-02 13:39:00
TX_0003981,KH_16510,21587,United Kingdom,12,66300.0,2010-12-02 13:39:00
TX_0003982,KH_16510,22082,United Kingdom,10,42900.0,2010-12-02 13:39:00
TX_0003983,KH_16510,22604,United Kingdom,6,66300.0,2010-12-02 13:39:00
TX_0003984,KH_17802,16156S,United Kingdom,25,10920.0,2010-12-02 13:44:00
TX_0003985,KH_17802,85049G,United Kingdom,3,32500.0,2010-12-02 13:44:00
TX_0003986,KH_17802,85049C,United Kingdom,3,32500.0,2010-12-02 13:44:00
TX_0003987,KH_17802,85049E,United Kingdom,3,32500.0,2010-12-02 13:44:00
TX_0003988,KH_17802,85049F,United Kingdom,3,32500.0,2010-12-02 13:44:00
TX_0003989,KH_17802,85049A,United Kingdom,3,32500.0,2010-12-02 13:44:00
TX_0003990,KH_17802,85049H,United Kingdom,3,32500.0,2010-12-02 13:44:00
TX_0003991,KH_17802,22866,United Kingdom,6,54600.0,2010-12-02 13:44:00
TX_0003992,KH_17802,22865,United Kingdom,8,54600.0,2010-12-02 13:44:00
TX_0003993,KH_17802,22834,United Kingdom,6,54600.0,2010-12-02 13:44:00
TX_0003994,KH_17802,22633,United Kingdom,6,54600.0,2010-12-02 13:44:00
TX_0003995,KH_17802,22632,United Kingdom,6,54600.0,2010-12-02 13:44:00
TX_0003996,KH_15107,84945,United Kingdom,12,22100.0,2010-12-02 13:45:00
TX_0003997,KH_15107,22191,United Kingdom,6,221000.0,2010-12-02 13:45:00
TX_0003998,KH_15107,72760B,United Kingdom,2,258700.0,2010-12-02 13:45:00
TX_0003999,KH_15107,22634,United Kingdom,2,258700.0,2010-12-02 13:45:00
TX_0004000,KH_15107,22426,United Kingdom,4,97500.0,2010-12-02 13:45:00
TX_0004001,KH_17976,84029G,United Kingdom,1,97500.0,2010-12-02 13:49:00
TX_0004002,KH_17976,20975,United Kingdom,1,16900.0,2010-12-02 13:49:00
TX_0004003,KH_17976,84029E,United Kingdom,1,97500.0,2010-12-02 13:49:00
TX_0004004,KH_17976,22190,United Kingdom,1,54600.0,2010-12-02 13:49:00
TX_0004005,KH_17976,90082D,United Kingdom,4,165100.0,2010-12-02 13:49:00
TX_0004006,KH_17976,90082A,United Kingdom,5,165100.0,2010-12-02 13:49:00
TX_0004007,KH_17976,90082B,United Kingdom,5,165100.0,2010-12-02 13:49:00
TX_0004008,KH_17976,90081A,United Kingdom,1,128700.0,2010-12-02 13:49:00
TX_0004009,KH_17976,90204,United Kingdom,1,87100.0,2010-12-02 13:49:00
TX_0004010,KH_17976,90185B,United Kingdom,1,110500.0,2010-12-02 13:49:00
TX_0004011,KH_17976,90185C,United Kingdom,1,110500.0,2010-12-02 13:49:00
TX_0004012,KH_17976,90195A,United Kingdom,1,232700.0,2010-12-02 13:49:00
TX_0004013,KH_17976,90195B,United Kingdom,1,232700.0,2010-12-02 13:49:00
TX_0004014,KH_17976,90196A,United Kingdom,1,331500.0,2010-12-02 13:49:00
TX_0004015,KH_17976,90199A,United Kingdom,2,165100.0,2010-12-02 13:49:00
TX_0004016,KH_17976,90177C,United Kingdom,1,76700.0,2010-12-02 13:49:00
TX_0004017,KH_17976,90186A,United Kingdom,1,76700.0,2010-12-02 13:49:00
TX_0004018,KH_17976,22379,United Kingdom,1,54600.0,2010-12-02 13:49:00
TX_0004019,KH_17976,20894,United Kingdom,3,76700.0,2010-12-02 13:49:00
TX_0004020,KH_17976,85106,United Kingdom,2,66300.0,2010-12-02 13:49:00
TX_0004021,KH_17976,35271S,United Kingdom,5,4940.0,2010-12-02 13:49:00
TX_0004022,KH_17976,22480,United Kingdom,4,32500.0,2010-12-02 13:49:00
TX_0004023,KH_17976,21415,United Kingdom,2,54600.0,2010-12-02 13:49:00
TX_0004024,KH_17976,20679,United Kingdom,2,154700.0,2010-12-02 13:49:00
TX_0004025,KH_17976,21034,United Kingdom,3,24700.0,2010-12-02 13:49:00
TX_0004026,KH_17976,22752,United Kingdom,1,221000.0,2010-12-02 13:49:00
TX_0004027,KH_17976,22441,United Kingdom,1,54600.0,2010-12-02 13:49:00
TX_0004028,KH_17976,21710,United Kingdom,1,128700.0,2010-12-02 13:49:00
TX_0004029,KH_17976,22174,United Kingdom,2,42900.0,2010-12-02 13:49:00
TX_0004030,KH_17976,21212,United Kingdom,2,14300.0,2010-12-02 13:49:00
TX_0004031,KH_17976,22943,United Kingdom,1,128700.0,2010-12-02 13:49:00
TX_0004032,KH_17976,21416,United Kingdom,1,97500.0,2010-12-02 13:49:00
TX_0004033,KH_17976,22750,United Kingdom,1,97500.0,2010-12-02 13:49:00
TX_0004034,KH_17976,21417,United Kingdom,1,54600.0,2010-12-02 13:49:00
TX_0004035,KH_17976,22371,United Kingdom,1,110500.0,2010-12-02 13:49:00
TX_0004036,KH_17976,22343,United Kingdom,6,22100.0,2010-12-02 13:49:00
TX_0004037,KH_17976,22474,United Kingdom,1,128700.0,2010-12-02 13:49:00
TX_0004038,KH_17976,20969,United Kingdom,1,97500.0,2010-12-02 13:49:00
TX_0004039,KH_17976,22371,United Kingdom,2,110500.0,2010-12-02 13:49:00
TX_0004040,KH_17976,22472,United Kingdom,1,128700.0,2010-12-02 13:49:00
TX_0004041,KH_17976,15056N,United Kingdom,1,154700.0,2010-12-02 13:49:00
TX_0004042,KH_17976,21154,United Kingdom,1,32500.0,2010-12-02 13:49:00
TX_0004043,KH_17976,84347,United Kingdom,1,66300.0,2010-12-02 13:49:00
TX_0004044,KH_17976,18097A,United Kingdom,1,66300.0,2010-12-02 13:49:00
TX_0004045,KH_17976,18097C,United Kingdom,1,66300.0,2010-12-02 13:49:00
TX_0004046,KH_17976,22866,United Kingdom,1,54600.0,2010-12-02 13:49:00
TX_0004047,KH_17976,22867,United Kingdom,1,54600.0,2010-12-02 13:49:00
TX_0004048,KH_17976,22633,United Kingdom,2,54600.0,2010-12-02 13:49:00
TX_0004049,KH_17976,22667,United Kingdom,1,76700.0,2010-12-02 13:49:00
TX_0004050,KH_17976,20914,United Kingdom,1,76700.0,2010-12-02 13:49:00
TX_0004051,KH_17976,21429,United Kingdom,2,42900.0,2010-12-02 13:49:00
TX_0004052,KH_17976,84879,United Kingdom,1,43940.0,2010-12-02 13:49:00
TX_0004053,KH_17976,85123A,United Kingdom,1,76700.0,2010-12-02 13:49:00
TX_0004054,KH_17976,22900,United Kingdom,1,76700.0,2010-12-02 13:49:00
TX_0004055,KH_17976,22664,United Kingdom,1,54600.0,2010-12-02 13:49:00
TX_0004056,KH_17976,20967,United Kingdom,1,97500.0,2010-12-02 13:49:00
TX_0004057,KH_17976,22569,United Kingdom,1,97500.0,2010-12-02 13:49:00
TX_0004058,KH_17850,85123A,United Kingdom,12,66300.0,2010-12-02 14:04:00
TX_0004059,KH_17850,71053,United Kingdom,12,88140.0,2010-12-02 14:04:00
TX_0004060,KH_17850,84406B,United Kingdom,6,71500.0,2010-12-02 14:04:00
TX_0004061,KH_17850,15056BL,United Kingdom,6,128700.0,2010-12-02 14:04:00
TX_0004062,KH_17850,20679,United Kingdom,6,128700.0,2010-12-02 14:04:00
TX_0004063,KH_17850,37370,United Kingdom,6,27560.0,2010-12-02 14:04:00
TX_0004064,KH_17850,21871,United Kingdom,6,27560.0,2010-12-02 14:04:00
TX_0004065,KH_17850,21071,United Kingdom,6,27560.0,2010-12-02 14:04:00
TX_0004066,KH_17850,21068,United Kingdom,6,27560.0,2010-12-02 14:04:00
TX_0004067,KH_17850,82483,United Kingdom,4,128700.0,2010-12-02 14:04:00
TX_0004068,KH_17850,82486,United Kingdom,4,180700.0,2010-12-02 14:04:00
TX_0004069,KH_17850,82482,United Kingdom,6,54600.0,2010-12-02 14:04:00
TX_0004070,KH_17850,82494L,United Kingdom,6,66300.0,2010-12-02 14:04:00
TX_0004071,KH_17850,22411,United Kingdom,6,42900.0,2010-12-02 14:04:00
TX_0004072,KH_17850,84029G,United Kingdom,6,88140.0,2010-12-02 14:04:00
TX_0004073,KH_17850,84029E,United Kingdom,6,88140.0,2010-12-02 14:04:00
TX_0004074,KH_17850,22752,United Kingdom,4,198900.0,2010-12-02 14:04:00
TX_0004075,KH_17850,22803,United Kingdom,2,929500.0,2010-12-02 14:04:00
TX_0004076,KH_17850,21730,United Kingdom,8,110500.0,2010-12-02 14:04:00
TX_0004077,KH_17850,22632,United Kingdom,6,48100.0,2010-12-02 14:05:00
TX_0004078,KH_17850,22633,United Kingdom,6,48100.0,2010-12-02 14:05:00
TX_0004079,KH_17850,85123A,United Kingdom,6,66300.0,2010-12-02 14:06:00
TX_0004080,KH_17850,71053,United Kingdom,6,88140.0,2010-12-02 14:06:00
TX_0004081,KH_17850,84406B,United Kingdom,6,71500.0,2010-12-02 14:06:00
TX_0004082,KH_17850,15056BL,United Kingdom,6,128700.0,2010-12-02 14:06:00
TX_0004083,KH_17850,20679,United Kingdom,6,128700.0,2010-12-02 14:06:00
TX_0004084,KH_17850,37370,United Kingdom,6,27560.0,2010-12-02 14:06:00
TX_0004085,KH_17850,21871,United Kingdom,6,27560.0,2010-12-02 14:06:00
TX_0004086,KH_17850,21071,United Kingdom,6,27560.0,2010-12-02 14:06:00
TX_0004087,KH_17850,21068,United Kingdom,6,27560.0,2010-12-02 14:06:00
TX_0004088,KH_17850,82483,United Kingdom,4,128700.0,2010-12-02 14:06:00
TX_0004089,KH_17850,82486,United Kingdom,4,180700.0,2010-12-02 14:06:00
TX_0004090,KH_17850,82482,United Kingdom,6,54600.0,2010-12-02 14:06:00
TX_0004091,KH_17850,82494L,United Kingdom,6,66300.0,2010-12-02 14:06:00
TX_0004092,KH_17850,22411,United Kingdom,6,42900.0,2010-12-02 14:06:00
TX_0004093,KH_17850,84029G,United Kingdom,6,88140.0,2010-12-02 14:06:00
TX_0004094,KH_17850,84029E,United Kingdom,6,88140.0,2010-12-02 14:06:00
TX_0004095,KH_17850,22752,United Kingdom,4,198900.0,2010-12-02 14:06:00
TX_0004096,KH_17850,22803,United Kingdom,2,929500.0,2010-12-02 14:06:00
TX_0004097,KH_17850,21730,United Kingdom,6,110500.0,2010-12-02 14:06:00
TX_0004098,KH_17850,22632,United Kingdom,6,48100.0,2010-12-02 14:07:00
TX_0004099,KH_17850,22633,United Kingdom,6,48100.0,2010-12-02 14:07:00
TX_0004100,KH_14449,22988,United Kingdom,2,32500.0,2010-12-02 14:09:00
TX_0004101,KH_14449,22975,United Kingdom,2,32500.0,2010-12-02 14:09:00
TX_0004102,KH_14449,22976,United Kingdom,2,32500.0,2010-12-02 14:09:00
TX_0004103,KH_14449,22977,United Kingdom,2,32500.0,2010-12-02 14:09:00
TX_0004104,KH_14449,21137,United Kingdom,1,97500.0,2010-12-02 14:09:00
TX_0004105,KH_14449,22470,United Kingdom,4,76700.0,2010-12-02 14:09:00
TX_0004106,KH_14449,84754,United Kingdom,1,32500.0,2010-12-02 14:09:00
TX_0004107,KH_14449,22296,United Kingdom,5,42900.0,2010-12-02 14:09:00
TX_0004108,KH_14449,21899,United Kingdom,4,16900.0,2010-12-02 14:09:00
TX_0004109,KH_14449,22972,United Kingdom,2,42900.0,2010-12-02 14:09:00
TX_0004110,KH_14449,22335,United Kingdom,10,16900.0,2010-12-02 14:09:00
TX_0004111,KH_14449,21911,United Kingdom,1,42900.0,2010-12-02 14:09:00
TX_0004112,KH_14449,21902,United Kingdom,4,16900.0,2010-12-02 14:09:00
TX_0004113,KH_14449,21901,United Kingdom,4,16900.0,2010-12-02 14:09:00
TX_0004114,KH_14449,21948,United Kingdom,1,32500.0,2010-12-02 14:09:00
TX_0004115,KH_14449,21949,United Kingdom,1,32500.0,2010-12-02 14:09:00
TX_0004116,KH_14449,22558,United Kingdom,1,38740.0,2010-12-02 14:09:00
TX_0004117,KH_14449,20759,United Kingdom,1,22100.0,2010-12-02 14:09:00
TX_0004118,KH_14449,20760,United Kingdom,1,22100.0,2010-12-02 14:09:00
TX_0004119,KH_14449,20757,United Kingdom,1,22100.0,2010-12-02 14:09:00
TX_0004120,KH_14449,20755,United Kingdom,1,22100.0,2010-12-02 14:09:00
TX_0004121,KH_14449,22418,United Kingdom,12,22100.0,2010-12-02 14:09:00
TX_0004122,KH_14449,20981,United Kingdom,3,22100.0,2010-12-02 14:09:00
TX_0004123,KH_14449,22652,United Kingdom,2,42900.0,2010-12-02 14:09:00
TX_0004124,KH_14449,22553,United Kingdom,1,42900.0,2010-12-02 14:09:00
TX_0004125,KH_14449,22953,United Kingdom,1,32500.0,2010-12-02 14:09:00
TX_0004126,KH_14449,21544,United Kingdom,10,22100.0,2010-12-02 14:09:00
TX_0004127,KH_14449,22198,United Kingdom,2,42900.0,2010-12-02 14:09:00
TX_0004128,KH_14449,22197,United Kingdom,3,22100.0,2010-12-02 14:09:00
TX_0004129,KH_14449,20974,United Kingdom,6,16900.0,2010-12-02 14:09:00
TX_0004130,KH_14449,20967,United Kingdom,2,97500.0,2010-12-02 14:09:00
TX_0004131,KH_14449,22570,United Kingdom,1,97500.0,2010-12-02 14:09:00
TX_0004132,KH_14449,22274,United Kingdom,3,76700.0,2010-12-02 14:09:00
TX_0004133,KH_14449,22743,United Kingdom,1,76700.0,2010-12-02 14:09:00
TX_0004134,KH_14449,20971,United Kingdom,3,32500.0,2010-12-02 14:09:00
TX_0004135,KH_14449,85185D,United Kingdom,1,76700.0,2010-12-02 14:09:00
TX_0004136,KH_14449,85185B,United Kingdom,1,76700.0,2010-12-02 14:09:00
TX_0004137,KH_14449,22150,United Kingdom,2,50700.0,2010-12-02 14:09:00
TX_0004138,KH_14449,22147,United Kingdom,4,37700.0,2010-12-02 14:09:00
TX_0004139,KH_14449,22088,United Kingdom,2,76700.0,2010-12-02 14:09:00
TX_0004140,KH_14449,22384,United Kingdom,3,42900.0,2010-12-02 14:09:00
TX_0004141,KH_14449,20727,United Kingdom,3,42900.0,2010-12-02 14:09:00
TX_0004142,KH_14449,22867,United Kingdom,3,54600.0,2010-12-02 14:09:00
TX_0004143,KH_14449,22834,United Kingdom,5,54600.0,2010-12-02 14:09:00
TX_0004144,KH_14449,22633,United Kingdom,4,54600.0,2010-12-02 14:09:00
TX_0004145,KH_14449,22383,United Kingdom,5,42900.0,2010-12-02 14:09:00
TX_0004146,KH_14449,20726,United Kingdom,3,42900.0,2010-12-02 14:09:00
TX_0004147,KH_14449,22328,United Kingdom,1,76700.0,2010-12-02 14:09:00
TX_0004148,KH_14449,22326,United Kingdom,2,76700.0,2010-12-02 14:09:00
TX_0004149,KH_14449,22327,United Kingdom,2,76700.0,2010-12-02 14:09:00
TX_0004150,KH_GUEST,21992,United Kingdom,1,76700.0,2010-12-02 14:14:00
TX_0004151,KH_GUEST,21993,United Kingdom,1,76700.0,2010-12-02 14:14:00
TX_0004152,KH_GUEST,84870B,United Kingdom,1,97500.0,2010-12-02 14:14:00
TX_0004153,KH_GUEST,84870C,United Kingdom,1,97500.0,2010-12-02 14:14:00
TX_0004154,KH_GUEST,22867,United Kingdom,1,54600.0,2010-12-02 14:14:00
TX_0004155,KH_GUEST,22865,United Kingdom,1,54600.0,2010-12-02 14:14:00
TX_0004156,KH_GUEST,90200D,United Kingdom,1,110500.0,2010-12-02 14:14:00
TX_0004157,KH_GUEST,90200A,United Kingdom,1,110500.0,2010-12-02 14:14:00
TX_0004158,KH_GUEST,22551,United Kingdom,1,42900.0,2010-12-02 14:14:00
TX_0004159,KH_GUEST,22629,United Kingdom,1,50700.0,2010-12-02 14:14:00
TX_0004160,KH_GUEST,22972,United Kingdom,1,42900.0,2010-12-02 14:14:00
TX_0004161,KH_GUEST,22975,United Kingdom,1,32500.0,2010-12-02 14:14:00
TX_0004162,KH_GUEST,22109,United Kingdom,1,97500.0,2010-12-02 14:14:00
TX_0004163,KH_GUEST,22838,United Kingdom,1,388700.0,2010-12-02 14:14:00
TX_0004164,KH_GUEST,22895,United Kingdom,1,76700.0,2010-12-02 14:14:00
TX_0004165,KH_GUEST,22863,United Kingdom,1,76700.0,2010-12-02 14:23:00
TX_0004166,KH_GUEST,22968,United Kingdom,1,258700.0,2010-12-02 14:23:00
TX_0004167,KH_GUEST,22945,United Kingdom,1,22100.0,2010-12-02 14:23:00
TX_0004168,KH_GUEST,21902,United Kingdom,2,16900.0,2010-12-02 14:23:00
TX_0004169,KH_GUEST,10002,United Kingdom,1,22100.0,2010-12-02 14:23:00
TX_0004170,KH_GUEST,22943,United Kingdom,1,128700.0,2010-12-02 14:23:00
TX_0004171,KH_GUEST,85014A,United Kingdom,1,154700.0,2010-12-02 14:23:00
TX_0004172,KH_GUEST,22197,United Kingdom,3,22100.0,2010-12-02 14:23:00
TX_0004173,KH_GUEST,84946,United Kingdom,1,32500.0,2010-12-02 14:23:00
TX_0004174,KH_GUEST,22897,United Kingdom,1,37700.0,2010-12-02 14:23:00
TX_0004175,KH_GUEST,22325,United Kingdom,1,128700.0,2010-12-02 14:23:00
TX_0004176,KH_GUEST,22895,United Kingdom,1,76700.0,2010-12-02 14:23:00
TX_0004177,KH_GUEST,21349,United Kingdom,1,175500.0,2010-12-02 14:23:00
TX_0004178,KH_GUEST,48173C,United Kingdom,1,206700.0,2010-12-02 14:23:00
TX_0004179,KH_GUEST,22086,United Kingdom,1,76700.0,2010-12-02 14:23:00
TX_0004180,KH_GUEST,21488,United Kingdom,1,102700.0,2010-12-02 14:23:00
TX_0004181,KH_GUEST,22909,United Kingdom,1,22100.0,2010-12-02 14:23:00
TX_0004182,KH_GUEST,22910,United Kingdom,1,76700.0,2010-12-02 14:23:00
TX_0004183,KH_GUEST,22439,United Kingdom,2,16900.0,2010-12-02 14:23:00
TX_0004184,KH_16781,48111,United Kingdom,4,206700.0,2010-12-02 14:26:00
TX_0004185,KH_16781,82484,United Kingdom,3,167700.0,2010-12-02 14:26:00
TX_0004186,KH_16781,22296,United Kingdom,12,42900.0,2010-12-02 14:26:00
TX_0004187,KH_16781,22183,United Kingdom,3,175500.0,2010-12-02 14:26:00
TX_0004188,KH_16781,79164,United Kingdom,12,42900.0,2010-12-02 14:26:00
TX_0004189,KH_16781,84683,United Kingdom,24,32500.0,2010-12-02 14:26:00
TX_0004190,KH_16781,82486,United Kingdom,2,206700.0,2010-12-02 14:26:00
TX_0004191,KH_16781,21781,United Kingdom,1,388700.0,2010-12-02 14:26:00
TX_0004192,KH_16781,21745,United Kingdom,4,97500.0,2010-12-02 14:26:00
TX_0004193,KH_16781,21257,United Kingdom,2,206700.0,2010-12-02 14:26:00
TX_0004194,KH_16781,82494L,United Kingdom,6,76700.0,2010-12-02 14:26:00
TX_0004195,KH_16781,79163,United Kingdom,12,42900.0,2010-12-02 14:26:00
TX_0004196,KH_16781,21844,United Kingdom,6,76700.0,2010-12-02 14:26:00
TX_0004197,KH_16781,20828,United Kingdom,6,66300.0,2010-12-02 14:26:00
TX_0004198,KH_16781,22924,United Kingdom,12,22100.0,2010-12-02 14:26:00
TX_0004199,KH_16781,22928,United Kingdom,2,154700.0,2010-12-02 14:26:00
TX_0004200,KH_16781,48185,United Kingdom,2,206700.0,2010-12-02 14:26:00
TX_0004201,KH_13491,21116,United Kingdom,3,128700.0,2010-12-02 14:30:00
TX_0004202,KH_13491,21155,United Kingdom,6,54600.0,2010-12-02 14:30:00
TX_0004203,KH_13491,15060B,United Kingdom,4,97500.0,2010-12-02 14:30:00
TX_0004204,KH_13491,47591D,United Kingdom,8,50700.0,2010-12-02 14:30:00
TX_0004205,KH_13491,21217,United Kingdom,1,258700.0,2010-12-02 14:30:00
TX_0004206,KH_13491,21232,United Kingdom,12,32500.0,2010-12-02 14:30:00
TX_0004207,KH_13491,21527,United Kingdom,2,206700.0,2010-12-02 14:30:00
TX_0004208,KH_16186,20972,United Kingdom,12,32500.0,2010-12-02 14:40:00
TX_0004209,KH_16186,85014A,United Kingdom,3,154700.0,2010-12-02 14:40:00
TX_0004210,KH_16186,21232,United Kingdom,12,32500.0,2010-12-02 14:40:00
TX_0004211,KH_16186,20971,United Kingdom,12,32500.0,2010-12-02 14:40:00
TX_0004212,KH_16186,22961,United Kingdom,12,37700.0,2010-12-02 14:40:00
TX_0004213,KH_16186,20974,United Kingdom,24,16900.0,2010-12-02 14:40:00
TX_0004214,KH_16186,85014B,United Kingdom,3,154700.0,2010-12-02 14:40:00
TX_0004215,KH_16186,22174,United Kingdom,12,42900.0,2010-12-02 14:40:00
TX_0004216,KH_16186,21481,United Kingdom,12,76700.0,2010-12-02 14:40:00
TX_0004217,KH_16186,22727,United Kingdom,4,97500.0,2010-12-02 14:40:00
TX_0004218,KH_16186,22726,United Kingdom,4,97500.0,2010-12-02 14:40:00
TX_0004219,KH_16186,22969,United Kingdom,12,37700.0,2010-12-02 14:40:00
TX_0004220,KH_16186,21700,United Kingdom,12,22100.0,2010-12-02 14:40:00
TX_0004221,KH_16186,22064,United Kingdom,12,42900.0,2010-12-02 14:40:00
TX_0004222,KH_16186,85199L,United Kingdom,12,16900.0,2010-12-02 14:40:00
TX_0004223,KH_16186,22865,United Kingdom,12,54600.0,2010-12-02 14:40:00
TX_0004224,KH_16186,22985,United Kingdom,25,10920.0,2010-12-02 14:40:00
TX_0004225,KH_16186,22983,United Kingdom,12,10920.0,2010-12-02 14:40:00
TX_0004226,KH_16186,22821,United Kingdom,12,16900.0,2010-12-02 14:40:00
TX_0004227,KH_16186,22815,United Kingdom,12,10920.0,2010-12-02 14:40:00
TX_0004228,KH_17685,85114A,United Kingdom,120,37700.0,2010-12-02 14:42:00
TX_0004229,KH_17685,85123A,United Kingdom,12,76700.0,2010-12-02 14:42:00
TX_0004230,KH_17685,21733,United Kingdom,6,76700.0,2010-12-02 14:42:00
TX_0004231,KH_17685,20973,United Kingdom,48,16900.0,2010-12-02 14:42:00
TX_0004232,KH_17685,79321,United Kingdom,24,110500.0,2010-12-02 14:42:00
TX_0004233,KH_17685,22576,United Kingdom,12,22100.0,2010-12-02 14:42:00
TX_0004234,KH_17685,22813,United Kingdom,12,50700.0,2010-12-02 14:42:00
TX_0004235,KH_17685,22585,United Kingdom,12,32500.0,2010-12-02 14:42:00
TX_0004236,KH_17685,21801,United Kingdom,36,10920.0,2010-12-02 14:42:00
TX_0004237,KH_17685,21326,United Kingdom,12,16900.0,2010-12-02 14:42:00
TX_0004238,KH_17685,21313,United Kingdom,12,22100.0,2010-12-02 14:42:00
TX_0004239,KH_17685,22705,United Kingdom,25,10920.0,2010-12-02 14:42:00
TX_0004240,KH_17581,22776,United Kingdom,4,258700.0,2010-12-02 14:47:00
TX_0004241,KH_17581,20724,United Kingdom,10,22100.0,2010-12-02 14:47:00
TX_0004242,KH_17581,20725,United Kingdom,10,42900.0,2010-12-02 14:47:00
TX_0004243,KH_17581,21080,United Kingdom,24,22100.0,2010-12-02 14:47:00
TX_0004244,KH_17581,21210,United Kingdom,24,37700.0,2010-12-02 14:47:00
TX_0004245,KH_17581,21212,United Kingdom,24,14300.0,2010-12-02 14:47:00
TX_0004246,KH_17581,22083,United Kingdom,12,76700.0,2010-12-02 14:47:00
TX_0004247,KH_17581,22333,United Kingdom,8,42900.0,2010-12-02 14:47:00
TX_0004248,KH_17581,22084,United Kingdom,6,76700.0,2010-12-02 14:47:00
TX_0004249,KH_17581,22086,United Kingdom,18,76700.0,2010-12-02 14:47:00
TX_0004250,KH_17581,22575,United Kingdom,8,50700.0,2010-12-02 14:47:00
TX_0004251,KH_17581,22909,United Kingdom,24,22100.0,2010-12-02 14:47:00
TX_0004252,KH_17581,22910,United Kingdom,18,76700.0,2010-12-02 14:47:00
TX_0004253,KH_17581,22952,United Kingdom,24,14300.0,2010-12-02 14:47:00
TX_0004254,KH_17581,84347,United Kingdom,18,66300.0,2010-12-02 14:47:00
TX_0004255,KH_17581,22356,United Kingdom,10,22100.0,2010-12-02 14:47:00
TX_0004256,KH_17581,22384,United Kingdom,10,42900.0,2010-12-02 14:47:00
TX_0004257,KH_17581,20727,United Kingdom,10,42900.0,2010-12-02 14:47:00
TX_0004258,KH_17581,22380,United Kingdom,5,54600.0,2010-12-02 14:47:00
TX_0004259,KH_17581,22382,United Kingdom,10,42900.0,2010-12-02 14:47:00
TX_0004260,KH_17581,72801C,United Kingdom,12,32500.0,2010-12-02 14:47:00
TX_0004261,KH_17581,72801D,United Kingdom,12,32500.0,2010-12-02 14:47:00
TX_0004262,KH_17581,79321,United Kingdom,4,128700.0,2010-12-02 14:47:00
TX_0004263,KH_17581,22661,United Kingdom,10,22100.0,2010-12-02 14:47:00
TX_0004264,KH_17581,22198,United Kingdom,12,42900.0,2010-12-02 14:47:00
TX_0004265,KH_17581,22862,United Kingdom,4,110500.0,2010-12-02 14:47:00
TX_0004266,KH_17581,22726,United Kingdom,8,97500.0,2010-12-02 14:47:00
TX_0004267,KH_17581,22729,United Kingdom,4,97500.0,2010-12-02 14:47:00
TX_0004268,KH_17581,21735,United Kingdom,2,331500.0,2010-12-02 14:47:00
TX_0004269,KH_17581,22355,United Kingdom,10,22100.0,2010-12-02 14:47:00
TX_0004270,KH_17581,22733,United Kingdom,20,32500.0,2010-12-02 14:47:00
TX_0004271,KH_17581,22558,United Kingdom,12,38740.0,2010-12-02 14:49:00
TX_0004272,KH_17581,22964,United Kingdom,6,54600.0,2010-12-02 14:49:00
TX_0004273,KH_17581,22966,United Kingdom,12,32500.0,2010-12-02 14:49:00
TX_0004274,KH_17581,22969,United Kingdom,12,37700.0,2010-12-02 14:49:00
TX_0004275,KH_17581,22965,United Kingdom,6,54600.0,2010-12-02 14:49:00
TX_0004276,KH_17581,22961,United Kingdom,12,37700.0,2010-12-02 14:49:00
TX_0004277,KH_17581,22960,United Kingdom,6,110500.0,2010-12-02 14:49:00
TX_0004278,KH_15732,20975,United Kingdom,24,16900.0,2010-12-02 15:00:00
TX_0004279,KH_15732,21500,United Kingdom,25,10920.0,2010-12-02 15:00:00
TX_0004280,KH_15732,85099B,United Kingdom,20,50700.0,2010-12-02 15:00:00
TX_0004281,KH_15732,85099F,United Kingdom,20,50700.0,2010-12-02 15:00:00
TX_0004282,KH_15732,22940,United Kingdom,8,110500.0,2010-12-02 15:00:00
TX_0004283,KH_13138,21422,United Kingdom,16,22100.0,2010-12-02 15:03:00
TX_0004284,KH_13138,22147,United Kingdom,12,37700.0,2010-12-02 15:03:00
TX_0004285,KH_13138,20971,United Kingdom,12,32500.0,2010-12-02 15:03:00
TX_0004286,KH_13138,22149,United Kingdom,6,54600.0,2010-12-02 15:03:00
TX_0004287,KH_13138,20969,United Kingdom,4,97500.0,2010-12-02 15:03:00
TX_0004288,KH_13138,20970,United Kingdom,4,97500.0,2010-12-02 15:03:00
TX_0004289,KH_13138,20967,United Kingdom,4,97500.0,2010-12-02 15:03:00
TX_0004290,KH_13138,22585,United Kingdom,12,32500.0,2010-12-02 15:03:00
TX_0004291,KH_13138,21257,United Kingdom,2,206700.0,2010-12-02 15:03:00
TX_0004292,KH_13138,21259,United Kingdom,2,154700.0,2010-12-02 15:03:00
TX_0004293,KH_13138,15036,United Kingdom,12,19500.0,2010-12-02 15:03:00
TX_0004294,KH_13138,21408,United Kingdom,3,110500.0,2010-12-02 15:03:00
TX_0004295,KH_13138,22915,United Kingdom,24,10920.0,2010-12-02 15:03:00
TX_0004296,KH_13138,84836,United Kingdom,12,32500.0,2010-12-02 15:03:00
TX_0004297,KH_15823,BANK CHARGES,United Kingdom,1,390000.0,2010-12-02 15:08:00
TX_0004298,KH_GUEST,22114,United Kingdom,1,102700.0,2010-12-02 15:09:00
TX_0004299,KH_GUEST,84032B,United Kingdom,1,76700.0,2010-12-02 15:09:00
TX_0004300,KH_GUEST,21481,United Kingdom,1,76700.0,2010-12-02 15:09:00
TX_0004301,KH_GUEST,84032A,United Kingdom,1,76700.0,2010-12-02 15:09:00
TX_0004302,KH_17460,22865,United Kingdom,24,54600.0,2010-12-02 15:14:00
TX_0004303,KH_17567,22111,United Kingdom,3,128700.0,2010-12-02 15:18:00
TX_0004304,KH_17567,22077,United Kingdom,12,42900.0,2010-12-02 15:18:00
TX_0004305,KH_17567,21258,United Kingdom,1,331500.0,2010-12-02 15:18:00
TX_0004306,KH_17567,22379,United Kingdom,5,54600.0,2010-12-02 15:18:00
TX_0004307,KH_17567,20718,United Kingdom,10,32500.0,2010-12-02 15:18:00
TX_0004308,KH_17567,21527,United Kingdom,2,206700.0,2010-12-02 15:18:00
TX_0004309,KH_17567,21539,United Kingdom,3,128700.0,2010-12-02 15:18:00
TX_0004310,KH_17567,21533,United Kingdom,6,128700.0,2010-12-02 15:18:00
TX_0004311,KH_17567,22198,United Kingdom,12,42900.0,2010-12-02 15:18:00
TX_0004312,KH_17567,22197,United Kingdom,12,22100.0,2010-12-02 15:18:00
TX_0004313,KH_17567,22627,United Kingdom,4,221000.0,2010-12-02 15:18:00
TX_0004314,KH_17567,22626,United Kingdom,4,221000.0,2010-12-02 15:18:00
TX_0004315,KH_17567,22625,United Kingdom,4,221000.0,2010-12-02 15:18:00
TX_0004316,KH_17567,22624,United Kingdom,4,221000.0,2010-12-02 15:18:00
TX_0004317,KH_17567,22774,United Kingdom,12,32500.0,2010-12-02 15:18:00
TX_0004318,KH_17567,22775,United Kingdom,12,32500.0,2010-12-02 15:18:00
TX_0004319,KH_17567,22772,United Kingdom,12,32500.0,2010-12-02 15:18:00
TX_0004320,KH_17567,22771,United Kingdom,12,32500.0,2010-12-02 15:18:00
TX_0004321,KH_17567,21673,United Kingdom,12,32500.0,2010-12-02 15:18:00
TX_0004322,KH_17567,21672,United Kingdom,12,32500.0,2010-12-02 15:18:00
TX_0004323,KH_17567,21671,United Kingdom,12,32500.0,2010-12-02 15:18:00
TX_0004324,KH_17567,21670,United Kingdom,12,32500.0,2010-12-02 15:18:00
TX_0004325,KH_17567,21669,United Kingdom,12,32500.0,2010-12-02 15:18:00
TX_0004326,KH_17567,21668,United Kingdom,12,32500.0,2010-12-02 15:18:00
TX_0004327,KH_17567,22696,United Kingdom,6,50700.0,2010-12-02 15:18:00
TX_0004328,KH_17567,22469,United Kingdom,24,42900.0,2010-12-02 15:18:00
TX_0004329,KH_17567,22341,United Kingdom,12,42900.0,2010-12-02 15:18:00
TX_0004330,KH_15061,22530,United Kingdom,60,9360.0,2010-12-02 15:19:00
TX_0004331,KH_15061,22492,United Kingdom,144,14300.0,2010-12-02 15:19:00
TX_0004332,KH_15061,22467,United Kingdom,108,54600.0,2010-12-02 15:19:00
TX_0004333,KH_15061,22454,United Kingdom,48,66300.0,2010-12-02 15:19:00
TX_0004334,KH_15061,22453,United Kingdom,24,76700.0,2010-12-02 15:19:00
TX_0004335,KH_15061,22452,United Kingdom,48,66300.0,2010-12-02 15:19:00
TX_0004336,KH_15061,22328,United Kingdom,72,66300.0,2010-12-02 15:19:00
TX_0004337,KH_15061,22075,United Kingdom,24,37700.0,2010-12-02 15:19:00
TX_0004338,KH_15061,21673,United Kingdom,72,32500.0,2010-12-02 15:19:00
TX_0004339,KH_15061,21509,United Kingdom,24,9360.0,2010-12-02 15:19:00
TX_0004340,KH_15061,21508,United Kingdom,24,9360.0,2010-12-02 15:19:00
TX_0004341,KH_15061,21507,United Kingdom,48,9360.0,2010-12-02 15:19:00
TX_0004342,KH_15061,21506,United Kingdom,108,9360.0,2010-12-02 15:19:00
TX_0004343,KH_15061,21500,United Kingdom,75,8840.0,2010-12-02 15:19:00
TX_0004344,KH_15061,21499,United Kingdom,200,8840.0,2010-12-02 15:19:00
TX_0004345,KH_15061,21498,United Kingdom,200,8840.0,2010-12-02 15:19:00
TX_0004346,KH_15061,21212,United Kingdom,120,10920.0,2010-12-02 15:19:00
TX_0004347,KH_15061,20719,United Kingdom,100,18720.0,2010-12-02 15:19:00
TX_0004348,KH_15061,20685,United Kingdom,30,175500.0,2010-12-02 15:19:00
TX_0004349,KH_15061,16237,United Kingdom,270,4160.0,2010-12-02 15:19:00
TX_0004350,KH_15061,85178,United Kingdom,18,32500.0,2010-12-02 15:19:00
TX_0004351,KH_15061,85116,United Kingdom,24,32500.0,2010-12-02 15:19:00
TX_0004352,KH_15061,84952C,United Kingdom,36,32500.0,2010-12-02 15:19:00
TX_0004353,KH_15061,84952B,United Kingdom,48,32500.0,2010-12-02 15:19:00
TX_0004354,KH_15061,84692,United Kingdom,50,8320.0,2010-12-02 15:19:00
TX_0004355,KH_15061,84347,United Kingdom,120,48880.0,2010-12-02 15:19:00
TX_0004356,KH_15061,71459,United Kingdom,144,18720.0,2010-12-02 15:19:00
TX_0004357,KH_15061,48194,United Kingdom,70,175500.0,2010-12-02 15:19:00
TX_0004358,KH_15061,48184,United Kingdom,30,175500.0,2010-12-02 15:19:00
TX_0004359,KH_15061,35001G,United Kingdom,42,88140.0,2010-12-02 15:19:00
TX_0004360,KH_15061,22752,United Kingdom,96,198900.0,2010-12-02 15:19:00
TX_0004361,KH_15061,22659,United Kingdom,64,42900.0,2010-12-02 15:19:00
TX_0004362,KH_15061,22630,United Kingdom,64,42900.0,2010-12-02 15:19:00
TX_0004363,KH_15061,22629,United Kingdom,64,42900.0,2010-12-02 15:19:00
TX_0004364,KH_15061,22585,United Kingdom,72,32500.0,2010-12-02 15:19:00
TX_0004365,KH_15061,22536,United Kingdom,48,9360.0,2010-12-02 15:19:00
TX_0004366,KH_15061,22534,United Kingdom,96,9360.0,2010-12-02 15:19:00
TX_0004367,KH_15061,22533,United Kingdom,24,9360.0,2010-12-02 15:19:00
TX_0004368,KH_15061,85116,United Kingdom,24,32500.0,2010-12-02 15:20:00
TX_0004369,KH_15061,84952B,United Kingdom,12,32500.0,2010-12-02 15:20:00
TX_0004370,KH_15061,84347,United Kingdom,240,48880.0,2010-12-02 15:20:00
TX_0004371,KH_15061,71459,United Kingdom,96,18720.0,2010-12-02 15:20:00
TX_0004372,KH_15061,48187,United Kingdom,30,175500.0,2010-12-02 15:20:00
TX_0004373,KH_15061,22752,United Kingdom,72,198900.0,2010-12-02 15:20:00
TX_0004374,KH_15061,22659,United Kingdom,64,42900.0,2010-12-02 15:20:00
TX_0004375,KH_15061,22630,United Kingdom,36,42900.0,2010-12-02 15:20:00
TX_0004376,KH_15061,22629,United Kingdom,36,42900.0,2010-12-02 15:20:00
TX_0004377,KH_15061,22585,United Kingdom,72,32500.0,2010-12-02 15:20:00
TX_0004378,KH_15061,22536,United Kingdom,48,9360.0,2010-12-02 15:20:00
TX_0004379,KH_15061,22534,United Kingdom,48,9360.0,2010-12-02 15:20:00
TX_0004380,KH_15061,22533,United Kingdom,24,9360.0,2010-12-02 15:20:00
TX_0004381,KH_15061,22530,United Kingdom,48,9360.0,2010-12-02 15:20:00
TX_0004382,KH_15061,22454,United Kingdom,12,66300.0,2010-12-02 15:20:00
TX_0004383,KH_15061,22453,United Kingdom,24,66300.0,2010-12-02 15:20:00
TX_0004384,KH_15061,22452,United Kingdom,12,66300.0,2010-12-02 15:20:00
TX_0004385,KH_15061,22075,United Kingdom,48,37700.0,2010-12-02 15:20:00
TX_0004386,KH_15061,21673,United Kingdom,24,32500.0,2010-12-02 15:20:00
TX_0004387,KH_15061,21499,United Kingdom,50,8840.0,2010-12-02 15:20:00
TX_0004388,KH_15061,21498,United Kingdom,50,8840.0,2010-12-02 15:20:00
TX_0004389,KH_15061,21212,United Kingdom,120,10920.0,2010-12-02 15:20:00
TX_0004390,KH_15061,20719,United Kingdom,30,18720.0,2010-12-02 15:20:00
TX_0004391,KH_15061,20685,United Kingdom,20,175500.0,2010-12-02 15:20:00
TX_0004392,KH_15061,16237,United Kingdom,90,4160.0,2010-12-02 15:20:00
TX_0004393,KH_15061,84946,United Kingdom,216,27560.0,2010-12-02 15:22:00
TX_0004394,KH_15061,84879,United Kingdom,320,37700.0,2010-12-02 15:22:00
TX_0004395,KH_15061,22659,United Kingdom,128,42900.0,2010-12-02 15:22:00
TX_0004396,KH_15061,22423,United Kingdom,144,284700.0,2010-12-02 15:22:00
TX_0004397,KH_15061,20963,United Kingdom,100,32500.0,2010-12-02 15:22:00
TX_0004398,KH_15061,20961,United Kingdom,100,32500.0,2010-12-02 15:22:00
TX_0004399,KH_15061,85178,United Kingdom,96,32500.0,2010-12-02 15:23:00
TX_0004400,KH_15061,22617,United Kingdom,48,110500.0,2010-12-02 15:23:00
TX_0004401,KH_17850,85123A,United Kingdom,6,66300.0,2010-12-02 15:24:00
TX_0004402,KH_17850,71053,United Kingdom,6,88140.0,2010-12-02 15:24:00
TX_0004403,KH_17850,84406B,United Kingdom,8,71500.0,2010-12-02 15:24:00
TX_0004404,KH_17850,37370,United Kingdom,6,27560.0,2010-12-02 15:24:00
TX_0004405,KH_17850,21871,United Kingdom,6,27560.0,2010-12-02 15:24:00
TX_0004406,KH_17850,21071,United Kingdom,6,27560.0,2010-12-02 15:24:00
TX_0004407,KH_17850,21068,United Kingdom,6,27560.0,2010-12-02 15:24:00
TX_0004408,KH_17850,82482,United Kingdom,6,54600.0,2010-12-02 15:24:00
TX_0004409,KH_17850,82494L,United Kingdom,6,66300.0,2010-12-02 15:24:00
TX_0004410,KH_17850,84029G,United Kingdom,6,88140.0,2010-12-02 15:24:00
TX_0004411,KH_17850,84029E,United Kingdom,6,88140.0,2010-12-02 15:24:00
TX_0004412,KH_17850,22752,United Kingdom,2,198900.0,2010-12-02 15:24:00
TX_0004413,KH_17850,21730,United Kingdom,6,110500.0,2010-12-02 15:24:00
TX_0004414,KH_15061,22558,United Kingdom,60,32500.0,2010-12-02 15:25:00
TX_0004415,KH_17850,22633,United Kingdom,6,48100.0,2010-12-02 15:25:00
TX_0004416,KH_17850,22632,United Kingdom,6,48100.0,2010-12-02 15:25:00
TX_0004417,KH_17850,85123A,United Kingdom,12,76700.0,2010-12-02 15:26:00
TX_0004418,KH_17850,71053,United Kingdom,12,88140.0,2010-12-02 15:26:00
TX_0004419,KH_17850,84406B,United Kingdom,12,71500.0,2010-12-02 15:26:00
TX_0004420,KH_17850,15056BL,United Kingdom,6,128700.0,2010-12-02 15:26:00
TX_0004421,KH_17850,20679,United Kingdom,6,128700.0,2010-12-02 15:26:00
TX_0004422,KH_17850,37370,United Kingdom,12,27560.0,2010-12-02 15:26:00
TX_0004423,KH_17850,21071,United Kingdom,12,27560.0,2010-12-02 15:26:00
TX_0004424,KH_17850,21068,United Kingdom,12,27560.0,2010-12-02 15:26:00
TX_0004425,KH_17850,82483,United Kingdom,4,128700.0,2010-12-02 15:26:00
TX_0004426,KH_17850,82486,United Kingdom,4,180700.0,2010-12-02 15:26:00
TX_0004427,KH_17850,82482,United Kingdom,6,54600.0,2010-12-02 15:26:00
TX_0004428,KH_17850,82494L,United Kingdom,6,66300.0,2010-12-02 15:26:00
TX_0004429,KH_17850,84029G,United Kingdom,12,88140.0,2010-12-02 15:26:00
TX_0004430,KH_17850,84029E,United Kingdom,6,88140.0,2010-12-02 15:26:00
TX_0004431,KH_17850,22752,United Kingdom,4,198900.0,2010-12-02 15:26:00
TX_0004432,KH_17850,22803,United Kingdom,3,929500.0,2010-12-02 15:26:00
TX_0004433,KH_17850,21730,United Kingdom,12,110500.0,2010-12-02 15:26:00
TX_0004434,KH_17850,22632,United Kingdom,12,48100.0,2010-12-02 15:27:00
TX_0004435,KH_17850,22633,United Kingdom,12,48100.0,2010-12-02 15:27:00
TX_0004436,KH_15061,22558,United Kingdom,24,32500.0,2010-12-02 15:28:00
TX_0004437,KH_16203,22727,United Kingdom,4,97500.0,2010-12-02 15:39:00
TX_0004438,KH_16203,22725,United Kingdom,4,97500.0,2010-12-02 15:39:00
TX_0004439,KH_16203,22726,United Kingdom,4,97500.0,2010-12-02 15:39:00
TX_0004440,KH_16203,22960,United Kingdom,6,110500.0,2010-12-02 15:39:00
TX_0004441,KH_16203,22568,United Kingdom,4,97500.0,2010-12-02 15:39:00
TX_0004442,KH_16203,22570,United Kingdom,4,97500.0,2010-12-02 15:39:00
TX_0004443,KH_16203,20971,United Kingdom,12,32500.0,2010-12-02 15:39:00
TX_0004444,KH_16203,22750,United Kingdom,4,97500.0,2010-12-02 15:39:00
TX_0004445,KH_16203,21912,United Kingdom,4,97500.0,2010-12-02 15:39:00
TX_0004446,KH_16203,21914,United Kingdom,12,32500.0,2010-12-02 15:39:00
TX_0004447,KH_16203,22264,United Kingdom,12,22100.0,2010-12-02 15:39:00
TX_0004448,KH_13767,21314,United Kingdom,24,54600.0,2010-12-02 15:40:00
TX_0004449,KH_13767,22726,United Kingdom,12,97500.0,2010-12-02 15:40:00
TX_0004450,KH_13767,22727,United Kingdom,48,97500.0,2010-12-02 15:40:00
TX_0004451,KH_13767,22114,United Kingdom,12,102700.0,2010-12-02 15:40:00
TX_0004452,KH_15640,22086,United Kingdom,40,66300.0,2010-12-02 15:40:00
TX_0004453,KH_15640,85123A,United Kingdom,32,66300.0,2010-12-02 15:40:00
TX_0004454,KH_15640,22866,United Kingdom,24,54600.0,2010-12-02 15:40:00
TX_0004455,KH_15640,22865,United Kingdom,24,54600.0,2010-12-02 15:40:00
TX_0004456,KH_15640,21982,United Kingdom,24,7540.0,2010-12-02 15:40:00
TX_0004457,KH_15640,21967,United Kingdom,24,7540.0,2010-12-02 15:40:00
TX_0004458,KH_15640,22084,United Kingdom,12,76700.0,2010-12-02 15:40:00
TX_0004459,KH_15574,22376,United Kingdom,1,110500.0,2010-12-02 15:46:00
TX_0004460,KH_15574,22174,United Kingdom,1,42900.0,2010-12-02 15:46:00
TX_0004461,KH_15574,22745,United Kingdom,1,54600.0,2010-12-02 15:46:00
TX_0004462,KH_15574,20665,United Kingdom,1,76700.0,2010-12-02 15:46:00
TX_0004463,KH_15574,21719,United Kingdom,1,22100.0,2010-12-02 15:46:00
TX_0004464,KH_15574,22906,United Kingdom,1,42900.0,2010-12-02 15:46:00
TX_0004465,KH_15574,22181,United Kingdom,2,22100.0,2010-12-02 15:46:00
TX_0004466,KH_15574,21981,United Kingdom,1,7540.0,2010-12-02 15:46:00
TX_0004467,KH_15574,22616,United Kingdom,1,7540.0,2010-12-02 15:46:00
TX_0004468,KH_15574,21967,United Kingdom,1,7540.0,2010-12-02 15:46:00
TX_0004469,KH_15574,21392,United Kingdom,1,54600.0,2010-12-02 15:46:00
TX_0004470,KH_15574,21393,United Kingdom,1,54600.0,2010-12-02 15:46:00
TX_0004471,KH_15574,22328,United Kingdom,1,76700.0,2010-12-02 15:46:00
TX_0004472,KH_15574,22952,United Kingdom,1,14300.0,2010-12-02 15:46:00
TX_0004473,KH_15574,21268,United Kingdom,2,10920.0,2010-12-02 15:46:00
TX_0004474,KH_15574,22902,United Kingdom,1,54600.0,2010-12-02 15:46:00
TX_0004475,KH_15574,22659,United Kingdom,1,50700.0,2010-12-02 15:46:00
TX_0004476,KH_15574,84952C,United Kingdom,1,97500.0,2010-12-02 15:46:00
TX_0004477,KH_15574,84952B,United Kingdom,1,97500.0,2010-12-02 15:46:00
TX_0004478,KH_15574,85144,United Kingdom,1,188500.0,2010-12-02 15:46:00
TX_0004479,KH_15574,20668,United Kingdom,10,3120.0,2010-12-02 15:46:00
TX_0004480,KH_15574,22087,United Kingdom,2,76700.0,2010-12-02 15:46:00
TX_0004481,KH_15574,21327,United Kingdom,1,42900.0,2010-12-02 15:46:00
TX_0004482,KH_15574,21328,United Kingdom,1,42900.0,2010-12-02 15:46:00
TX_0004483,KH_15574,21025,United Kingdom,1,32500.0,2010-12-02 15:46:00
TX_0004484,KH_15574,21031,United Kingdom,1,32500.0,2010-12-02 15:46:00
TX_0004485,KH_15574,21030,United Kingdom,1,32500.0,2010-12-02 15:46:00
TX_0004486,KH_15574,21026,United Kingdom,1,32500.0,2010-12-02 15:46:00
TX_0004487,KH_15574,22376,United Kingdom,2,110500.0,2010-12-02 15:46:00
TX_0004488,KH_15574,21032,United Kingdom,2,32500.0,2010-12-02 15:46:00
TX_0004489,KH_15574,22554,United Kingdom,1,42900.0,2010-12-02 15:46:00
TX_0004490,KH_15574,22553,United Kingdom,1,42900.0,2010-12-02 15:46:00
TX_0004491,KH_15574,21578,United Kingdom,1,58500.0,2010-12-02 15:46:00
TX_0004492,KH_15574,21559,United Kingdom,1,66300.0,2010-12-02 15:46:00
TX_0004493,KH_15574,22791,United Kingdom,6,32500.0,2010-12-02 15:46:00
TX_0004494,KH_15574,21392,United Kingdom,2,54600.0,2010-12-02 15:46:00
TX_0004495,KH_15574,21393,United Kingdom,2,54600.0,2010-12-02 15:46:00
TX_0004496,KH_15574,22585,United Kingdom,1,32500.0,2010-12-02 15:46:00
TX_0004497,KH_15574,22350,United Kingdom,1,66300.0,2010-12-02 15:46:00
TX_0004498,KH_15574,21354,United Kingdom,1,32500.0,2010-12-02 15:46:00
TX_0004499,KH_15574,21357,United Kingdom,1,32500.0,2010-12-02 15:46:00
TX_0004500,KH_15574,22909,United Kingdom,2,22100.0,2010-12-02 15:46:00
TX_0004501,KH_15574,22977,United Kingdom,1,32500.0,2010-12-02 15:46:00
TX_0004502,KH_15574,22974,United Kingdom,1,42900.0,2010-12-02 15:46:00
TX_0004503,KH_15574,20724,United Kingdom,1,22100.0,2010-12-02 15:46:00
TX_0004504,KH_15574,20719,United Kingdom,1,22100.0,2010-12-02 15:46:00
TX_0004505,KH_15574,21587,United Kingdom,5,66300.0,2010-12-02 15:46:00
TX_0004506,KH_15574,21625,United Kingdom,1,180700.0,2010-12-02 15:46:00
TX_0004507,KH_15574,22634,United Kingdom,1,258700.0,2010-12-02 15:46:00
TX_0004508,KH_15574,20766,United Kingdom,1,97500.0,2010-12-02 15:46:00
TX_0004509,KH_15574,22972,United Kingdom,1,42900.0,2010-12-02 15:46:00
TX_0004510,KH_15574,22988,United Kingdom,1,32500.0,2010-12-02 15:46:00
TX_0004511,KH_15574,22976,United Kingdom,1,32500.0,2010-12-02 15:46:00
TX_0004512,KH_15574,22973,United Kingdom,1,42900.0,2010-12-02 15:46:00
TX_0004513,KH_15574,84879,United Kingdom,1,43940.0,2010-12-02 15:46:00
TX_0004514,KH_15574,21398,United Kingdom,2,54600.0,2010-12-02 15:46:00
TX_0004515,KH_15574,21399,United Kingdom,2,54600.0,2010-12-02 15:46:00
TX_0004516,KH_15574,21982,United Kingdom,1,7540.0,2010-12-02 15:46:00
TX_0004517,KH_15574,22623,United Kingdom,1,128700.0,2010-12-02 15:46:00
TX_0004518,KH_15574,22909,United Kingdom,1,22100.0,2010-12-02 15:46:00
TX_0004519,KH_15574,22562,United Kingdom,1,32500.0,2010-12-02 15:46:00
TX_0004520,KH_15574,72598,United Kingdom,1,22100.0,2010-12-02 15:46:00
TX_0004521,KH_15574,21591,United Kingdom,1,32500.0,2010-12-02 15:46:00
TX_0004522,KH_15574,21714,United Kingdom,1,32500.0,2010-12-02 15:46:00
TX_0004523,KH_15574,84832,United Kingdom,2,22100.0,2010-12-02 15:46:00
TX_0004524,KH_15574,21984,United Kingdom,1,7540.0,2010-12-02 15:46:00
TX_0004525,KH_15574,21591,United Kingdom,3,32500.0,2010-12-02 15:46:00
TX_0004526,KH_15574,21135,United Kingdom,8,43940.0,2010-12-02 15:46:00
TX_0004527,KH_15574,84879,United Kingdom,5,43940.0,2010-12-02 15:46:00
TX_0004528,KH_15574,21121,United Kingdom,1,32500.0,2010-12-02 15:46:00
TX_0004529,KH_15574,21990,United Kingdom,1,76700.0,2010-12-02 15:46:00
TX_0004530,KH_15574,21327,United Kingdom,2,42900.0,2010-12-02 15:46:00
TX_0004531,KH_15574,22744,United Kingdom,2,76700.0,2010-12-02 15:46:00
TX_0004532,KH_15574,20751,United Kingdom,1,54600.0,2010-12-02 15:46:00
TX_0004533,KH_15574,21993,United Kingdom,1,76700.0,2010-12-02 15:46:00
TX_0004534,KH_15574,22077,United Kingdom,1,42900.0,2010-12-02 15:46:00
TX_0004535,KH_15574,16258A,United Kingdom,1,10920.0,2010-12-02 15:46:00
TX_0004536,KH_15574,22435,United Kingdom,1,32500.0,2010-12-02 15:46:00
TX_0004537,KH_15574,84347,United Kingdom,1,66300.0,2010-12-02 15:46:00
TX_0004538,KH_15574,22082,United Kingdom,1,42900.0,2010-12-02 15:46:00
TX_0004539,KH_15574,22616,United Kingdom,3,7540.0,2010-12-02 15:46:00
TX_0004540,KH_15574,22561,United Kingdom,1,42900.0,2010-12-02 15:46:00
TX_0004541,KH_15574,21935,United Kingdom,1,42900.0,2010-12-02 15:46:00
TX_0004542,KH_15574,20752,United Kingdom,1,54600.0,2010-12-02 15:46:00
TX_0004543,KH_15574,21484,United Kingdom,1,89700.0,2010-12-02 15:46:00
TX_0004544,KH_15574,21587,United Kingdom,1,66300.0,2010-12-02 15:46:00
TX_0004545,KH_15574,22636,United Kingdom,3,221000.0,2010-12-02 15:46:00
TX_0004546,KH_15574,22555,United Kingdom,1,42900.0,2010-12-02 15:46:00
TX_0004547,KH_15574,22557,United Kingdom,1,42900.0,2010-12-02 15:46:00
TX_0004548,KH_15574,21892,United Kingdom,1,32500.0,2010-12-02 15:46:00
TX_0004549,KH_15574,22619,United Kingdom,1,97500.0,2010-12-02 15:46:00
TX_0004550,KH_15574,20728,United Kingdom,1,42900.0,2010-12-02 15:46:00
TX_0004551,KH_15574,22617,United Kingdom,1,128700.0,2010-12-02 15:46:00
TX_0004552,KH_15574,22748,United Kingdom,1,54600.0,2010-12-02 15:46:00
TX_0004553,KH_15574,21426,United Kingdom,1,54600.0,2010-12-02 15:46:00
TX_0004554,KH_15574,22635,United Kingdom,2,258700.0,2010-12-02 15:46:00
TX_0004555,KH_15574,21577,United Kingdom,2,58500.0,2010-12-02 15:46:00
TX_0004556,KH_15574,84985A,United Kingdom,1,37700.0,2010-12-02 15:46:00
TX_0004557,KH_15574,21430,United Kingdom,2,97500.0,2010-12-02 15:46:00
TX_0004558,KH_15574,22607,United Kingdom,3,258700.0,2010-12-02 15:46:00
TX_0004559,KH_15574,22899,United Kingdom,1,54600.0,2010-12-02 15:46:00
TX_0004560,KH_15574,20977,United Kingdom,2,32500.0,2010-12-02 15:46:00
TX_0004561,KH_15574,20979,United Kingdom,1,32500.0,2010-12-02 15:46:00
TX_0004562,KH_15574,22661,United Kingdom,1,22100.0,2010-12-02 15:46:00
TX_0004563,KH_15574,21581,United Kingdom,1,58500.0,2010-12-02 15:46:00
TX_0004564,KH_16770,90002D,United Kingdom,4,97500.0,2010-12-02 15:49:00
TX_0004565,KH_16770,22632,United Kingdom,12,54600.0,2010-12-02 15:49:00
TX_0004566,KH_16770,22866,United Kingdom,12,54600.0,2010-12-02 15:49:00
TX_0004567,KH_16770,22865,United Kingdom,12,54600.0,2010-12-02 15:49:00
TX_0004568,KH_16770,22633,United Kingdom,12,54600.0,2010-12-02 15:49:00
TX_0004569,KH_16770,20970,United Kingdom,4,97500.0,2010-12-02 15:49:00
TX_0004570,KH_17838,22427,United Kingdom,1,154700.0,2010-12-02 15:55:00
TX_0004571,KH_17838,37370,United Kingdom,6,32500.0,2010-12-02 15:55:00
TX_0004572,KH_17838,21877,United Kingdom,6,32500.0,2010-12-02 15:55:00
TX_0004573,KH_17838,79066K,United Kingdom,6,22100.0,2010-12-02 15:55:00
TX_0004574,KH_17838,22424,United Kingdom,4,331500.0,2010-12-02 15:55:00
TX_0004575,KH_17838,22426,United Kingdom,4,97500.0,2010-12-02 15:55:00
TX_0004576,KH_17838,22429,United Kingdom,4,110500.0,2010-12-02 15:55:00
TX_0004577,KH_17838,22428,United Kingdom,5,180700.0,2010-12-02 15:55:00
TX_0004578,KH_17838,82552,United Kingdom,24,37700.0,2010-12-02 15:55:00
TX_0004579,KH_17838,82551,United Kingdom,24,37700.0,2010-12-02 15:55:00
TX_0004580,KH_17838,82578,United Kingdom,12,14300.0,2010-12-02 15:55:00
TX_0004581,KH_17838,82581,United Kingdom,12,14300.0,2010-12-02 15:55:00
TX_0004582,KH_17838,82599,United Kingdom,12,54600.0,2010-12-02 15:55:00
TX_0004583,KH_17838,21874,United Kingdom,6,32500.0,2010-12-02 15:55:00
TX_0004584,KH_17838,21911,United Kingdom,12,42900.0,2010-12-02 15:55:00
TX_0004585,KH_17838,21181,United Kingdom,12,54600.0,2010-12-02 15:55:00
TX_0004586,KH_17838,21908,United Kingdom,12,54600.0,2010-12-02 15:55:00
TX_0004587,KH_17838,22413,United Kingdom,12,76700.0,2010-12-02 15:55:00
TX_0004588,KH_17838,21169,United Kingdom,24,43940.0,2010-12-02 15:55:00
TX_0004589,KH_17838,82583,United Kingdom,12,54600.0,2010-12-02 15:55:00
TX_0004590,KH_17838,82567,United Kingdom,12,54600.0,2010-12-02 15:55:00
TX_0004591,KH_17838,21166,United Kingdom,12,50700.0,2010-12-02 15:55:00
TX_0004592,KH_17838,21901,United Kingdom,48,16900.0,2010-12-02 15:55:00
TX_0004593,KH_17838,21899,United Kingdom,48,16900.0,2010-12-02 15:55:00
TX_0004594,KH_17838,21174,United Kingdom,12,50700.0,2010-12-02 15:55:00
TX_0004595,KH_17838,21175,United Kingdom,12,54600.0,2010-12-02 15:55:00
TX_0004596,KH_17838,21900,United Kingdom,48,16900.0,2010-12-02 15:55:00
TX_0004597,KH_17838,21902,United Kingdom,48,16900.0,2010-12-02 15:55:00
TX_0004598,KH_17838,48138,United Kingdom,4,206700.0,2010-12-02 15:55:00
TX_0004599,KH_17228,21931,United Kingdom,3,50700.0,2010-12-02 16:00:00
TX_0004600,KH_17228,21930,United Kingdom,4,50700.0,2010-12-02 16:00:00
TX_0004601,KH_17228,85099B,United Kingdom,3,50700.0,2010-12-02 16:00:00
TX_0004602,KH_17228,22386,United Kingdom,3,50700.0,2010-12-02 16:00:00
TX_0004603,KH_17228,20974,United Kingdom,6,16900.0,2010-12-02 16:00:00
TX_0004604,KH_17228,20973,United Kingdom,18,16900.0,2010-12-02 16:00:00
TX_0004605,KH_17228,20975,United Kingdom,18,16900.0,2010-12-02 16:00:00
TX_0004606,KH_17228,70007,United Kingdom,6,42900.0,2010-12-02 16:00:00
TX_0004607,KH_17228,70006,United Kingdom,5,42900.0,2010-12-02 16:00:00
TX_0004608,KH_17228,21098,United Kingdom,6,32500.0,2010-12-02 16:00:00
TX_0004609,KH_17228,22745,United Kingdom,2,54600.0,2010-12-02 16:00:00
TX_0004610,KH_17228,22746,United Kingdom,2,54600.0,2010-12-02 16:00:00
TX_0004611,KH_17228,22748,United Kingdom,2,54600.0,2010-12-02 16:00:00
TX_0004612,KH_17228,22867,United Kingdom,8,54600.0,2010-12-02 16:00:00
TX_0004613,KH_17228,22632,United Kingdom,8,54600.0,2010-12-02 16:00:00
TX_0004614,KH_17228,22834,United Kingdom,12,54600.0,2010-12-02 16:00:00
TX_0004615,KH_17228,22865,United Kingdom,8,54600.0,2010-12-02 16:00:00
TX_0004616,KH_17228,22866,United Kingdom,8,54600.0,2010-12-02 16:00:00
TX_0004617,KH_14829,22960,United Kingdom,6,110500.0,2010-12-02 16:12:00
TX_0004618,KH_14829,22969,United Kingdom,12,37700.0,2010-12-02 16:12:00
TX_0004619,KH_14829,22099,United Kingdom,12,32500.0,2010-12-02 16:12:00
TX_0004620,KH_14829,22718,United Kingdom,12,10920.0,2010-12-02 16:12:00
TX_0004621,KH_14829,22717,United Kingdom,12,10920.0,2010-12-02 16:12:00
TX_0004622,KH_14829,22024,United Kingdom,12,10920.0,2010-12-02 16:12:00
TX_0004623,KH_14829,22028,United Kingdom,12,10920.0,2010-12-02 16:12:00
TX_0004624,KH_14829,22716,United Kingdom,12,10920.0,2010-12-02 16:12:00
TX_0004625,KH_14829,47591D,United Kingdom,8,50700.0,2010-12-02 16:12:00
TX_0004626,KH_14829,47567B,United Kingdom,3,154700.0,2010-12-02 16:12:00
TX_0004627,KH_14829,22961,United Kingdom,24,37700.0,2010-12-02 16:12:00
TX_0004628,KH_14829,22814,United Kingdom,12,10920.0,2010-12-02 16:12:00
TX_0004629,KH_14829,22983,United Kingdom,12,10920.0,2010-12-02 16:12:00
TX_0004630,KH_14829,22031,United Kingdom,12,10920.0,2010-12-02 16:12:00
TX_0004631,KH_14829,22379,United Kingdom,5,54600.0,2010-12-02 16:12:00
TX_0004632,KH_14829,84378,United Kingdom,12,32500.0,2010-12-02 16:12:00
TX_0004633,KH_14829,22727,United Kingdom,4,97500.0,2010-12-02 16:12:00
TX_0004634,KH_14829,22726,United Kingdom,4,97500.0,2010-12-02 16:12:00
TX_0004635,KH_14829,22730,United Kingdom,4,97500.0,2010-12-02 16:12:00
TX_0004636,KH_GUEST,21484,United Kingdom,4,89700.0,2010-12-02 16:12:00
TX_0004637,KH_GUEST,21067,United Kingdom,24,32500.0,2010-12-02 16:12:00
TX_0004638,KH_GUEST,21791,United Kingdom,12,32500.0,2010-12-02 16:12:00
TX_0004639,KH_GUEST,21098,United Kingdom,12,32500.0,2010-12-02 16:12:00
TX_0004640,KH_GUEST,22952,United Kingdom,24,14300.0,2010-12-02 16:12:00
TX_0004641,KH_GUEST,22086,United Kingdom,6,76700.0,2010-12-02 16:12:00
TX_0004642,KH_GUEST,82599,United Kingdom,12,54600.0,2010-12-02 16:12:00
TX_0004643,KH_GUEST,22113,United Kingdom,4,97500.0,2010-12-02 16:12:00
TX_0004644,KH_GUEST,22750,United Kingdom,4,97500.0,2010-12-02 16:12:00
TX_0004645,KH_GUEST,22749,United Kingdom,4,97500.0,2010-12-02 16:12:00
TX_0004646,KH_GUEST,22568,United Kingdom,4,97500.0,2010-12-02 16:12:00
TX_0004647,KH_GUEST,22111,United Kingdom,6,128700.0,2010-12-02 16:12:00
TX_0004648,KH_GUEST,21559,United Kingdom,6,66300.0,2010-12-02 16:12:00
TX_0004649,KH_GUEST,22549,United Kingdom,12,37700.0,2010-12-02 16:12:00
TX_0004650,KH_17412,22735,United Kingdom,10,42900.0,2010-12-02 16:29:00
TX_0004651,KH_17412,22941,United Kingdom,4,221000.0,2010-12-02 16:29:00
TX_0004652,KH_17412,21731,United Kingdom,12,42900.0,2010-12-02 16:29:00
TX_0004653,KH_17412,22837,United Kingdom,4,120900.0,2010-12-02 16:29:00
TX_0004654,KH_17412,22179,United Kingdom,8,175500.0,2010-12-02 16:29:00
TX_0004655,KH_17412,21463,United Kingdom,2,154700.0,2010-12-02 16:29:00
TX_0004656,KH_17412,21464,United Kingdom,2,110500.0,2010-12-02 16:29:00
TX_0004657,KH_17412,22779,United Kingdom,8,110500.0,2010-12-02 16:29:00
TX_0004658,KH_14911,22113,EIRE,6,97500.0,2010-12-02 16:33:00
TX_0004659,KH_14031,21745,United Kingdom,24,88140.0,2010-12-02 16:34:00
TX_0004660,KH_14031,22423,United Kingdom,16,284700.0,2010-12-02 16:34:00
TX_0004661,KH_14031,22777,United Kingdom,12,198900.0,2010-12-02 16:34:00
TX_0004662,KH_14031,22778,United Kingdom,24,88140.0,2010-12-02 16:34:00
TX_0004663,KH_14031,21484,United Kingdom,36,76700.0,2010-12-02 16:34:00
TX_0004664,KH_14031,84029E,United Kingdom,48,88140.0,2010-12-02 16:34:00
TX_0004665,KH_14031,84029G,United Kingdom,48,88140.0,2010-12-02 16:34:00
TX_0004666,KH_14031,37370,United Kingdom,72,27560.0,2010-12-02 16:34:00
TX_0004667,KH_14031,21524,United Kingdom,10,175500.0,2010-12-02 16:34:00
TX_0004668,KH_14031,48138,United Kingdom,10,175500.0,2010-12-02 16:34:00
TX_0004669,KH_14031,22926,United Kingdom,4,154700.0,2010-12-02 16:34:00
TX_0004670,KH_14031,22365,United Kingdom,10,175500.0,2010-12-02 16:34:00
TX_0004671,KH_14031,22326,United Kingdom,6,76700.0,2010-12-02 16:34:00
TX_0004672,KH_14031,22328,United Kingdom,6,76700.0,2010-12-02 16:34:00
TX_0004673,KH_14031,20679,United Kingdom,12,154700.0,2010-12-02 16:34:00
TX_0004674,KH_14031,15056BL,United Kingdom,12,154700.0,2010-12-02 16:34:00
TX_0004675,KH_14031,21658,United Kingdom,8,102700.0,2010-12-02 16:34:00
TX_0004676,KH_14031,22065,United Kingdom,10,37700.0,2010-12-02 16:34:00
TX_0004677,KH_14031,22988,United Kingdom,72,32500.0,2010-12-02 16:34:00
TX_0004678,KH_14031,22697,United Kingdom,6,76700.0,2010-12-02 16:34:00
TX_0004679,KH_14031,22798,United Kingdom,2,76700.0,2010-12-02 16:34:00
TX_0004680,KH_14031,84879,United Kingdom,48,43940.0,2010-12-02 16:34:00
TX_0004681,KH_14031,22801,United Kingdom,6,97500.0,2010-12-02 16:34:00
TX_0004682,KH_14031,22800,United Kingdom,12,97500.0,2010-12-02 16:34:00
TX_0004683,KH_14031,79067,United Kingdom,17,97500.0,2010-12-02 16:34:00
TX_0004684,KH_14775,21788,United Kingdom,24,22100.0,2010-12-02 16:38:00
TX_0004685,KH_14775,22321,United Kingdom,12,22100.0,2010-12-02 16:38:00
TX_0004686,KH_14775,22492,United Kingdom,72,16900.0,2010-12-02 16:38:00
TX_0004687,KH_14775,20971,United Kingdom,12,32500.0,2010-12-02 16:38:00
TX_0004688,KH_14775,20972,United Kingdom,12,32500.0,2010-12-02 16:38:00
TX_0004689,KH_14775,20974,United Kingdom,24,16900.0,2010-12-02 16:38:00
TX_0004690,KH_14775,20973,United Kingdom,24,16900.0,2010-12-02 16:38:00
TX_0004691,KH_14775,22561,United Kingdom,12,42900.0,2010-12-02 16:38:00
TX_0004692,KH_14775,22491,United Kingdom,24,22100.0,2010-12-02 16:38:00
TX_0004693,KH_14775,22489,United Kingdom,24,10920.0,2010-12-02 16:38:00
TX_0004694,KH_14775,15036,United Kingdom,12,19500.0,2010-12-02 16:38:00
TX_0004695,KH_14775,21069,United Kingdom,12,32500.0,2010-12-02 16:38:00
TX_0004696,KH_14775,37370,United Kingdom,12,32500.0,2010-12-02 16:38:00
TX_0004697,KH_14775,22567,United Kingdom,12,32500.0,2010-12-02 16:38:00
TX_0004698,KH_14775,22558,United Kingdom,12,38740.0,2010-12-02 16:38:00
TX_0004699,KH_14775,22408,United Kingdom,12,32500.0,2010-12-02 16:38:00
TX_0004700,KH_14775,22406,United Kingdom,12,32500.0,2010-12-02 16:38:00
TX_0004701,KH_14775,22405,United Kingdom,12,32500.0,2010-12-02 16:38:00
TX_0004702,KH_14775,21908,United Kingdom,24,54600.0,2010-12-02 16:38:00
TX_0004703,KH_14775,85152,United Kingdom,24,54600.0,2010-12-02 16:38:00
TX_0004704,KH_12971,21803,United Kingdom,36,10920.0,2010-12-02 16:42:00
TX_0004705,KH_12971,22579,United Kingdom,12,22100.0,2010-12-02 16:42:00
TX_0004706,KH_12971,82580,United Kingdom,12,14300.0,2010-12-02 16:42:00
TX_0004707,KH_12971,82581,United Kingdom,12,14300.0,2010-12-02 16:42:00
TX_0004708,KH_12971,82578,United Kingdom,12,14300.0,2010-12-02 16:42:00
TX_0004709,KH_17659,22423,United Kingdom,1,331500.0,2010-12-02 16:46:00
TX_0004710,KH_17659,22846,United Kingdom,1,440700.0,2010-12-02 16:46:00
TX_0004711,KH_17659,21733,United Kingdom,6,76700.0,2010-12-02 16:46:00
TX_0004712,KH_17659,21669,United Kingdom,12,32500.0,2010-12-02 16:46:00
TX_0004713,KH_17659,22634,United Kingdom,2,258700.0,2010-12-02 16:46:00
TX_0004714,KH_17659,21259,United Kingdom,2,154700.0,2010-12-02 16:46:00
TX_0004715,KH_17659,21257,United Kingdom,2,206700.0,2010-12-02 16:46:00
TX_0004716,KH_17659,22568,United Kingdom,8,97500.0,2010-12-02 16:46:00
TX_0004717,KH_17659,22569,United Kingdom,8,97500.0,2010-12-02 16:46:00
TX_0004718,KH_17659,22570,United Kingdom,12,97500.0,2010-12-02 16:46:00
TX_0004719,KH_17659,84029E,United Kingdom,4,97500.0,2010-12-02 16:46:00
TX_0004720,KH_17659,21481,United Kingdom,6,76700.0,2010-12-02 16:46:00
TX_0004721,KH_15299,84950,United Kingdom,1824,14300.0,2010-12-02 16:48:00
TX_0004722,KH_15299,21833,United Kingdom,204,38740.0,2010-12-02 16:50:00
TX_0004723,KH_15299,22275,United Kingdom,69,198900.0,2010-12-02 16:51:00
TX_0004724,KH_15646,37450,United Kingdom,6,76700.0,2010-12-02 16:59:00
TX_0004725,KH_15646,20668,United Kingdom,24,3120.0,2010-12-02 16:59:00
TX_0004726,KH_15646,22818,United Kingdom,12,10920.0,2010-12-02 16:59:00
TX_0004727,KH_15646,22816,United Kingdom,12,10920.0,2010-12-02 16:59:00
TX_0004728,KH_15646,22043,United Kingdom,12,10920.0,2010-12-02 16:59:00
TX_0004729,KH_15646,22044,United Kingdom,12,10920.0,2010-12-02 16:59:00
TX_0004730,KH_15646,22042,United Kingdom,12,10920.0,2010-12-02 16:59:00
TX_0004731,KH_15646,85032D,United Kingdom,6,54600.0,2010-12-02 16:59:00
TX_0004732,KH_15646,85049A,United Kingdom,12,32500.0,2010-12-02 16:59:00
TX_0004733,KH_15646,22910,United Kingdom,6,76700.0,2010-12-02 16:59:00
TX_0004734,KH_15646,22086,United Kingdom,6,76700.0,2010-12-02 16:59:00
TX_0004735,KH_15646,72816,United Kingdom,12,32500.0,2010-12-02 16:59:00
TX_0004736,KH_15646,35957,United Kingdom,48,10920.0,2010-12-02 16:59:00
TX_0004737,KH_15646,17003,United Kingdom,36,5460.0,2010-12-02 16:59:00
TX_0004738,KH_15646,22089,United Kingdom,6,76700.0,2010-12-02 16:59:00
TX_0004739,KH_15646,22413,United Kingdom,6,76700.0,2010-12-02 16:59:00
TX_0004740,KH_15646,46000S,United Kingdom,2,37700.0,2010-12-02 16:59:00
TX_0004741,KH_13402,22427,United Kingdom,3,154700.0,2010-12-02 17:12:00
TX_0004742,KH_13402,72741,United Kingdom,9,37700.0,2010-12-02 17:12:00
TX_0004743,KH_13402,22898,United Kingdom,8,50700.0,2010-12-02 17:12:00
TX_0004744,KH_13402,22667,United Kingdom,6,76700.0,2010-12-02 17:12:00
TX_0004745,KH_13402,22328,United Kingdom,12,76700.0,2010-12-02 17:12:00
TX_0004746,KH_13402,21506,United Kingdom,12,10920.0,2010-12-02 17:12:00
TX_0004747,KH_13402,21519,United Kingdom,12,10920.0,2010-12-02 17:12:00
TX_0004748,KH_13402,21213,United Kingdom,24,14300.0,2010-12-02 17:12:00
TX_0004749,KH_13402,21063,United Kingdom,12,22100.0,2010-12-02 17:12:00
TX_0004750,KH_13402,21059,United Kingdom,12,22100.0,2010-12-02 17:12:00
TX_0004751,KH_13402,84375,United Kingdom,24,54600.0,2010-12-02 17:12:00
TX_0004752,KH_13402,22625,United Kingdom,2,221000.0,2010-12-02 17:12:00
TX_0004753,KH_13402,22624,United Kingdom,2,221000.0,2010-12-02 17:12:00
TX_0004754,KH_13402,22988,United Kingdom,12,32500.0,2010-12-02 17:12:00
TX_0004755,KH_13402,21975,United Kingdom,24,14300.0,2010-12-02 17:12:00
TX_0004756,KH_13402,20914,United Kingdom,12,76700.0,2010-12-02 17:12:00
TX_0004757,KH_13402,22429,United Kingdom,4,110500.0,2010-12-02 17:12:00
TX_0004758,KH_17757,22630,United Kingdom,1,50700.0,2010-12-02 17:17:00
TX_0004759,KH_17757,22867,United Kingdom,1,54600.0,2010-12-02 17:17:00
TX_0004760,KH_17757,21494,United Kingdom,3,32500.0,2010-12-02 17:17:00
TX_0004761,KH_17757,21094,United Kingdom,6,22100.0,2010-12-02 17:17:00
TX_0004762,KH_17757,22651,United Kingdom,7,22100.0,2010-12-02 17:17:00
TX_0004763,KH_17757,21080,United Kingdom,3,22100.0,2010-12-02 17:17:00
TX_0004764,KH_17757,22652,United Kingdom,1,42900.0,2010-12-02 17:17:00
TX_0004765,KH_17757,21217,United Kingdom,1,258700.0,2010-12-02 17:17:00
TX_0004766,KH_17757,22502,United Kingdom,3,154700.0,2010-12-02 17:17:00
TX_0004767,KH_17757,22430,United Kingdom,1,128700.0,2010-12-02 17:17:00
TX_0004768,KH_17757,21429,United Kingdom,1,42900.0,2010-12-02 17:17:00
TX_0004769,KH_17757,22666,United Kingdom,4,76700.0,2010-12-02 17:17:00
TX_0004770,KH_17757,22667,United Kingdom,4,76700.0,2010-12-02 17:17:00
TX_0004771,KH_17757,21034,United Kingdom,2,24700.0,2010-12-02 17:17:00
TX_0004772,KH_17757,22425,United Kingdom,2,128700.0,2010-12-02 17:17:00
TX_0004773,KH_17757,21086,United Kingdom,6,16900.0,2010-12-02 17:17:00
TX_0004774,KH_17757,21240,United Kingdom,8,22100.0,2010-12-02 17:17:00
TX_0004775,KH_17757,21239,United Kingdom,8,22100.0,2010-12-02 17:17:00
TX_0004776,KH_17757,21238,United Kingdom,5,22100.0,2010-12-02 17:17:00
TX_0004777,KH_17757,22617,United Kingdom,1,128700.0,2010-12-02 17:17:00
TX_0004778,KH_17757,22083,United Kingdom,6,76700.0,2010-12-02 17:17:00
TX_0004779,KH_17757,22197,United Kingdom,5,22100.0,2010-12-02 17:17:00
TX_0004780,KH_17757,22631,United Kingdom,1,50700.0,2010-12-02 17:17:00
TX_0004781,KH_13011,22508,United Kingdom,4,97500.0,2010-12-02 17:22:00
TX_0004782,KH_13011,82494L,United Kingdom,6,76700.0,2010-12-02 17:22:00
TX_0004783,KH_13011,85014A,United Kingdom,3,154700.0,2010-12-02 17:22:00
TX_0004784,KH_13798,85123A,United Kingdom,160,66300.0,2010-12-02 17:24:00
TX_0004785,KH_16754,84077,United Kingdom,2880,4680.0,2010-12-02 17:38:00
TX_0004786,KH_16754,21915,United Kingdom,1400,27560.0,2010-12-02 17:38:00
TX_0004787,KH_16029,84880,United Kingdom,12,128700.0,2010-12-02 17:40:00
TX_0004788,KH_16029,22207,United Kingdom,48,97500.0,2010-12-02 17:40:00
TX_0004789,KH_16029,21929,United Kingdom,100,42900.0,2010-12-02 17:40:00
TX_0004790,KH_16029,21928,United Kingdom,100,42900.0,2010-12-02 17:40:00
TX_0004791,KH_16634,21927,United Kingdom,24,32500.0,2010-12-02 17:41:00
TX_0004792,KH_16634,21925,United Kingdom,12,32500.0,2010-12-02 17:41:00
TX_0004793,KH_16634,71477,United Kingdom,4,84500.0,2010-12-02 17:41:00
TX_0004794,KH_16634,21733,United Kingdom,6,76700.0,2010-12-02 17:41:00
TX_0004795,KH_16634,22763,United Kingdom,2,258700.0,2010-12-02 17:41:00
TX_0004796,KH_16634,22863,United Kingdom,6,76700.0,2010-12-02 17:41:00
TX_0004797,KH_16634,84406B,United Kingdom,8,84500.0,2010-12-02 17:41:00
TX_0004798,KH_16634,85066,United Kingdom,2,331500.0,2010-12-02 17:41:00
TX_0004799,KH_18239,85123A,United Kingdom,6,76700.0,2010-12-02 17:48:00
TX_0004800,KH_18239,84970S,United Kingdom,12,22100.0,2010-12-02 17:48:00
TX_0004801,KH_18239,20749,United Kingdom,2,206700.0,2010-12-02 17:48:00
TX_0004802,KH_18239,15060B,United Kingdom,4,97500.0,2010-12-02 17:48:00
TX_0004803,KH_18239,85014B,United Kingdom,3,154700.0,2010-12-02 17:48:00
TX_0004804,KH_18239,22464,United Kingdom,12,42900.0,2010-12-02 17:48:00
TX_0004805,KH_18239,22465,United Kingdom,12,42900.0,2010-12-02 17:48:00
TX_0004806,KH_18239,22785,United Kingdom,4,175500.0,2010-12-02 17:48:00
TX_0004807,KH_18239,71053,United Kingdom,4,97500.0,2010-12-02 17:48:00
TX_0004808,KH_18239,22969,United Kingdom,12,37700.0,2010-12-02 17:48:00
TX_0004809,KH_18239,22810,United Kingdom,6,76700.0,2010-12-02 17:48:00
TX_0004810,KH_18239,22186,United Kingdom,6,76700.0,2010-12-02 17:48:00
TX_0004811,KH_18239,22187,United Kingdom,4,110500.0,2010-12-02 17:48:00
TX_0004812,KH_18239,22141,United Kingdom,6,54600.0,2010-12-02 17:48:00
TX_0004813,KH_18239,22144,United Kingdom,6,54600.0,2010-12-02 17:48:00
TX_0004814,KH_18239,22121,United Kingdom,3,154700.0,2010-12-02 17:48:00
TX_0004815,KH_18239,21364,United Kingdom,2,175500.0,2010-12-02 17:48:00
TX_0004816,KH_18239,22573,United Kingdom,12,22100.0,2010-12-02 17:48:00
TX_0004817,KH_18239,22576,United Kingdom,12,22100.0,2010-12-02 17:48:00
TX_0004818,KH_18239,22578,United Kingdom,12,22100.0,2010-12-02 17:48:00
TX_0004819,KH_18239,22593,United Kingdom,12,22100.0,2010-12-02 17:48:00
TX_0004820,KH_18239,22595,United Kingdom,12,22100.0,2010-12-02 17:48:00
TX_0004821,KH_18239,35961,United Kingdom,12,22100.0,2010-12-02 17:48:00
TX_0004822,KH_18239,22334,United Kingdom,8,42900.0,2010-12-02 17:48:00
TX_0004823,KH_18239,22910,United Kingdom,6,76700.0,2010-12-02 17:48:00
TX_0004824,KH_18239,22065,United Kingdom,12,37700.0,2010-12-02 17:48:00
TX_0004825,KH_18239,21349,United Kingdom,2,175500.0,2010-12-02 17:48:00
TX_0004826,KH_18239,21352,United Kingdom,2,175500.0,2010-12-02 17:48:00
TX_0004827,KH_18239,21621,United Kingdom,2,221000.0,2010-12-02 17:48:00
TX_0004828,KH_14576,21111,United Kingdom,12,76700.0,2010-12-02 17:51:00
TX_0004829,KH_13145,22655,United Kingdom,1,7670000.0,2010-12-02 18:06:00
TX_0004830,KH_18168,21231,United Kingdom,20,32500.0,2010-12-02 18:08:00
TX_0004831,KH_18168,21232,United Kingdom,20,32500.0,2010-12-02 18:08:00
TX_0004832,KH_18168,22060,United Kingdom,2,258700.0,2010-12-02 18:08:00
TX_0004833,KH_18168,37449,United Kingdom,2,258700.0,2010-12-02 18:08:00
TX_0004834,KH_18168,22061,United Kingdom,2,258700.0,2010-12-02 18:08:00
TX_0004835,KH_18168,21843,United Kingdom,2,284700.0,2010-12-02 18:08:00
TX_0004836,KH_18168,21531,United Kingdom,2,66300.0,2010-12-02 18:08:00
TX_0004837,KH_18168,21539,United Kingdom,3,128700.0,2010-12-02 18:08:00
TX_0004838,KH_18168,22198,United Kingdom,2,42900.0,2010-12-02 18:08:00
TX_0004839,KH_18168,22197,United Kingdom,2,22100.0,2010-12-02 18:08:00
TX_0004840,KH_18168,22633,United Kingdom,4,54600.0,2010-12-02 18:08:00
TX_0004841,KH_18168,22180,United Kingdom,1,258700.0,2010-12-02 18:08:00
TX_0004842,KH_18168,21218,United Kingdom,2,97500.0,2010-12-02 18:08:00
TX_0004843,KH_18168,21155,United Kingdom,1,54600.0,2010-12-02 18:08:00
TX_0004844,KH_18168,21039,United Kingdom,1,66300.0,2010-12-02 18:08:00
TX_0004845,KH_18168,21157,United Kingdom,1,54600.0,2010-12-02 18:08:00
TX_0004846,KH_18168,21041,United Kingdom,1,76700.0,2010-12-02 18:08:00
TX_0004847,KH_18168,21154,United Kingdom,1,32500.0,2010-12-02 18:08:00
TX_0004848,KH_18168,21154,United Kingdom,2,32500.0,2010-12-02 18:08:00
TX_0004849,KH_18168,21035,United Kingdom,1,76700.0,2010-12-02 18:08:00
TX_0004850,KH_18168,47570B,United Kingdom,1,276900.0,2010-12-02 18:08:00
TX_0004851,KH_18168,47567B,United Kingdom,2,154700.0,2010-12-02 18:08:00
TX_0004852,KH_18168,47559B,United Kingdom,6,32500.0,2010-12-02 18:08:00
TX_0004853,KH_18168,22193,United Kingdom,1,221000.0,2010-12-02 18:08:00
TX_0004854,KH_18168,22649,United Kingdom,1,128700.0,2010-12-02 18:08:00
TX_0004855,KH_18168,16156S,United Kingdom,25,10920.0,2010-12-02 18:08:00
TX_0004856,KH_18168,16161P,United Kingdom,25,10920.0,2010-12-02 18:08:00
TX_0004857,KH_14395,82486,United Kingdom,2,206700.0,2010-12-02 18:15:00
TX_0004858,KH_14395,82483,United Kingdom,4,154700.0,2010-12-02 18:15:00
TX_0004859,KH_14395,82482,United Kingdom,6,66300.0,2010-12-02 18:15:00
TX_0004860,KH_14395,21754,United Kingdom,3,154700.0,2010-12-02 18:15:00
TX_0004861,KH_14395,21755,United Kingdom,3,154700.0,2010-12-02 18:15:00
TX_0004862,KH_14395,82494L,United Kingdom,4,76700.0,2010-12-02 18:15:00
TX_0004863,KH_14395,22171,United Kingdom,2,221000.0,2010-12-02 18:15:00
TX_0004864,KH_14395,16161M,United Kingdom,25,10920.0,2010-12-02 18:15:00
TX_0004865,KH_14395,22112,United Kingdom,7,128700.0,2010-12-02 18:15:00
TX_0004866,KH_14395,21980,United Kingdom,12,7540.0,2010-12-02 18:15:00
TX_0004867,KH_14395,21486,United Kingdom,3,97500.0,2010-12-02 18:15:00
TX_0004868,KH_14395,20972,United Kingdom,6,32500.0,2010-12-02 18:15:00
TX_0004869,KH_14395,22114,United Kingdom,4,102700.0,2010-12-02 18:15:00
TX_0004870,KH_14395,22144,United Kingdom,2,54600.0,2010-12-02 18:15:00
TX_0004871,KH_14395,22865,United Kingdom,1,54600.0,2010-12-02 18:15:00
TX_0004872,KH_14395,22633,United Kingdom,4,54600.0,2010-12-02 18:15:00
TX_0004873,KH_14395,22470,United Kingdom,3,76700.0,2010-12-02 18:15:00
TX_0004874,KH_14395,22632,United Kingdom,4,54600.0,2010-12-02 18:15:00
TX_0004875,KH_14395,85049A,United Kingdom,6,32500.0,2010-12-02 18:15:00
TX_0004876,KH_14395,20984,United Kingdom,5,22100.0,2010-12-02 18:15:00
TX_0004877,KH_14395,85214,United Kingdom,1,42900.0,2010-12-02 18:15:00
TX_0004878,KH_14395,22804,United Kingdom,2,76700.0,2010-12-02 18:15:00
TX_0004879,KH_14395,20981,United Kingdom,5,22100.0,2010-12-02 18:15:00
TX_0004880,KH_14395,22173,United Kingdom,8,76700.0,2010-12-02 18:15:00
TX_0004881,KH_14395,85123A,United Kingdom,2,76700.0,2010-12-02 18:15:00
TX_0004882,KH_14395,21499,United Kingdom,25,10920.0,2010-12-02 18:15:00
TX_0004883,KH_14395,21500,United Kingdom,25,10920.0,2010-12-02 18:15:00
TX_0004884,KH_14865,15036,United Kingdom,24,19500.0,2010-12-02 18:23:00
TX_0004885,KH_14865,72232,United Kingdom,48,4940.0,2010-12-02 18:23:00
TX_0004886,KH_14865,40016,United Kingdom,24,10920.0,2010-12-02 18:23:00
TX_0004887,KH_15093,84077,United Kingdom,288,5460.0,2010-12-02 18:25:00
TX_0004888,KH_15093,20685,United Kingdom,5,206700.0,2010-12-02 18:25:00
TX_0004889,KH_15093,21524,United Kingdom,10,175500.0,2010-12-02 18:25:00
TX_0004890,KH_15093,21916,United Kingdom,24,10920.0,2010-12-02 18:25:00
TX_0004891,KH_15093,21508,United Kingdom,12,10920.0,2010-12-02 18:25:00
TX_0004892,KH_15093,22027,United Kingdom,12,10920.0,2010-12-02 18:25:00
TX_0004893,KH_15093,22030,United Kingdom,36,10920.0,2010-12-02 18:25:00
TX_0004894,KH_15093,22029,United Kingdom,36,10920.0,2010-12-02 18:25:00
TX_0004895,KH_15093,21519,United Kingdom,36,10920.0,2010-12-02 18:25:00
TX_0004896,KH_15093,21506,United Kingdom,24,10920.0,2010-12-02 18:25:00
TX_0004897,KH_15093,22023,United Kingdom,24,10920.0,2010-12-02 18:25:00
TX_0004898,KH_15093,21507,United Kingdom,36,10920.0,2010-12-02 18:25:00
TX_0004899,KH_15093,84247G,United Kingdom,48,10920.0,2010-12-02 18:25:00
TX_0004900,KH_15093,21509,United Kingdom,48,10920.0,2010-12-02 18:25:00
TX_0004901,KH_15093,84879,United Kingdom,96,43940.0,2010-12-02 18:25:00
TX_0004902,KH_15093,22585,United Kingdom,144,27560.0,2010-12-02 18:25:00
TX_0004903,KH_12738,22961,Germany,12,37700.0,2010-12-02 18:27:00
TX_0004904,KH_12738,22962,Germany,12,22100.0,2010-12-02 18:27:00
TX_0004905,KH_12738,22963,Germany,12,22100.0,2010-12-02 18:27:00
TX_0004906,KH_12738,22776,Germany,1,258700.0,2010-12-02 18:27:00
TX_0004907,KH_12738,22952,Germany,24,14300.0,2010-12-02 18:27:00
TX_0004908,KH_12738,22077,Germany,12,42900.0,2010-12-02 18:27:00
TX_0004909,KH_12738,22215,Germany,2,221000.0,2010-12-02 18:27:00
TX_0004910,KH_12738,21977,Germany,24,14300.0,2010-12-02 18:27:00
TX_0004911,KH_12738,84991,Germany,24,14300.0,2010-12-02 18:27:00
TX_0004912,KH_12738,21212,Germany,24,14300.0,2010-12-02 18:27:00
TX_0004913,KH_12738,POST,Germany,1,468000.0,2010-12-02 18:27:00
TX_0004914,KH_16150,22766,United Kingdom,8,76700.0,2010-12-02 18:27:00
TX_0004915,KH_16150,22768,United Kingdom,4,258700.0,2010-12-02 18:27:00
TX_0004916,KH_16150,21260,United Kingdom,6,84500.0,2010-12-02 18:27:00
TX_0004917,KH_16150,22169,United Kingdom,2,221000.0,2010-12-02 18:27:00
TX_0004918,KH_16150,84879,United Kingdom,8,43940.0,2010-12-02 18:27:00
TX_0004919,KH_16150,22171,United Kingdom,2,221000.0,2010-12-02 18:27:00
TX_0004920,KH_16150,22170,United Kingdom,4,175500.0,2010-12-02 18:27:00
TX_0004921,KH_16150,22470,United Kingdom,6,76700.0,2010-12-02 18:27:00
TX_0004922,KH_16150,22469,United Kingdom,12,42900.0,2010-12-02 18:27:00
TX_0004923,KH_16150,22969,United Kingdom,12,37700.0,2010-12-02 18:27:00
TX_0004924,KH_16150,22771,United Kingdom,12,32500.0,2010-12-02 18:27:00
TX_0004925,KH_16150,22772,United Kingdom,12,32500.0,2010-12-02 18:27:00
TX_0004926,KH_16150,22775,United Kingdom,12,32500.0,2010-12-02 18:27:00
TX_0004927,KH_16150,21428,United Kingdom,4,110500.0,2010-12-02 18:27:00
TX_0004928,KH_16150,21429,United Kingdom,8,42900.0,2010-12-02 18:27:00
TX_0004929,KH_16150,21430,United Kingdom,4,97500.0,2010-12-02 18:27:00
TX_0004930,KH_16150,22077,United Kingdom,12,42900.0,2010-12-02 18:27:00
TX_0004931,KH_16150,22356,United Kingdom,10,22100.0,2010-12-02 18:27:00
TX_0004932,KH_16150,20724,United Kingdom,10,22100.0,2010-12-02 18:27:00
TX_0004933,KH_16150,22759,United Kingdom,12,42900.0,2010-12-02 18:27:00
TX_0004934,KH_16150,21143,United Kingdom,12,50700.0,2010-12-02 18:27:00
TX_0004935,KH_16150,85064,United Kingdom,2,141700.0,2010-12-02 18:27:00
TX_0004936,KH_17552,20726,United Kingdom,10,42900.0,2010-12-02 18:45:00
TX_0004937,KH_17552,20977,United Kingdom,16,32500.0,2010-12-02 18:45:00
TX_0004938,KH_17552,22623,United Kingdom,6,128700.0,2010-12-02 18:45:00
TX_0004939,KH_17552,22617,United Kingdom,6,128700.0,2010-12-02 18:45:00
TX_0004940,KH_17552,22502,United Kingdom,4,154700.0,2010-12-02 18:45:00
TX_0004941,KH_17552,47590B,United Kingdom,6,141700.0,2010-12-02 18:45:00
TX_0004942,KH_17552,47590A,United Kingdom,6,141700.0,2010-12-02 18:45:00
TX_0004943,KH_17552,21981,United Kingdom,48,7540.0,2010-12-02 18:45:00
TX_0004944,KH_17552,22584,United Kingdom,6,66300.0,2010-12-02 18:45:00
TX_0004945,KH_17552,21033,United Kingdom,10,76700.0,2010-12-02 18:45:00
TX_0004946,KH_17552,22551,United Kingdom,12,42900.0,2010-12-02 18:45:00
TX_0004947,KH_17552,22966,United Kingdom,12,32500.0,2010-12-02 18:46:00
TX_0004948,KH_17552,22890,United Kingdom,2,258700.0,2010-12-02 18:46:00
TX_0004949,KH_14236,22502,United Kingdom,32,128700.0,2010-12-02 18:49:00
TX_0004950,KH_14236,21430,United Kingdom,4,97500.0,2010-12-02 18:49:00
TX_0004951,KH_14236,22841,United Kingdom,2,206700.0,2010-12-02 18:49:00
TX_0004952,KH_17961,84997B,United Kingdom,1,97500.0,2010-12-02 19:18:00
TX_0004953,KH_17961,22384,United Kingdom,1,42900.0,2010-12-02 19:18:00
TX_0004954,KH_17961,21530,United Kingdom,1,76700.0,2010-12-02 19:18:00
TX_0004955,KH_17961,21528,United Kingdom,1,180700.0,2010-12-02 19:18:00
TX_0004956,KH_17961,22635,United Kingdom,1,258700.0,2010-12-02 19:18:00
TX_0004957,KH_17961,21326,United Kingdom,6,16900.0,2010-12-02 19:18:00
TX_0004958,KH_17961,84832,United Kingdom,4,22100.0,2010-12-02 19:18:00
TX_0004959,KH_17961,21891,United Kingdom,1,32500.0,2010-12-02 19:18:00
TX_0004960,KH_17961,72807C,United Kingdom,1,110500.0,2010-12-02 19:18:00
TX_0004961,KH_17961,21333,United Kingdom,1,76700.0,2010-12-02 19:18:00
TX_0004962,KH_17961,21820,United Kingdom,1,97500.0,2010-12-02 19:18:00
TX_0004963,KH_17961,21821,United Kingdom,1,97500.0,2010-12-02 19:18:00
TX_0004964,KH_17961,22162,United Kingdom,1,76700.0,2010-12-02 19:18:00
TX_0004965,KH_17961,20727,United Kingdom,1,42900.0,2010-12-02 19:18:00
TX_0004966,KH_17961,22619,United Kingdom,2,97500.0,2010-12-02 19:18:00
TX_0004967,KH_17961,21479,United Kingdom,1,97500.0,2010-12-02 19:18:00
TX_0004968,KH_17961,84029G,United Kingdom,1,97500.0,2010-12-02 19:18:00
TX_0004969,KH_17961,21706,United Kingdom,1,128700.0,2010-12-02 19:18:00
TX_0004970,KH_17961,21114,United Kingdom,1,32500.0,2010-12-02 19:18:00
TX_0004971,KH_17961,20725,United Kingdom,1,42900.0,2010-12-02 19:18:00
TX_0004972,KH_17961,22327,United Kingdom,1,76700.0,2010-12-02 19:18:00
TX_0004973,KH_17961,20978,United Kingdom,3,32500.0,2010-12-02 19:18:00
TX_0004974,KH_17961,20979,United Kingdom,4,32500.0,2010-12-02 19:18:00
TX_0004975,KH_17961,22636,United Kingdom,1,221000.0,2010-12-02 19:18:00
TX_0004976,KH_17961,85014A,United Kingdom,1,154700.0,2010-12-02 19:18:00
TX_0004977,KH_17961,20615,United Kingdom,1,54600.0,2010-12-02 19:18:00
TX_0004978,KH_17961,22634,United Kingdom,1,258700.0,2010-12-02 19:18:00
TX_0004979,KH_17961,22271,United Kingdom,2,76700.0,2010-12-02 19:18:00
TX_0004980,KH_17961,21479,United Kingdom,2,97500.0,2010-12-02 19:18:00
TX_0004981,KH_14573,22469,United Kingdom,2,42900.0,2010-12-02 19:59:00
TX_0004982,KH_14573,21754,United Kingdom,2,154700.0,2010-12-02 19:59:00
TX_0004983,KH_14573,22666,United Kingdom,1,76700.0,2010-12-02 19:59:00
TX_0004984,KH_14573,22665,United Kingdom,1,76700.0,2010-12-02 19:59:00
TX_0004985,KH_14573,22667,United Kingdom,1,76700.0,2010-12-02 19:59:00
TX_0004986,KH_14573,22752,United Kingdom,2,221000.0,2010-12-02 19:59:00
TX_0004987,KH_14573,22776,United Kingdom,1,258700.0,2010-12-02 19:59:00
TX_0004988,KH_14573,20914,United Kingdom,3,76700.0,2010-12-02 19:59:00
TX_0004989,KH_14573,22427,United Kingdom,1,154700.0,2010-12-02 19:59:00
TX_0004990,KH_14573,22794,United Kingdom,2,206700.0,2010-12-02 19:59:00
TX_0004991,KH_14573,22426,United Kingdom,1,97500.0,2010-12-02 19:59:00
TX_0004992,KH_14573,22424,United Kingdom,1,331500.0,2010-12-02 19:59:00
TX_0004993,KH_14573,22367,United Kingdom,2,50700.0,2010-12-02 19:59:00
TX_0004994,KH_14573,21156,United Kingdom,2,50700.0,2010-12-02 19:59:00
TX_0004995,KH_14573,22625,United Kingdom,1,221000.0,2010-12-02 19:59:00
TX_0004996,KH_14573,22624,United Kingdom,1,221000.0,2010-12-02 19:59:00
TX_0004997,KH_14573,22423,United Kingdom,1,331500.0,2010-12-02 19:59:00
TX_0004998,KH_14573,21034,United Kingdom,2,24700.0,2010-12-02 19:59:00
TX_0004999,KH_14573,20728,United Kingdom,2,42900.0,2010-12-02 19:59:00
TX_0005000,KH_14573,22382,United Kingdom,2,42900.0,2010-12-02 19:59:00
TX_0005001,KH_14573,22418,United Kingdom,12,22100.0,2010-12-02 19:59:00
TX_0005002,KH_14573,22470,United Kingdom,1,76700.0,2010-12-02 19:59:00
TX_0005003,KH_14573,22646,United Kingdom,1,37700.0,2010-12-02 19:59:00
TX_0005004,KH_14573,71477,United Kingdom,1,84500.0,2010-12-02 19:59:00
TX_0005005,KH_14573,21912,United Kingdom,1,97500.0,2010-12-02 19:59:00
TX_0005006,KH_14573,22142,United Kingdom,1,37700.0,2010-12-02 19:59:00
TX_0005007,KH_14573,21673,United Kingdom,2,32500.0,2010-12-02 19:59:00
TX_0005008,KH_14573,21669,United Kingdom,4,32500.0,2010-12-02 19:59:00
TX_0005009,KH_14573,21668,United Kingdom,2,32500.0,2010-12-02 19:59:00
TX_0005010,KH_14573,21670,United Kingdom,4,32500.0,2010-12-02 19:59:00
TX_0005011,KH_14573,21671,United Kingdom,4,32500.0,2010-12-02 19:59:00
TX_0005012,KH_14573,47021G,United Kingdom,2,32500.0,2010-12-02 19:59:00
TX_0005013,KH_14573,22834,United Kingdom,6,54600.0,2010-12-02 19:59:00
TX_0005014,KH_14573,22113,United Kingdom,1,97500.0,2010-12-02 19:59:00
TX_0005015,KH_14573,22443,United Kingdom,1,206700.0,2010-12-02 19:59:00
TX_0005016,KH_14573,22442,United Kingdom,1,206700.0,2010-12-02 19:59:00
TX_0005017,KH_14573,21034,United Kingdom,1,24700.0,2010-12-02 19:59:00
TX_0005018,KH_14573,82494L,United Kingdom,2,76700.0,2010-12-02 19:59:00
TX_0005019,KH_14573,15060B,United Kingdom,1,97500.0,2010-12-02 19:59:00
TX_0005020,KH_14573,22149,United Kingdom,1,54600.0,2010-12-02 19:59:00
TX_0005021,KH_14573,22797,United Kingdom,1,440700.0,2010-12-02 19:59:00
TX_0005022,KH_14573,20681,United Kingdom,2,84500.0,2010-12-02 19:59:00
TX_0005023,KH_14573,22607,United Kingdom,1,258700.0,2010-12-02 19:59:00
TX_0005024,KH_14573,22605,United Kingdom,1,388700.0,2010-12-02 19:59:00
TX_0005025,KH_14573,22505,United Kingdom,1,128700.0,2010-12-02 19:59:00
TX_0005026,KH_14573,22501,United Kingdom,1,258700.0,2010-12-02 19:59:00
TX_0005027,KH_14573,20983,United Kingdom,1,22100.0,2010-12-02 19:59:00
TX_0005028,KH_14573,20982,United Kingdom,1,22100.0,2010-12-02 19:59:00
TX_0005029,KH_14573,20974,United Kingdom,1,16900.0,2010-12-02 19:59:00
TX_0005030,KH_14573,22271,United Kingdom,1,76700.0,2010-12-02 19:59:00
TX_0005031,KH_14573,20971,United Kingdom,1,32500.0,2010-12-02 19:59:00
TX_0005032,KH_14573,20972,United Kingdom,1,32500.0,2010-12-02 19:59:00
TX_0005033,KH_14573,22940,United Kingdom,1,110500.0,2010-12-02 19:59:00
TX_0005034,KH_14573,22750,United Kingdom,1,97500.0,2010-12-02 19:59:00
TX_0005035,KH_14573,22749,United Kingdom,1,97500.0,2010-12-02 19:59:00
TX_0005036,KH_14573,22272,United Kingdom,1,76700.0,2010-12-02 19:59:00
TX_0005037,KH_14573,22751,United Kingdom,1,97500.0,2010-12-02 19:59:00
TX_0005038,KH_14573,22274,United Kingdom,1,76700.0,2010-12-02 19:59:00
TX_0005039,KH_14573,22837,United Kingdom,3,120900.0,2010-12-02 19:59:00
TX_0005040,KH_14573,21891,United Kingdom,2,32500.0,2010-12-02 19:59:00
TX_0005041,KH_14573,22179,United Kingdom,1,175500.0,2010-12-02 19:59:00
TX_0005042,KH_14573,22468,United Kingdom,1,175500.0,2010-12-02 19:59:00
TX_0005043,KH_14573,21892,United Kingdom,3,32500.0,2010-12-02 19:59:00
TX_0005044,KH_14573,22141,United Kingdom,1,54600.0,2010-12-02 19:59:00
TX_0005045,KH_14573,22180,United Kingdom,1,258700.0,2010-12-02 19:59:00
TX_0005046,KH_14573,20975,United Kingdom,6,16900.0,2010-12-02 19:59:00
TX_0005047,KH_14573,20983,United Kingdom,4,22100.0,2010-12-02 19:59:00
TX_0005048,KH_14573,22502,United Kingdom,1,154700.0,2010-12-02 19:59:00
TX_0005049,KH_14573,22766,United Kingdom,2,76700.0,2010-12-02 19:59:00
TX_0005050,KH_14573,22617,United Kingdom,2,128700.0,2010-12-02 19:59:00
TX_0005051,KH_17135,22155,United Kingdom,48,10920.0,2010-12-03 09:31:00
TX_0005052,KH_17135,21807,United Kingdom,36,10920.0,2010-12-03 09:31:00
TX_0005053,KH_17135,22161,United Kingdom,24,16900.0,2010-12-03 09:31:00
TX_0005054,KH_17135,22065,United Kingdom,24,37700.0,2010-12-03 09:31:00
TX_0005055,KH_17135,20956,United Kingdom,12,32500.0,2010-12-03 09:31:00
TX_0005056,KH_17135,84347,United Kingdom,6,66300.0,2010-12-03 09:31:00
TX_0005057,KH_17135,21231,United Kingdom,24,32500.0,2010-12-03 09:31:00
TX_0005058,KH_17135,21232,United Kingdom,24,32500.0,2010-12-03 09:31:00
TX_0005059,KH_17135,22067,United Kingdom,24,42900.0,2010-12-03 09:31:00
TX_0005060,KH_13408,22910,United Kingdom,80,66300.0,2010-12-03 09:39:00
TX_0005061,KH_13408,21930,United Kingdom,100,42900.0,2010-12-03 09:39:00
TX_0005062,KH_13408,21928,United Kingdom,100,42900.0,2010-12-03 09:39:00
TX_0005063,KH_17396,22730,United Kingdom,19,97500.0,2010-12-03 09:45:00
TX_0005064,KH_17396,22727,United Kingdom,48,97500.0,2010-12-03 09:45:00
TX_0005065,KH_17396,22728,United Kingdom,39,97500.0,2010-12-03 09:45:00
TX_0005066,KH_12967,20682,United Kingdom,24,84500.0,2010-12-03 09:49:00
TX_0005067,KH_12967,22111,United Kingdom,36,128700.0,2010-12-03 09:49:00
TX_0005068,KH_12967,21485,United Kingdom,6,128700.0,2010-12-03 09:49:00
TX_0005069,KH_12967,22128,United Kingdom,60,32500.0,2010-12-03 09:49:00
TX_0005070,KH_12967,20749,United Kingdom,12,206700.0,2010-12-03 09:49:00
TX_0005071,KH_12967,22276,United Kingdom,36,66300.0,2010-12-03 09:49:00
TX_0005072,KH_12967,22503,United Kingdom,6,778700.0,2010-12-03 09:49:00
TX_0005073,KH_12967,21430,United Kingdom,48,110500.0,2010-12-03 09:49:00
TX_0005074,KH_12967,21429,United Kingdom,56,42900.0,2010-12-03 09:49:00
TX_0005075,KH_12967,21428,United Kingdom,8,110500.0,2010-12-03 09:49:00
TX_0005076,KH_12967,22333,United Kingdom,32,42900.0,2010-12-03 09:49:00
TX_0005077,KH_12967,22180,United Kingdom,6,258700.0,2010-12-03 09:49:00
TX_0005078,KH_12967,22504,United Kingdom,6,778700.0,2010-12-03 09:49:00
TX_0005079,KH_12967,21094,United Kingdom,12,22100.0,2010-12-03 09:49:00
TX_0005080,KH_12967,21086,United Kingdom,12,16900.0,2010-12-03 09:49:00
TX_0005081,KH_12686,22549,France,12,37700.0,2010-12-03 09:51:00
TX_0005082,KH_12686,22544,France,24,10920.0,2010-12-03 09:51:00
TX_0005083,KH_12686,22539,France,24,10920.0,2010-12-03 09:51:00
TX_0005084,KH_12686,22661,France,10,22100.0,2010-12-03 09:51:00
TX_0005085,KH_12686,21791,France,12,32500.0,2010-12-03 09:51:00
TX_0005086,KH_12686,21786,France,24,10920.0,2010-12-03 09:51:00
TX_0005087,KH_12686,POST,France,1,468000.0,2010-12-03 09:51:00
TX_0005088,KH_13370,22632,United Kingdom,12,54600.0,2010-12-03 10:26:00
TX_0005089,KH_13370,22941,United Kingdom,2,221000.0,2010-12-03 10:26:00
TX_0005090,KH_13370,22943,United Kingdom,6,128700.0,2010-12-03 10:26:00
TX_0005091,KH_13370,21591,United Kingdom,24,32500.0,2010-12-03 10:26:00
TX_0005092,KH_13370,22169,United Kingdom,2,221000.0,2010-12-03 10:26:00
TX_0005093,KH_13370,22759,United Kingdom,12,42900.0,2010-12-03 10:26:00
TX_0005094,KH_13370,22960,United Kingdom,6,110500.0,2010-12-03 10:26:00
TX_0005095,KH_13370,22622,United Kingdom,4,258700.0,2010-12-03 10:26:00
TX_0005096,KH_13370,22423,United Kingdom,2,331500.0,2010-12-03 10:26:00
TX_0005097,KH_13370,22623,United Kingdom,6,128700.0,2010-12-03 10:26:00
TX_0005098,KH_13370,22748,United Kingdom,6,54600.0,2010-12-03 10:26:00
TX_0005099,KH_13370,22746,United Kingdom,6,54600.0,2010-12-03 10:26:00
TX_0005100,KH_13370,22745,United Kingdom,6,54600.0,2010-12-03 10:26:00
TX_0005101,KH_13370,22747,United Kingdom,6,54600.0,2010-12-03 10:26:00
TX_0005102,KH_13370,84077,United Kingdom,48,7540.0,2010-12-03 10:26:00
TX_0005103,KH_13370,21790,United Kingdom,12,22100.0,2010-12-03 10:26:00
TX_0005104,KH_13370,21791,United Kingdom,12,32500.0,2010-12-03 10:26:00
TX_0005105,KH_13370,22549,United Kingdom,12,37700.0,2010-12-03 10:26:00
TX_0005106,KH_13370,22620,United Kingdom,12,32500.0,2010-12-03 10:26:00
TX_0005107,KH_13370,22621,United Kingdom,12,37700.0,2010-12-03 10:26:00
TX_0005108,KH_13370,22636,United Kingdom,2,221000.0,2010-12-03 10:26:00
TX_0005109,KH_13370,22635,United Kingdom,2,258700.0,2010-12-03 10:26:00
TX_0005110,KH_13370,22940,United Kingdom,8,110500.0,2010-12-03 10:26:00
TX_0005111,KH_13370,21990,United Kingdom,6,76700.0,2010-12-03 10:26:00
TX_0005112,KH_13370,21993,United Kingdom,6,76700.0,2010-12-03 10:26:00
TX_0005113,KH_13370,84945,United Kingdom,12,22100.0,2010-12-03 10:26:00
TX_0005114,KH_13370,22845,United Kingdom,2,165100.0,2010-12-03 10:26:00
TX_0005115,KH_13370,21755,United Kingdom,3,154700.0,2010-12-03 10:26:00
TX_0005116,KH_13370,22699,United Kingdom,6,76700.0,2010-12-03 10:26:00
TX_0005117,KH_13370,22697,United Kingdom,6,76700.0,2010-12-03 10:26:00
TX_0005118,KH_13370,22798,United Kingdom,8,76700.0,2010-12-03 10:26:00
TX_0005119,KH_13370,21889,United Kingdom,12,32500.0,2010-12-03 10:26:00
TX_0005120,KH_13370,22800,United Kingdom,4,97500.0,2010-12-03 10:26:00
TX_0005121,KH_13370,79000,United Kingdom,12,22100.0,2010-12-03 10:26:00
TX_0005122,KH_13370,22834,United Kingdom,12,54600.0,2010-12-03 10:26:00
TX_0005123,KH_13370,22865,United Kingdom,12,54600.0,2010-12-03 10:26:00
TX_0005124,KH_13370,22468,United Kingdom,4,175500.0,2010-12-03 10:26:00
TX_0005125,KH_13370,21890,United Kingdom,6,76700.0,2010-12-03 10:26:00
TX_0005126,KH_13370,21892,United Kingdom,12,32500.0,2010-12-03 10:26:00
TX_0005127,KH_16883,22900,United Kingdom,5,76700.0,2010-12-03 10:33:00
TX_0005128,KH_16883,85123A,United Kingdom,2,76700.0,2010-12-03 10:33:00
TX_0005129,KH_16883,22804,United Kingdom,2,76700.0,2010-12-03 10:33:00
TX_0005130,KH_16883,22802,United Kingdom,1,518700.0,2010-12-03 10:33:00
TX_0005131,KH_16883,22078,United Kingdom,3,54600.0,2010-12-03 10:33:00
TX_0005132,KH_16883,85049E,United Kingdom,3,32500.0,2010-12-03 10:33:00
TX_0005133,KH_16883,85049B,United Kingdom,4,32500.0,2010-12-03 10:33:00
TX_0005134,KH_16883,85049D,United Kingdom,5,32500.0,2010-12-03 10:33:00
TX_0005135,KH_16883,85049G,United Kingdom,4,32500.0,2010-12-03 10:33:00
TX_0005136,KH_16883,85049C,United Kingdom,4,32500.0,2010-12-03 10:33:00
TX_0005137,KH_16883,85049F,United Kingdom,5,32500.0,2010-12-03 10:33:00
TX_0005138,KH_16883,22507,United Kingdom,1,128700.0,2010-12-03 10:33:00
TX_0005139,KH_16883,85049H,United Kingdom,3,32500.0,2010-12-03 10:33:00
TX_0005140,KH_16883,21730,United Kingdom,3,128700.0,2010-12-03 10:33:00
TX_0005141,KH_16883,21870,United Kingdom,6,32500.0,2010-12-03 10:33:00
TX_0005142,KH_16883,37449,United Kingdom,1,258700.0,2010-12-03 10:33:00
TX_0005143,KH_16883,22558,United Kingdom,2,38740.0,2010-12-03 10:33:00
TX_0005144,KH_13520,22326,Switzerland,30,76700.0,2010-12-03 10:36:00
TX_0005145,KH_13520,22554,Switzerland,36,42900.0,2010-12-03 10:36:00
TX_0005146,KH_13520,21731,Switzerland,24,42900.0,2010-12-03 10:36:00
TX_0005147,KH_13520,20677,Switzerland,16,32500.0,2010-12-03 10:36:00
TX_0005148,KH_13520,20750,Switzerland,2,206700.0,2010-12-03 10:36:00
TX_0005149,KH_13520,POST,Switzerland,2,1040000.0,2010-12-03 10:36:00
TX_0005150,KH_12841,22745,United Kingdom,1,54600.0,2010-12-03 10:43:00
TX_0005151,KH_12841,21878,United Kingdom,3,22100.0,2010-12-03 10:43:00
TX_0005152,KH_12841,22841,United Kingdom,1,206700.0,2010-12-03 10:43:00
TX_0005153,KH_12841,84692,United Kingdom,5,10920.0,2010-12-03 10:43:00
TX_0005154,KH_12841,22943,United Kingdom,2,128700.0,2010-12-03 10:43:00
TX_0005155,KH_12841,22086,United Kingdom,2,76700.0,2010-12-03 10:43:00
TX_0005156,KH_12841,22595,United Kingdom,36,22100.0,2010-12-03 10:43:00
TX_0005157,KH_12841,22594,United Kingdom,36,22100.0,2010-12-03 10:43:00
TX_0005158,KH_12841,22084,United Kingdom,4,76700.0,2010-12-03 10:43:00
TX_0005159,KH_12841,21733,United Kingdom,2,76700.0,2010-12-03 10:43:00
TX_0005160,KH_12841,85123A,United Kingdom,2,76700.0,2010-12-03 10:43:00
TX_0005161,KH_12841,22083,United Kingdom,14,76700.0,2010-12-03 10:43:00
TX_0005162,KH_12841,22737,United Kingdom,10,42900.0,2010-12-03 10:43:00
TX_0005163,KH_12841,21462,United Kingdom,2,175500.0,2010-12-03 10:43:00
TX_0005164,KH_12841,22582,United Kingdom,4,66300.0,2010-12-03 10:43:00
TX_0005165,KH_12841,22584,United Kingdom,3,66300.0,2010-12-03 10:43:00
TX_0005166,KH_12841,22585,United Kingdom,10,32500.0,2010-12-03 10:43:00
TX_0005167,KH_12841,22812,United Kingdom,4,50700.0,2010-12-03 10:43:00
TX_0005168,KH_12841,85032D,United Kingdom,1,54600.0,2010-12-03 10:43:00
TX_0005169,KH_12841,22130,United Kingdom,18,22100.0,2010-12-03 10:43:00
TX_0005170,KH_12841,22468,United Kingdom,3,175500.0,2010-12-03 10:43:00
TX_0005171,KH_12841,79321,United Kingdom,3,128700.0,2010-12-03 10:43:00
TX_0005172,KH_12841,22573,United Kingdom,10,22100.0,2010-12-03 10:43:00
TX_0005173,KH_12841,22574,United Kingdom,10,22100.0,2010-12-03 10:43:00
TX_0005174,KH_16905,22627,United Kingdom,1,221000.0,2010-12-03 10:43:00
TX_0005175,KH_16905,22626,United Kingdom,1,221000.0,2010-12-03 10:43:00
TX_0005176,KH_16905,85131A,United Kingdom,24,32500.0,2010-12-03 10:43:00
TX_0005177,KH_16905,22155,United Kingdom,10,10920.0,2010-12-03 10:43:00
TX_0005178,KH_16905,22575,United Kingdom,3,50700.0,2010-12-03 10:43:00
TX_0005179,KH_16905,22158,United Kingdom,13,76700.0,2010-12-03 10:43:00
TX_0005180,KH_16905,84347,United Kingdom,48,66300.0,2010-12-03 10:43:00
TX_0005181,KH_16905,22111,United Kingdom,3,128700.0,2010-12-03 10:43:00
TX_0005182,KH_16905,21485,United Kingdom,3,128700.0,2010-12-03 10:43:00
TX_0005183,KH_16905,21484,United Kingdom,2,89700.0,2010-12-03 10:43:00
TX_0005184,KH_12427,22149,Germany,6,54600.0,2010-12-03 10:44:00
TX_0005185,KH_12427,22077,Germany,12,42900.0,2010-12-03 10:44:00
TX_0005186,KH_12427,21249,Germany,6,76700.0,2010-12-03 10:44:00
TX_0005187,KH_12427,22636,Germany,8,198900.0,2010-12-03 10:44:00
TX_0005188,KH_12427,22634,Germany,8,221000.0,2010-12-03 10:44:00
TX_0005189,KH_12427,22301,Germany,6,66300.0,2010-12-03 10:44:00
TX_0005190,KH_12427,22300,Germany,6,66300.0,2010-12-03 10:44:00
TX_0005191,KH_12427,21328,Germany,12,42900.0,2010-12-03 10:44:00
TX_0005192,KH_12427,21329,Germany,12,42900.0,2010-12-03 10:44:00
TX_0005193,KH_12427,POST,Germany,3,468000.0,2010-12-03 10:44:00
TX_0005194,KH_GUEST,15056bl,United Kingdom,1,330720.0,2010-12-03 11:13:00
TX_0005195,KH_GUEST,15056p,United Kingdom,2,330720.0,2010-12-03 11:13:00
TX_0005196,KH_GUEST,20658,United Kingdom,3,65260.0,2010-12-03 11:13:00
TX_0005197,KH_GUEST,20725,United Kingdom,3,131560.0,2010-12-03 11:13:00
TX_0005198,KH_GUEST,20941,United Kingdom,1,65260.0,2010-12-03 11:13:00
TX_0005199,KH_GUEST,21066,United Kingdom,1,65260.0,2010-12-03 11:13:00
TX_0005200,KH_GUEST,21071,United Kingdom,1,65260.0,2010-12-03 11:13:00
TX_0005201,KH_GUEST,21086,United Kingdom,2,43160.0,2010-12-03 11:13:00
TX_0005202,KH_GUEST,21116,United Kingdom,2,220220.0,2010-12-03 11:13:00
TX_0005203,KH_GUEST,21156,United Kingdom,6,109460.0,2010-12-03 11:13:00
TX_0005204,KH_GUEST,21166,United Kingdom,1,109460.0,2010-12-03 11:13:00
TX_0005205,KH_GUEST,21174,United Kingdom,1,109460.0,2010-12-03 11:13:00
TX_0005206,KH_GUEST,21181,United Kingdom,5,109460.0,2010-12-03 11:13:00
TX_0005207,KH_GUEST,21205,United Kingdom,2,131560.0,2010-12-03 11:13:00
TX_0005208,KH_GUEST,21218,United Kingdom,2,220220.0,2010-12-03 11:13:00
TX_0005209,KH_GUEST,21257,United Kingdom,2,419380.0,2010-12-03 11:13:00
TX_0005210,KH_GUEST,21259,United Kingdom,2,330720.0,2010-12-03 11:13:00
TX_0005211,KH_GUEST,21361,United Kingdom,1,662740.0,2010-12-03 11:13:00
TX_0005212,KH_GUEST,21557,United Kingdom,1,149240.0,2010-12-03 11:13:00
TX_0005213,KH_GUEST,21658,United Kingdom,2,220220.0,2010-12-03 11:13:00
TX_0005214,KH_GUEST,21710,United Kingdom,1,264420.0,2010-12-03 11:13:00
TX_0005215,KH_GUEST,21874,United Kingdom,1,87360.0,2010-12-03 11:13:00
TX_0005216,KH_GUEST,21876,United Kingdom,1,87360.0,2010-12-03 11:13:00
TX_0005217,KH_GUEST,21890,United Kingdom,1,153660.0,2010-12-03 11:13:00
TX_0005218,KH_GUEST,21908,United Kingdom,1,109460.0,2010-12-03 11:13:00
TX_0005219,KH_GUEST,22023,United Kingdom,1,22100.0,2010-12-03 11:13:00
TX_0005220,KH_GUEST,22109,United Kingdom,1,198120.0,2010-12-03 11:13:00
TX_0005221,KH_GUEST,22136,United Kingdom,1,87360.0,2010-12-03 11:13:00
TX_0005222,KH_GUEST,22141,United Kingdom,1,109460.0,2010-12-03 11:13:00
TX_0005223,KH_GUEST,22144,United Kingdom,7,109460.0,2010-12-03 11:13:00
TX_0005224,KH_GUEST,22167,United Kingdom,1,529880.0,2010-12-03 11:13:00
TX_0005225,KH_GUEST,22171,United Kingdom,1,441480.0,2010-12-03 11:13:00
TX_0005226,KH_GUEST,22173,United Kingdom,1,153660.0,2010-12-03 11:13:00
TX_0005227,KH_GUEST,22178,United Kingdom,3,65260.0,2010-12-03 11:13:00
TX_0005228,KH_GUEST,22179,United Kingdom,2,352820.0,2010-12-03 11:13:00
TX_0005229,KH_GUEST,22186,United Kingdom,1,153660.0,2010-12-03 11:13:00
TX_0005230,KH_GUEST,22188,United Kingdom,1,220220.0,2010-12-03 11:13:00
TX_0005231,KH_GUEST,22197,United Kingdom,8,43160.0,2010-12-03 11:13:00
TX_0005232,KH_GUEST,22200,United Kingdom,1,220220.0,2010-12-03 11:13:00
TX_0005233,KH_GUEST,22202,United Kingdom,1,198120.0,2010-12-03 11:13:00
TX_0005234,KH_GUEST,22308,United Kingdom,1,131560.0,2010-12-03 11:13:00
TX_0005235,KH_GUEST,22358,United Kingdom,3,153660.0,2010-12-03 11:13:00
TX_0005236,KH_GUEST,22386,United Kingdom,1,131560.0,2010-12-03 11:13:00
TX_0005237,KH_GUEST,22412,United Kingdom,1,109460.0,2010-12-03 11:13:00
TX_0005238,KH_GUEST,22423,United Kingdom,6,662740.0,2010-12-03 11:13:00
TX_0005239,KH_GUEST,22429,United Kingdom,1,220220.0,2010-12-03 11:13:00
TX_0005240,KH_GUEST,22457,United Kingdom,1,153660.0,2010-12-03 11:13:00
TX_0005241,KH_GUEST,22467,United Kingdom,1,131560.0,2010-12-03 11:13:00
TX_0005242,KH_GUEST,22469,United Kingdom,1,109460.0,2010-12-03 11:13:00
TX_0005243,KH_GUEST,22502,United Kingdom,2,220220.0,2010-12-03 11:13:00
TX_0005244,KH_GUEST,22525,United Kingdom,1,87360.0,2010-12-03 11:13:00
TX_0005245,KH_GUEST,22625,United Kingdom,1,441480.0,2010-12-03 11:13:00
TX_0005246,KH_GUEST,22627,United Kingdom,2,441480.0,2010-12-03 11:13:00
TX_0005247,KH_GUEST,22632,United Kingdom,1,109460.0,2010-12-03 11:13:00
TX_0005248,KH_GUEST,22659,United Kingdom,1,65260.0,2010-12-03 11:13:00
TX_0005249,KH_GUEST,22665,United Kingdom,4,153660.0,2010-12-03 11:13:00
TX_0005250,KH_GUEST,22668,United Kingdom,1,153660.0,2010-12-03 11:13:00
TX_0005251,KH_GUEST,22669,United Kingdom,1,153660.0,2010-12-03 11:13:00
TX_0005252,KH_GUEST,22697,United Kingdom,2,153660.0,2010-12-03 11:13:00
TX_0005253,KH_GUEST,22766,United Kingdom,1,153660.0,2010-12-03 11:13:00
TX_0005254,KH_GUEST,22772,United Kingdom,6,65260.0,2010-12-03 11:13:00
TX_0005255,KH_GUEST,22776,United Kingdom,1,529880.0,2010-12-03 11:13:00
TX_0005256,KH_GUEST,22786,United Kingdom,1,419380.0,2010-12-03 11:13:00
TX_0005257,KH_GUEST,22795,United Kingdom,1,352820.0,2010-12-03 11:13:00
TX_0005258,KH_GUEST,22839,United Kingdom,1,774540.0,2010-12-03 11:13:00
TX_0005259,KH_GUEST,22947,United Kingdom,1,884000.0,2010-12-03 11:13:00
TX_0005260,KH_GUEST,22988,United Kingdom,2,65260.0,2010-12-03 11:13:00
TX_0005261,KH_GUEST,37370,United Kingdom,2,419380.0,2010-12-03 11:13:00
TX_0005262,KH_GUEST,47566b,United Kingdom,2,220220.0,2010-12-03 11:13:00
TX_0005263,KH_GUEST,72349b,United Kingdom,1,109460.0,2010-12-03 11:13:00
TX_0005264,KH_GUEST,79067,United Kingdom,2,198120.0,2010-12-03 11:13:00
TX_0005265,KH_GUEST,82580,United Kingdom,1,33280.0,2010-12-03 11:13:00
TX_0005266,KH_GUEST,84754,United Kingdom,1,65260.0,2010-12-03 11:13:00
TX_0005267,KH_GUEST,84872a,United Kingdom,2,286520.0,2010-12-03 11:13:00
TX_0005268,KH_GUEST,84946,United Kingdom,4,65260.0,2010-12-03 11:13:00
TX_0005269,KH_GUEST,84970l,United Kingdom,2,55380.0,2010-12-03 11:13:00
TX_0005270,KH_GUEST,84970s,United Kingdom,5,55380.0,2010-12-03 11:13:00
TX_0005271,KH_GUEST,85038,United Kingdom,1,109460.0,2010-12-03 11:13:00
TX_0005272,KH_GUEST,85039a,United Kingdom,1,87360.0,2010-12-03 11:13:00
TX_0005273,KH_GUEST,85099B,United Kingdom,2,109460.0,2010-12-03 11:13:00
TX_0005274,KH_GUEST,DOT,United Kingdom,1,6615180.0,2010-12-03 11:13:00
TX_0005275,KH_17967,10123C,United Kingdom,1,16900.0,2010-12-03 11:19:00
TX_0005276,KH_17967,10120,United Kingdom,1,5460.0,2010-12-03 11:19:00
TX_0005277,KH_17967,16237,United Kingdom,1,5460.0,2010-12-03 11:19:00
TX_0005278,KH_17967,20727,United Kingdom,1,42900.0,2010-12-03 11:19:00
TX_0005279,KH_17967,20725,United Kingdom,1,42900.0,2010-12-03 11:19:00
TX_0005280,KH_17967,22384,United Kingdom,1,42900.0,2010-12-03 11:19:00
TX_0005281,KH_17967,22147,United Kingdom,1,37700.0,2010-12-03 11:19:00
TX_0005282,KH_17967,84006,United Kingdom,1,22100.0,2010-12-03 11:19:00
TX_0005283,KH_17967,22382,United Kingdom,1,42900.0,2010-12-03 11:19:00
TX_0005284,KH_17967,22383,United Kingdom,1,42900.0,2010-12-03 11:19:00
TX_0005285,KH_17967,20767,United Kingdom,1,66300.0,2010-12-03 11:19:00
TX_0005286,KH_17967,22562,United Kingdom,1,32500.0,2010-12-03 11:19:00
TX_0005287,KH_17967,90094,United Kingdom,1,66300.0,2010-12-03 11:19:00
TX_0005288,KH_17967,20986,United Kingdom,2,32500.0,2010-12-03 11:19:00
TX_0005289,KH_17967,10002,United Kingdom,1,22100.0,2010-12-03 11:19:00
TX_0005290,KH_17967,22758,United Kingdom,1,32500.0,2010-12-03 11:19:00
TX_0005291,KH_17967,22537,United Kingdom,1,10920.0,2010-12-03 11:19:00
TX_0005292,KH_17967,22745,United Kingdom,1,54600.0,2010-12-03 11:19:00
TX_0005293,KH_17967,21883,United Kingdom,1,16900.0,2010-12-03 11:19:00
TX_0005294,KH_17967,21882,United Kingdom,1,16900.0,2010-12-03 11:19:00
TX_0005295,KH_17967,21026,United Kingdom,1,32500.0,2010-12-03 11:19:00
TX_0005296,KH_17967,22800,United Kingdom,1,97500.0,2010-12-03 11:19:00
TX_0005297,KH_17967,85135B,United Kingdom,1,206700.0,2010-12-03 11:19:00
TX_0005298,KH_17967,21884,United Kingdom,1,16900.0,2010-12-03 11:19:00
TX_0005299,KH_17967,85123A,United Kingdom,2,76700.0,2010-12-03 11:19:00
TX_0005300,KH_17967,22816,United Kingdom,12,10920.0,2010-12-03 11:19:00
TX_0005301,KH_17967,22219,United Kingdom,2,22100.0,2010-12-03 11:19:00
TX_0005302,KH_17967,22748,United Kingdom,1,54600.0,2010-12-03 11:19:00
TX_0005303,KH_17967,22746,United Kingdom,1,54600.0,2010-12-03 11:19:00
TX_0005304,KH_17967,22960,United Kingdom,1,110500.0,2010-12-03 11:19:00
TX_0005305,KH_17967,22560,United Kingdom,2,32500.0,2010-12-03 11:19:00
TX_0005306,KH_17967,22653,United Kingdom,2,50700.0,2010-12-03 11:19:00
TX_0005307,KH_17967,22756,United Kingdom,1,32500.0,2010-12-03 11:19:00
TX_0005308,KH_17967,22757,United Kingdom,1,32500.0,2010-12-03 11:19:00
TX_0005309,KH_17967,22028,United Kingdom,12,10920.0,2010-12-03 11:19:00
TX_0005310,KH_17967,21586,United Kingdom,1,66300.0,2010-12-03 11:19:00
TX_0005311,KH_17967,22147,United Kingdom,3,37700.0,2010-12-03 11:19:00
TX_0005312,KH_17967,20961,United Kingdom,2,32500.0,2010-12-03 11:19:00
TX_0005313,KH_17967,20963,United Kingdom,1,32500.0,2010-12-03 11:19:00
TX_0005314,KH_17967,22750,United Kingdom,1,97500.0,2010-12-03 11:19:00
TX_0005315,KH_17967,21452,United Kingdom,1,76700.0,2010-12-03 11:19:00
TX_0005316,KH_17967,22968,United Kingdom,2,258700.0,2010-12-03 11:19:00
TX_0005317,KH_GUEST,20725,United Kingdom,2,131560.0,2010-12-03 11:27:00
TX_0005318,KH_GUEST,20886,United Kingdom,1,109460.0,2010-12-03 11:27:00
TX_0005319,KH_GUEST,20975,United Kingdom,1,33280.0,2010-12-03 11:27:00
TX_0005320,KH_GUEST,21041,United Kingdom,1,153660.0,2010-12-03 11:27:00
TX_0005321,KH_GUEST,21116,United Kingdom,1,220220.0,2010-12-03 11:27:00
TX_0005322,KH_GUEST,21169,United Kingdom,2,109460.0,2010-12-03 11:27:00
TX_0005323,KH_GUEST,21181,United Kingdom,1,109460.0,2010-12-03 11:27:00
TX_0005324,KH_GUEST,21192,United Kingdom,3,87360.0,2010-12-03 11:27:00
TX_0005325,KH_GUEST,21216,United Kingdom,1,286520.0,2010-12-03 11:27:00
TX_0005326,KH_GUEST,21217,United Kingdom,1,551980.0,2010-12-03 11:27:00
TX_0005327,KH_GUEST,21218,United Kingdom,2,220220.0,2010-12-03 11:27:00
TX_0005328,KH_GUEST,21257,United Kingdom,2,419380.0,2010-12-03 11:27:00
TX_0005329,KH_GUEST,21258,United Kingdom,3,662740.0,2010-12-03 11:27:00
TX_0005330,KH_GUEST,21481,United Kingdom,1,176020.0,2010-12-03 11:27:00
TX_0005331,KH_GUEST,21488,United Kingdom,1,220220.0,2010-12-03 11:27:00
TX_0005332,KH_GUEST,21559,United Kingdom,1,131560.0,2010-12-03 11:27:00
TX_0005333,KH_GUEST,21700,United Kingdom,1,220220.0,2010-12-03 11:27:00
TX_0005334,KH_GUEST,21733,United Kingdom,2,153660.0,2010-12-03 11:27:00
TX_0005335,KH_GUEST,21791,United Kingdom,3,65260.0,2010-12-03 11:27:00
TX_0005336,KH_GUEST,21870,United Kingdom,1,87360.0,2010-12-03 11:27:00
TX_0005337,KH_GUEST,21874,United Kingdom,1,87360.0,2010-12-03 11:27:00
TX_0005338,KH_GUEST,21935,United Kingdom,1,109460.0,2010-12-03 11:27:00
TX_0005339,KH_GUEST,21945,United Kingdom,1,43160.0,2010-12-03 11:27:00
TX_0005340,KH_GUEST,21948,United Kingdom,1,65260.0,2010-12-03 11:27:00
TX_0005341,KH_GUEST,22094,United Kingdom,1,65260.0,2010-12-03 11:27:00
TX_0005342,KH_GUEST,22133,United Kingdom,1,43160.0,2010-12-03 11:27:00
TX_0005343,KH_GUEST,22144,United Kingdom,1,109460.0,2010-12-03 11:27:00
TX_0005344,KH_GUEST,22187,United Kingdom,1,220220.0,2010-12-03 11:27:00
TX_0005345,KH_GUEST,22456,United Kingdom,2,264420.0,2010-12-03 11:27:00
TX_0005346,KH_GUEST,22502,United Kingdom,2,220220.0,2010-12-03 11:27:00
TX_0005347,KH_GUEST,22569,United Kingdom,1,198120.0,2010-12-03 11:27:00
TX_0005348,KH_GUEST,22625,United Kingdom,1,441480.0,2010-12-03 11:27:00
TX_0005349,KH_GUEST,22665,United Kingdom,2,153660.0,2010-12-03 11:27:00
TX_0005350,KH_GUEST,22838,United Kingdom,1,774540.0,2010-12-03 11:27:00
TX_0005351,KH_GUEST,22891,United Kingdom,1,220220.0,2010-12-03 11:27:00
TX_0005352,KH_GUEST,22964,United Kingdom,1,109460.0,2010-12-03 11:27:00
TX_0005353,KH_GUEST,47566,United Kingdom,1,242320.0,2010-12-03 11:27:00
TX_0005354,KH_GUEST,48111,United Kingdom,1,375180.0,2010-12-03 11:27:00
TX_0005355,KH_GUEST,72349b,United Kingdom,1,109460.0,2010-12-03 11:27:00
TX_0005356,KH_GUEST,82484,United Kingdom,1,352820.0,2010-12-03 11:27:00
TX_0005357,KH_GUEST,82583,United Kingdom,2,109460.0,2010-12-03 11:27:00
TX_0005358,KH_GUEST,82599,United Kingdom,1,109460.0,2010-12-03 11:27:00
TX_0005359,KH_GUEST,84029G,United Kingdom,5,220220.0,2010-12-03 11:27:00
TX_0005360,KH_GUEST,84032A,United Kingdom,1,153660.0,2010-12-03 11:27:00
TX_0005361,KH_GUEST,84970s,United Kingdom,1,55380.0,2010-12-03 11:27:00
TX_0005362,KH_GUEST,85099B,United Kingdom,1,109460.0,2010-12-03 11:27:00
TX_0005363,KH_GUEST,DOT,United Kingdom,1,3147560.0,2010-12-03 11:27:00
TX_0005364,KH_GUEST,10002,United Kingdom,5,43160.0,2010-12-03 11:28:00
TX_0005365,KH_GUEST,15056bl,United Kingdom,2,330720.0,2010-12-03 11:28:00
TX_0005366,KH_GUEST,18098c,United Kingdom,7,131560.0,2010-12-03 11:28:00
TX_0005367,KH_GUEST,20615,United Kingdom,1,109460.0,2010-12-03 11:28:00
TX_0005368,KH_GUEST,20655,United Kingdom,1,65260.0,2010-12-03 11:28:00
TX_0005369,KH_GUEST,20679,United Kingdom,1,330720.0,2010-12-03 11:28:00
TX_0005370,KH_GUEST,20681,United Kingdom,2,176020.0,2010-12-03 11:28:00
TX_0005371,KH_GUEST,20682,United Kingdom,1,176020.0,2010-12-03 11:28:00
TX_0005372,KH_GUEST,20723,United Kingdom,2,65260.0,2010-12-03 11:28:00
TX_0005373,KH_GUEST,20724,United Kingdom,5,65260.0,2010-12-03 11:28:00
TX_0005374,KH_GUEST,20725,United Kingdom,5,131560.0,2010-12-03 11:28:00
TX_0005375,KH_GUEST,20750,United Kingdom,1,441480.0,2010-12-03 11:28:00
TX_0005376,KH_GUEST,20752,United Kingdom,1,109460.0,2010-12-03 11:28:00
TX_0005377,KH_GUEST,21035,United Kingdom,2,153660.0,2010-12-03 11:28:00
TX_0005378,KH_GUEST,21041,United Kingdom,1,153660.0,2010-12-03 11:28:00
TX_0005379,KH_GUEST,21068,United Kingdom,1,65260.0,2010-12-03 11:28:00
TX_0005380,KH_GUEST,21100,United Kingdom,1,109460.0,2010-12-03 11:28:00
TX_0005381,KH_GUEST,21108,United Kingdom,1,131560.0,2010-12-03 11:28:00
TX_0005382,KH_GUEST,21109,United Kingdom,1,352820.0,2010-12-03 11:28:00
TX_0005383,KH_GUEST,21116,United Kingdom,1,220220.0,2010-12-03 11:28:00
TX_0005384,KH_GUEST,21154,United Kingdom,3,87360.0,2010-12-03 11:28:00
TX_0005385,KH_GUEST,21157,United Kingdom,1,109460.0,2010-12-03 11:28:00
TX_0005386,KH_GUEST,21165,United Kingdom,1,109460.0,2010-12-03 11:28:00
TX_0005387,KH_GUEST,21174,United Kingdom,1,109460.0,2010-12-03 11:28:00
TX_0005388,KH_GUEST,21192,United Kingdom,2,87360.0,2010-12-03 11:28:00
TX_0005389,KH_GUEST,21201,United Kingdom,1,131560.0,2010-12-03 11:28:00
TX_0005390,KH_GUEST,21218,United Kingdom,2,220220.0,2010-12-03 11:28:00
TX_0005391,KH_GUEST,21257,United Kingdom,2,419380.0,2010-12-03 11:28:00
TX_0005392,KH_GUEST,21258,United Kingdom,4,662740.0,2010-12-03 11:28:00
TX_0005393,KH_GUEST,21259,United Kingdom,1,330720.0,2010-12-03 11:28:00
TX_0005394,KH_GUEST,21411,United Kingdom,1,220220.0,2010-12-03 11:28:00
TX_0005395,KH_GUEST,21429,United Kingdom,1,87360.0,2010-12-03 11:28:00
TX_0005396,KH_GUEST,21479,United Kingdom,21,220220.0,2010-12-03 11:28:00
TX_0005397,KH_GUEST,21481,United Kingdom,1,176020.0,2010-12-03 11:28:00
TX_0005398,KH_GUEST,21558,United Kingdom,3,131560.0,2010-12-03 11:28:00
TX_0005399,KH_GUEST,21710,United Kingdom,1,264420.0,2010-12-03 11:28:00
TX_0005400,KH_GUEST,21733,United Kingdom,3,153660.0,2010-12-03 11:28:00
TX_0005401,KH_GUEST,21786,United Kingdom,3,21060.0,2010-12-03 11:28:00
TX_0005402,KH_GUEST,21790,United Kingdom,6,43160.0,2010-12-03 11:28:00
TX_0005403,KH_GUEST,21803,United Kingdom,1,22100.0,2010-12-03 11:28:00
TX_0005404,KH_GUEST,21813,United Kingdom,1,264420.0,2010-12-03 11:28:00
TX_0005405,KH_GUEST,21865,United Kingdom,1,109460.0,2010-12-03 11:28:00
TX_0005406,KH_GUEST,21874,United Kingdom,1,87360.0,2010-12-03 11:28:00
TX_0005407,KH_GUEST,21876,United Kingdom,2,87360.0,2010-12-03 11:28:00
TX_0005408,KH_GUEST,21916,United Kingdom,2,21060.0,2010-12-03 11:28:00
TX_0005409,KH_GUEST,21942,United Kingdom,1,43160.0,2010-12-03 11:28:00
TX_0005410,KH_GUEST,21944,United Kingdom,2,43160.0,2010-12-03 11:28:00
TX_0005411,KH_GUEST,21945,United Kingdom,1,43160.0,2010-12-03 11:28:00
TX_0005412,KH_GUEST,21948,United Kingdom,1,65260.0,2010-12-03 11:28:00
TX_0005413,KH_GUEST,21981,United Kingdom,1,21060.0,2010-12-03 11:28:00
TX_0005414,KH_GUEST,21988,United Kingdom,8,43160.0,2010-12-03 11:28:00
TX_0005415,KH_GUEST,22024,United Kingdom,1,22100.0,2010-12-03 11:28:00
TX_0005416,KH_GUEST,22132,United Kingdom,1,43160.0,2010-12-03 11:28:00
TX_0005417,KH_GUEST,22133,United Kingdom,2,43160.0,2010-12-03 11:28:00
TX_0005418,KH_GUEST,22136,United Kingdom,1,87360.0,2010-12-03 11:28:00
TX_0005419,KH_GUEST,22141,United Kingdom,1,109460.0,2010-12-03 11:28:00
TX_0005420,KH_GUEST,22144,United Kingdom,4,109460.0,2010-12-03 11:28:00
TX_0005421,KH_GUEST,22166,United Kingdom,2,419380.0,2010-12-03 11:28:00
TX_0005422,KH_GUEST,22196,United Kingdom,2,43160.0,2010-12-03 11:28:00
TX_0005423,KH_GUEST,22197,United Kingdom,16,43160.0,2010-12-03 11:28:00
TX_0005424,KH_GUEST,22200,United Kingdom,1,220220.0,2010-12-03 11:28:00
TX_0005425,KH_GUEST,22207,United Kingdom,3,220220.0,2010-12-03 11:28:00
TX_0005426,KH_GUEST,22212,United Kingdom,1,109460.0,2010-12-03 11:28:00
TX_0005427,KH_GUEST,22297,United Kingdom,2,65260.0,2010-12-03 11:28:00
TX_0005428,KH_GUEST,22300,United Kingdom,1,131560.0,2010-12-03 11:28:00
TX_0005429,KH_GUEST,22301,United Kingdom,2,131560.0,2010-12-03 11:28:00
TX_0005430,KH_GUEST,22309,United Kingdom,1,131560.0,2010-12-03 11:28:00
TX_0005431,KH_GUEST,22352,United Kingdom,2,131560.0,2010-12-03 11:28:00
TX_0005432,KH_GUEST,22355,United Kingdom,13,65260.0,2010-12-03 11:28:00
TX_0005433,KH_GUEST,22358,United Kingdom,2,153660.0,2010-12-03 11:28:00
TX_0005434,KH_GUEST,22365,United Kingdom,1,375180.0,2010-12-03 11:28:00
TX_0005435,KH_GUEST,22374,United Kingdom,1,220220.0,2010-12-03 11:28:00
TX_0005436,KH_GUEST,22383,United Kingdom,1,131560.0,2010-12-03 11:28:00
TX_0005437,KH_GUEST,22386,United Kingdom,2,131560.0,2010-12-03 11:28:00
TX_0005438,KH_GUEST,22422,United Kingdom,1,33280.0,2010-12-03 11:28:00
TX_0005439,KH_GUEST,22424,United Kingdom,1,662740.0,2010-12-03 11:28:00
TX_0005440,KH_GUEST,22425,United Kingdom,1,264420.0,2010-12-03 11:28:00
TX_0005441,KH_GUEST,22457,United Kingdom,5,153660.0,2010-12-03 11:28:00
TX_0005442,KH_GUEST,22469,United Kingdom,4,109460.0,2010-12-03 11:28:00
TX_0005443,KH_GUEST,22470,United Kingdom,1,153660.0,2010-12-03 11:28:00
TX_0005444,KH_GUEST,22501,United Kingdom,1,551980.0,2010-12-03 11:28:00
TX_0005445,KH_GUEST,22502,United Kingdom,3,220220.0,2010-12-03 11:28:00
TX_0005446,KH_GUEST,22507,United Kingdom,2,286520.0,2010-12-03 11:28:00
TX_0005447,KH_GUEST,22515,United Kingdom,1,109460.0,2010-12-03 11:28:00
TX_0005448,KH_GUEST,22518,United Kingdom,1,109460.0,2010-12-03 11:28:00
TX_0005449,KH_GUEST,22525,United Kingdom,2,87360.0,2010-12-03 11:28:00
TX_0005450,KH_GUEST,22625,United Kingdom,2,441480.0,2010-12-03 11:28:00
TX_0005451,KH_GUEST,22627,United Kingdom,1,441480.0,2010-12-03 11:28:00
TX_0005452,KH_GUEST,22628,United Kingdom,1,264420.0,2010-12-03 11:28:00
TX_0005453,KH_GUEST,22629,United Kingdom,1,65260.0,2010-12-03 11:28:00
TX_0005454,KH_GUEST,22632,United Kingdom,2,109460.0,2010-12-03 11:28:00
TX_0005455,KH_GUEST,22651,United Kingdom,2,43160.0,2010-12-03 11:28:00
TX_0005456,KH_GUEST,22659,United Kingdom,2,65260.0,2010-12-03 11:28:00
TX_0005457,KH_GUEST,22666,United Kingdom,3,153660.0,2010-12-03 11:28:00
TX_0005458,KH_GUEST,22669,United Kingdom,1,153660.0,2010-12-03 11:28:00
TX_0005459,KH_GUEST,22697,United Kingdom,10,153660.0,2010-12-03 11:28:00
TX_0005460,KH_GUEST,22699,United Kingdom,3,153660.0,2010-12-03 11:28:00
TX_0005461,KH_GUEST,22772,United Kingdom,2,65260.0,2010-12-03 11:28:00
TX_0005462,KH_GUEST,22795,United Kingdom,2,352820.0,2010-12-03 11:28:00
TX_0005463,KH_GUEST,22804,United Kingdom,1,153660.0,2010-12-03 11:28:00
TX_0005464,KH_GUEST,22807,United Kingdom,1,153660.0,2010-12-03 11:28:00
TX_0005465,KH_GUEST,22813,United Kingdom,1,109460.0,2010-12-03 11:28:00
TX_0005466,KH_GUEST,22839,United Kingdom,1,774540.0,2010-12-03 11:28:00
TX_0005467,KH_GUEST,22891,United Kingdom,1,220220.0,2010-12-03 11:28:00
TX_0005468,KH_GUEST,22898,United Kingdom,1,109460.0,2010-12-03 11:28:00
TX_0005469,KH_GUEST,22925,United Kingdom,1,308620.0,2010-12-03 11:28:00
TX_0005470,KH_GUEST,22946,United Kingdom,1,884000.0,2010-12-03 11:28:00
TX_0005471,KH_GUEST,22947,United Kingdom,1,884000.0,2010-12-03 11:28:00
TX_0005472,KH_GUEST,22960,United Kingdom,2,220220.0,2010-12-03 11:28:00
TX_0005473,KH_GUEST,37370,United Kingdom,1,419380.0,2010-12-03 11:28:00
TX_0005474,KH_GUEST,47566,United Kingdom,3,242320.0,2010-12-03 11:28:00
TX_0005475,KH_GUEST,48111,United Kingdom,2,375180.0,2010-12-03 11:28:00
TX_0005476,KH_GUEST,71053,United Kingdom,1,220220.0,2010-12-03 11:28:00
TX_0005477,KH_GUEST,72349b,United Kingdom,1,109460.0,2010-12-03 11:28:00
TX_0005478,KH_GUEST,72741,United Kingdom,3,73320.0,2010-12-03 11:28:00
TX_0005479,KH_GUEST,82580,United Kingdom,2,33280.0,2010-12-03 11:28:00
TX_0005480,KH_GUEST,82581,United Kingdom,1,33280.0,2010-12-03 11:28:00
TX_0005481,KH_GUEST,82582,United Kingdom,1,109460.0,2010-12-03 11:28:00
TX_0005482,KH_GUEST,82583,United Kingdom,4,109460.0,2010-12-03 11:28:00
TX_0005483,KH_GUEST,82599,United Kingdom,1,109460.0,2010-12-03 11:28:00
TX_0005484,KH_GUEST,82600,United Kingdom,1,109460.0,2010-12-03 11:28:00
TX_0005485,KH_GUEST,84029G,United Kingdom,13,220220.0,2010-12-03 11:28:00
TX_0005486,KH_GUEST,84032A,United Kingdom,4,153660.0,2010-12-03 11:28:00
TX_0005487,KH_GUEST,84375,United Kingdom,3,109460.0,2010-12-03 11:28:00
TX_0005488,KH_GUEST,84509c,United Kingdom,2,198120.0,2010-12-03 11:28:00
TX_0005489,KH_GUEST,84534b,United Kingdom,1,43160.0,2010-12-03 11:28:00
TX_0005490,KH_GUEST,84559a,United Kingdom,1,43940.0,2010-12-03 11:28:00
TX_0005491,KH_GUEST,84596e,United Kingdom,1,65260.0,2010-12-03 11:28:00
TX_0005492,KH_GUEST,84832,United Kingdom,3,43160.0,2010-12-03 11:28:00
TX_0005493,KH_GUEST,84884a,United Kingdom,1,220220.0,2010-12-03 11:28:00
TX_0005494,KH_GUEST,84970l,United Kingdom,6,55380.0,2010-12-03 11:28:00
TX_0005495,KH_GUEST,85014a,United Kingdom,2,330720.0,2010-12-03 11:28:00
TX_0005496,KH_GUEST,85014b,United Kingdom,1,330720.0,2010-12-03 11:28:00
TX_0005497,KH_GUEST,85036b,United Kingdom,1,220220.0,2010-12-03 11:28:00
TX_0005498,KH_GUEST,85039a,United Kingdom,1,87360.0,2010-12-03 11:28:00
TX_0005499,KH_GUEST,85099B,United Kingdom,1,109460.0,2010-12-03 11:28:00
TX_0005500,KH_GUEST,85152,United Kingdom,1,109460.0,2010-12-03 11:28:00
TX_0005501,KH_GUEST,85176,United Kingdom,1,43160.0,2010-12-03 11:28:00
TX_0005502,KH_GUEST,M,United Kingdom,1,66300.0,2010-12-03 11:28:00
TX_0005503,KH_GUEST,DOT,United Kingdom,1,12960220.0,2010-12-03 11:28:00
TX_0005504,KH_GUEST,72803b,United Kingdom,1,220220.0,2010-12-03 11:28:00
TX_0005505,KH_16891,21135,United Kingdom,5,43940.0,2010-12-03 11:35:00
TX_0005506,KH_16891,22154,United Kingdom,1,10920.0,2010-12-03 11:35:00
TX_0005507,KH_16891,22153,United Kingdom,1,10920.0,2010-12-03 11:35:00
TX_0005508,KH_16891,22866,United Kingdom,1,54600.0,2010-12-03 11:35:00
TX_0005509,KH_16891,84993A,United Kingdom,1,10920.0,2010-12-03 11:35:00
TX_0005510,KH_16891,84991,United Kingdom,1,14300.0,2010-12-03 11:35:00
TX_0005511,KH_16891,22910,United Kingdom,1,76700.0,2010-12-03 11:35:00
TX_0005512,KH_16891,22945,United Kingdom,6,22100.0,2010-12-03 11:35:00
TX_0005513,KH_16891,21428,United Kingdom,1,110500.0,2010-12-03 11:35:00
TX_0005514,KH_16891,84987,United Kingdom,1,37700.0,2010-12-03 11:35:00
TX_0005515,KH_16891,20998,United Kingdom,2,76700.0,2010-12-03 11:35:00
TX_0005516,KH_16891,21907,United Kingdom,1,54600.0,2010-12-03 11:35:00
TX_0005517,KH_16891,22798,United Kingdom,1,76700.0,2010-12-03 11:35:00
TX_0005518,KH_16891,21143,United Kingdom,1,50700.0,2010-12-03 11:35:00
TX_0005519,KH_16891,22914,United Kingdom,1,128700.0,2010-12-03 11:35:00
TX_0005520,KH_16891,21407,United Kingdom,1,110500.0,2010-12-03 11:35:00
TX_0005521,KH_16891,22187,United Kingdom,1,110500.0,2010-12-03 11:35:00
TX_0005522,KH_16891,21098,United Kingdom,1,32500.0,2010-12-03 11:35:00
TX_0005523,KH_16891,22961,United Kingdom,1,37700.0,2010-12-03 11:35:00
TX_0005524,KH_16891,22144,United Kingdom,1,54600.0,2010-12-03 11:35:00
TX_0005525,KH_16891,82483,United Kingdom,2,154700.0,2010-12-03 11:35:00
TX_0005526,KH_16891,22702,United Kingdom,1,54600.0,2010-12-03 11:35:00
TX_0005527,KH_16891,21462,United Kingdom,1,175500.0,2010-12-03 11:35:00
TX_0005528,KH_16891,22940,United Kingdom,1,110500.0,2010-12-03 11:35:00
TX_0005529,KH_16891,21034,United Kingdom,1,24700.0,2010-12-03 11:35:00
TX_0005530,KH_16891,22405,United Kingdom,1,32500.0,2010-12-03 11:35:00
TX_0005531,KH_16891,21715,United Kingdom,2,66300.0,2010-12-03 11:35:00
TX_0005532,KH_16891,22406,United Kingdom,1,32500.0,2010-12-03 11:35:00
TX_0005533,KH_16891,22968,United Kingdom,1,258700.0,2010-12-03 11:35:00
TX_0005534,KH_16891,21913,United Kingdom,1,97500.0,2010-12-03 11:35:00
TX_0005535,KH_16891,22550,United Kingdom,1,97500.0,2010-12-03 11:35:00
TX_0005536,KH_16891,22089,United Kingdom,1,76700.0,2010-12-03 11:35:00
TX_0005537,KH_16891,21206,United Kingdom,1,42900.0,2010-12-03 11:35:00
TX_0005538,KH_16891,22669,United Kingdom,4,76700.0,2010-12-03 11:35:00
TX_0005539,KH_16891,22076,United Kingdom,1,42900.0,2010-12-03 11:35:00
TX_0005540,KH_16891,85049A,United Kingdom,1,32500.0,2010-12-03 11:35:00
TX_0005541,KH_16891,85049F,United Kingdom,1,32500.0,2010-12-03 11:35:00
TX_0005542,KH_16891,22632,United Kingdom,1,54600.0,2010-12-03 11:35:00
TX_0005543,KH_16891,22633,United Kingdom,1,54600.0,2010-12-03 11:35:00
TX_0005544,KH_16891,21210,United Kingdom,1,37700.0,2010-12-03 11:35:00
TX_0005545,KH_16891,22222,United Kingdom,1,128700.0,2010-12-03 11:35:00
TX_0005546,KH_16891,22130,United Kingdom,6,22100.0,2010-12-03 11:35:00
TX_0005547,KH_16891,22912,United Kingdom,1,128700.0,2010-12-03 11:35:00
TX_0005548,KH_16891,22913,United Kingdom,1,128700.0,2010-12-03 11:35:00
TX_0005549,KH_16891,22450,United Kingdom,1,87100.0,2010-12-03 11:35:00
TX_0005550,KH_16891,22451,United Kingdom,1,87100.0,2010-12-03 11:35:00
TX_0005551,KH_16891,22449,United Kingdom,1,87100.0,2010-12-03 11:35:00
TX_0005552,KH_16891,22941,United Kingdom,1,221000.0,2010-12-03 11:35:00
TX_0005553,KH_16891,84925D,United Kingdom,1,66300.0,2010-12-03 11:35:00
TX_0005554,KH_16891,22083,United Kingdom,1,76700.0,2010-12-03 11:35:00
TX_0005555,KH_16891,22960,United Kingdom,1,110500.0,2010-12-03 11:35:00
TX_0005556,KH_16891,22851,United Kingdom,1,22100.0,2010-12-03 11:35:00
TX_0005557,KH_16891,84520B,United Kingdom,1,22100.0,2010-12-03 11:35:00
TX_0005558,KH_16891,21078,United Kingdom,1,22100.0,2010-12-03 11:35:00
TX_0005559,KH_16891,21080,United Kingdom,1,22100.0,2010-12-03 11:35:00
TX_0005560,KH_16891,20751,United Kingdom,1,54600.0,2010-12-03 11:35:00
TX_0005561,KH_16891,20754,United Kingdom,1,54600.0,2010-12-03 11:35:00
TX_0005562,KH_16891,79067,United Kingdom,1,97500.0,2010-12-03 11:35:00
TX_0005563,KH_16891,85099B,United Kingdom,3,50700.0,2010-12-03 11:35:00
TX_0005564,KH_16891,84625A,United Kingdom,2,76700.0,2010-12-03 11:35:00
TX_0005565,KH_16891,35001G,United Kingdom,1,110500.0,2010-12-03 11:35:00
TX_0005566,KH_16891,22374,United Kingdom,1,110500.0,2010-12-03 11:35:00
TX_0005567,KH_16891,22810,United Kingdom,1,76700.0,2010-12-03 11:35:00
TX_0005568,KH_GUEST,21993,United Kingdom,3,65260.0,2010-12-03 11:36:00
TX_0005569,KH_GUEST,22028,United Kingdom,1,22100.0,2010-12-03 11:36:00
TX_0005570,KH_GUEST,22041,United Kingdom,1,131560.0,2010-12-03 11:36:00
TX_0005571,KH_GUEST,22042,United Kingdom,1,11180.0,2010-12-03 11:36:00
TX_0005572,KH_GUEST,22059,United Kingdom,1,87360.0,2010-12-03 11:36:00
TX_0005573,KH_GUEST,22067,United Kingdom,1,87360.0,2010-12-03 11:36:00
TX_0005574,KH_GUEST,22069,United Kingdom,2,87360.0,2010-12-03 11:36:00
TX_0005575,KH_GUEST,22076,United Kingdom,1,87360.0,2010-12-03 11:36:00
TX_0005576,KH_GUEST,22077,United Kingdom,4,87360.0,2010-12-03 11:36:00
TX_0005577,KH_GUEST,22081,United Kingdom,2,87360.0,2010-12-03 11:36:00
TX_0005578,KH_GUEST,22082,United Kingdom,2,87360.0,2010-12-03 11:36:00
TX_0005579,KH_GUEST,22083,United Kingdom,1,153660.0,2010-12-03 11:36:00
TX_0005580,KH_GUEST,22084,United Kingdom,3,153660.0,2010-12-03 11:36:00
TX_0005581,KH_GUEST,22086,United Kingdom,26,153660.0,2010-12-03 11:36:00
TX_0005582,KH_GUEST,22099,United Kingdom,1,65260.0,2010-12-03 11:36:00
TX_0005583,KH_GUEST,22105,United Kingdom,1,109460.0,2010-12-03 11:36:00
TX_0005584,KH_GUEST,22107,United Kingdom,1,198120.0,2010-12-03 11:36:00
TX_0005585,KH_GUEST,22109,United Kingdom,1,198120.0,2010-12-03 11:36:00
TX_0005586,KH_GUEST,22111,United Kingdom,3,286520.0,2010-12-03 11:36:00
TX_0005587,KH_GUEST,22112,United Kingdom,3,286520.0,2010-12-03 11:36:00
TX_0005588,KH_GUEST,22114,United Kingdom,2,220220.0,2010-12-03 11:36:00
TX_0005589,KH_GUEST,22118,United Kingdom,1,308620.0,2010-12-03 11:36:00
TX_0005590,KH_GUEST,22131,United Kingdom,1,109460.0,2010-12-03 11:36:00
TX_0005591,KH_GUEST,22132,United Kingdom,1,43160.0,2010-12-03 11:36:00
TX_0005592,KH_GUEST,22135,United Kingdom,1,22100.0,2010-12-03 11:36:00
TX_0005593,KH_GUEST,22136,United Kingdom,1,87360.0,2010-12-03 11:36:00
TX_0005594,KH_GUEST,22141,United Kingdom,1,109460.0,2010-12-03 11:36:00
TX_0005595,KH_GUEST,22144,United Kingdom,2,109460.0,2010-12-03 11:36:00
TX_0005596,KH_GUEST,22147,United Kingdom,1,87360.0,2010-12-03 11:36:00
TX_0005597,KH_GUEST,22149,United Kingdom,3,109460.0,2010-12-03 11:36:00
TX_0005598,KH_GUEST,22154,United Kingdom,47,22100.0,2010-12-03 11:36:00
TX_0005599,KH_GUEST,22155,United Kingdom,3,22100.0,2010-12-03 11:36:00
TX_0005600,KH_GUEST,22156,United Kingdom,1,43160.0,2010-12-03 11:36:00
TX_0005601,KH_GUEST,22161,United Kingdom,2,21060.0,2010-12-03 11:36:00
TX_0005602,KH_GUEST,22162,United Kingdom,4,87360.0,2010-12-03 11:36:00
TX_0005603,KH_GUEST,22163,United Kingdom,2,87360.0,2010-12-03 11:36:00
TX_0005604,KH_GUEST,22174,United Kingdom,5,87360.0,2010-12-03 11:36:00
TX_0005605,KH_GUEST,22175,United Kingdom,1,153660.0,2010-12-03 11:36:00
TX_0005606,KH_GUEST,22178,United Kingdom,11,65260.0,2010-12-03 11:36:00
TX_0005607,KH_GUEST,22182,United Kingdom,3,109460.0,2010-12-03 11:36:00
TX_0005608,KH_GUEST,22186,United Kingdom,1,153660.0,2010-12-03 11:36:00
TX_0005609,KH_GUEST,22190,United Kingdom,1,65260.0,2010-12-03 11:36:00
TX_0005610,KH_GUEST,22195,United Kingdom,6,87360.0,2010-12-03 11:36:00
TX_0005611,KH_GUEST,22196,United Kingdom,2,43160.0,2010-12-03 11:36:00
TX_0005612,KH_GUEST,22197,United Kingdom,19,43160.0,2010-12-03 11:36:00
TX_0005613,KH_GUEST,22198,United Kingdom,8,87360.0,2010-12-03 11:36:00
TX_0005614,KH_GUEST,22212,United Kingdom,3,109460.0,2010-12-03 11:36:00
TX_0005615,KH_GUEST,22216,United Kingdom,10,43160.0,2010-12-03 11:36:00
TX_0005616,KH_GUEST,22219,United Kingdom,3,43160.0,2010-12-03 11:36:00
TX_0005617,KH_GUEST,22224,United Kingdom,2,153660.0,2010-12-03 11:36:00
TX_0005618,KH_GUEST,22227,United Kingdom,1,33280.0,2010-12-03 11:36:00
TX_0005619,KH_GUEST,22244,United Kingdom,2,109460.0,2010-12-03 11:36:00
TX_0005620,KH_GUEST,22245,United Kingdom,1,43160.0,2010-12-03 11:36:00
TX_0005621,KH_GUEST,22246,United Kingdom,2,109460.0,2010-12-03 11:36:00
TX_0005622,KH_GUEST,22248,United Kingdom,1,43160.0,2010-12-03 11:36:00
TX_0005623,KH_GUEST,22250,United Kingdom,3,43160.0,2010-12-03 11:36:00
TX_0005624,KH_GUEST,22251,United Kingdom,1,65260.0,2010-12-03 11:36:00
TX_0005625,KH_GUEST,22255,United Kingdom,1,43160.0,2010-12-03 11:36:00
TX_0005626,KH_GUEST,22271,United Kingdom,1,153660.0,2010-12-03 11:36:00
TX_0005627,KH_GUEST,22272,United Kingdom,1,153660.0,2010-12-03 11:36:00
TX_0005628,KH_GUEST,22273,United Kingdom,1,153660.0,2010-12-03 11:36:00
TX_0005629,KH_GUEST,22274,United Kingdom,1,153660.0,2010-12-03 11:36:00
TX_0005630,KH_GUEST,22276,United Kingdom,7,153660.0,2010-12-03 11:36:00
TX_0005631,KH_GUEST,22277,United Kingdom,2,109460.0,2010-12-03 11:36:00
TX_0005632,KH_GUEST,22278,United Kingdom,4,286520.0,2010-12-03 11:36:00
TX_0005633,KH_GUEST,22288,United Kingdom,1,65260.0,2010-12-03 11:36:00
TX_0005634,KH_GUEST,22294,United Kingdom,1,65260.0,2010-12-03 11:36:00
TX_0005635,KH_GUEST,22299,United Kingdom,1,65260.0,2010-12-03 11:36:00
TX_0005636,KH_GUEST,22301,United Kingdom,1,131560.0,2010-12-03 11:36:00
TX_0005637,KH_GUEST,22304,United Kingdom,1,131560.0,2010-12-03 11:36:00
TX_0005638,KH_GUEST,22308,United Kingdom,3,131560.0,2010-12-03 11:36:00
TX_0005639,KH_GUEST,22310,United Kingdom,7,87360.0,2010-12-03 11:36:00
TX_0005640,KH_GUEST,22311,United Kingdom,2,153660.0,2010-12-03 11:36:00
TX_0005641,KH_GUEST,22312,United Kingdom,1,153660.0,2010-12-03 11:36:00
TX_0005642,KH_GUEST,22314,United Kingdom,1,153660.0,2010-12-03 11:36:00
TX_0005643,KH_GUEST,22324,United Kingdom,1,109460.0,2010-12-03 11:36:00
TX_0005644,KH_GUEST,22326,United Kingdom,1,153660.0,2010-12-03 11:36:00
TX_0005645,KH_GUEST,22331,United Kingdom,1,87360.0,2010-12-03 11:36:00
TX_0005646,KH_GUEST,22336,United Kingdom,5,33280.0,2010-12-03 11:36:00
TX_0005647,KH_GUEST,22338,United Kingdom,5,33280.0,2010-12-03 11:36:00
TX_0005648,KH_GUEST,22348,United Kingdom,6,43160.0,2010-12-03 11:36:00
TX_0005649,KH_GUEST,22352,United Kingdom,1,131560.0,2010-12-03 11:36:00
TX_0005650,KH_GUEST,22355,United Kingdom,2,43160.0,2010-12-03 11:36:00
TX_0005651,KH_GUEST,22356,United Kingdom,3,43160.0,2010-12-03 11:36:00
TX_0005652,KH_GUEST,22358,United Kingdom,1,153660.0,2010-12-03 11:36:00
TX_0005653,KH_GUEST,22360,United Kingdom,2,153660.0,2010-12-03 11:36:00
TX_0005654,KH_GUEST,22361,United Kingdom,1,153660.0,2010-12-03 11:36:00
TX_0005655,KH_GUEST,22363,United Kingdom,1,153660.0,2010-12-03 11:36:00
TX_0005656,KH_GUEST,22364,United Kingdom,1,153660.0,2010-12-03 11:36:00
TX_0005657,KH_GUEST,22365,United Kingdom,1,375180.0,2010-12-03 11:36:00
TX_0005658,KH_GUEST,22367,United Kingdom,1,109460.0,2010-12-03 11:36:00
TX_0005659,KH_GUEST,22371,United Kingdom,3,220220.0,2010-12-03 11:36:00
TX_0005660,KH_GUEST,22378,United Kingdom,1,109460.0,2010-12-03 11:36:00
TX_0005661,KH_GUEST,22379,United Kingdom,4,109460.0,2010-12-03 11:36:00
TX_0005662,KH_GUEST,22380,United Kingdom,2,109460.0,2010-12-03 11:36:00
TX_0005663,KH_GUEST,22381,United Kingdom,1,109460.0,2010-12-03 11:36:00
TX_0005664,KH_GUEST,22382,United Kingdom,1,109460.0,2010-12-03 11:36:00
TX_0005665,KH_GUEST,22384,United Kingdom,1,109460.0,2010-12-03 11:36:00
TX_0005666,KH_GUEST,22395,United Kingdom,1,131560.0,2010-12-03 11:36:00
TX_0005667,KH_GUEST,22402,United Kingdom,1,65260.0,2010-12-03 11:36:00
TX_0005668,KH_GUEST,22406,United Kingdom,1,65260.0,2010-12-03 11:36:00
TX_0005669,KH_GUEST,22413,United Kingdom,2,153660.0,2010-12-03 11:36:00
TX_0005670,KH_GUEST,22418,United Kingdom,1,43160.0,2010-12-03 11:36:00
TX_0005671,KH_GUEST,22419,United Kingdom,7,22100.0,2010-12-03 11:36:00
TX_0005672,KH_GUEST,22420,United Kingdom,1,22100.0,2010-12-03 11:36:00
TX_0005673,KH_GUEST,22421,United Kingdom,2,22100.0,2010-12-03 11:36:00
TX_0005674,KH_GUEST,22422,United Kingdom,1,33280.0,2010-12-03 11:36:00
TX_0005675,KH_GUEST,22423,United Kingdom,40,330720.0,2010-12-03 11:36:00
TX_0005676,KH_GUEST,22424,United Kingdom,1,662740.0,2010-12-03 11:36:00
TX_0005677,KH_GUEST,22444,United Kingdom,5,65260.0,2010-12-03 11:36:00
TX_0005678,KH_GUEST,22457,United Kingdom,9,153660.0,2010-12-03 11:36:00
TX_0005679,KH_GUEST,22460,United Kingdom,1,65260.0,2010-12-03 11:36:00
TX_0005680,KH_GUEST,22466,United Kingdom,5,109460.0,2010-12-03 11:36:00
TX_0005681,KH_GUEST,22469,United Kingdom,33,87360.0,2010-12-03 11:36:00
TX_0005682,KH_GUEST,22470,United Kingdom,4,153660.0,2010-12-03 11:36:00
TX_0005683,KH_GUEST,22471,United Kingdom,1,286520.0,2010-12-03 11:36:00
TX_0005684,KH_GUEST,22473,United Kingdom,1,286520.0,2010-12-03 11:36:00
TX_0005685,KH_GUEST,22476,United Kingdom,1,286520.0,2010-12-03 11:36:00
TX_0005686,KH_GUEST,22483,United Kingdom,1,153660.0,2010-12-03 11:36:00
TX_0005687,KH_GUEST,22491,United Kingdom,2,43160.0,2010-12-03 11:36:00
TX_0005688,KH_GUEST,22492,United Kingdom,2,43160.0,2010-12-03 11:36:00
TX_0005689,KH_GUEST,22493,United Kingdom,2,87360.0,2010-12-03 11:36:00
TX_0005690,KH_GUEST,22497,United Kingdom,2,220220.0,2010-12-03 11:36:00
TX_0005691,KH_GUEST,22501,United Kingdom,1,551980.0,2010-12-03 11:36:00
TX_0005692,KH_GUEST,22507,United Kingdom,2,286520.0,2010-12-03 11:36:00
TX_0005693,KH_GUEST,22530,United Kingdom,1,22100.0,2010-12-03 11:36:00
TX_0005694,KH_GUEST,22531,United Kingdom,3,22100.0,2010-12-03 11:36:00
TX_0005695,KH_GUEST,22534,United Kingdom,3,22100.0,2010-12-03 11:36:00
TX_0005696,KH_GUEST,22539,United Kingdom,1,22100.0,2010-12-03 11:36:00
TX_0005697,KH_GUEST,22540,United Kingdom,2,22100.0,2010-12-03 11:36:00
TX_0005698,KH_GUEST,22544,United Kingdom,1,22100.0,2010-12-03 11:36:00
TX_0005699,KH_GUEST,22545,United Kingdom,1,22100.0,2010-12-03 11:36:00
TX_0005700,KH_GUEST,22546,United Kingdom,1,22100.0,2010-12-03 11:36:00
TX_0005701,KH_GUEST,22549,United Kingdom,2,87360.0,2010-12-03 11:36:00
TX_0005702,KH_GUEST,22551,United Kingdom,2,87360.0,2010-12-03 11:36:00
TX_0005703,KH_GUEST,22553,United Kingdom,4,87360.0,2010-12-03 11:36:00
TX_0005704,KH_GUEST,22554,United Kingdom,2,87360.0,2010-12-03 11:36:00
TX_0005705,KH_GUEST,22558,United Kingdom,2,65260.0,2010-12-03 11:36:00
TX_0005706,KH_GUEST,22560,United Kingdom,1,65260.0,2010-12-03 11:36:00
TX_0005707,KH_GUEST,22567,United Kingdom,2,65260.0,2010-12-03 11:36:00
TX_0005708,KH_GUEST,22568,United Kingdom,2,198120.0,2010-12-03 11:36:00
TX_0005709,KH_GUEST,22569,United Kingdom,1,198120.0,2010-12-03 11:36:00
TX_0005710,KH_GUEST,22571,United Kingdom,7,43160.0,2010-12-03 11:36:00
TX_0005711,KH_GUEST,22573,United Kingdom,5,43160.0,2010-12-03 11:36:00
TX_0005712,KH_GUEST,22574,United Kingdom,4,43160.0,2010-12-03 11:36:00
TX_0005713,KH_GUEST,22575,United Kingdom,1,109460.0,2010-12-03 11:36:00
TX_0005714,KH_GUEST,22576,United Kingdom,1,43160.0,2010-12-03 11:36:00
TX_0005715,KH_GUEST,22577,United Kingdom,1,43160.0,2010-12-03 11:36:00
TX_0005716,KH_GUEST,22578,United Kingdom,2,43160.0,2010-12-03 11:36:00
TX_0005717,KH_GUEST,22580,United Kingdom,3,308620.0,2010-12-03 11:36:00
TX_0005718,KH_GUEST,22581,United Kingdom,4,43160.0,2010-12-03 11:36:00
TX_0005719,KH_GUEST,22588,United Kingdom,6,131560.0,2010-12-03 11:36:00
TX_0005720,KH_GUEST,22589,United Kingdom,4,131560.0,2010-12-03 11:36:00
TX_0005721,KH_GUEST,22593,United Kingdom,3,43160.0,2010-12-03 11:36:00
TX_0005722,KH_GUEST,22594,United Kingdom,2,43160.0,2010-12-03 11:36:00
TX_0005723,KH_GUEST,22595,United Kingdom,1,43160.0,2010-12-03 11:36:00
TX_0005724,KH_GUEST,22600,United Kingdom,10,43160.0,2010-12-03 11:36:00
TX_0005725,KH_GUEST,22601,United Kingdom,4,43160.0,2010-12-03 11:36:00
TX_0005726,KH_GUEST,22603,United Kingdom,2,43160.0,2010-12-03 11:36:00
TX_0005727,KH_GUEST,22609,United Kingdom,3,43160.0,2010-12-03 11:36:00
TX_0005728,KH_GUEST,22619,United Kingdom,1,198120.0,2010-12-03 11:36:00
TX_0005729,KH_GUEST,22620,United Kingdom,5,65260.0,2010-12-03 11:36:00
TX_0005730,KH_GUEST,22621,United Kingdom,1,37700.0,2010-12-03 11:36:00
TX_0005731,KH_GUEST,22622,United Kingdom,1,551980.0,2010-12-03 11:36:00
TX_0005732,KH_GUEST,22624,United Kingdom,1,441480.0,2010-12-03 11:36:00
TX_0005733,KH_GUEST,22626,United Kingdom,1,441480.0,2010-12-03 11:36:00
TX_0005734,KH_GUEST,22627,United Kingdom,1,441480.0,2010-12-03 11:36:00
TX_0005735,KH_GUEST,22629,United Kingdom,3,109460.0,2010-12-03 11:36:00
TX_0005736,KH_GUEST,22630,United Kingdom,1,109460.0,2010-12-03 11:36:00
TX_0005737,KH_GUEST,22645,United Kingdom,1,87360.0,2010-12-03 11:36:00
TX_0005738,KH_GUEST,22649,United Kingdom,1,286520.0,2010-12-03 11:36:00
TX_0005739,KH_GUEST,22651,United Kingdom,3,43160.0,2010-12-03 11:36:00
TX_0005740,KH_GUEST,22654,United Kingdom,2,308620.0,2010-12-03 11:36:00
TX_0005741,KH_GUEST,22661,United Kingdom,1,43160.0,2010-12-03 11:36:00
TX_0005742,KH_GUEST,22664,United Kingdom,1,109460.0,2010-12-03 11:36:00
TX_0005743,KH_GUEST,22669,United Kingdom,2,153660.0,2010-12-03 11:36:00
TX_0005744,KH_GUEST,22675,United Kingdom,1,65260.0,2010-12-03 11:36:00
TX_0005745,KH_GUEST,22694,United Kingdom,10,109460.0,2010-12-03 11:36:00
TX_0005746,KH_GUEST,22697,United Kingdom,7,153660.0,2010-12-03 11:36:00
TX_0005747,KH_GUEST,22699,United Kingdom,1,153660.0,2010-12-03 11:36:00
TX_0005748,KH_GUEST,22712,United Kingdom,1,22100.0,2010-12-03 11:36:00
TX_0005749,KH_GUEST,22717,United Kingdom,1,22100.0,2010-12-03 11:36:00
TX_0005750,KH_GUEST,22726,United Kingdom,2,198120.0,2010-12-03 11:36:00
TX_0005751,KH_GUEST,22728,United Kingdom,3,198120.0,2010-12-03 11:36:00
TX_0005752,KH_GUEST,22731,United Kingdom,1,65260.0,2010-12-03 11:36:00
TX_0005753,KH_GUEST,22734,United Kingdom,1,131560.0,2010-12-03 11:36:00
TX_0005754,KH_GUEST,22735,United Kingdom,1,87360.0,2010-12-03 11:36:00
TX_0005755,KH_GUEST,22736,United Kingdom,2,87360.0,2010-12-03 11:36:00
TX_0005756,KH_GUEST,22737,United Kingdom,2,87360.0,2010-12-03 11:36:00
TX_0005757,KH_GUEST,22738,United Kingdom,1,87360.0,2010-12-03 11:36:00
TX_0005758,KH_GUEST,22739,United Kingdom,5,87360.0,2010-12-03 11:36:00
TX_0005759,KH_GUEST,22743,United Kingdom,2,153660.0,2010-12-03 11:36:00
TX_0005760,KH_GUEST,22745,United Kingdom,2,109460.0,2010-12-03 11:36:00
TX_0005761,KH_GUEST,22746,United Kingdom,2,109460.0,2010-12-03 11:36:00
TX_0005762,KH_GUEST,22748,United Kingdom,1,109460.0,2010-12-03 11:36:00
TX_0005763,KH_GUEST,22752,United Kingdom,2,441480.0,2010-12-03 11:36:00
TX_0005764,KH_GUEST,22753,United Kingdom,2,43160.0,2010-12-03 11:36:00
TX_0005765,KH_GUEST,22754,United Kingdom,3,43160.0,2010-12-03 11:36:00
TX_0005766,KH_GUEST,22755,United Kingdom,1,43160.0,2010-12-03 11:36:00
TX_0005767,KH_GUEST,22757,United Kingdom,2,65260.0,2010-12-03 11:36:00
TX_0005768,KH_GUEST,22759,United Kingdom,7,87360.0,2010-12-03 11:36:00
TX_0005769,KH_GUEST,22760,United Kingdom,2,662740.0,2010-12-03 11:36:00
TX_0005770,KH_GUEST,22762,United Kingdom,1,774540.0,2010-12-03 11:36:00
TX_0005771,KH_GUEST,22768,United Kingdom,1,529880.0,2010-12-03 11:36:00
TX_0005772,KH_GUEST,22777,United Kingdom,2,441480.0,2010-12-03 11:36:00
TX_0005773,KH_GUEST,22785,United Kingdom,1,441480.0,2010-12-03 11:36:00
TX_0005774,KH_GUEST,22791,United Kingdom,6,65260.0,2010-12-03 11:36:00
TX_0005775,KH_GUEST,22795,United Kingdom,1,352820.0,2010-12-03 11:36:00
TX_0005776,KH_GUEST,22796,United Kingdom,1,551980.0,2010-12-03 11:36:00
TX_0005777,KH_GUEST,22798,United Kingdom,1,153660.0,2010-12-03 11:36:00
TX_0005778,KH_GUEST,22801,United Kingdom,1,198120.0,2010-12-03 11:36:00
TX_0005779,KH_GUEST,22809,United Kingdom,1,153660.0,2010-12-03 11:36:00
TX_0005780,KH_GUEST,22810,United Kingdom,1,153660.0,2010-12-03 11:36:00
TX_0005781,KH_GUEST,22811,United Kingdom,1,153660.0,2010-12-03 11:36:00
TX_0005782,KH_GUEST,22812,United Kingdom,4,109460.0,2010-12-03 11:36:00
TX_0005783,KH_GUEST,22813,United Kingdom,1,109460.0,2010-12-03 11:36:00
TX_0005784,KH_GUEST,22816,United Kingdom,2,22100.0,2010-12-03 11:36:00
TX_0005785,KH_GUEST,22818,United Kingdom,1,22100.0,2010-12-03 11:36:00
TX_0005786,KH_GUEST,22834,United Kingdom,2,109460.0,2010-12-03 11:36:00
TX_0005787,KH_GUEST,22835,United Kingdom,9,242320.0,2010-12-03 11:36:00
TX_0005788,KH_GUEST,22837,United Kingdom,1,242320.0,2010-12-03 11:36:00
TX_0005789,KH_GUEST,22845,United Kingdom,1,330720.0,2010-12-03 11:36:00
TX_0005790,KH_GUEST,22851,United Kingdom,3,43160.0,2010-12-03 11:36:00
TX_0005791,KH_GUEST,22862,United Kingdom,1,220220.0,2010-12-03 11:36:00
TX_0005792,KH_GUEST,22865,United Kingdom,6,109460.0,2010-12-03 11:36:00
TX_0005793,KH_GUEST,22866,United Kingdom,5,109460.0,2010-12-03 11:36:00
TX_0005794,KH_GUEST,22867,United Kingdom,9,109460.0,2010-12-03 11:36:00
TX_0005795,KH_GUEST,22882,United Kingdom,1,109460.0,2010-12-03 11:36:00
TX_0005796,KH_GUEST,22884,United Kingdom,1,109460.0,2010-12-03 11:36:00
TX_0005797,KH_GUEST,22897,United Kingdom,1,77480.0,2010-12-03 11:36:00
TX_0005798,KH_GUEST,22899,United Kingdom,3,109460.0,2010-12-03 11:36:00
TX_0005799,KH_GUEST,22900,United Kingdom,3,153660.0,2010-12-03 11:36:00
TX_0005800,KH_GUEST,22902,United Kingdom,1,109460.0,2010-12-03 11:36:00
TX_0005801,KH_GUEST,22904,United Kingdom,4,153660.0,2010-12-03 11:36:00
TX_0005802,KH_GUEST,22906,United Kingdom,4,87360.0,2010-12-03 11:36:00
TX_0005803,KH_GUEST,22908,United Kingdom,1,43160.0,2010-12-03 11:36:00
TX_0005804,KH_GUEST,22909,United Kingdom,2,43160.0,2010-12-03 11:36:00
TX_0005805,KH_GUEST,22910,United Kingdom,9,153660.0,2010-12-03 11:36:00
TX_0005806,KH_GUEST,22915,United Kingdom,1,131560.0,2010-12-03 11:36:00
TX_0005807,KH_GUEST,22926,United Kingdom,1,308620.0,2010-12-03 11:36:00
TX_0005808,KH_GUEST,22927,United Kingdom,1,308620.0,2010-12-03 11:36:00
TX_0005809,KH_GUEST,22943,United Kingdom,3,286520.0,2010-12-03 11:36:00
TX_0005810,KH_GUEST,22947,United Kingdom,1,884000.0,2010-12-03 11:36:00
TX_0005811,KH_GUEST,22948,United Kingdom,1,176020.0,2010-12-03 11:36:00
TX_0005812,KH_GUEST,22949,United Kingdom,1,77480.0,2010-12-03 11:36:00
TX_0005813,KH_GUEST,22951,United Kingdom,1,33280.0,2010-12-03 11:36:00
TX_0005814,KH_GUEST,22952,United Kingdom,6,33280.0,2010-12-03 11:36:00
TX_0005815,KH_GUEST,22960,United Kingdom,3,220220.0,2010-12-03 11:36:00
TX_0005816,KH_GUEST,22961,United Kingdom,6,87360.0,2010-12-03 11:36:00
TX_0005817,KH_GUEST,22962,United Kingdom,4,43160.0,2010-12-03 11:36:00
TX_0005818,KH_GUEST,22963,United Kingdom,5,43160.0,2010-12-03 11:36:00
TX_0005819,KH_GUEST,22966,United Kingdom,1,65260.0,2010-12-03 11:36:00
TX_0005820,KH_GUEST,22968,United Kingdom,1,529880.0,2010-12-03 11:36:00
TX_0005821,KH_GUEST,22972,United Kingdom,3,87360.0,2010-12-03 11:36:00
TX_0005822,KH_GUEST,22973,United Kingdom,2,87360.0,2010-12-03 11:36:00
TX_0005823,KH_GUEST,22976,United Kingdom,2,65260.0,2010-12-03 11:36:00
TX_0005824,KH_GUEST,35471D,United Kingdom,2,65260.0,2010-12-03 11:36:00
TX_0005825,KH_GUEST,35598D,United Kingdom,2,65260.0,2010-12-03 11:36:00
TX_0005826,KH_GUEST,35599B,United Kingdom,2,153660.0,2010-12-03 11:36:00
TX_0005827,KH_GUEST,35954,United Kingdom,1,87360.0,2010-12-03 11:36:00
TX_0005828,KH_GUEST,35961,United Kingdom,14,43160.0,2010-12-03 11:36:00
TX_0005829,KH_GUEST,35965,United Kingdom,1,87360.0,2010-12-03 11:36:00
TX_0005830,KH_GUEST,37370,United Kingdom,1,419380.0,2010-12-03 11:36:00
TX_0005831,KH_GUEST,37446,United Kingdom,2,87360.0,2010-12-03 11:36:00
TX_0005832,KH_GUEST,44234,United Kingdom,2,43160.0,2010-12-03 11:36:00
TX_0005833,KH_GUEST,46776B,United Kingdom,1,109460.0,2010-12-03 11:36:00
TX_0005834,KH_GUEST,47566,United Kingdom,2,220220.0,2010-12-03 11:36:00
TX_0005835,KH_GUEST,47566B,United Kingdom,1,220220.0,2010-12-03 11:36:00
TX_0005836,KH_GUEST,47591B,United Kingdom,2,43160.0,2010-12-03 11:36:00
TX_0005837,KH_GUEST,47593B,United Kingdom,2,22100.0,2010-12-03 11:36:00
TX_0005838,KH_GUEST,48111,United Kingdom,4,375180.0,2010-12-03 11:36:00
TX_0005839,KH_GUEST,48185,United Kingdom,3,375180.0,2010-12-03 11:36:00
TX_0005840,KH_GUEST,48187,United Kingdom,1,375180.0,2010-12-03 11:36:00
TX_0005841,KH_GUEST,48188,United Kingdom,1,375180.0,2010-12-03 11:36:00
TX_0005842,KH_GUEST,70006,United Kingdom,1,87360.0,2010-12-03 11:36:00
TX_0005843,KH_GUEST,70007,United Kingdom,3,87360.0,2010-12-03 11:36:00
TX_0005844,KH_GUEST,71143,United Kingdom,1,65260.0,2010-12-03 11:36:00
TX_0005845,KH_GUEST,71477,United Kingdom,1,176020.0,2010-12-03 11:36:00
TX_0005846,KH_GUEST,71496A,United Kingdom,2,38740.0,2010-12-03 11:36:00
TX_0005847,KH_GUEST,72351A,United Kingdom,1,109460.0,2010-12-03 11:36:00
TX_0005848,KH_GUEST,72586,United Kingdom,1,22100.0,2010-12-03 11:36:00
TX_0005849,KH_GUEST,72807A,United Kingdom,1,220220.0,2010-12-03 11:36:00
TX_0005850,KH_GUEST,72807C,United Kingdom,1,220220.0,2010-12-03 11:36:00
TX_0005851,KH_GUEST,72816,United Kingdom,1,65260.0,2010-12-03 11:36:00
TX_0005852,KH_GUEST,72817,United Kingdom,7,43160.0,2010-12-03 11:36:00
TX_0005853,KH_GUEST,75049L,United Kingdom,1,65260.0,2010-12-03 11:36:00
TX_0005854,KH_GUEST,75131,United Kingdom,1,87360.0,2010-12-03 11:36:00
TX_0005855,KH_GUEST,79000,United Kingdom,9,43940.0,2010-12-03 11:36:00
TX_0005856,KH_GUEST,79191B,United Kingdom,1,43160.0,2010-12-03 11:36:00
TX_0005857,KH_GUEST,82001S,United Kingdom,1,198120.0,2010-12-03 11:36:00
TX_0005858,KH_GUEST,82482,United Kingdom,1,131560.0,2010-12-03 11:36:00
TX_0005859,KH_GUEST,82484,United Kingdom,1,352820.0,2010-12-03 11:36:00
TX_0005860,KH_GUEST,82580,United Kingdom,1,33280.0,2010-12-03 11:36:00
TX_0005861,KH_GUEST,82583,United Kingdom,3,109460.0,2010-12-03 11:36:00
TX_0005862,KH_GUEST,82599,United Kingdom,2,109460.0,2010-12-03 11:36:00
TX_0005863,KH_GUEST,82600,United Kingdom,1,109460.0,2010-12-03 11:36:00
TX_0005864,KH_GUEST,82616C,United Kingdom,1,65260.0,2010-12-03 11:36:00
TX_0005865,KH_GUEST,84029E,United Kingdom,2,198120.0,2010-12-03 11:36:00
TX_0005866,KH_GUEST,84029G,United Kingdom,5,198120.0,2010-12-03 11:36:00
TX_0005867,KH_GUEST,84030E,United Kingdom,1,220220.0,2010-12-03 11:36:00
TX_0005868,KH_GUEST,84031A,United Kingdom,2,109460.0,2010-12-03 11:36:00
TX_0005869,KH_GUEST,84031B,United Kingdom,3,109460.0,2010-12-03 11:36:00
TX_0005870,KH_GUEST,84032A,United Kingdom,8,87360.0,2010-12-03 11:36:00
TX_0005871,KH_GUEST,84032B,United Kingdom,12,87360.0,2010-12-03 11:36:00
TX_0005872,KH_GUEST,84050,United Kingdom,1,109460.0,2010-12-03 11:36:00
TX_0005873,KH_GUEST,84077,United Kingdom,1,11180.0,2010-12-03 11:36:00
TX_0005874,KH_GUEST,84270,United Kingdom,3,5460.0,2010-12-03 11:36:00
TX_0005875,KH_GUEST,84279P,United Kingdom,1,220220.0,2010-12-03 11:36:00
TX_0005876,KH_GUEST,84347,United Kingdom,2,131560.0,2010-12-03 11:36:00
TX_0005877,KH_GUEST,84375,United Kingdom,1,109460.0,2010-12-03 11:36:00
TX_0005878,KH_GUEST,84378,United Kingdom,2,65260.0,2010-12-03 11:36:00
TX_0005879,KH_GUEST,84380,United Kingdom,1,65260.0,2010-12-03 11:36:00
TX_0005880,KH_GUEST,84509A,United Kingdom,1,198120.0,2010-12-03 11:36:00
TX_0005881,KH_GUEST,84510A,United Kingdom,2,65260.0,2010-12-03 11:36:00
TX_0005882,KH_GUEST,84534B,United Kingdom,1,43160.0,2010-12-03 11:36:00
TX_0005883,KH_GUEST,84536A,United Kingdom,1,22100.0,2010-12-03 11:36:00
TX_0005884,KH_GUEST,84536B,United Kingdom,3,22100.0,2010-12-03 11:36:00
TX_0005885,KH_GUEST,84558A,United Kingdom,1,153660.0,2010-12-03 11:36:00
TX_0005886,KH_GUEST,84559A,United Kingdom,2,43940.0,2010-12-03 11:36:00
TX_0005887,KH_GUEST,84598,United Kingdom,1,11180.0,2010-12-03 11:36:00
TX_0005888,KH_GUEST,84625A,United Kingdom,6,153660.0,2010-12-03 11:36:00
TX_0005889,KH_GUEST,84659A,United Kingdom,1,65260.0,2010-12-03 11:36:00
TX_0005890,KH_GUEST,84660C,United Kingdom,1,198120.0,2010-12-03 11:36:00
TX_0005891,KH_GUEST,84661B,United Kingdom,1,131560.0,2010-12-03 11:36:00
TX_0005892,KH_GUEST,84663A,United Kingdom,1,153660.0,2010-12-03 11:36:00
TX_0005893,KH_GUEST,84673B,United Kingdom,1,33280.0,2010-12-03 11:36:00
TX_0005894,KH_GUEST,84685,United Kingdom,1,198120.0,2010-12-03 11:36:00
TX_0005895,KH_GUEST,84692,United Kingdom,1,22100.0,2010-12-03 11:36:00
TX_0005896,KH_GUEST,84763,United Kingdom,2,65260.0,2010-12-03 11:36:00
TX_0005897,KH_GUEST,84792,United Kingdom,1,242320.0,2010-12-03 11:36:00
TX_0005898,KH_GUEST,84879,United Kingdom,8,82940.0,2010-12-03 11:36:00
TX_0005899,KH_GUEST,84880,United Kingdom,1,308620.0,2010-12-03 11:36:00
TX_0005900,KH_GUEST,84923,United Kingdom,1,109460.0,2010-12-03 11:36:00
TX_0005901,KH_GUEST,84926A,United Kingdom,1,65260.0,2010-12-03 11:36:00
TX_0005902,KH_GUEST,84927A,United Kingdom,1,109460.0,2010-12-03 11:36:00
TX_0005903,KH_GUEST,84927F,United Kingdom,1,109460.0,2010-12-03 11:36:00
TX_0005904,KH_GUEST,84945,United Kingdom,6,47840.0,2010-12-03 11:36:00
TX_0005905,KH_GUEST,84946,United Kingdom,28,65260.0,2010-12-03 11:36:00
TX_0005906,KH_GUEST,84947,United Kingdom,1,65260.0,2010-12-03 11:36:00
TX_0005907,KH_GUEST,84949,United Kingdom,5,87360.0,2010-12-03 11:36:00
TX_0005908,KH_GUEST,84968C,United Kingdom,1,662740.0,2010-12-03 11:36:00
TX_0005909,KH_GUEST,84969,United Kingdom,2,220220.0,2010-12-03 11:36:00
TX_0005910,KH_GUEST,84970L,United Kingdom,8,55380.0,2010-12-03 11:36:00
TX_0005911,KH_GUEST,84970S,United Kingdom,1,55380.0,2010-12-03 11:36:00
TX_0005912,KH_GUEST,84971S,United Kingdom,3,43160.0,2010-12-03 11:36:00
TX_0005913,KH_GUEST,84987,United Kingdom,1,77480.0,2010-12-03 11:36:00
TX_0005914,KH_GUEST,84991,United Kingdom,3,33280.0,2010-12-03 11:36:00
TX_0005915,KH_GUEST,84992,United Kingdom,3,33280.0,2010-12-03 11:36:00
TX_0005916,KH_GUEST,85014B,United Kingdom,1,330720.0,2010-12-03 11:36:00
TX_0005917,KH_GUEST,85017A,United Kingdom,5,22100.0,2010-12-03 11:36:00
TX_0005918,KH_GUEST,85017B,United Kingdom,6,22100.0,2010-12-03 11:36:00
TX_0005919,KH_GUEST,85025B,United Kingdom,1,87360.0,2010-12-03 11:36:00
TX_0005920,KH_GUEST,85038,United Kingdom,1,109460.0,2010-12-03 11:36:00
TX_0005921,KH_GUEST,85039A,United Kingdom,1,43160.0,2010-12-03 11:36:00
TX_0005922,KH_GUEST,85049A,United Kingdom,1,65260.0,2010-12-03 11:36:00
TX_0005923,KH_GUEST,85049E,United Kingdom,5,65260.0,2010-12-03 11:36:00
TX_0005924,KH_GUEST,85054,United Kingdom,1,153660.0,2010-12-03 11:36:00
TX_0005925,KH_GUEST,85055,United Kingdom,1,198120.0,2010-12-03 11:36:00
TX_0005926,KH_GUEST,85099B,United Kingdom,2,109460.0,2010-12-03 11:36:00
TX_0005927,KH_GUEST,85099F,United Kingdom,2,109460.0,2010-12-03 11:36:00
TX_0005928,KH_GUEST,85106,United Kingdom,10,109460.0,2010-12-03 11:36:00
TX_0005929,KH_GUEST,85114B,United Kingdom,4,87360.0,2010-12-03 11:36:00
TX_0005930,KH_GUEST,85123A,United Kingdom,5,153660.0,2010-12-03 11:36:00
TX_0005931,KH_GUEST,85131B,United Kingdom,3,22100.0,2010-12-03 11:36:00
TX_0005932,KH_GUEST,85131D,United Kingdom,3,22100.0,2010-12-03 11:36:00
TX_0005933,KH_GUEST,85132A,United Kingdom,1,220220.0,2010-12-03 11:36:00
TX_0005934,KH_GUEST,85132C,United Kingdom,1,220220.0,2010-12-03 11:36:00
TX_0005935,KH_GUEST,85135B,United Kingdom,1,220220.0,2010-12-03 11:36:00
TX_0005936,KH_GUEST,85135C,United Kingdom,1,220220.0,2010-12-03 11:36:00
TX_0005937,KH_GUEST,85136A,United Kingdom,1,220220.0,2010-12-03 11:36:00
TX_0005938,KH_GUEST,85150,United Kingdom,2,131560.0,2010-12-03 11:36:00
TX_0005939,KH_GUEST,85167B,United Kingdom,2,220220.0,2010-12-03 11:36:00
TX_0005940,KH_GUEST,85169A,United Kingdom,1,65260.0,2010-12-03 11:36:00
TX_0005941,KH_GUEST,85169B,United Kingdom,1,65260.0,2010-12-03 11:36:00
TX_0005942,KH_GUEST,85169C,United Kingdom,1,65260.0,2010-12-03 11:36:00
TX_0005943,KH_GUEST,85169D,United Kingdom,1,65260.0,2010-12-03 11:36:00
TX_0005944,KH_GUEST,85174,United Kingdom,1,286520.0,2010-12-03 11:36:00
TX_0005945,KH_GUEST,85176,United Kingdom,2,43160.0,2010-12-03 11:36:00
TX_0005946,KH_GUEST,85186A,United Kingdom,1,22100.0,2010-12-03 11:36:00
TX_0005947,KH_GUEST,85203,United Kingdom,1,21840.0,2010-12-03 11:36:00
TX_0005948,KH_GUEST,85227,United Kingdom,4,43160.0,2010-12-03 11:36:00
TX_0005949,KH_GUEST,85231B,United Kingdom,2,43160.0,2010-12-03 11:36:00
TX_0005950,KH_GUEST,85232B,United Kingdom,3,128700.0,2010-12-03 11:36:00
TX_0005951,KH_GUEST,90000D,United Kingdom,1,165620.0,2010-12-03 11:36:00
TX_0005952,KH_GUEST,90003E,United Kingdom,1,99060.0,2010-12-03 11:36:00
TX_0005953,KH_GUEST,90028,United Kingdom,1,220740.0,2010-12-03 11:36:00
TX_0005954,KH_GUEST,90060F,United Kingdom,1,154440.0,2010-12-03 11:36:00
TX_0005955,KH_GUEST,90114,United Kingdom,1,65260.0,2010-12-03 11:36:00
TX_0005956,KH_GUEST,90115,United Kingdom,5,65260.0,2010-12-03 11:36:00
TX_0005957,KH_GUEST,90120B,United Kingdom,1,110240.0,2010-12-03 11:36:00
TX_0005958,KH_GUEST,90129F,United Kingdom,1,43160.0,2010-12-03 11:36:00
TX_0005959,KH_GUEST,90141A,United Kingdom,1,143260.0,2010-12-03 11:36:00
TX_0005960,KH_GUEST,90190C,United Kingdom,1,76960.0,2010-12-03 11:36:00
TX_0005961,KH_GUEST,90199B,United Kingdom,1,165620.0,2010-12-03 11:36:00
TX_0005962,KH_GUEST,90205A,United Kingdom,1,43940.0,2010-12-03 11:36:00
TX_0005963,KH_GUEST,90209B,United Kingdom,2,54860.0,2010-12-03 11:36:00
TX_0005964,KH_GUEST,90209C,United Kingdom,2,54860.0,2010-12-03 11:36:00
TX_0005965,KH_GUEST,90214A,United Kingdom,1,22100.0,2010-12-03 11:36:00
TX_0005966,KH_GUEST,90214B,United Kingdom,3,22100.0,2010-12-03 11:36:00
TX_0005967,KH_GUEST,90214C,United Kingdom,3,22100.0,2010-12-03 11:36:00
TX_0005968,KH_GUEST,90214E,United Kingdom,2,22100.0,2010-12-03 11:36:00
TX_0005969,KH_GUEST,90214F,United Kingdom,1,22100.0,2010-12-03 11:36:00
TX_0005970,KH_GUEST,90214G,United Kingdom,1,22100.0,2010-12-03 11:36:00
TX_0005971,KH_GUEST,90214H,United Kingdom,1,22100.0,2010-12-03 11:36:00
TX_0005972,KH_GUEST,90214I,United Kingdom,1,22100.0,2010-12-03 11:36:00
TX_0005973,KH_GUEST,90214L,United Kingdom,2,22100.0,2010-12-03 11:36:00
TX_0005974,KH_GUEST,90214N,United Kingdom,2,22100.0,2010-12-03 11:36:00
TX_0005975,KH_GUEST,90214R,United Kingdom,1,22100.0,2010-12-03 11:36:00
TX_0005976,KH_GUEST,90214Y,United Kingdom,1,22100.0,2010-12-03 11:36:00
TX_0005977,KH_GUEST,DOT,United Kingdom,1,23075520.0,2010-12-03 11:36:00
TX_0005978,KH_GUEST,10002,United Kingdom,2,43160.0,2010-12-03 11:36:00
TX_0005979,KH_GUEST,10133,United Kingdom,1,43160.0,2010-12-03 11:36:00
TX_0005980,KH_GUEST,10135,United Kingdom,1,65260.0,2010-12-03 11:36:00
TX_0005981,KH_GUEST,15036,United Kingdom,3,33280.0,2010-12-03 11:36:00
TX_0005982,KH_GUEST,15060B,United Kingdom,1,220220.0,2010-12-03 11:36:00
TX_0005983,KH_GUEST,16218,United Kingdom,1,55380.0,2010-12-03 11:36:00
TX_0005984,KH_GUEST,16225,United Kingdom,1,87360.0,2010-12-03 11:36:00
TX_0005985,KH_GUEST,16235,United Kingdom,1,11180.0,2010-12-03 11:36:00
TX_0005986,KH_GUEST,18098C,United Kingdom,2,153660.0,2010-12-03 11:36:00
TX_0005987,KH_GUEST,20668,United Kingdom,9,11180.0,2010-12-03 11:36:00
TX_0005988,KH_GUEST,20681,United Kingdom,1,176020.0,2010-12-03 11:36:00
TX_0005989,KH_GUEST,20685,United Kingdom,1,375180.0,2010-12-03 11:36:00
TX_0005990,KH_GUEST,20686,United Kingdom,3,176020.0,2010-12-03 11:36:00
TX_0005991,KH_GUEST,20712,United Kingdom,1,109460.0,2010-12-03 11:36:00
TX_0005992,KH_GUEST,20719,United Kingdom,4,43160.0,2010-12-03 11:36:00
TX_0005993,KH_GUEST,20723,United Kingdom,1,43160.0,2010-12-03 11:36:00
TX_0005994,KH_GUEST,20724,United Kingdom,3,43160.0,2010-12-03 11:36:00
TX_0005995,KH_GUEST,20725,United Kingdom,2,109460.0,2010-12-03 11:36:00
TX_0005996,KH_GUEST,20726,United Kingdom,1,109460.0,2010-12-03 11:36:00
TX_0005997,KH_GUEST,22909,United Kingdom,6,22100.0,2010-12-03 11:36:00
TX_0005998,KH_GUEST,84879,United Kingdom,8,43940.0,2010-12-03 11:36:00
TX_0005999,KH_GUEST,22907,United Kingdom,6,22100.0,2010-12-03 11:36:00
TX_0006000,KH_GUEST,84992,United Kingdom,24,14300.0,2010-12-03 11:36:00
TX_0006001,KH_GUEST,21200,United Kingdom,3,42900.0,2010-12-03 11:36:00
TX_0006002,KH_GUEST,22086,United Kingdom,6,76700.0,2010-12-03 11:36:00
TX_0006003,KH_GUEST,22940,United Kingdom,6,110500.0,2010-12-03 11:36:00
TX_0006004,KH_GUEST,21135,United Kingdom,8,43940.0,2010-12-03 11:36:00
TX_0006005,KH_GUEST,22589,United Kingdom,3,66300.0,2010-12-03 11:36:00
TX_0006006,KH_GUEST,22588,United Kingdom,3,66300.0,2010-12-03 11:36:00
TX_0006007,KH_GUEST,22952,United Kingdom,24,14300.0,2010-12-03 11:36:00
TX_0006008,KH_GUEST,20727,United Kingdom,1,109460.0,2010-12-03 11:36:00
TX_0006009,KH_GUEST,20754,United Kingdom,2,109460.0,2010-12-03 11:36:00
TX_0006010,KH_GUEST,20770,United Kingdom,1,65260.0,2010-12-03 11:36:00
TX_0006011,KH_GUEST,20846,United Kingdom,10,65260.0,2010-12-03 11:36:00
TX_0006012,KH_GUEST,20902,United Kingdom,1,330720.0,2010-12-03 11:36:00
TX_0006013,KH_GUEST,20956,United Kingdom,1,65260.0,2010-12-03 11:36:00
TX_0006014,KH_GUEST,20966,United Kingdom,4,65260.0,2010-12-03 11:36:00
TX_0006015,KH_GUEST,20970,United Kingdom,1,198120.0,2010-12-03 11:36:00
TX_0006016,KH_GUEST,20971,United Kingdom,1,65260.0,2010-12-03 11:36:00
TX_0006017,KH_GUEST,20972,United Kingdom,1,65260.0,2010-12-03 11:36:00
TX_0006018,KH_GUEST,20973,United Kingdom,2,33280.0,2010-12-03 11:36:00
TX_0006019,KH_GUEST,20974,United Kingdom,1,33280.0,2010-12-03 11:36:00
TX_0006020,KH_GUEST,20975,United Kingdom,5,33280.0,2010-12-03 11:36:00
TX_0006021,KH_GUEST,20981,United Kingdom,1,43160.0,2010-12-03 11:36:00
TX_0006022,KH_GUEST,21002,United Kingdom,3,87360.0,2010-12-03 11:36:00
TX_0006023,KH_GUEST,21012,United Kingdom,15,65260.0,2010-12-03 11:36:00
TX_0006024,KH_GUEST,21015,United Kingdom,3,33280.0,2010-12-03 11:36:00
TX_0006025,KH_GUEST,21025,United Kingdom,2,65260.0,2010-12-03 11:36:00
TX_0006026,KH_GUEST,21051,United Kingdom,2,109460.0,2010-12-03 11:36:00
TX_0006027,KH_GUEST,21070,United Kingdom,1,65260.0,2010-12-03 11:36:00
TX_0006028,KH_GUEST,21071,United Kingdom,1,65260.0,2010-12-03 11:36:00
TX_0006029,KH_GUEST,21098,United Kingdom,17,65260.0,2010-12-03 11:36:00
TX_0006030,KH_GUEST,21107,United Kingdom,1,153660.0,2010-12-03 11:36:00
TX_0006031,KH_GUEST,21108,United Kingdom,3,131560.0,2010-12-03 11:36:00
TX_0006032,KH_GUEST,21111,United Kingdom,2,153660.0,2010-12-03 11:36:00
TX_0006033,KH_GUEST,21112,United Kingdom,1,153660.0,2010-12-03 11:36:00
TX_0006034,KH_GUEST,21147,United Kingdom,1,65260.0,2010-12-03 11:36:00
TX_0006035,KH_GUEST,21154,United Kingdom,2,65260.0,2010-12-03 11:36:00
TX_0006036,KH_GUEST,21155,United Kingdom,1,109460.0,2010-12-03 11:36:00
TX_0006037,KH_GUEST,21158,United Kingdom,1,87360.0,2010-12-03 11:36:00
TX_0006038,KH_GUEST,21165,United Kingdom,1,109460.0,2010-12-03 11:36:00
TX_0006039,KH_GUEST,21166,United Kingdom,2,109460.0,2010-12-03 11:36:00
TX_0006040,KH_GUEST,21174,United Kingdom,1,109460.0,2010-12-03 11:36:00
TX_0006041,KH_GUEST,21175,United Kingdom,5,109460.0,2010-12-03 11:36:00
TX_0006042,KH_GUEST,21181,United Kingdom,4,109460.0,2010-12-03 11:36:00
TX_0006043,KH_GUEST,21191,United Kingdom,2,109460.0,2010-12-03 11:36:00
TX_0006044,KH_GUEST,21192,United Kingdom,2,87360.0,2010-12-03 11:36:00
TX_0006045,KH_GUEST,21195,United Kingdom,1,109460.0,2010-12-03 11:36:00
TX_0006046,KH_GUEST,21212,United Kingdom,4,33280.0,2010-12-03 11:36:00
TX_0006047,KH_GUEST,21215,United Kingdom,3,33280.0,2010-12-03 11:36:00
TX_0006048,KH_GUEST,21216,United Kingdom,1,286520.0,2010-12-03 11:36:00
TX_0006049,KH_GUEST,21218,United Kingdom,3,220220.0,2010-12-03 11:36:00
TX_0006050,KH_GUEST,21219,United Kingdom,2,65260.0,2010-12-03 11:36:00
TX_0006051,KH_GUEST,21220,United Kingdom,1,65260.0,2010-12-03 11:36:00
TX_0006052,KH_GUEST,21221,United Kingdom,2,65260.0,2010-12-03 11:36:00
TX_0006053,KH_GUEST,21224,United Kingdom,2,65260.0,2010-12-03 11:36:00
TX_0006054,KH_GUEST,21231,United Kingdom,5,65260.0,2010-12-03 11:36:00
TX_0006055,KH_GUEST,21232,United Kingdom,7,65260.0,2010-12-03 11:36:00
TX_0006056,KH_GUEST,21240,United Kingdom,1,43160.0,2010-12-03 11:36:00
TX_0006057,KH_GUEST,21249,United Kingdom,1,153660.0,2010-12-03 11:36:00
TX_0006058,KH_GUEST,21258,United Kingdom,2,662740.0,2010-12-03 11:36:00
TX_0006059,KH_GUEST,21261,United Kingdom,1,198120.0,2010-12-03 11:36:00
TX_0006060,KH_GUEST,21262,United Kingdom,7,198120.0,2010-12-03 11:36:00
TX_0006061,KH_GUEST,21263,United Kingdom,1,153660.0,2010-12-03 11:36:00
TX_0006062,KH_GUEST,21272,United Kingdom,1,65260.0,2010-12-03 11:36:00
TX_0006063,KH_GUEST,21286,United Kingdom,2,131560.0,2010-12-03 11:36:00
TX_0006064,KH_GUEST,21313,United Kingdom,1,43160.0,2010-12-03 11:36:00
TX_0006065,KH_GUEST,21314,United Kingdom,3,109460.0,2010-12-03 11:36:00
TX_0006066,KH_GUEST,21327,United Kingdom,1,87360.0,2010-12-03 11:36:00
TX_0006067,KH_GUEST,21328,United Kingdom,2,87360.0,2010-12-03 11:36:00
TX_0006068,KH_GUEST,21349,United Kingdom,1,352820.0,2010-12-03 11:36:00
TX_0006069,KH_GUEST,21356,United Kingdom,1,65260.0,2010-12-03 11:36:00
TX_0006070,KH_GUEST,21381,United Kingdom,2,87360.0,2010-12-03 11:36:00
TX_0006071,KH_GUEST,21408,United Kingdom,2,220220.0,2010-12-03 11:36:00
TX_0006072,KH_GUEST,21411,United Kingdom,1,220220.0,2010-12-03 11:36:00
TX_0006073,KH_GUEST,21429,United Kingdom,2,87360.0,2010-12-03 11:36:00
TX_0006074,KH_GUEST,21439,United Kingdom,2,65260.0,2010-12-03 11:36:00
TX_0006075,KH_GUEST,21446,United Kingdom,1,65260.0,2010-12-03 11:36:00
TX_0006076,KH_GUEST,21479,United Kingdom,9,198120.0,2010-12-03 11:36:00
TX_0006077,KH_GUEST,21481,United Kingdom,1,153660.0,2010-12-03 11:36:00
TX_0006078,KH_GUEST,21484,United Kingdom,3,198120.0,2010-12-03 11:36:00
TX_0006079,KH_GUEST,21485,United Kingdom,2,286520.0,2010-12-03 11:36:00
TX_0006080,KH_GUEST,21486,United Kingdom,2,109460.0,2010-12-03 11:36:00
TX_0006081,KH_GUEST,21488,United Kingdom,1,220220.0,2010-12-03 11:36:00
TX_0006082,KH_GUEST,21494,United Kingdom,5,131560.0,2010-12-03 11:36:00
TX_0006083,KH_GUEST,21523,United Kingdom,1,375180.0,2010-12-03 11:36:00
TX_0006084,KH_GUEST,21524,United Kingdom,1,375180.0,2010-12-03 11:36:00
TX_0006085,KH_GUEST,21528,United Kingdom,1,352820.0,2010-12-03 11:36:00
TX_0006086,KH_GUEST,21530,United Kingdom,1,153660.0,2010-12-03 11:36:00
TX_0006087,KH_GUEST,21544,United Kingdom,1,43160.0,2010-12-03 11:36:00
TX_0006088,KH_GUEST,21577,United Kingdom,2,131560.0,2010-12-03 11:36:00
TX_0006089,KH_GUEST,21619,United Kingdom,1,198120.0,2010-12-03 11:36:00
TX_0006090,KH_GUEST,21638,United Kingdom,1,109460.0,2010-12-03 11:36:00
TX_0006091,KH_GUEST,21640,United Kingdom,1,43160.0,2010-12-03 11:36:00
TX_0006092,KH_GUEST,21643,United Kingdom,3,65260.0,2010-12-03 11:36:00
TX_0006093,KH_GUEST,21651,United Kingdom,2,87360.0,2010-12-03 11:36:00
TX_0006094,KH_GUEST,21675,United Kingdom,1,43160.0,2010-12-03 11:36:00
TX_0006095,KH_GUEST,21698,United Kingdom,1,43160.0,2010-12-03 11:36:00
TX_0006096,KH_GUEST,21700,United Kingdom,1,220220.0,2010-12-03 11:36:00
TX_0006097,KH_GUEST,21704,United Kingdom,2,43160.0,2010-12-03 11:36:00
TX_0006098,KH_GUEST,21711,United Kingdom,1,264420.0,2010-12-03 11:36:00
TX_0006099,KH_GUEST,21725,United Kingdom,2,43160.0,2010-12-03 11:36:00
TX_0006100,KH_GUEST,21731,United Kingdom,10,87360.0,2010-12-03 11:36:00
TX_0006101,KH_GUEST,21754,United Kingdom,1,308620.0,2010-12-03 11:36:00
TX_0006102,KH_GUEST,21755,United Kingdom,1,308620.0,2010-12-03 11:36:00
TX_0006103,KH_GUEST,21773,United Kingdom,1,65260.0,2010-12-03 11:36:00
TX_0006104,KH_GUEST,21774,United Kingdom,3,65260.0,2010-12-03 11:36:00
TX_0006105,KH_GUEST,21786,United Kingdom,3,22100.0,2010-12-03 11:36:00
TX_0006106,KH_GUEST,21790,United Kingdom,3,43160.0,2010-12-03 11:36:00
TX_0006107,KH_GUEST,21791,United Kingdom,3,65260.0,2010-12-03 11:36:00
TX_0006108,KH_GUEST,21801,United Kingdom,8,11180.0,2010-12-03 11:36:00
TX_0006109,KH_GUEST,21802,United Kingdom,8,11180.0,2010-12-03 11:36:00
TX_0006110,KH_GUEST,21803,United Kingdom,26,11180.0,2010-12-03 11:36:00
TX_0006111,KH_GUEST,21810,United Kingdom,1,65260.0,2010-12-03 11:36:00
TX_0006112,KH_GUEST,21813,United Kingdom,1,264420.0,2010-12-03 11:36:00
TX_0006113,KH_GUEST,21815,United Kingdom,3,77480.0,2010-12-03 11:36:00
TX_0006114,KH_GUEST,21826,United Kingdom,1,65260.0,2010-12-03 11:36:00
TX_0006115,KH_GUEST,21828,United Kingdom,1,65260.0,2010-12-03 11:36:00
TX_0006116,KH_GUEST,21829,United Kingdom,5,11180.0,2010-12-03 11:36:00
TX_0006117,KH_GUEST,21833,United Kingdom,2,87360.0,2010-12-03 11:36:00
TX_0006118,KH_GUEST,21844,United Kingdom,5,153660.0,2010-12-03 11:36:00
TX_0006119,KH_GUEST,21846,United Kingdom,1,109460.0,2010-12-03 11:36:00
TX_0006120,KH_GUEST,21866,United Kingdom,1,65260.0,2010-12-03 11:36:00
TX_0006121,KH_GUEST,21868,United Kingdom,2,87360.0,2010-12-03 11:36:00
TX_0006122,KH_GUEST,21870,United Kingdom,1,87360.0,2010-12-03 11:36:00
TX_0006123,KH_GUEST,21872,United Kingdom,2,87360.0,2010-12-03 11:36:00
TX_0006124,KH_GUEST,21876,United Kingdom,1,87360.0,2010-12-03 11:36:00
TX_0006125,KH_GUEST,21883,United Kingdom,2,43160.0,2010-12-03 11:36:00
TX_0006126,KH_GUEST,21884,United Kingdom,1,43160.0,2010-12-03 11:36:00
TX_0006127,KH_GUEST,21888,United Kingdom,1,198120.0,2010-12-03 11:36:00
TX_0006128,KH_GUEST,21889,United Kingdom,4,65260.0,2010-12-03 11:36:00
TX_0006129,KH_GUEST,21890,United Kingdom,1,153660.0,2010-12-03 11:36:00
TX_0006130,KH_GUEST,21891,United Kingdom,4,65260.0,2010-12-03 11:36:00
TX_0006131,KH_GUEST,21892,United Kingdom,1,65260.0,2010-12-03 11:36:00
TX_0006132,KH_GUEST,21896,United Kingdom,1,109460.0,2010-12-03 11:36:00
TX_0006133,KH_GUEST,21903,United Kingdom,2,109460.0,2010-12-03 11:36:00
TX_0006134,KH_GUEST,21906,United Kingdom,1,352820.0,2010-12-03 11:36:00
TX_0006135,KH_GUEST,21911,United Kingdom,1,87360.0,2010-12-03 11:36:00
TX_0006136,KH_GUEST,21914,United Kingdom,1,65260.0,2010-12-03 11:36:00
TX_0006137,KH_GUEST,21915,United Kingdom,2,65260.0,2010-12-03 11:36:00
TX_0006138,KH_GUEST,21917,United Kingdom,3,22100.0,2010-12-03 11:36:00
TX_0006139,KH_GUEST,21918,United Kingdom,3,22100.0,2010-12-03 11:36:00
TX_0006140,KH_GUEST,21928,United Kingdom,2,109460.0,2010-12-03 11:36:00
TX_0006141,KH_GUEST,21929,United Kingdom,1,109460.0,2010-12-03 11:36:00
TX_0006142,KH_GUEST,21931,United Kingdom,2,109460.0,2010-12-03 11:36:00
TX_0006143,KH_GUEST,21934,United Kingdom,4,87360.0,2010-12-03 11:36:00
TX_0006144,KH_GUEST,21935,United Kingdom,2,87360.0,2010-12-03 11:36:00
TX_0006145,KH_GUEST,21936,United Kingdom,1,153660.0,2010-12-03 11:36:00
TX_0006146,KH_GUEST,21942,United Kingdom,1,43160.0,2010-12-03 11:36:00
TX_0006147,KH_GUEST,21945,United Kingdom,3,43160.0,2010-12-03 11:36:00
TX_0006148,KH_GUEST,21948,United Kingdom,2,65260.0,2010-12-03 11:36:00
TX_0006149,KH_GUEST,21949,United Kingdom,1,65260.0,2010-12-03 11:36:00
TX_0006150,KH_GUEST,21955,United Kingdom,1,375180.0,2010-12-03 11:36:00
TX_0006151,KH_GUEST,21974,United Kingdom,1,77480.0,2010-12-03 11:36:00
TX_0006152,KH_GUEST,21977,United Kingdom,3,33280.0,2010-12-03 11:36:00
TX_0006153,KH_GUEST,21981,United Kingdom,3,22100.0,2010-12-03 11:36:00
TX_0006154,KH_GUEST,21982,United Kingdom,2,22100.0,2010-12-03 11:36:00
TX_0006155,KH_GUEST,21984,United Kingdom,2,22100.0,2010-12-03 11:36:00
TX_0006156,KH_GUEST,21985,United Kingdom,1,22100.0,2010-12-03 11:36:00
TX_0006157,KH_GUEST,21986,United Kingdom,4,22100.0,2010-12-03 11:36:00
TX_0006158,KH_GUEST,21990,United Kingdom,3,65260.0,2010-12-03 11:36:00
TX_0006159,KH_GUEST,21991,United Kingdom,3,65260.0,2010-12-03 11:36:00
TX_0006160,KH_GUEST,21992,United Kingdom,18,65260.0,2010-12-03 11:36:00
TX_0006161,KH_GUEST,22959,United Kingdom,13,10920.0,2010-12-03 11:41:00
TX_0006162,KH_14589,21523,United Kingdom,2,206700.0,2010-12-03 11:42:00
TX_0006163,KH_14589,48138,United Kingdom,2,206700.0,2010-12-03 11:42:00
TX_0006164,KH_14589,48185,United Kingdom,1,206700.0,2010-12-03 11:42:00
TX_0006165,KH_GUEST,21832,EIRE,24,42900.0,2010-12-03 11:42:00
TX_0006166,KH_GUEST,21523,EIRE,10,175500.0,2010-12-03 11:42:00
TX_0006167,KH_GUEST,48184,EIRE,10,175500.0,2010-12-03 11:42:00
TX_0006168,KH_GUEST,22837,EIRE,24,120900.0,2010-12-03 11:42:00
TX_0006169,KH_GUEST,22632,EIRE,12,54600.0,2010-12-03 11:42:00
TX_0006170,KH_GUEST,22834,EIRE,12,54600.0,2010-12-03 11:42:00
TX_0006171,KH_GUEST,22867,EIRE,12,54600.0,2010-12-03 11:42:00
TX_0006172,KH_GUEST,22865,EIRE,12,54600.0,2010-12-03 11:42:00
TX_0006173,KH_GUEST,22866,EIRE,12,54600.0,2010-12-03 11:42:00
TX_0006174,KH_GUEST,22312,EIRE,36,76700.0,2010-12-03 11:42:00
TX_0006175,KH_GUEST,51014C,EIRE,36,22100.0,2010-12-03 11:42:00
TX_0006176,KH_14156,17090A,EIRE,36,22100.0,2010-12-03 11:48:00
TX_0006177,KH_14156,17084R,EIRE,1440,4160.0,2010-12-03 11:48:00
TX_0006178,KH_14156,17091J,EIRE,72,22100.0,2010-12-03 11:48:00
TX_0006179,KH_GUEST,16235,United Kingdom,10,5460.0,2010-12-03 12:01:00
TX_0006180,KH_GUEST,85049G,United Kingdom,1,32500.0,2010-12-03 12:01:00
TX_0006181,KH_GUEST,21027,United Kingdom,1,32500.0,2010-12-03 12:01:00
TX_0006182,KH_GUEST,90099,United Kingdom,4,66300.0,2010-12-03 12:01:00
TX_0006183,KH_GUEST,22907,United Kingdom,3,22100.0,2010-12-03 12:01:00
TX_0006184,KH_GUEST,84539,United Kingdom,10,42900.0,2010-12-03 12:01:00
TX_0006185,KH_GUEST,90096,United Kingdom,6,66300.0,2010-12-03 12:01:00
TX_0006186,KH_GUEST,21161,United Kingdom,1,37700.0,2010-12-03 12:01:00
TX_0006187,KH_GUEST,21239,United Kingdom,14,22100.0,2010-12-03 12:01:00
TX_0006188,KH_GUEST,21095,United Kingdom,8,22100.0,2010-12-03 12:01:00
TX_0006189,KH_14680,22386,United Kingdom,20,50700.0,2010-12-03 12:05:00
TX_0006190,KH_14680,85099C,United Kingdom,20,50700.0,2010-12-03 12:05:00
TX_0006191,KH_14680,21931,United Kingdom,20,50700.0,2010-12-03 12:05:00
TX_0006192,KH_14680,20712,United Kingdom,20,50700.0,2010-12-03 12:05:00
TX_0006193,KH_14680,20713,United Kingdom,20,50700.0,2010-12-03 12:05:00
TX_0006194,KH_14680,20724,United Kingdom,20,22100.0,2010-12-03 12:05:00
TX_0006195,KH_14680,22356,United Kingdom,20,22100.0,2010-12-03 12:05:00
TX_0006196,KH_14680,84997B,United Kingdom,24,97500.0,2010-12-03 12:05:00
TX_0006197,KH_14680,84997A,United Kingdom,24,97500.0,2010-12-03 12:05:00
TX_0006198,KH_14680,21479,United Kingdom,72,88140.0,2010-12-03 12:05:00
TX_0006199,KH_14680,22112,United Kingdom,72,110500.0,2010-12-03 12:05:00
TX_0006200,KH_14680,22837,United Kingdom,36,110500.0,2010-12-03 12:05:00
TX_0006201,KH_14680,21258,United Kingdom,24,284700.0,2010-12-03 12:05:00
TX_0006202,KH_14680,79321,United Kingdom,72,110500.0,2010-12-03 12:05:00
TX_0006203,KH_17884,22469,United Kingdom,2,42900.0,2010-12-03 12:11:00
TX_0006204,KH_17884,22748,United Kingdom,2,54600.0,2010-12-03 12:11:00
TX_0006205,KH_17884,22745,United Kingdom,1,54600.0,2010-12-03 12:11:00
TX_0006206,KH_17884,22746,United Kingdom,1,54600.0,2010-12-03 12:11:00
TX_0006207,KH_17884,22086,United Kingdom,2,76700.0,2010-12-03 12:11:00
TX_0006208,KH_17884,22812,United Kingdom,2,50700.0,2010-12-03 12:11:00
TX_0006209,KH_17884,22813,United Kingdom,2,50700.0,2010-12-03 12:11:00
TX_0006210,KH_17884,84879,United Kingdom,8,43940.0,2010-12-03 12:11:00
TX_0006211,KH_17884,22940,United Kingdom,1,110500.0,2010-12-03 12:11:00
TX_0006212,KH_17884,84944,United Kingdom,2,110500.0,2010-12-03 12:11:00
TX_0006213,KH_17884,22144,United Kingdom,2,54600.0,2010-12-03 12:11:00
TX_0006214,KH_17884,22295,United Kingdom,12,42900.0,2010-12-03 12:11:00
TX_0006215,KH_17884,35957,United Kingdom,48,10920.0,2010-12-03 12:11:00
TX_0006216,KH_17884,35954,United Kingdom,48,10920.0,2010-12-03 12:11:00
TX_0006217,KH_17884,22142,United Kingdom,3,37700.0,2010-12-03 12:11:00
TX_0006218,KH_17884,22910,United Kingdom,10,76700.0,2010-12-03 12:11:00
TX_0006219,KH_17884,85018D,United Kingdom,1,66300.0,2010-12-03 12:11:00
TX_0006220,KH_17884,85032D,United Kingdom,1,54600.0,2010-12-03 12:11:00
TX_0006221,KH_17884,22737,United Kingdom,1,42900.0,2010-12-03 12:11:00
TX_0006222,KH_17884,22736,United Kingdom,1,42900.0,2010-12-03 12:11:00
TX_0006223,KH_17884,22738,United Kingdom,1,42900.0,2010-12-03 12:11:00
TX_0006224,KH_17884,22735,United Kingdom,1,42900.0,2010-12-03 12:11:00
TX_0006225,KH_17884,22739,United Kingdom,1,42900.0,2010-12-03 12:11:00
TX_0006226,KH_17884,22731,United Kingdom,1,32500.0,2010-12-03 12:11:00
TX_0006227,KH_17884,22732,United Kingdom,1,32500.0,2010-12-03 12:11:00
TX_0006228,KH_17884,22733,United Kingdom,2,32500.0,2010-12-03 12:11:00
TX_0006229,KH_17884,22585,United Kingdom,5,32500.0,2010-12-03 12:11:00
TX_0006230,KH_17884,21136,United Kingdom,8,43940.0,2010-12-03 12:11:00
TX_0006231,KH_12557,22383,Spain,70,42900.0,2010-12-03 12:20:00
TX_0006232,KH_12557,22384,Spain,100,37700.0,2010-12-03 12:20:00
TX_0006233,KH_12557,20727,Spain,60,42900.0,2010-12-03 12:20:00
TX_0006234,KH_12557,20725,Spain,70,42900.0,2010-12-03 12:20:00
TX_0006235,KH_12557,20728,Spain,100,37700.0,2010-12-03 12:20:00
TX_0006236,KH_14083,47503J,United Kingdom,1,206700.0,2010-12-03 12:24:00
TX_0006237,KH_14083,48184,United Kingdom,1,206700.0,2010-12-03 12:24:00
TX_0006238,KH_14083,48187,United Kingdom,2,206700.0,2010-12-03 12:24:00
TX_0006239,KH_14083,22846,United Kingdom,1,440700.0,2010-12-03 12:24:00
TX_0006240,KH_14083,21913,United Kingdom,1,97500.0,2010-12-03 12:24:00
TX_0006241,KH_14083,22278,United Kingdom,1,128700.0,2010-12-03 12:24:00
TX_0006242,KH_14083,22467,United Kingdom,1,66300.0,2010-12-03 12:24:00
TX_0006243,KH_14083,22956,United Kingdom,1,54600.0,2010-12-03 12:24:00
TX_0006244,KH_14083,37464,United Kingdom,1,32500.0,2010-12-03 12:24:00
TX_0006245,KH_14083,85014B,United Kingdom,2,154700.0,2010-12-03 12:24:00
TX_0006246,KH_14083,84247N,United Kingdom,1,76700.0,2010-12-03 12:24:00
TX_0006247,KH_14083,84247K,United Kingdom,1,76700.0,2010-12-03 12:24:00
TX_0006248,KH_14083,22029,United Kingdom,12,10920.0,2010-12-03 12:24:00
TX_0006249,KH_14083,22035,United Kingdom,12,10920.0,2010-12-03 12:24:00
TX_0006250,KH_14083,22943,United Kingdom,1,128700.0,2010-12-03 12:24:00
TX_0006251,KH_14083,22469,United Kingdom,1,42900.0,2010-12-03 12:24:00
TX_0006252,KH_14083,21250,United Kingdom,2,76700.0,2010-12-03 12:24:00
TX_0006253,KH_14083,21678,United Kingdom,1,22100.0,2010-12-03 12:24:00
TX_0006254,KH_14083,22435,United Kingdom,1,32500.0,2010-12-03 12:24:00
TX_0006255,KH_14083,84569B,United Kingdom,1,32500.0,2010-12-03 12:24:00
TX_0006256,KH_14083,21677,United Kingdom,6,22100.0,2010-12-03 12:24:00
TX_0006257,KH_14083,21830,United Kingdom,24,10920.0,2010-12-03 12:24:00
TX_0006258,KH_14083,22438,United Kingdom,1,50700.0,2010-12-03 12:24:00
TX_0006259,KH_14083,22780,United Kingdom,1,110500.0,2010-12-03 12:24:00
TX_0006260,KH_14083,22437,United Kingdom,1,22100.0,2010-12-03 12:24:00
TX_0006261,KH_14083,85227,United Kingdom,2,22100.0,2010-12-03 12:24:00
TX_0006262,KH_14083,21114,United Kingdom,10,32500.0,2010-12-03 12:24:00
TX_0006263,KH_14083,47504K,United Kingdom,2,50700.0,2010-12-03 12:24:00
TX_0006264,KH_14083,22553,United Kingdom,1,42900.0,2010-12-03 12:24:00
TX_0006265,KH_14083,22554,United Kingdom,1,42900.0,2010-12-03 12:24:00
TX_0006266,KH_14083,22557,United Kingdom,1,42900.0,2010-12-03 12:24:00
TX_0006267,KH_14083,22551,United Kingdom,1,42900.0,2010-12-03 12:24:00
TX_0006268,KH_14083,21621,United Kingdom,1,221000.0,2010-12-03 12:24:00
TX_0006269,KH_14083,84212,United Kingdom,1,16900.0,2010-12-03 12:24:00
TX_0006270,KH_14083,21411,United Kingdom,4,110500.0,2010-12-03 12:24:00
TX_0006271,KH_14083,21828,United Kingdom,1,32500.0,2010-12-03 12:24:00
TX_0006272,KH_14083,21377,United Kingdom,6,42900.0,2010-12-03 12:24:00
TX_0006273,KH_14083,21379,United Kingdom,6,32500.0,2010-12-03 12:24:00
TX_0006274,KH_14083,37489D,United Kingdom,1,50700.0,2010-12-03 12:24:00
TX_0006275,KH_14083,17107D,United Kingdom,3,66300.0,2010-12-03 12:24:00
TX_0006276,KH_14083,20751,United Kingdom,1,54600.0,2010-12-03 12:24:00
TX_0006277,KH_14083,20754,United Kingdom,1,54600.0,2010-12-03 12:24:00
TX_0006278,KH_14083,22132,United Kingdom,2,22100.0,2010-12-03 12:24:00
TX_0006279,KH_14083,22133,United Kingdom,2,22100.0,2010-12-03 12:24:00
TX_0006280,KH_14083,37489B,United Kingdom,1,50700.0,2010-12-03 12:24:00
TX_0006281,KH_14083,37489C,United Kingdom,1,50700.0,2010-12-03 12:24:00
TX_0006282,KH_14083,22635,United Kingdom,1,258700.0,2010-12-03 12:24:00
TX_0006283,KH_14083,21564,United Kingdom,2,76700.0,2010-12-03 12:24:00
TX_0006284,KH_14083,84969,United Kingdom,1,110500.0,2010-12-03 12:24:00
TX_0006285,KH_14083,20998,United Kingdom,2,76700.0,2010-12-03 12:24:00
TX_0006286,KH_14083,84997A,United Kingdom,1,97500.0,2010-12-03 12:24:00
TX_0006287,KH_14083,21932,United Kingdom,2,76700.0,2010-12-03 12:24:00
TX_0006288,KH_14083,21933,United Kingdom,2,76700.0,2010-12-03 12:24:00
TX_0006289,KH_14083,22661,United Kingdom,3,22100.0,2010-12-03 12:24:00
TX_0006290,KH_14083,21100,United Kingdom,2,42900.0,2010-12-03 12:24:00
TX_0006291,KH_14083,22411,United Kingdom,2,50700.0,2010-12-03 12:24:00
TX_0006292,KH_14083,22380,United Kingdom,1,54600.0,2010-12-03 12:24:00
TX_0006293,KH_14083,37489A,United Kingdom,1,50700.0,2010-12-03 12:24:00
TX_0006294,KH_14083,21469,United Kingdom,1,97500.0,2010-12-03 12:24:00
TX_0006295,KH_14083,21465,United Kingdom,1,97500.0,2010-12-03 12:24:00
TX_0006296,KH_14083,21470,United Kingdom,1,97500.0,2010-12-03 12:24:00
TX_0006297,KH_14083,21430,United Kingdom,2,97500.0,2010-12-03 12:24:00
TX_0006298,KH_13013,22813,United Kingdom,12,50700.0,2010-12-03 12:28:00
TX_0006299,KH_13013,22812,United Kingdom,12,50700.0,2010-12-03 12:28:00
TX_0006300,KH_13013,22738,United Kingdom,20,42900.0,2010-12-03 12:28:00
TX_0006301,KH_13013,22731,United Kingdom,18,32500.0,2010-12-03 12:28:00
TX_0006302,KH_13013,22086,United Kingdom,12,76700.0,2010-12-03 12:28:00
TX_0006303,KH_13013,22910,United Kingdom,12,76700.0,2010-12-03 12:28:00
TX_0006304,KH_13013,22083,United Kingdom,12,76700.0,2010-12-03 12:28:00
TX_0006305,KH_13013,22909,United Kingdom,12,22100.0,2010-12-03 12:28:00
TX_0006306,KH_13013,22952,United Kingdom,24,14300.0,2010-12-03 12:28:00
TX_0006307,KH_13013,22943,United Kingdom,12,128700.0,2010-12-03 12:28:00
TX_0006308,KH_13013,22941,United Kingdom,12,221000.0,2010-12-03 12:28:00
TX_0006309,KH_13013,84692,United Kingdom,25,10920.0,2010-12-03 12:28:00
TX_0006310,KH_13013,20750,United Kingdom,4,206700.0,2010-12-03 12:28:00
TX_0006311,KH_13013,15036,United Kingdom,12,19500.0,2010-12-03 12:28:00
TX_0006312,KH_13013,22449,United Kingdom,12,87100.0,2010-12-03 12:28:00
TX_0006313,KH_13013,22450,United Kingdom,6,87100.0,2010-12-03 12:28:00
TX_0006314,KH_13013,22451,United Kingdom,12,87100.0,2010-12-03 12:28:00
TX_0006315,KH_13013,22452,United Kingdom,6,76700.0,2010-12-03 12:28:00
TX_0006316,KH_13013,22454,United Kingdom,6,76700.0,2010-12-03 12:28:00
TX_0006317,KH_13013,85049E,United Kingdom,12,32500.0,2010-12-03 12:28:00
TX_0006318,KH_13013,22090,United Kingdom,6,76700.0,2010-12-03 12:28:00
TX_0006319,KH_13013,21114,United Kingdom,20,32500.0,2010-12-03 12:28:00
TX_0006320,KH_13013,84879,United Kingdom,16,43940.0,2010-12-03 12:28:00
TX_0006321,KH_13013,22557,United Kingdom,12,42900.0,2010-12-03 12:28:00
TX_0006322,KH_13013,22942,United Kingdom,6,221000.0,2010-12-03 12:28:00
TX_0006323,KH_13013,21212,United Kingdom,24,14300.0,2010-12-03 12:28:00
TX_0006324,KH_13013,21843,United Kingdom,2,284700.0,2010-12-03 12:28:00
TX_0006325,KH_13013,22697,United Kingdom,12,76700.0,2010-12-03 12:28:00
TX_0006326,KH_13013,22699,United Kingdom,12,76700.0,2010-12-03 12:28:00
TX_0006327,KH_13013,84692,United Kingdom,25,10920.0,2010-12-03 12:29:00
TX_0006328,KH_13013,20665,United Kingdom,6,76700.0,2010-12-03 12:29:00
TX_0006329,KH_13013,21035,United Kingdom,6,76700.0,2010-12-03 12:29:00
TX_0006330,KH_13013,20983,United Kingdom,12,22100.0,2010-12-03 12:29:00
TX_0006331,KH_13013,21080,United Kingdom,12,22100.0,2010-12-03 12:29:00
TX_0006332,KH_13013,21086,United Kingdom,12,16900.0,2010-12-03 12:29:00
TX_0006333,KH_13013,21094,United Kingdom,12,22100.0,2010-12-03 12:29:00
TX_0006334,KH_13013,21210,United Kingdom,12,37700.0,2010-12-03 12:29:00
TX_0006335,KH_13013,21212,United Kingdom,24,14300.0,2010-12-03 12:29:00
TX_0006336,KH_13013,21216,United Kingdom,4,128700.0,2010-12-03 12:29:00
TX_0006337,KH_13013,21155,United Kingdom,6,54600.0,2010-12-03 12:29:00
TX_0006338,KH_13013,21154,United Kingdom,10,32500.0,2010-12-03 12:29:00
TX_0006339,KH_13013,21217,United Kingdom,3,258700.0,2010-12-03 12:29:00
TX_0006340,KH_13013,21527,United Kingdom,2,206700.0,2010-12-03 12:29:00
TX_0006341,KH_13013,21592,United Kingdom,24,32500.0,2010-12-03 12:29:00
TX_0006342,KH_13013,21531,United Kingdom,6,66300.0,2010-12-03 12:29:00
TX_0006343,KH_13013,21539,United Kingdom,3,128700.0,2010-12-03 12:29:00
TX_0006344,KH_13013,21844,United Kingdom,6,76700.0,2010-12-03 12:29:00
TX_0006345,KH_13013,22072,United Kingdom,4,97500.0,2010-12-03 12:29:00
TX_0006346,KH_13013,22333,United Kingdom,8,42900.0,2010-12-03 12:29:00
TX_0006347,KH_13013,22558,United Kingdom,12,38740.0,2010-12-03 12:29:00
TX_0006348,KH_13013,22423,United Kingdom,3,331500.0,2010-12-03 12:29:00
TX_0006349,KH_13013,22567,United Kingdom,12,32500.0,2010-12-03 12:29:00
TX_0006350,KH_13013,35004C,United Kingdom,3,141700.0,2010-12-03 12:29:00
TX_0006351,KH_13013,84534B,United Kingdom,24,22100.0,2010-12-03 12:29:00
TX_0006352,KH_13013,84991,United Kingdom,24,14300.0,2010-12-03 12:29:00
TX_0006353,KH_13013,22754,United Kingdom,12,22100.0,2010-12-03 12:29:00
TX_0006354,KH_13013,22468,United Kingdom,4,175500.0,2010-12-03 12:29:00
TX_0006355,KH_13013,21098,United Kingdom,12,32500.0,2010-12-03 12:29:00
TX_0006356,KH_13013,21121,United Kingdom,24,32500.0,2010-12-03 12:29:00
TX_0006357,KH_13013,37343,United Kingdom,6,42900.0,2010-12-03 12:29:00
TX_0006358,KH_13013,22740,United Kingdom,48,22100.0,2010-12-03 12:29:00
TX_0006359,KH_13013,21843,United Kingdom,4,284700.0,2010-12-03 12:29:00
TX_0006360,KH_13013,84510A,United Kingdom,10,32500.0,2010-12-03 12:29:00
TX_0006361,KH_13013,84030E,United Kingdom,4,110500.0,2010-12-03 12:29:00
TX_0006362,KH_13013,84536A,United Kingdom,16,10920.0,2010-12-03 12:29:00
TX_0006363,KH_13013,84520B,United Kingdom,12,22100.0,2010-12-03 12:29:00
TX_0006364,KH_13013,22041,United Kingdom,12,66300.0,2010-12-03 12:29:00
TX_0006365,KH_17809,22943,United Kingdom,100,110500.0,2010-12-03 12:41:00
TX_0006366,KH_14210,20665,United Kingdom,6,76700.0,2010-12-03 12:43:00
TX_0006367,KH_14210,21041,United Kingdom,12,76700.0,2010-12-03 12:43:00
TX_0006368,KH_14210,21155,United Kingdom,6,54600.0,2010-12-03 12:43:00
TX_0006369,KH_14210,22115,United Kingdom,6,76700.0,2010-12-03 12:43:00
TX_0006370,KH_14210,22423,United Kingdom,1,331500.0,2010-12-03 12:43:00
TX_0006371,KH_14210,21905,United Kingdom,6,54600.0,2010-12-03 12:43:00
TX_0006372,KH_14210,22061,United Kingdom,2,258700.0,2010-12-03 12:43:00
TX_0006373,KH_14210,20754,United Kingdom,6,54600.0,2010-12-03 12:43:00
TX_0006374,KH_14210,21533,United Kingdom,3,128700.0,2010-12-03 12:43:00
TX_0006375,KH_14210,22358,United Kingdom,6,76700.0,2010-12-03 12:43:00
TX_0006376,KH_14210,21907,United Kingdom,12,54600.0,2010-12-03 12:43:00
TX_0006377,KH_14210,21164,United Kingdom,6,76700.0,2010-12-03 12:43:00
TX_0006378,KH_14210,47566,United Kingdom,5,120900.0,2010-12-03 12:43:00
TX_0006379,KH_14210,85152,United Kingdom,12,54600.0,2010-12-03 12:43:00
TX_0006380,KH_14210,22890,United Kingdom,4,258700.0,2010-12-03 12:43:00
TX_0006381,KH_17809,22617,United Kingdom,12,128700.0,2010-12-03 12:43:00
TX_0006382,KH_17809,22569,United Kingdom,12,97500.0,2010-12-03 12:43:00
TX_0006383,KH_17809,22568,United Kingdom,12,97500.0,2010-12-03 12:43:00
TX_0006384,KH_17809,84032B,United Kingdom,18,76700.0,2010-12-03 12:43:00
TX_0006385,KH_17809,84032A,United Kingdom,18,76700.0,2010-12-03 12:43:00
TX_0006386,KH_17809,22749,United Kingdom,18,97500.0,2010-12-03 12:43:00
TX_0006387,KH_17809,22940,United Kingdom,18,110500.0,2010-12-03 12:43:00
TX_0006388,KH_17809,22909,United Kingdom,24,22100.0,2010-12-03 12:43:00
TX_0006389,KH_17809,22652,United Kingdom,24,42900.0,2010-12-03 12:43:00
TX_0006390,KH_17809,22910,United Kingdom,24,76700.0,2010-12-03 12:43:00
TX_0006391,KH_17809,22585,United Kingdom,24,32500.0,2010-12-03 12:43:00
TX_0006392,KH_17809,21523,United Kingdom,6,206700.0,2010-12-03 12:43:00
TX_0006393,KH_17809,22624,United Kingdom,24,198900.0,2010-12-03 12:43:00
TX_0006394,KH_16477,22114,United Kingdom,4,102700.0,2010-12-03 12:48:00
TX_0006395,KH_16477,21945,United Kingdom,12,22100.0,2010-12-03 12:48:00
TX_0006396,KH_16477,22141,United Kingdom,6,54600.0,2010-12-03 12:48:00
TX_0006397,KH_16477,22142,United Kingdom,12,37700.0,2010-12-03 12:48:00
TX_0006398,KH_16477,22144,United Kingdom,6,54600.0,2010-12-03 12:48:00
TX_0006399,KH_16477,21704,United Kingdom,12,22100.0,2010-12-03 12:48:00
TX_0006400,KH_16477,21889,United Kingdom,12,32500.0,2010-12-03 12:48:00
TX_0006401,KH_16477,21890,United Kingdom,6,76700.0,2010-12-03 12:48:00
TX_0006402,KH_16477,21914,United Kingdom,12,32500.0,2010-12-03 12:48:00
TX_0006403,KH_16477,20975,United Kingdom,24,16900.0,2010-12-03 12:48:00
TX_0006404,KH_16477,22505,United Kingdom,4,128700.0,2010-12-03 12:48:00
TX_0006405,KH_16477,22086,United Kingdom,6,76700.0,2010-12-03 12:48:00
TX_0006406,KH_16477,22112,United Kingdom,6,128700.0,2010-12-03 12:48:00
TX_0006407,KH_16477,47590A,United Kingdom,3,141700.0,2010-12-03 12:48:00
TX_0006408,KH_12600,POST,Germany,1,468000.0,2010-12-03 12:57:00
TX_0006409,KH_12600,85099B,Germany,30,50700.0,2010-12-03 12:57:00
TX_0006410,KH_16013,79321,United Kingdom,48,110500.0,2010-12-03 13:09:00
TX_0006411,KH_16013,71477,United Kingdom,120,71500.0,2010-12-03 13:09:00
TX_0006412,KH_16013,71477,United Kingdom,192,71500.0,2010-12-03 13:10:00
TX_0006413,KH_17949,22423,United Kingdom,120,284700.0,2010-12-03 13:12:00
TX_0006414,KH_12779,21733,Poland,32,66300.0,2010-12-03 13:40:00
TX_0006415,KH_12779,21232,Poland,24,32500.0,2010-12-03 13:40:00
TX_0006416,KH_12779,37446,Poland,8,37700.0,2010-12-03 13:40:00
TX_0006417,KH_12779,37448,Poland,24,38740.0,2010-12-03 13:40:00
TX_0006418,KH_12779,21700,Poland,24,22100.0,2010-12-03 13:40:00
TX_0006419,KH_12779,22844,Poland,4,221000.0,2010-12-03 13:40:00
TX_0006420,KH_12779,22961,Poland,12,37700.0,2010-12-03 13:40:00
TX_0006421,KH_12779,22969,Poland,12,37700.0,2010-12-03 13:40:00
TX_0006422,KH_16926,22065,United Kingdom,6,37700.0,2010-12-03 13:42:00
TX_0006423,KH_16926,22784,United Kingdom,3,128700.0,2010-12-03 13:42:00
TX_0006424,KH_16926,22474,United Kingdom,1,128700.0,2010-12-03 13:42:00
TX_0006425,KH_16926,22473,United Kingdom,1,128700.0,2010-12-03 13:42:00
TX_0006426,KH_16926,22688,United Kingdom,2,206700.0,2010-12-03 13:42:00
TX_0006427,KH_16926,22365,United Kingdom,2,206700.0,2010-12-03 13:42:00
TX_0006428,KH_16926,22414,United Kingdom,2,206700.0,2010-12-03 13:42:00
TX_0006429,KH_16926,48138,United Kingdom,2,206700.0,2010-12-03 13:42:00
TX_0006430,KH_16926,48111,United Kingdom,2,206700.0,2010-12-03 13:42:00
TX_0006431,KH_16926,22627,United Kingdom,3,221000.0,2010-12-03 13:42:00
TX_0006432,KH_16926,22625,United Kingdom,4,221000.0,2010-12-03 13:42:00
TX_0006433,KH_16926,22626,United Kingdom,1,221000.0,2010-12-03 13:42:00
TX_0006434,KH_16926,22624,United Kingdom,4,221000.0,2010-12-03 13:42:00
TX_0006435,KH_16926,22781,United Kingdom,2,198900.0,2010-12-03 13:42:00
TX_0006436,KH_17787,22694,United Kingdom,6,54600.0,2010-12-03 13:43:00
TX_0006437,KH_17787,48138,United Kingdom,10,175500.0,2010-12-03 13:43:00
TX_0006438,KH_17787,21259,United Kingdom,4,154700.0,2010-12-03 13:43:00
TX_0006439,KH_17787,22469,United Kingdom,12,42900.0,2010-12-03 13:43:00
TX_0006440,KH_17787,22188,United Kingdom,6,102700.0,2010-12-03 13:43:00
TX_0006441,KH_17787,21906,United Kingdom,2,175500.0,2010-12-03 13:43:00
TX_0006442,KH_17787,22637,United Kingdom,4,66300.0,2010-12-03 13:43:00
TX_0006443,KH_17787,22158,United Kingdom,8,76700.0,2010-12-03 13:43:00
TX_0006444,KH_17787,22457,United Kingdom,12,76700.0,2010-12-03 13:43:00
TX_0006445,KH_17787,22456,United Kingdom,6,128700.0,2010-12-03 13:43:00
TX_0006446,KH_17787,21906,United Kingdom,4,175500.0,2010-12-03 13:43:00
TX_0006447,KH_17787,21258,United Kingdom,2,331500.0,2010-12-03 13:43:00
TX_0006448,KH_17787,22116,United Kingdom,4,76700.0,2010-12-03 13:43:00
TX_0006449,KH_17787,85130A,United Kingdom,24,42900.0,2010-12-03 13:43:00
TX_0006450,KH_17787,85129C,United Kingdom,24,32500.0,2010-12-03 13:43:00
TX_0006451,KH_17787,85061W,United Kingdom,48,22100.0,2010-12-03 13:43:00
TX_0006452,KH_17787,21181,United Kingdom,6,54600.0,2010-12-03 13:43:00
TX_0006453,KH_17787,21179,United Kingdom,6,32500.0,2010-12-03 13:43:00
TX_0006454,KH_17787,82551,United Kingdom,6,37700.0,2010-12-03 13:43:00
TX_0006455,KH_17787,82552,United Kingdom,6,37700.0,2010-12-03 13:43:00
TX_0006456,KH_17787,22296,United Kingdom,12,42900.0,2010-12-03 13:43:00
TX_0006457,KH_17787,22151,United Kingdom,24,10920.0,2010-12-03 13:43:00
TX_0006458,KH_17787,22297,United Kingdom,24,32500.0,2010-12-03 13:43:00
TX_0006459,KH_17787,21385,United Kingdom,24,22100.0,2010-12-03 13:43:00
TX_0006460,KH_17787,82580,United Kingdom,25,14300.0,2010-12-03 13:43:00
TX_0006461,KH_17787,21333,United Kingdom,4,76700.0,2010-12-03 13:43:00
TX_0006462,KH_17787,21164,United Kingdom,12,76700.0,2010-12-03 13:43:00
TX_0006463,KH_17787,82600,United Kingdom,12,54600.0,2010-12-03 13:43:00
TX_0006464,KH_17787,82583,United Kingdom,12,54600.0,2010-12-03 13:43:00
TX_0006465,KH_17787,21217,United Kingdom,4,258700.0,2010-12-03 13:43:00
TX_0006466,KH_17787,21843,United Kingdom,3,284700.0,2010-12-03 13:43:00
TX_0006467,KH_12682,15056BL,France,9,154700.0,2010-12-03 13:59:00
TX_0006468,KH_12682,15056P,France,3,154700.0,2010-12-03 13:59:00
TX_0006469,KH_12682,20679,France,6,154700.0,2010-12-03 13:59:00
TX_0006470,KH_12682,21915,France,12,32500.0,2010-12-03 13:59:00
TX_0006471,KH_12682,22659,France,12,50700.0,2010-12-03 13:59:00
TX_0006472,KH_12682,22352,France,12,66300.0,2010-12-03 13:59:00
TX_0006473,KH_12682,22892,France,12,32500.0,2010-12-03 13:59:00
TX_0006474,KH_12682,22027,France,12,10920.0,2010-12-03 13:59:00
TX_0006475,KH_12682,20749,France,2,206700.0,2010-12-03 13:59:00
TX_0006476,KH_12682,20750,France,2,206700.0,2010-12-03 13:59:00
TX_0006477,KH_12682,21700,France,12,22100.0,2010-12-03 13:59:00
TX_0006478,KH_12682,22748,France,6,54600.0,2010-12-03 13:59:00
TX_0006479,KH_12682,22080,France,10,42900.0,2010-12-03 13:59:00
TX_0006480,KH_12682,20725,France,10,42900.0,2010-12-03 13:59:00
TX_0006481,KH_12682,20726,France,10,42900.0,2010-12-03 13:59:00
TX_0006482,KH_12682,POST,France,2,468000.0,2010-12-03 13:59:00
TX_0006483,KH_14911,84352,EIRE,1,440700.0,2010-12-03 14:04:00
TX_0006484,KH_14911,22948,EIRE,24,22100.0,2010-12-03 14:04:00
TX_0006485,KH_14911,22945,EIRE,36,22100.0,2010-12-03 14:04:00
TX_0006486,KH_14911,22944,EIRE,24,32500.0,2010-12-03 14:04:00
TX_0006487,KH_14911,22158,EIRE,8,76700.0,2010-12-03 14:04:00
TX_0006488,KH_14911,22572,EIRE,12,22100.0,2010-12-03 14:04:00
TX_0006489,KH_14911,22571,EIRE,12,22100.0,2010-12-03 14:04:00
TX_0006490,KH_14911,22246,EIRE,12,50700.0,2010-12-03 14:04:00
TX_0006491,KH_14911,22910,EIRE,6,76700.0,2010-12-03 14:04:00
TX_0006492,KH_14911,22086,EIRE,6,76700.0,2010-12-03 14:04:00
TX_0006493,KH_14911,20668,EIRE,48,3120.0,2010-12-03 14:04:00
TX_0006494,KH_14911,22909,EIRE,24,22100.0,2010-12-03 14:04:00
TX_0006495,KH_14911,22952,EIRE,24,14300.0,2010-12-03 14:04:00
TX_0006496,KH_14911,21815,EIRE,24,37700.0,2010-12-03 14:04:00
TX_0006497,KH_14911,35967,EIRE,24,9880.0,2010-12-03 14:04:00
TX_0006498,KH_14911,22049,EIRE,50,10920.0,2010-12-03 14:04:00
TX_0006499,KH_14911,85032D,EIRE,12,54600.0,2010-12-03 14:04:00
TX_0006500,KH_14911,22752,EIRE,6,221000.0,2010-12-03 14:04:00
TX_0006501,KH_14911,22075,EIRE,12,42900.0,2010-12-03 14:04:00
TX_0006502,KH_14911,22585,EIRE,12,32500.0,2010-12-03 14:04:00
TX_0006503,KH_14911,22844,EIRE,4,221000.0,2010-12-03 14:04:00
TX_0006504,KH_14911,22845,EIRE,4,165100.0,2010-12-03 14:04:00
TX_0006505,KH_14911,22846,EIRE,2,440700.0,2010-12-03 14:04:00
TX_0006506,KH_14911,22847,EIRE,2,440700.0,2010-12-03 14:04:00
TX_0006507,KH_14911,22848,EIRE,2,440700.0,2010-12-03 14:04:00
TX_0006508,KH_14911,22849,EIRE,2,440700.0,2010-12-03 14:04:00
TX_0006509,KH_14911,22946,EIRE,2,440700.0,2010-12-03 14:04:00
TX_0006510,KH_14911,22947,EIRE,2,440700.0,2010-12-03 14:04:00
TX_0006511,KH_14911,22560,EIRE,24,32500.0,2010-12-03 14:04:00
TX_0006512,KH_14911,21912,EIRE,4,97500.0,2010-12-03 14:04:00
TX_0006513,KH_14911,22549,EIRE,12,37700.0,2010-12-03 14:04:00
TX_0006514,KH_14911,21914,EIRE,12,32500.0,2010-12-03 14:04:00
TX_0006515,KH_14911,21888,EIRE,4,97500.0,2010-12-03 14:04:00
TX_0006516,KH_14911,22623,EIRE,3,128700.0,2010-12-03 14:04:00
TX_0006517,KH_14911,21064,EIRE,6,154700.0,2010-12-03 14:04:00
TX_0006518,KH_14911,84558A,EIRE,6,76700.0,2010-12-03 14:04:00
TX_0006519,KH_14911,85227,EIRE,12,22100.0,2010-12-03 14:04:00
TX_0006520,KH_14911,22299,EIRE,24,32500.0,2010-12-03 14:04:00
TX_0006521,KH_14911,22180,EIRE,4,258700.0,2010-12-03 14:04:00
TX_0006522,KH_14911,84849B,EIRE,12,43940.0,2010-12-03 14:04:00
TX_0006523,KH_14911,84849A,EIRE,12,43940.0,2010-12-03 14:04:00
TX_0006524,KH_14911,20966,EIRE,10,32500.0,2010-12-03 14:04:00
TX_0006525,KH_14911,20961,EIRE,10,32500.0,2010-12-03 14:04:00
TX_0006526,KH_14911,22863,EIRE,6,76700.0,2010-12-03 14:04:00
TX_0006527,KH_14911,22423,EIRE,4,331500.0,2010-12-03 14:04:00
TX_0006528,KH_14911,22304,EIRE,6,66300.0,2010-12-03 14:04:00
TX_0006529,KH_14911,22837,EIRE,8,120900.0,2010-12-03 14:04:00
TX_0006530,KH_14911,22941,EIRE,12,221000.0,2010-12-03 14:04:00
TX_0006531,KH_14911,22942,EIRE,10,221000.0,2010-12-03 14:04:00
TX_0006532,KH_14911,22816,EIRE,24,10920.0,2010-12-03 14:04:00
TX_0006533,KH_14911,22121,EIRE,12,141700.0,2010-12-03 14:04:00
TX_0006534,KH_14911,79321,EIRE,4,128700.0,2010-12-03 14:04:00
TX_0006535,KH_14911,22704,EIRE,25,10920.0,2010-12-03 14:04:00
TX_0006536,KH_14911,22705,EIRE,25,10920.0,2010-12-03 14:04:00
TX_0006537,KH_14911,22748,EIRE,6,54600.0,2010-12-03 14:04:00
TX_0006538,KH_14911,22745,EIRE,6,54600.0,2010-12-03 14:04:00
TX_0006539,KH_14911,22746,EIRE,6,54600.0,2010-12-03 14:04:00
TX_0006540,KH_14911,22747,EIRE,6,54600.0,2010-12-03 14:04:00
TX_0006541,KH_14911,22592,EIRE,4,97500.0,2010-12-03 14:04:00
TX_0006542,KH_14911,21165,EIRE,12,43940.0,2010-12-03 14:04:00
TX_0006543,KH_14911,21179,EIRE,12,32500.0,2010-12-03 14:04:00
TX_0006544,KH_14911,21164,EIRE,6,76700.0,2010-12-03 14:04:00
TX_0006545,KH_14911,21484,EIRE,4,89700.0,2010-12-03 14:04:00
TX_0006546,KH_14911,22114,EIRE,8,102700.0,2010-12-03 14:04:00
TX_0006547,KH_14911,84030E,EIRE,4,110500.0,2010-12-03 14:04:00
TX_0006548,KH_14911,22113,EIRE,8,97500.0,2010-12-03 14:04:00
TX_0006549,KH_14911,22112,EIRE,9,128700.0,2010-12-03 14:04:00
TX_0006550,KH_14911,84559A,EIRE,12,22100.0,2010-12-03 14:04:00
TX_0006551,KH_14911,84559B,EIRE,12,22100.0,2010-12-03 14:04:00
TX_0006552,KH_14911,20981,EIRE,12,22100.0,2010-12-03 14:04:00
TX_0006553,KH_14911,20982,EIRE,12,22100.0,2010-12-03 14:04:00
TX_0006554,KH_14723,22753,United Kingdom,3,22100.0,2010-12-03 14:18:00
TX_0006555,KH_14723,22754,United Kingdom,3,22100.0,2010-12-03 14:18:00
TX_0006556,KH_14723,22411,United Kingdom,2,50700.0,2010-12-03 14:18:00
TX_0006557,KH_14723,21930,United Kingdom,2,50700.0,2010-12-03 14:18:00
TX_0006558,KH_14723,85099C,United Kingdom,2,50700.0,2010-12-03 14:18:00
TX_0006559,KH_14723,21935,United Kingdom,7,42900.0,2010-12-03 14:18:00
TX_0006560,KH_14723,22866,United Kingdom,5,54600.0,2010-12-03 14:18:00
TX_0006561,KH_14723,22633,United Kingdom,5,54600.0,2010-12-03 14:18:00
TX_0006562,KH_14723,21982,United Kingdom,3,7540.0,2010-12-03 14:18:00
TX_0006563,KH_14723,21985,United Kingdom,4,7540.0,2010-12-03 14:18:00
TX_0006564,KH_14723,22470,United Kingdom,1,76700.0,2010-12-03 14:18:00
TX_0006565,KH_14723,85123A,United Kingdom,7,76700.0,2010-12-03 14:18:00
TX_0006566,KH_14723,21967,United Kingdom,3,7540.0,2010-12-03 14:18:00
TX_0006567,KH_14723,21733,United Kingdom,10,76700.0,2010-12-03 14:18:00
TX_0006568,KH_14723,84029E,United Kingdom,3,97500.0,2010-12-03 14:18:00
TX_0006569,KH_14723,84029G,United Kingdom,3,97500.0,2010-12-03 14:18:00
TX_0006570,KH_14723,21479,United Kingdom,2,97500.0,2010-12-03 14:18:00
TX_0006571,KH_14723,22131,United Kingdom,1,50700.0,2010-12-03 14:18:00
TX_0006572,KH_14723,21098,United Kingdom,10,32500.0,2010-12-03 14:18:00
TX_0006573,KH_17954,21481,United Kingdom,1,76700.0,2010-12-03 14:18:00
TX_0006574,KH_17954,84029E,United Kingdom,1,97500.0,2010-12-03 14:18:00
TX_0006575,KH_17954,21974,United Kingdom,2,37700.0,2010-12-03 14:18:00
TX_0006576,KH_17954,22968,United Kingdom,2,258700.0,2010-12-03 14:18:00
TX_0006577,KH_17954,22558,United Kingdom,2,38740.0,2010-12-03 14:18:00
TX_0006578,KH_17954,22952,United Kingdom,7,14300.0,2010-12-03 14:18:00
TX_0006579,KH_17954,22837,United Kingdom,2,120900.0,2010-12-03 14:18:00
TX_0006580,KH_17954,22131,United Kingdom,2,50700.0,2010-12-03 14:18:00
TX_0006581,KH_17954,22137,United Kingdom,1,76700.0,2010-12-03 14:18:00
TX_0006582,KH_17954,21080,United Kingdom,7,22100.0,2010-12-03 14:18:00
TX_0006583,KH_17954,21094,United Kingdom,10,22100.0,2010-12-03 14:18:00
TX_0006584,KH_17954,21086,United Kingdom,10,16900.0,2010-12-03 14:18:00
TX_0006585,KH_17954,22696,United Kingdom,3,50700.0,2010-12-03 14:18:00
TX_0006586,KH_17954,22910,United Kingdom,10,76700.0,2010-12-03 14:18:00
TX_0006587,KH_17819,22632,United Kingdom,10,54600.0,2010-12-03 14:26:00
TX_0006588,KH_17819,22865,United Kingdom,20,54600.0,2010-12-03 14:26:00
TX_0006589,KH_17819,22866,United Kingdom,20,54600.0,2010-12-03 14:26:00
TX_0006590,KH_17819,22952,United Kingdom,2,14300.0,2010-12-03 14:26:00
TX_0006591,KH_17819,85230B,United Kingdom,24,7540.0,2010-12-03 14:26:00
TX_0006592,KH_17819,85230F,United Kingdom,24,7540.0,2010-12-03 14:26:00
TX_0006593,KH_17819,22910,United Kingdom,1,76700.0,2010-12-03 14:26:00
TX_0006594,KH_17819,22909,United Kingdom,2,22100.0,2010-12-03 14:26:00
TX_0006595,KH_17819,22423,United Kingdom,16,284700.0,2010-12-03 14:26:00
TX_0006596,KH_17819,22699,United Kingdom,48,66300.0,2010-12-03 14:26:00
TX_0006597,KH_17819,22697,United Kingdom,48,66300.0,2010-12-03 14:26:00
TX_0006598,KH_17819,22306,United Kingdom,24,50700.0,2010-12-03 14:26:00
TX_0006599,KH_14723,22222,United Kingdom,1,128700.0,2010-12-03 14:26:00
TX_0006600,KH_14723,22154,United Kingdom,3,10920.0,2010-12-03 14:26:00
TX_0006601,KH_14723,M,United Kingdom,2,22100.0,2010-12-03 14:26:00
TX_0006602,KH_14723,21592,United Kingdom,2,32500.0,2010-12-03 14:26:00
TX_0006603,KH_14723,22158,United Kingdom,1,76700.0,2010-12-03 14:26:00
TX_0006604,KH_14723,48138,United Kingdom,1,206700.0,2010-12-03 14:26:00
TX_0006605,KH_14723,22130,United Kingdom,6,22100.0,2010-12-03 14:26:00
TX_0006606,KH_14723,22095,United Kingdom,1,32500.0,2010-12-03 14:26:00
TX_0006607,KH_14723,21982,United Kingdom,1,7540.0,2010-12-03 14:26:00
TX_0006608,KH_14723,21169,United Kingdom,1,43940.0,2010-12-03 14:26:00
TX_0006609,KH_14723,85136C,United Kingdom,1,206700.0,2010-12-03 14:26:00
TX_0006610,KH_14723,22411,United Kingdom,1,50700.0,2010-12-03 14:26:00
TX_0006611,KH_14723,21820,United Kingdom,2,97500.0,2010-12-03 14:26:00
TX_0006612,KH_14723,21623,United Kingdom,1,258700.0,2010-12-03 14:26:00
TX_0006613,KH_14723,20967,United Kingdom,1,97500.0,2010-12-03 14:26:00
TX_0006614,KH_14723,84029G,United Kingdom,1,97500.0,2010-12-03 14:26:00
TX_0006615,KH_14723,20969,United Kingdom,1,97500.0,2010-12-03 14:26:00
TX_0006616,KH_14723,20970,United Kingdom,1,97500.0,2010-12-03 14:26:00
TX_0006617,KH_14723,21930,United Kingdom,2,50700.0,2010-12-03 14:26:00
TX_0006618,KH_14723,22411,United Kingdom,2,50700.0,2010-12-03 14:26:00
TX_0006619,KH_14723,85136A,United Kingdom,1,206700.0,2010-12-03 14:26:00
TX_0006620,KH_14723,22810,United Kingdom,2,76700.0,2010-12-03 14:26:00
TX_0006621,KH_14723,20972,United Kingdom,3,32500.0,2010-12-03 14:26:00
TX_0006622,KH_GUEST,20676,United Kingdom,1,87360.0,2010-12-03 14:27:00
TX_0006623,KH_GUEST,20711,United Kingdom,19,109460.0,2010-12-03 14:27:00
TX_0006624,KH_GUEST,20712,United Kingdom,10,131560.0,2010-12-03 14:27:00
TX_0006625,KH_GUEST,20717,United Kingdom,3,87360.0,2010-12-03 14:27:00
TX_0006626,KH_GUEST,20718,United Kingdom,21,87360.0,2010-12-03 14:27:00
TX_0006627,KH_GUEST,20719,United Kingdom,70,65260.0,2010-12-03 14:27:00
TX_0006628,KH_GUEST,20723,United Kingdom,2,65260.0,2010-12-03 14:27:00
TX_0006629,KH_GUEST,20724,United Kingdom,9,65260.0,2010-12-03 14:27:00
TX_0006630,KH_GUEST,20726,United Kingdom,8,131560.0,2010-12-03 14:27:00
TX_0006631,KH_GUEST,20727,United Kingdom,4,131560.0,2010-12-03 14:27:00
TX_0006632,KH_GUEST,20728,United Kingdom,6,131560.0,2010-12-03 14:27:00
TX_0006633,KH_GUEST,20734,United Kingdom,2,65260.0,2010-12-03 14:27:00
TX_0006634,KH_GUEST,20735,United Kingdom,5,65260.0,2010-12-03 14:27:00
TX_0006635,KH_GUEST,20960,United Kingdom,4,65260.0,2010-12-03 14:27:00
TX_0006636,KH_GUEST,20961,United Kingdom,1,65260.0,2010-12-03 14:27:00
TX_0006637,KH_GUEST,20963,United Kingdom,4,65260.0,2010-12-03 14:27:00
TX_0006638,KH_GUEST,20966,United Kingdom,6,65260.0,2010-12-03 14:27:00
TX_0006639,KH_GUEST,21078,United Kingdom,2,65260.0,2010-12-03 14:27:00
TX_0006640,KH_GUEST,21080,United Kingdom,12,65260.0,2010-12-03 14:27:00
TX_0006641,KH_GUEST,21098,United Kingdom,31,87360.0,2010-12-03 14:27:00
TX_0006642,KH_GUEST,21210,United Kingdom,4,99580.0,2010-12-03 14:27:00
TX_0006643,KH_GUEST,21212,United Kingdom,82,55380.0,2010-12-03 14:27:00
TX_0006644,KH_GUEST,21213,United Kingdom,30,55380.0,2010-12-03 14:27:00
TX_0006645,KH_GUEST,21215,United Kingdom,1,55380.0,2010-12-03 14:27:00
TX_0006646,KH_GUEST,21232,United Kingdom,50,87360.0,2010-12-03 14:27:00
TX_0006647,KH_GUEST,21238,United Kingdom,1,65260.0,2010-12-03 14:27:00
TX_0006648,KH_GUEST,21239,United Kingdom,4,65260.0,2010-12-03 14:27:00
TX_0006649,KH_GUEST,21240,United Kingdom,5,65260.0,2010-12-03 14:27:00
TX_0006650,KH_GUEST,21242,United Kingdom,1,109460.0,2010-12-03 14:27:00
TX_0006651,KH_GUEST,21327,United Kingdom,8,87360.0,2010-12-03 14:27:00
TX_0006652,KH_GUEST,21328,United Kingdom,7,87360.0,2010-12-03 14:27:00
TX_0006653,KH_GUEST,21329,United Kingdom,3,87360.0,2010-12-03 14:27:00
TX_0006654,KH_GUEST,21479,United Kingdom,40,220220.0,2010-12-03 14:27:00
TX_0006655,KH_GUEST,21481,United Kingdom,6,176020.0,2010-12-03 14:27:00
TX_0006656,KH_GUEST,21484,United Kingdom,18,220220.0,2010-12-03 14:27:00
TX_0006657,KH_GUEST,21485,United Kingdom,7,286520.0,2010-12-03 14:27:00
TX_0006658,KH_GUEST,21488,United Kingdom,10,220220.0,2010-12-03 14:27:00
TX_0006659,KH_GUEST,21523,United Kingdom,2,441480.0,2010-12-03 14:27:00
TX_0006660,KH_GUEST,21524,United Kingdom,2,441480.0,2010-12-03 14:27:00
TX_0006661,KH_GUEST,21668,United Kingdom,1,87360.0,2010-12-03 14:27:00
TX_0006662,KH_GUEST,21669,United Kingdom,8,87360.0,2010-12-03 14:27:00
TX_0006663,KH_GUEST,21670,United Kingdom,2,87360.0,2010-12-03 14:27:00
TX_0006664,KH_GUEST,21673,United Kingdom,2,87360.0,2010-12-03 14:27:00
TX_0006665,KH_GUEST,21864,United Kingdom,14,109460.0,2010-12-03 14:27:00
TX_0006666,KH_GUEST,21866,United Kingdom,8,87360.0,2010-12-03 14:27:00
TX_0006667,KH_GUEST,21912,United Kingdom,3,198120.0,2010-12-03 14:27:00
TX_0006668,KH_GUEST,21928,United Kingdom,1,131560.0,2010-12-03 14:27:00
TX_0006669,KH_GUEST,21929,United Kingdom,8,131560.0,2010-12-03 14:27:00
TX_0006670,KH_GUEST,21930,United Kingdom,8,109460.0,2010-12-03 14:27:00
TX_0006671,KH_GUEST,21931,United Kingdom,20,131560.0,2010-12-03 14:27:00
TX_0006672,KH_GUEST,21955,United Kingdom,3,441480.0,2010-12-03 14:27:00
TX_0006673,KH_GUEST,21976,United Kingdom,5,55380.0,2010-12-03 14:27:00
TX_0006674,KH_GUEST,21977,United Kingdom,9,55380.0,2010-12-03 14:27:00
TX_0006675,KH_GUEST,22069,United Kingdom,2,109460.0,2010-12-03 14:27:00
TX_0006676,KH_GUEST,22075,United Kingdom,4,109460.0,2010-12-03 14:27:00
TX_0006677,KH_GUEST,22076,United Kingdom,1,109460.0,2010-12-03 14:27:00
TX_0006678,KH_GUEST,22077,United Kingdom,15,109460.0,2010-12-03 14:27:00
TX_0006679,KH_GUEST,22080,United Kingdom,1,109460.0,2010-12-03 14:27:00
TX_0006680,KH_GUEST,22082,United Kingdom,1,109460.0,2010-12-03 14:27:00
TX_0006681,KH_GUEST,22083,United Kingdom,4,176020.0,2010-12-03 14:27:00
TX_0006682,KH_GUEST,22086,United Kingdom,78,176020.0,2010-12-03 14:27:00
TX_0006683,KH_GUEST,22110,United Kingdom,20,198120.0,2010-12-03 14:27:00
TX_0006684,KH_GUEST,22111,United Kingdom,8,330720.0,2010-12-03 14:27:00
TX_0006685,KH_GUEST,22112,United Kingdom,31,330720.0,2010-12-03 14:27:00
TX_0006686,KH_GUEST,22114,United Kingdom,75,242320.0,2010-12-03 14:27:00
TX_0006687,KH_GUEST,22139,United Kingdom,10,286520.0,2010-12-03 14:27:00
TX_0006688,KH_GUEST,22147,United Kingdom,2,109460.0,2010-12-03 14:27:00
TX_0006689,KH_GUEST,22149,United Kingdom,8,131560.0,2010-12-03 14:27:00
TX_0006690,KH_GUEST,22150,United Kingdom,5,131560.0,2010-12-03 14:27:00
TX_0006691,KH_GUEST,22174,United Kingdom,11,109460.0,2010-12-03 14:27:00
TX_0006692,KH_GUEST,22326,United Kingdom,5,176020.0,2010-12-03 14:27:00
TX_0006693,KH_GUEST,22327,United Kingdom,1,176020.0,2010-12-03 14:27:00
TX_0006694,KH_GUEST,22355,United Kingdom,97,65260.0,2010-12-03 14:27:00
TX_0006695,KH_GUEST,22356,United Kingdom,48,65260.0,2010-12-03 14:27:00
TX_0006696,KH_GUEST,22367,United Kingdom,11,131560.0,2010-12-03 14:27:00
TX_0006697,KH_GUEST,22378,United Kingdom,3,131560.0,2010-12-03 14:27:00
TX_0006698,KH_GUEST,22379,United Kingdom,12,131560.0,2010-12-03 14:27:00
TX_0006699,KH_GUEST,22384,United Kingdom,1,131560.0,2010-12-03 14:27:00
TX_0006700,KH_GUEST,22411,United Kingdom,20,109460.0,2010-12-03 14:27:00
TX_0006701,KH_GUEST,22417,United Kingdom,2,55380.0,2010-12-03 14:27:00
TX_0006702,KH_GUEST,22418,United Kingdom,7,65260.0,2010-12-03 14:27:00
TX_0006703,KH_GUEST,22423,United Kingdom,33,662740.0,2010-12-03 14:27:00
TX_0006704,KH_GUEST,22426,United Kingdom,2,220220.0,2010-12-03 14:27:00
TX_0006705,KH_GUEST,22469,United Kingdom,2,109460.0,2010-12-03 14:27:00
TX_0006706,KH_GUEST,22524,United Kingdom,2,87360.0,2010-12-03 14:27:00
TX_0006707,KH_GUEST,22549,United Kingdom,1,87360.0,2010-12-03 14:27:00
TX_0006708,KH_GUEST,22553,United Kingdom,1,109460.0,2010-12-03 14:27:00
TX_0006709,KH_GUEST,22554,United Kingdom,1,109460.0,2010-12-03 14:27:00
TX_0006710,KH_GUEST,22555,United Kingdom,2,109460.0,2010-12-03 14:27:00
TX_0006711,KH_GUEST,22556,United Kingdom,2,109460.0,2010-12-03 14:27:00
TX_0006712,KH_GUEST,22631,United Kingdom,2,87360.0,2010-12-03 14:27:00
TX_0006713,KH_GUEST,22637,United Kingdom,5,153660.0,2010-12-03 14:27:00
TX_0006714,KH_GUEST,22644,United Kingdom,5,109460.0,2010-12-03 14:27:00
TX_0006715,KH_GUEST,22645,United Kingdom,30,109460.0,2010-12-03 14:27:00
TX_0006716,KH_GUEST,22646,United Kingdom,4,109460.0,2010-12-03 14:27:00
TX_0006717,KH_GUEST,22652,United Kingdom,8,109460.0,2010-12-03 14:27:00
TX_0006718,KH_GUEST,22654,United Kingdom,13,330720.0,2010-12-03 14:27:00
TX_0006719,KH_GUEST,22692,United Kingdom,1,441480.0,2010-12-03 14:27:00
TX_0006720,KH_GUEST,22725,United Kingdom,1,220220.0,2010-12-03 14:27:00
TX_0006721,KH_GUEST,22726,United Kingdom,3,220220.0,2010-12-03 14:27:00
TX_0006722,KH_GUEST,22727,United Kingdom,3,220220.0,2010-12-03 14:27:00
TX_0006723,KH_GUEST,22728,United Kingdom,3,220220.0,2010-12-03 14:27:00
TX_0006724,KH_GUEST,22729,United Kingdom,1,220220.0,2010-12-03 14:27:00
TX_0006725,KH_GUEST,22734,United Kingdom,13,153660.0,2010-12-03 14:27:00
TX_0006726,KH_GUEST,22735,United Kingdom,1,109460.0,2010-12-03 14:27:00
TX_0006727,KH_GUEST,22736,United Kingdom,1,109460.0,2010-12-03 14:27:00
TX_0006728,KH_GUEST,22737,United Kingdom,4,109460.0,2010-12-03 14:27:00
TX_0006729,KH_GUEST,22738,United Kingdom,2,109460.0,2010-12-03 14:27:00
TX_0006730,KH_GUEST,22739,United Kingdom,7,109460.0,2010-12-03 14:27:00
TX_0006731,KH_GUEST,22812,United Kingdom,9,131560.0,2010-12-03 14:27:00
TX_0006732,KH_GUEST,22834,United Kingdom,2,131560.0,2010-12-03 14:27:00
TX_0006733,KH_GUEST,22835,United Kingdom,3,286520.0,2010-12-03 14:27:00
TX_0006734,KH_GUEST,22865,United Kingdom,1,131560.0,2010-12-03 14:27:00
TX_0006735,KH_GUEST,22867,United Kingdom,27,131560.0,2010-12-03 14:27:00
TX_0006736,KH_GUEST,22910,United Kingdom,17,176020.0,2010-12-03 14:27:00
TX_0006737,KH_GUEST,22941,United Kingdom,1,441480.0,2010-12-03 14:27:00
TX_0006738,KH_GUEST,22952,United Kingdom,32,55380.0,2010-12-03 14:27:00
TX_0006739,KH_GUEST,35970,United Kingdom,13,109460.0,2010-12-03 14:27:00
TX_0006740,KH_GUEST,47559b,United Kingdom,5,87360.0,2010-12-03 14:27:00
TX_0006741,KH_GUEST,47580,United Kingdom,1,153660.0,2010-12-03 14:27:00
TX_0006742,KH_GUEST,47591d,United Kingdom,12,131560.0,2010-12-03 14:27:00
TX_0006743,KH_GUEST,48173c,United Kingdom,1,441480.0,2010-12-03 14:27:00
TX_0006744,KH_GUEST,48187,United Kingdom,1,441480.0,2010-12-03 14:27:00
TX_0006745,KH_GUEST,79321,United Kingdom,34,286520.0,2010-12-03 14:27:00
TX_0006746,KH_GUEST,82494l,United Kingdom,16,220220.0,2010-12-03 14:27:00
TX_0006747,KH_GUEST,84029E,United Kingdom,108,220220.0,2010-12-03 14:27:00
TX_0006748,KH_GUEST,84029G,United Kingdom,20,220220.0,2010-12-03 14:27:00
TX_0006749,KH_GUEST,84030e,United Kingdom,4,220220.0,2010-12-03 14:27:00
TX_0006750,KH_GUEST,84031A,United Kingdom,3,242320.0,2010-12-03 14:27:00
TX_0006751,KH_GUEST,84031B,United Kingdom,3,242320.0,2010-12-03 14:27:00
TX_0006752,KH_GUEST,84032A,United Kingdom,12,153660.0,2010-12-03 14:27:00
TX_0006753,KH_GUEST,84032B,United Kingdom,21,153660.0,2010-12-03 14:27:00
TX_0006754,KH_GUEST,84347,United Kingdom,98,153660.0,2010-12-03 14:27:00
TX_0006755,KH_GUEST,84380,United Kingdom,13,87360.0,2010-12-03 14:27:00
TX_0006756,KH_GUEST,84692,United Kingdom,20,43160.0,2010-12-03 14:27:00
TX_0006757,KH_GUEST,84987,United Kingdom,1,99580.0,2010-12-03 14:27:00
TX_0006758,KH_GUEST,84991,United Kingdom,2,55380.0,2010-12-03 14:27:00
TX_0006759,KH_GUEST,84997b,United Kingdom,10,220220.0,2010-12-03 14:27:00
TX_0006760,KH_GUEST,84997c,United Kingdom,3,220220.0,2010-12-03 14:27:00
TX_0006761,KH_GUEST,84997d,United Kingdom,10,220220.0,2010-12-03 14:27:00
TX_0006762,KH_GUEST,85049a,United Kingdom,10,87360.0,2010-12-03 14:27:00
TX_0006763,KH_GUEST,85049e,United Kingdom,22,87360.0,2010-12-03 14:27:00
TX_0006764,KH_GUEST,85099C,United Kingdom,31,109460.0,2010-12-03 14:27:00
TX_0006765,KH_GUEST,85099f,United Kingdom,4,131560.0,2010-12-03 14:27:00
TX_0006766,KH_GUEST,85123a,United Kingdom,35,176020.0,2010-12-03 14:27:00
TX_0006767,KH_12712,22331,Germany,8,42900.0,2010-12-03 14:30:00
TX_0006768,KH_12712,22865,Germany,12,54600.0,2010-12-03 14:30:00
TX_0006769,KH_12712,22171,Germany,4,221000.0,2010-12-03 14:30:00
TX_0006770,KH_12712,22926,Germany,4,154700.0,2010-12-03 14:30:00
TX_0006771,KH_12712,22914,Germany,3,128700.0,2010-12-03 14:30:00
TX_0006772,KH_12712,84849D,Germany,12,43940.0,2010-12-03 14:30:00
TX_0006773,KH_12712,22445,Germany,6,76700.0,2010-12-03 14:30:00
TX_0006774,KH_12712,16016,Germany,10,22100.0,2010-12-03 14:30:00
TX_0006775,KH_12712,POST,Germany,1,468000.0,2010-12-03 14:30:00
TX_0006776,KH_17841,21446,United Kingdom,1,32500.0,2010-12-03 14:35:00
TX_0006777,KH_17841,20963,United Kingdom,1,32500.0,2010-12-03 14:35:00
TX_0006778,KH_17841,21673,United Kingdom,6,32500.0,2010-12-03 14:35:00
TX_0006779,KH_17841,22910,United Kingdom,2,76700.0,2010-12-03 14:35:00
TX_0006780,KH_17841,84507C,United Kingdom,1,66300.0,2010-12-03 14:35:00
TX_0006781,KH_17841,20961,United Kingdom,1,32500.0,2010-12-03 14:35:00
TX_0006782,KH_17841,20910,United Kingdom,2,165100.0,2010-12-03 14:35:00
TX_0006783,KH_17841,21498,United Kingdom,25,10920.0,2010-12-03 14:35:00
TX_0006784,KH_17841,20668,United Kingdom,24,3120.0,2010-12-03 14:35:00
TX_0006785,KH_17841,22041,United Kingdom,6,66300.0,2010-12-03 14:35:00
TX_0006786,KH_17841,82616C,United Kingdom,1,76700.0,2010-12-03 14:35:00
TX_0006787,KH_17841,82616B,United Kingdom,1,76700.0,2010-12-03 14:35:00
TX_0006788,KH_17841,21917,United Kingdom,1,10920.0,2010-12-03 14:35:00
TX_0006789,KH_17841,21918,United Kingdom,1,10920.0,2010-12-03 14:35:00
TX_0006790,KH_17841,22728,United Kingdom,1,97500.0,2010-12-03 14:35:00
TX_0006791,KH_17841,22839,United Kingdom,1,388700.0,2010-12-03 14:35:00
TX_0006792,KH_17841,20966,United Kingdom,4,32500.0,2010-12-03 14:35:00
TX_0006793,KH_17841,22110,United Kingdom,1,66300.0,2010-12-03 14:35:00
TX_0006794,KH_17841,84030E,United Kingdom,1,110500.0,2010-12-03 14:35:00
TX_0006795,KH_17841,21558,United Kingdom,2,66300.0,2010-12-03 14:35:00
TX_0006796,KH_17841,20719,United Kingdom,5,22100.0,2010-12-03 14:35:00
TX_0006797,KH_17841,79321,United Kingdom,24,110500.0,2010-12-03 14:35:00
TX_0006798,KH_17841,21916,United Kingdom,1,10920.0,2010-12-03 14:35:00
TX_0006799,KH_17841,21042,United Kingdom,1,154700.0,2010-12-03 14:35:00
TX_0006800,KH_17841,22654,United Kingdom,9,154700.0,2010-12-03 14:35:00
TX_0006801,KH_17841,22866,United Kingdom,4,54600.0,2010-12-03 14:35:00
TX_0006802,KH_17841,84352,United Kingdom,1,440700.0,2010-12-03 14:35:00
TX_0006803,KH_17841,85232B,United Kingdom,7,128700.0,2010-12-03 14:35:00
TX_0006804,KH_17841,21784,United Kingdom,1,258700.0,2010-12-03 14:35:00
TX_0006805,KH_15373,22423,United Kingdom,6,331500.0,2010-12-03 14:40:00
TX_0006806,KH_15373,21843,United Kingdom,6,284700.0,2010-12-03 14:40:00
TX_0006807,KH_15373,21625,United Kingdom,3,180700.0,2010-12-03 14:40:00
TX_0006808,KH_15373,22504,United Kingdom,1,778700.0,2010-12-03 14:40:00
TX_0006809,KH_15373,21955,United Kingdom,4,206700.0,2010-12-03 14:40:00
TX_0006810,KH_15373,22192,United Kingdom,2,221000.0,2010-12-03 14:40:00
TX_0006811,KH_15373,22179,United Kingdom,4,175500.0,2010-12-03 14:40:00
TX_0006812,KH_15373,22191,United Kingdom,2,221000.0,2010-12-03 14:40:00
TX_0006813,KH_15373,22113,United Kingdom,4,97500.0,2010-12-03 14:40:00
TX_0006814,KH_15373,22087,United Kingdom,6,76700.0,2010-12-03 14:40:00
TX_0006815,KH_15373,22114,United Kingdom,4,102700.0,2010-12-03 14:40:00
TX_0006816,KH_16140,21479,United Kingdom,8,97500.0,2010-12-03 14:40:00
TX_0006817,KH_16140,22492,United Kingdom,36,16900.0,2010-12-03 14:40:00
TX_0006818,KH_16140,21509,United Kingdom,12,10920.0,2010-12-03 14:40:00
TX_0006819,KH_16140,22909,United Kingdom,24,22100.0,2010-12-03 14:40:00
TX_0006820,KH_16140,22694,United Kingdom,6,54600.0,2010-12-03 14:40:00
TX_0006821,KH_16140,22409,United Kingdom,12,32500.0,2010-12-03 14:40:00
TX_0006822,KH_16140,22470,United Kingdom,6,76700.0,2010-12-03 14:40:00
TX_0006823,KH_17198,90128B,United Kingdom,1,32500.0,2010-12-03 14:54:00
TX_0006824,KH_17198,90195B,United Kingdom,1,232700.0,2010-12-03 14:54:00
TX_0006825,KH_17198,90196B,United Kingdom,1,331500.0,2010-12-03 14:54:00
TX_0006826,KH_17198,90198B,United Kingdom,1,110500.0,2010-12-03 14:54:00
TX_0006827,KH_17198,90152B,United Kingdom,1,154700.0,2010-12-03 14:54:00
TX_0006828,KH_17198,90151,United Kingdom,1,221000.0,2010-12-03 14:54:00
TX_0006829,KH_17198,22482,United Kingdom,12,32500.0,2010-12-03 14:54:00
TX_0006830,KH_17198,48184,United Kingdom,1,206700.0,2010-12-03 14:54:00
TX_0006831,KH_17198,48194,United Kingdom,1,206700.0,2010-12-03 14:54:00
TX_0006832,KH_17198,20685,United Kingdom,2,206700.0,2010-12-03 14:54:00
TX_0006833,KH_17198,21818,United Kingdom,36,22100.0,2010-12-03 14:54:00
TX_0006834,KH_17198,20661,United Kingdom,1,76700.0,2010-12-03 14:54:00
TX_0006835,KH_17198,20615,United Kingdom,1,54600.0,2010-12-03 14:54:00
TX_0006836,KH_17198,20773,United Kingdom,2,42900.0,2010-12-03 14:54:00
TX_0006837,KH_17198,21850,United Kingdom,2,128700.0,2010-12-03 14:54:00
TX_0006838,KH_17198,20652,United Kingdom,2,32500.0,2010-12-03 14:54:00
TX_0006839,KH_17198,85123A,United Kingdom,6,76700.0,2010-12-03 14:54:00
TX_0006840,KH_17198,22813,United Kingdom,4,50700.0,2010-12-03 14:54:00
TX_0006841,KH_17198,21845,United Kingdom,6,76700.0,2010-12-03 14:54:00
TX_0006842,KH_17198,21034,United Kingdom,2,24700.0,2010-12-03 14:54:00
TX_0006843,KH_17198,22467,United Kingdom,2,66300.0,2010-12-03 14:54:00
TX_0006844,KH_17198,22781,United Kingdom,2,198900.0,2010-12-03 14:54:00
TX_0006845,KH_17198,21623,United Kingdom,2,258700.0,2010-12-03 14:54:00
TX_0006846,KH_17198,22304,United Kingdom,1,66300.0,2010-12-03 14:54:00
TX_0006847,KH_17198,20967,United Kingdom,1,97500.0,2010-12-03 14:54:00
TX_0006848,KH_17198,22398,United Kingdom,1,32500.0,2010-12-03 14:54:00
TX_0006849,KH_17198,20854,United Kingdom,1,42900.0,2010-12-03 14:54:00
TX_0006850,KH_17198,22733,United Kingdom,1,32500.0,2010-12-03 14:54:00
TX_0006851,KH_17198,84877D,United Kingdom,1,97500.0,2010-12-03 14:54:00
TX_0006852,KH_17198,20657,United Kingdom,1,32500.0,2010-12-03 14:54:00
TX_0006853,KH_17198,16237,United Kingdom,1,5460.0,2010-12-03 14:54:00
TX_0006854,KH_17198,22578,United Kingdom,1,22100.0,2010-12-03 14:54:00
TX_0006855,KH_17198,47422,United Kingdom,1,10920.0,2010-12-03 14:54:00
TX_0006856,KH_17198,22292,United Kingdom,1,37700.0,2010-12-03 14:54:00
TX_0006857,KH_17198,22940,United Kingdom,1,110500.0,2010-12-03 14:54:00
TX_0006858,KH_17198,10120,United Kingdom,2,5460.0,2010-12-03 14:54:00
TX_0006859,KH_17198,20774,United Kingdom,1,42900.0,2010-12-03 14:54:00
TX_0006860,KH_17198,20773,United Kingdom,3,42900.0,2010-12-03 14:54:00
TX_0006861,KH_17198,22753,United Kingdom,1,22100.0,2010-12-03 14:54:00
TX_0006862,KH_17198,22754,United Kingdom,1,22100.0,2010-12-03 14:54:00
TX_0006863,KH_17198,22961,United Kingdom,1,37700.0,2010-12-03 14:54:00
TX_0006864,KH_17198,21642,United Kingdom,2,22100.0,2010-12-03 14:54:00
TX_0006865,KH_17198,20658,United Kingdom,1,32500.0,2010-12-03 14:54:00
TX_0006866,KH_17198,20982,United Kingdom,1,22100.0,2010-12-03 14:54:00
TX_0006867,KH_17198,22651,United Kingdom,1,22100.0,2010-12-03 14:54:00
TX_0006868,KH_17198,85178,United Kingdom,1,32500.0,2010-12-03 14:54:00
TX_0006869,KH_17198,22396,United Kingdom,1,32500.0,2010-12-03 14:54:00
TX_0006870,KH_17198,16238,United Kingdom,1,5460.0,2010-12-03 14:54:00
TX_0006871,KH_17198,47503H,United Kingdom,1,50700.0,2010-12-03 14:54:00
TX_0006872,KH_17198,72130,United Kingdom,1,16900.0,2010-12-03 14:54:00
TX_0006873,KH_17198,72128,United Kingdom,1,22100.0,2010-12-03 14:54:00
TX_0006874,KH_17198,72127,United Kingdom,1,32500.0,2010-12-03 14:54:00
TX_0006875,KH_17198,21928,United Kingdom,1,50700.0,2010-12-03 14:54:00
TX_0006876,KH_17238,22086,United Kingdom,2,76700.0,2010-12-03 15:05:00
TX_0006877,KH_17238,21918,United Kingdom,1,10920.0,2010-12-03 15:05:00
TX_0006878,KH_17238,47343A,United Kingdom,3,38740.0,2010-12-03 15:05:00
TX_0006879,KH_17238,22142,United Kingdom,2,37700.0,2010-12-03 15:05:00
TX_0006880,KH_17238,21098,United Kingdom,1,32500.0,2010-12-03 15:05:00
TX_0006881,KH_17238,22352,United Kingdom,2,66300.0,2010-12-03 15:05:00
TX_0006882,KH_17238,22865,United Kingdom,2,54600.0,2010-12-03 15:05:00
TX_0006883,KH_17238,22632,United Kingdom,3,54600.0,2010-12-03 15:05:00
TX_0006884,KH_17238,22144,United Kingdom,2,54600.0,2010-12-03 15:05:00
TX_0006885,KH_17238,22964,United Kingdom,3,54600.0,2010-12-03 15:05:00
TX_0006886,KH_17238,22910,United Kingdom,2,76700.0,2010-12-03 15:05:00
TX_0006887,KH_17238,22966,United Kingdom,4,32500.0,2010-12-03 15:05:00
TX_0006888,KH_17238,84380,United Kingdom,2,32500.0,2010-12-03 15:05:00
TX_0006889,KH_17238,21479,United Kingdom,1,97500.0,2010-12-03 15:05:00
TX_0006890,KH_17238,22694,United Kingdom,1,54600.0,2010-12-03 15:05:00
TX_0006891,KH_17238,22968,United Kingdom,2,258700.0,2010-12-03 15:05:00
TX_0006892,KH_17238,22075,United Kingdom,3,42900.0,2010-12-03 15:05:00
TX_0006893,KH_17238,85049F,United Kingdom,2,32500.0,2010-12-03 15:05:00
TX_0006894,KH_17238,85049C,United Kingdom,2,32500.0,2010-12-03 15:05:00
TX_0006895,KH_17238,72802A,United Kingdom,1,110500.0,2010-12-03 15:05:00
TX_0006896,KH_17238,22748,United Kingdom,3,54600.0,2010-12-03 15:05:00
TX_0006897,KH_17238,22745,United Kingdom,2,54600.0,2010-12-03 15:05:00
TX_0006898,KH_17238,20967,United Kingdom,2,97500.0,2010-12-03 15:05:00
TX_0006899,KH_17238,21499,United Kingdom,25,10920.0,2010-12-03 15:05:00
TX_0006900,KH_17238,21623,United Kingdom,3,258700.0,2010-12-03 15:05:00
TX_0006901,KH_17238,22746,United Kingdom,3,54600.0,2010-12-03 15:05:00
TX_0006902,KH_17238,20749,United Kingdom,1,206700.0,2010-12-03 15:05:00
TX_0006903,KH_17238,20750,United Kingdom,1,206700.0,2010-12-03 15:05:00
TX_0006904,KH_17238,22617,United Kingdom,2,128700.0,2010-12-03 15:05:00
TX_0006905,KH_17238,22505,United Kingdom,3,128700.0,2010-12-03 15:05:00
TX_0006906,KH_17238,84558A,United Kingdom,3,76700.0,2010-12-03 15:05:00
TX_0006907,KH_17238,84581,United Kingdom,1,97500.0,2010-12-03 15:05:00
TX_0006908,KH_17238,84580,United Kingdom,1,97500.0,2010-12-03 15:05:00
TX_0006909,KH_17238,21481,United Kingdom,2,76700.0,2010-12-03 15:05:00
TX_0006910,KH_17238,22837,United Kingdom,4,120900.0,2010-12-03 15:05:00
TX_0006911,KH_17238,22634,United Kingdom,1,258700.0,2010-12-03 15:05:00
TX_0006912,KH_17238,21928,United Kingdom,1,50700.0,2010-12-03 15:05:00
TX_0006913,KH_17238,22411,United Kingdom,1,50700.0,2010-12-03 15:05:00
TX_0006914,KH_17238,85135B,United Kingdom,1,206700.0,2010-12-03 15:10:00
TX_0006915,KH_17238,15056BL,United Kingdom,1,154700.0,2010-12-03 15:10:00
TX_0006916,KH_17238,15056N,United Kingdom,1,154700.0,2010-12-03 15:10:00
TX_0006917,KH_17238,72807B,United Kingdom,2,110500.0,2010-12-03 15:10:00
TX_0006918,KH_17238,72802B,United Kingdom,2,110500.0,2010-12-03 15:10:00
TX_0006919,KH_17238,22750,United Kingdom,1,97500.0,2010-12-03 15:10:00
TX_0006920,KH_17238,22149,United Kingdom,1,54600.0,2010-12-03 15:10:00
TX_0006921,KH_17238,22150,United Kingdom,1,50700.0,2010-12-03 15:10:00
TX_0006922,KH_17238,21054,United Kingdom,1,232700.0,2010-12-03 15:10:00
TX_0006923,KH_17238,22505,United Kingdom,1,128700.0,2010-12-03 15:10:00
TX_0006924,KH_17238,22837,United Kingdom,1,120900.0,2010-12-03 15:10:00
TX_0006925,KH_17238,21479,United Kingdom,1,97500.0,2010-12-03 15:10:00
TX_0006926,KH_17238,21588,United Kingdom,1,66300.0,2010-12-03 15:10:00
TX_0006927,KH_17238,21992,United Kingdom,1,76700.0,2010-12-03 15:10:00
TX_0006928,KH_17238,21991,United Kingdom,1,76700.0,2010-12-03 15:10:00
TX_0006929,KH_17238,22470,United Kingdom,1,76700.0,2010-12-03 15:10:00
TX_0006930,KH_17238,21485,United Kingdom,2,128700.0,2010-12-03 15:10:00
TX_0006931,KH_17238,22141,United Kingdom,1,54600.0,2010-12-03 15:10:00
TX_0006932,KH_17238,22618,United Kingdom,1,258700.0,2010-12-03 15:10:00
TX_0006933,KH_17238,22940,United Kingdom,2,110500.0,2010-12-03 15:10:00
TX_0006934,KH_17238,21539,United Kingdom,1,128700.0,2010-12-03 15:10:00
TX_0006935,KH_17238,21931,United Kingdom,1,50700.0,2010-12-03 15:10:00
TX_0006936,KH_12793,21992,Portugal,6,76700.0,2010-12-03 15:14:00
TX_0006937,KH_12793,22383,Portugal,10,42900.0,2010-12-03 15:14:00
TX_0006938,KH_12793,20728,Portugal,14,42900.0,2010-12-03 15:14:00
TX_0006939,KH_12793,20658,Portugal,12,32500.0,2010-12-03 15:14:00
TX_0006940,KH_12793,20669,Portugal,12,32500.0,2010-12-03 15:14:00
TX_0006941,KH_12793,POST,Portugal,1,728000.0,2010-12-03 15:14:00
TX_0006942,KH_12793,20726,Portugal,10,42900.0,2010-12-03 15:14:00
TX_0006943,KH_GUEST,22572,United Kingdom,4,22100.0,2010-12-03 15:16:00
TX_0006944,KH_GUEST,22573,United Kingdom,6,22100.0,2010-12-03 15:16:00
TX_0006945,KH_GUEST,22791,United Kingdom,2,32500.0,2010-12-03 15:16:00
TX_0006946,KH_GUEST,22339,United Kingdom,3,16900.0,2010-12-03 15:16:00
TX_0006947,KH_GUEST,22337,United Kingdom,4,16900.0,2010-12-03 15:16:00
TX_0006948,KH_GUEST,22338,United Kingdom,4,16900.0,2010-12-03 15:16:00
TX_0006949,KH_GUEST,22335,United Kingdom,5,16900.0,2010-12-03 15:16:00
TX_0006950,KH_GUEST,84836,United Kingdom,4,32500.0,2010-12-03 15:16:00
TX_0006951,KH_15769,84032B,United Kingdom,36,66300.0,2010-12-03 15:16:00
TX_0006952,KH_14396,22470,United Kingdom,2,76700.0,2010-12-03 15:19:00
TX_0006953,KH_14396,84562A,United Kingdom,1,206700.0,2010-12-03 15:19:00
TX_0006954,KH_14396,21932,United Kingdom,1,76700.0,2010-12-03 15:19:00
TX_0006955,KH_14396,21936,United Kingdom,1,76700.0,2010-12-03 15:19:00
TX_0006956,KH_14396,21933,United Kingdom,1,76700.0,2010-12-03 15:19:00
TX_0006957,KH_14396,20726,United Kingdom,1,42900.0,2010-12-03 15:19:00
TX_0006958,KH_14396,22111,United Kingdom,1,128700.0,2010-12-03 15:19:00
TX_0006959,KH_14396,21329,United Kingdom,1,42900.0,2010-12-03 15:19:00
TX_0006960,KH_14396,21327,United Kingdom,1,42900.0,2010-12-03 15:19:00
TX_0006961,KH_14396,22837,United Kingdom,1,120900.0,2010-12-03 15:19:00
TX_0006962,KH_14396,20828,United Kingdom,1,66300.0,2010-12-03 15:19:00
TX_0006963,KH_14396,22077,United Kingdom,1,42900.0,2010-12-03 15:19:00
TX_0006964,KH_14396,21040,United Kingdom,1,66300.0,2010-12-03 15:19:00
TX_0006965,KH_14396,21937,United Kingdom,1,76700.0,2010-12-03 15:19:00
TX_0006966,KH_14396,22736,United Kingdom,1,42900.0,2010-12-03 15:19:00
TX_0006967,KH_14396,22739,United Kingdom,1,42900.0,2010-12-03 15:19:00
TX_0006968,KH_14396,22735,United Kingdom,1,42900.0,2010-12-03 15:19:00
TX_0006969,KH_14396,22737,United Kingdom,1,42900.0,2010-12-03 15:19:00
TX_0006970,KH_14396,22865,United Kingdom,1,54600.0,2010-12-03 15:19:00
TX_0006971,KH_14396,22867,United Kingdom,1,54600.0,2010-12-03 15:19:00
TX_0006972,KH_14396,21733,United Kingdom,1,76700.0,2010-12-03 15:19:00
TX_0006973,KH_14396,85123A,United Kingdom,1,76700.0,2010-12-03 15:19:00
TX_0006974,KH_14396,22418,United Kingdom,2,22100.0,2010-12-03 15:19:00
TX_0006975,KH_14396,22666,United Kingdom,1,76700.0,2010-12-03 15:19:00
TX_0006976,KH_14396,21591,United Kingdom,3,32500.0,2010-12-03 15:19:00
TX_0006977,KH_14396,22701,United Kingdom,1,76700.0,2010-12-03 15:19:00
TX_0006978,KH_14396,22964,United Kingdom,1,54600.0,2010-12-03 15:19:00
TX_0006979,KH_14396,22866,United Kingdom,2,54600.0,2010-12-03 15:19:00
TX_0006980,KH_14396,22359,United Kingdom,1,76700.0,2010-12-03 15:19:00
TX_0006981,KH_14396,22361,United Kingdom,1,76700.0,2010-12-03 15:19:00
TX_0006982,KH_14396,22362,United Kingdom,1,76700.0,2010-12-03 15:19:00
TX_0006983,KH_14396,82011C,United Kingdom,1,97500.0,2010-12-03 15:19:00
TX_0006984,KH_14396,84865,United Kingdom,1,221000.0,2010-12-03 15:19:00
TX_0006985,KH_14396,21955,United Kingdom,1,206700.0,2010-12-03 15:19:00
TX_0006986,KH_14898,22072,United Kingdom,8,97500.0,2010-12-03 15:25:00
TX_0006987,KH_14898,84880,United Kingdom,9,154700.0,2010-12-03 15:25:00
TX_0006988,KH_14898,21781,United Kingdom,1,388700.0,2010-12-03 15:25:00
TX_0006989,KH_12725,22791,Italy,12,32500.0,2010-12-03 15:45:00
TX_0006990,KH_12725,21287,Italy,12,32500.0,2010-12-03 15:45:00
TX_0006991,KH_12725,79337,Italy,6,42900.0,2010-12-03 15:45:00
TX_0006992,KH_12725,85111,Italy,12,32500.0,2010-12-03 15:45:00
TX_0006993,KH_12725,85038,Italy,6,54600.0,2010-12-03 15:45:00
TX_0006994,KH_12725,22809,Italy,6,76700.0,2010-12-03 15:45:00
TX_0006995,KH_12725,22810,Italy,6,76700.0,2010-12-03 15:45:00
TX_0006996,KH_12725,20956,Italy,12,32500.0,2010-12-03 15:45:00
TX_0006997,KH_12725,22307,Italy,6,50700.0,2010-12-03 15:45:00
TX_0006998,KH_12725,85078,Italy,24,16900.0,2010-12-03 15:45:00
TX_0006999,KH_12725,72802A,Italy,6,110500.0,2010-12-03 15:45:00
TX_0007000,KH_12725,72803A,Italy,4,110500.0,2010-12-03 15:45:00
TX_0007001,KH_12725,72807C,Italy,4,110500.0,2010-12-03 15:45:00
TX_0007002,KH_12725,85034A,Italy,4,110500.0,2010-12-03 15:45:00
TX_0007003,KH_12725,85035C,Italy,4,110500.0,2010-12-03 15:45:00
TX_0007004,KH_12725,85036B,Italy,6,110500.0,2010-12-03 15:45:00
TX_0007005,KH_12725,85035B,Italy,4,110500.0,2010-12-03 15:45:00
TX_0007006,KH_12725,85035A,Italy,4,110500.0,2010-12-03 15:45:00
TX_0007007,KH_12725,85034C,Italy,4,110500.0,2010-12-03 15:45:00
TX_0007008,KH_12725,72741,Italy,9,37700.0,2010-12-03 15:45:00
TX_0007009,KH_12725,84614A,Italy,2,154700.0,2010-12-03 15:45:00
TX_0007010,KH_12725,22697,Italy,6,76700.0,2010-12-03 15:45:00
TX_0007011,KH_12725,84031A,Italy,3,120900.0,2010-12-03 15:45:00
TX_0007012,KH_12725,POST,Italy,2,728000.0,2010-12-03 15:45:00
TX_0007013,KH_16725,22509,United Kingdom,1,440700.0,2010-12-03 16:02:00
TX_0007014,KH_16725,85175,United Kingdom,32,10920.0,2010-12-03 16:02:00
TX_0007015,KH_16725,22471,United Kingdom,1,128700.0,2010-12-03 16:02:00
TX_0007016,KH_16725,22072,United Kingdom,1,97500.0,2010-12-03 16:02:00
TX_0007017,KH_16725,22457,United Kingdom,1,76700.0,2010-12-03 16:02:00
TX_0007018,KH_16725,22070,United Kingdom,1,97500.0,2010-12-03 16:02:00
TX_0007019,KH_16725,46000R,United Kingdom,1,37700.0,2010-12-03 16:02:00
TX_0007020,KH_16725,22786,United Kingdom,1,154700.0,2010-12-03 16:02:00
TX_0007021,KH_16725,48187,United Kingdom,1,206700.0,2010-12-03 16:02:00
TX_0007022,KH_16725,22660,United Kingdom,1,206700.0,2010-12-03 16:02:00
TX_0007023,KH_16725,84836,United Kingdom,2,32500.0,2010-12-03 16:02:00
TX_0007024,KH_16725,16237,United Kingdom,1,5460.0,2010-12-03 16:02:00
TX_0007025,KH_16725,22686,United Kingdom,1,32500.0,2010-12-03 16:02:00
TX_0007026,KH_16725,22678,United Kingdom,1,32500.0,2010-12-03 16:02:00
TX_0007027,KH_16725,22670,United Kingdom,1,32500.0,2010-12-03 16:02:00
TX_0007028,KH_16725,22672,United Kingdom,1,42900.0,2010-12-03 16:02:00
TX_0007029,KH_16725,21977,United Kingdom,1,14300.0,2010-12-03 16:02:00
TX_0007030,KH_16725,72741,United Kingdom,2,37700.0,2010-12-03 16:02:00
TX_0007031,KH_16725,22297,United Kingdom,1,32500.0,2010-12-03 16:02:00
TX_0007032,KH_16725,22865,United Kingdom,1,54600.0,2010-12-03 16:02:00
TX_0007033,KH_16725,20724,United Kingdom,2,22100.0,2010-12-03 16:02:00
TX_0007034,KH_16725,22356,United Kingdom,1,22100.0,2010-12-03 16:02:00
TX_0007035,KH_16725,82494L,United Kingdom,1,76700.0,2010-12-03 16:02:00
TX_0007036,KH_16725,22804,United Kingdom,1,76700.0,2010-12-03 16:02:00
TX_0007037,KH_16725,79321,United Kingdom,6,128700.0,2010-12-03 16:02:00
TX_0007038,KH_GUEST,22662,United Kingdom,1,42900.0,2010-12-03 16:21:00
TX_0007039,KH_GUEST,22383,United Kingdom,1,42900.0,2010-12-03 16:21:00
TX_0007040,KH_GUEST,20728,United Kingdom,2,42900.0,2010-12-03 16:21:00
TX_0007041,KH_GUEST,22382,United Kingdom,2,42900.0,2010-12-03 16:21:00
TX_0007042,KH_GUEST,90054,United Kingdom,1,66300.0,2010-12-03 16:21:00
TX_0007043,KH_GUEST,90145,United Kingdom,1,154700.0,2010-12-03 16:21:00
TX_0007044,KH_GUEST,22818,United Kingdom,12,10920.0,2010-12-03 16:21:00
TX_0007045,KH_GUEST,22816,United Kingdom,12,10920.0,2010-12-03 16:21:00
TX_0007046,KH_GUEST,90143,United Kingdom,1,195000.0,2010-12-03 16:21:00
TX_0007047,KH_GUEST,90010A,United Kingdom,1,232700.0,2010-12-03 16:21:00
TX_0007048,KH_GUEST,90010B,United Kingdom,1,232700.0,2010-12-03 16:21:00
TX_0007049,KH_GUEST,22436,United Kingdom,10,16900.0,2010-12-03 16:21:00
TX_0007050,KH_GUEST,90051,United Kingdom,1,180700.0,2010-12-03 16:21:00
TX_0007051,KH_GUEST,90050,United Kingdom,1,180700.0,2010-12-03 16:21:00
TX_0007052,KH_GUEST,90053,United Kingdom,1,66300.0,2010-12-03 16:21:00
TX_0007053,KH_12395,84375,Belgium,12,54600.0,2010-12-03 16:35:00
TX_0007054,KH_12395,21217,Belgium,2,258700.0,2010-12-03 16:35:00
TX_0007055,KH_12395,21212,Belgium,120,10920.0,2010-12-03 16:35:00
TX_0007056,KH_12395,21977,Belgium,120,10920.0,2010-12-03 16:35:00
TX_0007057,KH_12395,22417,Belgium,120,10920.0,2010-12-03 16:35:00
TX_0007058,KH_12395,21975,Belgium,48,14300.0,2010-12-03 16:35:00
TX_0007059,KH_12395,21976,Belgium,48,14300.0,2010-12-03 16:35:00
TX_0007060,KH_12395,22551,Belgium,12,42900.0,2010-12-03 16:35:00
TX_0007061,KH_12395,85099B,Belgium,10,50700.0,2010-12-03 16:35:00
TX_0007062,KH_12395,22355,Belgium,10,22100.0,2010-12-03 16:35:00
TX_0007063,KH_12395,84992,Belgium,24,14300.0,2010-12-03 16:35:00
TX_0007064,KH_12395,POST,Belgium,2,468000.0,2010-12-03 16:35:00
TX_0007065,KH_16455,22587,United Kingdom,12,22100.0,2010-12-03 16:44:00
TX_0007066,KH_16455,22586,United Kingdom,12,22100.0,2010-12-03 16:44:00
TX_0007067,KH_16455,22565,United Kingdom,12,22100.0,2010-12-03 16:44:00
TX_0007068,KH_16455,22566,United Kingdom,12,22100.0,2010-12-03 16:44:00
TX_0007069,KH_16455,22150,United Kingdom,12,50700.0,2010-12-03 16:44:00
TX_0007070,KH_16455,22149,United Kingdom,12,54600.0,2010-12-03 16:44:00
TX_0007071,KH_16455,22147,United Kingdom,12,37700.0,2010-12-03 16:44:00
TX_0007072,KH_16455,20971,United Kingdom,12,32500.0,2010-12-03 16:44:00
TX_0007073,KH_16455,20972,United Kingdom,12,32500.0,2010-12-03 16:44:00
TX_0007074,KH_16455,22438,United Kingdom,10,50700.0,2010-12-03 16:44:00
TX_0007075,KH_16455,22570,United Kingdom,8,97500.0,2010-12-03 16:44:00
TX_0007076,KH_16455,20970,United Kingdom,8,97500.0,2010-12-03 16:44:00
TX_0007077,KH_16455,20969,United Kingdom,8,97500.0,2010-12-03 16:44:00
TX_0007078,KH_16455,22775,United Kingdom,24,32500.0,2010-12-03 16:45:00
TX_0007079,KH_16455,22774,United Kingdom,24,32500.0,2010-12-03 16:45:00
TX_0007080,KH_16455,22773,United Kingdom,12,32500.0,2010-12-03 16:45:00
TX_0007081,KH_16455,22772,United Kingdom,12,32500.0,2010-12-03 16:45:00
TX_0007082,KH_16455,22771,United Kingdom,24,32500.0,2010-12-03 16:45:00
TX_0007083,KH_16455,22805,United Kingdom,12,32500.0,2010-12-03 16:45:00
TX_0007084,KH_13081,22867,United Kingdom,96,48100.0,2010-12-03 17:20:00
TX_0007085,KH_13081,22866,United Kingdom,96,48100.0,2010-12-03 17:20:00
TX_0007086,KH_13081,22865,United Kingdom,96,48100.0,2010-12-03 17:20:00
TX_0007087,KH_13081,22633,United Kingdom,96,48100.0,2010-12-03 17:20:00
TX_0007088,KH_13081,22616,United Kingdom,48,7540.0,2010-12-03 17:20:00
TX_0007089,KH_13081,22910,United Kingdom,40,66300.0,2010-12-03 17:20:00
TX_0007090,KH_13081,21094,United Kingdom,36,22100.0,2010-12-03 17:20:00
TX_0007091,KH_13081,84006,United Kingdom,36,22100.0,2010-12-03 17:20:00
TX_0007092,KH_13081,22029,United Kingdom,24,10920.0,2010-12-03 17:20:00
TX_0007093,KH_13081,21504,United Kingdom,24,10920.0,2010-12-03 17:20:00
TX_0007094,KH_13081,22431,United Kingdom,24,50700.0,2010-12-03 17:20:00
TX_0007095,KH_13081,21731,United Kingdom,24,42900.0,2010-12-03 17:20:00
TX_0007096,KH_13081,22553,United Kingdom,24,42900.0,2010-12-03 17:20:00
TX_0007097,KH_13081,22418,United Kingdom,24,22100.0,2010-12-03 17:20:00
TX_0007098,KH_13081,22197,United Kingdom,24,22100.0,2010-12-03 17:20:00
TX_0007099,KH_13081,22662,United Kingdom,20,42900.0,2010-12-03 17:20:00
TX_0007100,KH_13081,22629,United Kingdom,12,50700.0,2010-12-03 17:20:00
TX_0007101,KH_13081,22738,United Kingdom,10,42900.0,2010-12-03 17:20:00
TX_0007102,KH_13081,22732,United Kingdom,18,32500.0,2010-12-03 17:20:00
TX_0007103,KH_13081,21086,United Kingdom,12,16900.0,2010-12-03 17:20:00
TX_0007104,KH_13081,22348,United Kingdom,12,22100.0,2010-12-03 17:20:00
TX_0007105,KH_13081,20829,United Kingdom,8,54600.0,2010-12-03 17:20:00
TX_0007106,KH_13081,84247G,United Kingdom,12,10920.0,2010-12-03 17:20:00
TX_0007107,KH_13081,20963,United Kingdom,20,32500.0,2010-12-03 17:20:00
TX_0007108,KH_13081,21224,United Kingdom,10,32500.0,2010-12-03 17:20:00
TX_0007109,KH_13081,22090,United Kingdom,24,76700.0,2010-12-03 17:20:00
TX_0007110,KH_13081,22433,United Kingdom,12,50700.0,2010-12-03 17:20:00
TX_0007111,KH_13081,21721,United Kingdom,24,22100.0,2010-12-03 17:20:00
TX_0007112,KH_13081,21232,United Kingdom,12,32500.0,2010-12-03 17:20:00
TX_0007113,KH_13081,22133,United Kingdom,12,22100.0,2010-12-03 17:20:00
TX_0007114,KH_13081,21559,United Kingdom,6,66300.0,2010-12-03 17:20:00
TX_0007115,KH_13081,22024,United Kingdom,12,10920.0,2010-12-03 17:20:00
TX_0007116,KH_13081,21677,United Kingdom,12,22100.0,2010-12-03 17:20:00
TX_0007117,KH_13081,84988,United Kingdom,12,37700.0,2010-12-03 17:20:00
TX_0007118,KH_13081,22131,United Kingdom,12,50700.0,2010-12-03 17:20:00
TX_0007119,KH_13081,20971,United Kingdom,12,32500.0,2010-12-03 17:20:00
TX_0007120,KH_13081,20972,United Kingdom,12,32500.0,2010-12-03 17:20:00
TX_0007121,KH_13081,21947,United Kingdom,12,32500.0,2010-12-03 17:20:00
TX_0007122,KH_13081,22466,United Kingdom,12,50700.0,2010-12-03 17:20:00
TX_0007123,KH_13081,21726,United Kingdom,12,22100.0,2010-12-03 17:20:00
TX_0007124,KH_13081,21211,United Kingdom,12,37700.0,2010-12-03 17:20:00
TX_0007125,KH_13081,84029E,United Kingdom,12,97500.0,2010-12-03 17:20:00
TX_0007126,KH_13081,84375,United Kingdom,12,54600.0,2010-12-03 17:20:00
TX_0007127,KH_13081,21125,United Kingdom,12,32500.0,2010-12-03 17:20:00
TX_0007128,KH_13081,21164,United Kingdom,12,76700.0,2010-12-03 17:20:00
TX_0007129,KH_13081,21877,United Kingdom,12,32500.0,2010-12-03 17:20:00
TX_0007130,KH_13081,22111,United Kingdom,12,128700.0,2010-12-03 17:20:00
TX_0007131,KH_13081,22434,United Kingdom,8,50700.0,2010-12-03 17:20:00
TX_0007132,KH_13081,21724,United Kingdom,12,22100.0,2010-12-03 17:20:00
TX_0007133,KH_13081,21429,United Kingdom,8,42900.0,2010-12-03 17:20:00
TX_0007134,KH_13081,22569,United Kingdom,12,97500.0,2010-12-03 17:20:00
TX_0007135,KH_13081,84030E,United Kingdom,12,110500.0,2010-12-03 17:20:00
TX_0007136,KH_13081,22837,United Kingdom,12,120900.0,2010-12-03 17:20:00
TX_0007137,KH_13081,22142,United Kingdom,12,37700.0,2010-12-03 17:20:00
TX_0007138,KH_13081,22748,United Kingdom,6,54600.0,2010-12-03 17:20:00
TX_0007139,KH_13081,22780,United Kingdom,8,110500.0,2010-12-03 17:20:00
TX_0007140,KH_13081,22940,United Kingdom,12,110500.0,2010-12-03 17:20:00
TX_0007141,KH_13081,22198,United Kingdom,12,42900.0,2010-12-03 17:20:00
TX_0007142,KH_13081,22745,United Kingdom,6,54600.0,2010-12-03 17:20:00
TX_0007143,KH_13081,22746,United Kingdom,6,54600.0,2010-12-03 17:20:00
TX_0007144,KH_13081,22747,United Kingdom,6,54600.0,2010-12-03 17:20:00
TX_0007145,KH_13081,20676,United Kingdom,8,32500.0,2010-12-03 17:20:00
TX_0007146,KH_13081,21243,United Kingdom,8,43940.0,2010-12-03 17:20:00
TX_0007147,KH_13081,84997D,United Kingdom,6,97500.0,2010-12-03 17:20:00
TX_0007148,KH_13081,22432,United Kingdom,6,50700.0,2010-12-03 17:20:00
TX_0007149,KH_13081,15060B,United Kingdom,4,97500.0,2010-12-03 17:20:00
TX_0007150,KH_13081,22327,United Kingdom,6,76700.0,2010-12-03 17:20:00
TX_0007151,KH_13081,21481,United Kingdom,12,76700.0,2010-12-03 17:20:00
TX_0007152,KH_13081,22314,United Kingdom,6,76700.0,2010-12-03 17:20:00
TX_0007153,KH_13081,22570,United Kingdom,8,97500.0,2010-12-03 17:20:00
TX_0007154,KH_13081,22200,United Kingdom,4,110500.0,2010-12-03 17:20:00
TX_0007155,KH_13081,22568,United Kingdom,8,97500.0,2010-12-03 17:20:00
TX_0007156,KH_13081,21843,United Kingdom,2,284700.0,2010-12-03 17:20:00
TX_0007157,KH_13081,37446,United Kingdom,8,37700.0,2010-12-03 17:21:00
TX_0007158,KH_15545,22660,United Kingdom,1,206700.0,2010-12-03 17:28:00
TX_0007159,KH_15545,22441,United Kingdom,1,54600.0,2010-12-03 17:28:00
TX_0007160,KH_15545,79067,United Kingdom,1,97500.0,2010-12-03 17:28:00
TX_0007161,KH_15545,21360,United Kingdom,1,258700.0,2010-12-03 17:28:00
TX_0007162,KH_15545,22076,United Kingdom,1,42900.0,2010-12-03 17:28:00
TX_0007163,KH_15545,85049G,United Kingdom,1,32500.0,2010-12-03 17:28:00
TX_0007164,KH_15545,85049A,United Kingdom,1,32500.0,2010-12-03 17:28:00
TX_0007165,KH_15545,85049E,United Kingdom,1,32500.0,2010-12-03 17:28:00
TX_0007166,KH_15545,22077,United Kingdom,1,42900.0,2010-12-03 17:28:00
TX_0007167,KH_15545,22467,United Kingdom,1,66300.0,2010-12-03 17:28:00
TX_0007168,KH_15545,22088,United Kingdom,1,76700.0,2010-12-03 17:28:00
TX_0007169,KH_15545,22037,United Kingdom,12,10920.0,2010-12-03 17:28:00
TX_0007170,KH_15545,22024,United Kingdom,12,10920.0,2010-12-03 17:28:00
TX_0007171,KH_15545,20697,United Kingdom,1,66300.0,2010-12-03 17:28:00
TX_0007172,KH_15545,20699,United Kingdom,1,66300.0,2010-12-03 17:28:00
TX_0007173,KH_15545,22671,United Kingdom,1,42900.0,2010-12-03 17:28:00
TX_0007174,KH_15545,84792,United Kingdom,1,120900.0,2010-12-03 17:28:00
TX_0007175,KH_15545,22551,United Kingdom,1,42900.0,2010-12-03 17:28:00
TX_0007176,KH_15545,22556,United Kingdom,1,42900.0,2010-12-03 17:28:00
TX_0007177,KH_15545,22555,United Kingdom,1,42900.0,2010-12-03 17:28:00
TX_0007178,KH_15545,22117,United Kingdom,1,76700.0,2010-12-03 17:28:00
TX_0007179,KH_15545,82581,United Kingdom,1,14300.0,2010-12-03 17:28:00
TX_0007180,KH_15545,82580,United Kingdom,1,14300.0,2010-12-03 17:28:00
TX_0007181,KH_15545,82551,United Kingdom,1,37700.0,2010-12-03 17:28:00
TX_0007182,KH_15545,22625,United Kingdom,1,221000.0,2010-12-03 17:28:00
TX_0007183,KH_15545,22616,United Kingdom,12,7540.0,2010-12-03 17:28:00
TX_0007184,KH_15545,84879,United Kingdom,8,43940.0,2010-12-03 17:28:00
TX_0007185,KH_15545,22943,United Kingdom,1,128700.0,2010-12-03 17:28:00
TX_0007186,KH_15545,22837,United Kingdom,5,120900.0,2010-12-03 17:28:00
TX_0007187,KH_15545,35004C,United Kingdom,1,141700.0,2010-12-03 17:28:00
TX_0007188,KH_15545,85135C,United Kingdom,1,206700.0,2010-12-03 17:28:00
TX_0007189,KH_17243,22114,United Kingdom,8,102700.0,2010-12-05 10:03:00
TX_0007190,KH_17243,21485,United Kingdom,6,128700.0,2010-12-05 10:03:00
TX_0007191,KH_17243,22835,United Kingdom,3,120900.0,2010-12-05 10:03:00
TX_0007192,KH_17243,84029E,United Kingdom,6,97500.0,2010-12-05 10:03:00
TX_0007193,KH_17243,84029G,United Kingdom,6,97500.0,2010-12-05 10:03:00
TX_0007194,KH_17243,22158,United Kingdom,8,76700.0,2010-12-05 10:03:00
TX_0007195,KH_17243,22633,United Kingdom,24,54600.0,2010-12-05 10:03:00
TX_0007196,KH_17243,22988,United Kingdom,12,32500.0,2010-12-05 10:03:00
TX_0007197,KH_17243,82494L,United Kingdom,6,76700.0,2010-12-05 10:03:00
TX_0007198,KH_17243,72800E,United Kingdom,11,66300.0,2010-12-05 10:03:00
TX_0007199,KH_17243,21034,United Kingdom,2,24700.0,2010-12-05 10:03:00
TX_0007200,KH_15465,21523,United Kingdom,10,175500.0,2010-12-05 10:12:00
TX_0007201,KH_15465,21524,United Kingdom,3,206700.0,2010-12-05 10:12:00
TX_0007202,KH_15465,22086,United Kingdom,80,66300.0,2010-12-05 10:12:00
TX_0007203,KH_15465,21754,United Kingdom,3,154700.0,2010-12-05 10:12:00
TX_0007204,KH_15465,21755,United Kingdom,3,154700.0,2010-12-05 10:12:00
TX_0007205,KH_15465,22083,United Kingdom,10,76700.0,2010-12-05 10:12:00
TX_0007206,KH_15465,22423,United Kingdom,16,284700.0,2010-12-05 10:12:00
TX_0007207,KH_13089,22423,United Kingdom,48,284700.0,2010-12-05 10:27:00
TX_0007208,KH_13089,84949,United Kingdom,144,37700.0,2010-12-05 10:27:00
TX_0007209,KH_16033,22726,United Kingdom,4,97500.0,2010-12-05 10:36:00
TX_0007210,KH_16033,22730,United Kingdom,4,97500.0,2010-12-05 10:36:00
TX_0007211,KH_16033,22727,United Kingdom,4,97500.0,2010-12-05 10:36:00
TX_0007212,KH_16033,22728,United Kingdom,3,97500.0,2010-12-05 10:36:00
TX_0007213,KH_16033,22358,United Kingdom,1,76700.0,2010-12-05 10:36:00
TX_0007214,KH_16033,21876,United Kingdom,1,32500.0,2010-12-05 10:36:00
TX_0007215,KH_16033,21868,United Kingdom,1,32500.0,2010-12-05 10:36:00
TX_0007216,KH_16033,21877,United Kingdom,2,32500.0,2010-12-05 10:36:00
TX_0007217,KH_16033,37370,United Kingdom,2,32500.0,2010-12-05 10:36:00
TX_0007218,KH_16033,22652,United Kingdom,4,42900.0,2010-12-05 10:36:00
TX_0007219,KH_16033,22507,United Kingdom,2,128700.0,2010-12-05 10:36:00
TX_0007220,KH_16033,85054,United Kingdom,2,76700.0,2010-12-05 10:36:00
TX_0007221,KH_16033,85055,United Kingdom,2,97500.0,2010-12-05 10:36:00
TX_0007222,KH_16033,21165,United Kingdom,6,43940.0,2010-12-05 10:36:00
TX_0007223,KH_16033,22666,United Kingdom,2,76700.0,2010-12-05 10:36:00
TX_0007224,KH_16033,22667,United Kingdom,2,76700.0,2010-12-05 10:36:00
TX_0007225,KH_16033,84924A,United Kingdom,1,97500.0,2010-12-05 10:36:00
TX_0007226,KH_16033,22630,United Kingdom,1,50700.0,2010-12-05 10:36:00
TX_0007227,KH_16033,22629,United Kingdom,1,50700.0,2010-12-05 10:36:00
TX_0007228,KH_16033,22955,United Kingdom,1,54600.0,2010-12-05 10:36:00
TX_0007229,KH_16033,22956,United Kingdom,1,54600.0,2010-12-05 10:36:00
TX_0007230,KH_16033,22426,United Kingdom,1,97500.0,2010-12-05 10:36:00
TX_0007231,KH_16033,22427,United Kingdom,1,154700.0,2010-12-05 10:36:00
TX_0007232,KH_16033,22193,United Kingdom,1,221000.0,2010-12-05 10:36:00
TX_0007233,KH_16033,35810B,United Kingdom,1,54600.0,2010-12-05 10:36:00
TX_0007234,KH_16033,35241,United Kingdom,1,128700.0,2010-12-05 10:36:00
TX_0007235,KH_13838,22969,United Kingdom,12,37700.0,2010-12-05 10:45:00
TX_0007236,KH_13838,21756,United Kingdom,2,154700.0,2010-12-05 10:45:00
TX_0007237,KH_13838,21260,United Kingdom,1,84500.0,2010-12-05 10:45:00
TX_0007238,KH_13838,84580,United Kingdom,1,97500.0,2010-12-05 10:45:00
TX_0007239,KH_13838,85014A,United Kingdom,1,154700.0,2010-12-05 10:45:00
TX_0007240,KH_13838,85014B,United Kingdom,1,154700.0,2010-12-05 10:45:00
TX_0007241,KH_13838,15056P,United Kingdom,2,154700.0,2010-12-05 10:45:00
TX_0007242,KH_13838,15056N,United Kingdom,1,154700.0,2010-12-05 10:45:00
TX_0007243,KH_13838,20679,United Kingdom,1,154700.0,2010-12-05 10:45:00
TX_0007244,KH_13838,15056BL,United Kingdom,1,154700.0,2010-12-05 10:45:00
TX_0007245,KH_13838,21524,United Kingdom,1,206700.0,2010-12-05 10:45:00
TX_0007246,KH_13838,22955,United Kingdom,1,54600.0,2010-12-05 10:45:00
TX_0007247,KH_13838,22956,United Kingdom,1,54600.0,2010-12-05 10:45:00
TX_0007248,KH_13838,22666,United Kingdom,1,76700.0,2010-12-05 10:45:00
TX_0007249,KH_13838,21533,United Kingdom,1,128700.0,2010-12-05 10:45:00
TX_0007250,KH_13838,22730,United Kingdom,1,97500.0,2010-12-05 10:45:00
TX_0007251,KH_13838,21259,United Kingdom,1,154700.0,2010-12-05 10:45:00
TX_0007252,KH_13838,21850,United Kingdom,1,128700.0,2010-12-05 10:45:00
TX_0007253,KH_13838,20773,United Kingdom,1,42900.0,2010-12-05 10:45:00
TX_0007254,KH_13838,21579,United Kingdom,1,58500.0,2010-12-05 10:45:00
TX_0007255,KH_13838,21985,United Kingdom,12,7540.0,2010-12-05 10:45:00
TX_0007256,KH_13838,22697,United Kingdom,1,76700.0,2010-12-05 10:45:00
TX_0007257,KH_13838,22699,United Kingdom,1,76700.0,2010-12-05 10:45:00
TX_0007258,KH_13838,22508,United Kingdom,1,97500.0,2010-12-05 10:45:00
TX_0007259,KH_13838,21930,United Kingdom,1,50700.0,2010-12-05 10:45:00
TX_0007260,KH_13838,21755,United Kingdom,1,154700.0,2010-12-05 10:45:00
TX_0007261,KH_13838,22862,United Kingdom,1,110500.0,2010-12-05 10:45:00
TX_0007262,KH_13838,22327,United Kingdom,1,76700.0,2010-12-05 10:45:00
TX_0007263,KH_13838,22423,United Kingdom,1,331500.0,2010-12-05 10:45:00
TX_0007264,KH_13838,21192,United Kingdom,2,42900.0,2010-12-05 10:45:00
TX_0007265,KH_13838,22469,United Kingdom,1,42900.0,2010-12-05 10:45:00
TX_0007266,KH_13838,22470,United Kingdom,1,76700.0,2010-12-05 10:45:00
TX_0007267,KH_13838,22316,United Kingdom,1,32500.0,2010-12-05 10:45:00
TX_0007268,KH_13838,21112,United Kingdom,1,76700.0,2010-12-05 10:45:00
TX_0007269,KH_13838,17109D,United Kingdom,2,43940.0,2010-12-05 10:45:00
TX_0007270,KH_13838,47591D,United Kingdom,1,50700.0,2010-12-05 10:45:00
TX_0007271,KH_13838,21328,United Kingdom,1,42900.0,2010-12-05 10:45:00
TX_0007272,KH_13838,22904,United Kingdom,1,76700.0,2010-12-05 10:45:00
TX_0007273,KH_13838,21427,United Kingdom,1,54600.0,2010-12-05 10:45:00
TX_0007274,KH_13838,21011,United Kingdom,2,37700.0,2010-12-05 10:45:00
TX_0007275,KH_13838,22372,United Kingdom,1,110500.0,2010-12-05 10:45:00
TX_0007276,KH_13838,22624,United Kingdom,1,221000.0,2010-12-05 10:45:00
TX_0007277,KH_13838,22961,United Kingdom,3,37700.0,2010-12-05 10:45:00
TX_0007278,KH_13838,22853,United Kingdom,1,84500.0,2010-12-05 10:45:00
TX_0007279,KH_13838,22311,United Kingdom,1,76700.0,2010-12-05 10:45:00
TX_0007280,KH_13838,21192,United Kingdom,3,42900.0,2010-12-05 10:45:00
TX_0007281,KH_13838,22118,United Kingdom,1,128700.0,2010-12-05 10:45:00
TX_0007282,KH_13838,22968,United Kingdom,1,258700.0,2010-12-05 10:45:00
TX_0007283,KH_13838,22665,United Kingdom,1,76700.0,2010-12-05 10:45:00
TX_0007284,KH_18055,72807B,United Kingdom,4,110500.0,2010-12-05 10:52:00
TX_0007285,KH_18055,85034B,United Kingdom,4,110500.0,2010-12-05 10:52:00
TX_0007286,KH_18055,72802C,United Kingdom,6,110500.0,2010-12-05 10:52:00
TX_0007287,KH_18055,72802B,United Kingdom,6,110500.0,2010-12-05 10:52:00
TX_0007288,KH_18055,72800B,United Kingdom,12,66300.0,2010-12-05 10:52:00
TX_0007289,KH_18055,21479,United Kingdom,4,97500.0,2010-12-05 10:52:00
TX_0007290,KH_18055,72800D,United Kingdom,12,66300.0,2010-12-05 10:52:00
TX_0007291,KH_18055,22802,United Kingdom,2,518700.0,2010-12-05 10:52:00
TX_0007292,KH_18055,22947,United Kingdom,2,440700.0,2010-12-05 10:52:00
TX_0007293,KH_18055,22114,United Kingdom,4,102700.0,2010-12-05 10:52:00
TX_0007294,KH_18055,84030E,United Kingdom,4,110500.0,2010-12-05 10:52:00
TX_0007295,KH_18055,22476,United Kingdom,3,128700.0,2010-12-05 10:52:00
TX_0007296,KH_18055,22473,United Kingdom,3,128700.0,2010-12-05 10:52:00
TX_0007297,KH_18055,22471,United Kingdom,3,128700.0,2010-12-05 10:52:00
TX_0007298,KH_18055,85123A,United Kingdom,6,76700.0,2010-12-05 10:52:00
TX_0007299,KH_18055,22835,United Kingdom,4,120900.0,2010-12-05 10:52:00
TX_0007300,KH_18055,22112,United Kingdom,9,128700.0,2010-12-05 10:52:00
TX_0007301,KH_18055,21258,United Kingdom,2,331500.0,2010-12-05 10:52:00
TX_0007302,KH_18055,84819,United Kingdom,3,110500.0,2010-12-05 10:52:00
TX_0007303,KH_15038,90175C,United Kingdom,1,232700.0,2010-12-05 10:54:00
TX_0007304,KH_15038,90185D,United Kingdom,1,110500.0,2010-12-05 10:54:00
TX_0007305,KH_15038,90210B,United Kingdom,1,76700.0,2010-12-05 10:54:00
TX_0007306,KH_15038,90175A,United Kingdom,1,232700.0,2010-12-05 10:54:00
TX_0007307,KH_15038,90002D,United Kingdom,1,97500.0,2010-12-05 10:54:00
TX_0007308,KH_15038,22295,United Kingdom,1,42900.0,2010-12-05 10:54:00
TX_0007309,KH_15038,22297,United Kingdom,2,32500.0,2010-12-05 10:54:00
TX_0007310,KH_15038,22296,United Kingdom,1,42900.0,2010-12-05 10:54:00
TX_0007311,KH_15038,72802A,United Kingdom,1,110500.0,2010-12-05 10:54:00
TX_0007312,KH_15038,72802C,United Kingdom,1,110500.0,2010-12-05 10:54:00
TX_0007313,KH_15038,22158,United Kingdom,1,76700.0,2010-12-05 10:54:00
TX_0007314,KH_15038,72802B,United Kingdom,1,110500.0,2010-12-05 10:54:00
TX_0007315,KH_15038,72802C,United Kingdom,2,110500.0,2010-12-05 10:54:00
TX_0007316,KH_15038,72807C,United Kingdom,2,110500.0,2010-12-05 10:54:00
TX_0007317,KH_15038,22112,United Kingdom,1,128700.0,2010-12-05 10:54:00
TX_0007318,KH_15038,21485,United Kingdom,1,128700.0,2010-12-05 10:54:00
TX_0007319,KH_15038,22458,United Kingdom,1,66300.0,2010-12-05 10:54:00
TX_0007320,KH_15038,22459,United Kingdom,1,66300.0,2010-12-05 10:54:00
TX_0007321,KH_15038,21907,United Kingdom,1,54600.0,2010-12-05 10:54:00
TX_0007322,KH_15038,85152,United Kingdom,3,54600.0,2010-12-05 10:54:00
TX_0007323,KH_15038,21165,United Kingdom,1,43940.0,2010-12-05 10:54:00
TX_0007324,KH_15038,21174,United Kingdom,1,50700.0,2010-12-05 10:54:00
TX_0007325,KH_15038,21166,United Kingdom,2,50700.0,2010-12-05 10:54:00
TX_0007326,KH_15038,21181,United Kingdom,2,54600.0,2010-12-05 10:54:00
TX_0007327,KH_15038,85150,United Kingdom,1,66300.0,2010-12-05 10:54:00
TX_0007328,KH_15038,21175,United Kingdom,1,54600.0,2010-12-05 10:54:00
TX_0007329,KH_15038,21169,United Kingdom,1,43940.0,2010-12-05 10:54:00
TX_0007330,KH_15038,22156,United Kingdom,4,22100.0,2010-12-05 10:54:00
TX_0007331,KH_15038,22294,United Kingdom,1,32500.0,2010-12-05 10:54:00
TX_0007332,KH_15038,22297,United Kingdom,1,32500.0,2010-12-05 10:54:00
TX_0007333,KH_15038,22469,United Kingdom,1,42900.0,2010-12-05 10:54:00
TX_0007334,KH_15038,21876,United Kingdom,2,32500.0,2010-12-05 10:54:00
TX_0007335,KH_18109,22169,United Kingdom,16,198900.0,2010-12-05 10:58:00
TX_0007336,KH_18109,22469,United Kingdom,6,42900.0,2010-12-05 10:58:00
TX_0007337,KH_18109,22470,United Kingdom,3,76700.0,2010-12-05 10:58:00
TX_0007338,KH_18109,82484,United Kingdom,2,167700.0,2010-12-05 10:58:00
TX_0007339,KH_18109,21333,United Kingdom,1,76700.0,2010-12-05 10:58:00
TX_0007340,KH_18109,22855,United Kingdom,7,32500.0,2010-12-05 10:58:00
TX_0007341,KH_18109,82486,United Kingdom,1,206700.0,2010-12-05 10:58:00
TX_0007342,KH_18109,85123A,United Kingdom,1,76700.0,2010-12-05 10:58:00
TX_0007343,KH_18109,21363,United Kingdom,1,128700.0,2010-12-05 10:58:00
TX_0007344,KH_18109,82482,United Kingdom,1,66300.0,2010-12-05 10:58:00
TX_0007345,KH_18109,85064,United Kingdom,1,141700.0,2010-12-05 10:58:00
TX_0007346,KH_18109,85066,United Kingdom,2,331500.0,2010-12-05 10:58:00
TX_0007347,KH_18109,22667,United Kingdom,5,76700.0,2010-12-05 10:58:00
TX_0007348,KH_18109,21259,United Kingdom,8,154700.0,2010-12-05 10:58:00
TX_0007349,KH_13069,22603,United Kingdom,5,22100.0,2010-12-05 11:02:00
TX_0007350,KH_13069,22577,United Kingdom,5,22100.0,2010-12-05 11:02:00
TX_0007351,KH_13069,22581,United Kingdom,5,22100.0,2010-12-05 11:02:00
TX_0007352,KH_13069,22579,United Kingdom,5,22100.0,2010-12-05 11:02:00
TX_0007353,KH_13069,22578,United Kingdom,5,22100.0,2010-12-05 11:02:00
TX_0007354,KH_13069,22600,United Kingdom,5,22100.0,2010-12-05 11:02:00
TX_0007355,KH_13069,22602,United Kingdom,5,22100.0,2010-12-05 11:02:00
TX_0007356,KH_13069,22601,United Kingdom,5,22100.0,2010-12-05 11:02:00
TX_0007357,KH_13069,10002,United Kingdom,1,22100.0,2010-12-05 11:02:00
TX_0007358,KH_13069,20751,United Kingdom,2,54600.0,2010-12-05 11:02:00
TX_0007359,KH_13069,22739,United Kingdom,2,42900.0,2010-12-05 11:02:00
TX_0007360,KH_13069,22737,United Kingdom,3,42900.0,2010-12-05 11:02:00
TX_0007361,KH_13069,22735,United Kingdom,2,42900.0,2010-12-05 11:02:00
TX_0007362,KH_13069,22738,United Kingdom,2,42900.0,2010-12-05 11:02:00
TX_0007363,KH_13069,22736,United Kingdom,2,42900.0,2010-12-05 11:02:00
TX_0007364,KH_13069,22130,United Kingdom,6,22100.0,2010-12-05 11:02:00
TX_0007365,KH_13069,22630,United Kingdom,1,50700.0,2010-12-05 11:02:00
TX_0007366,KH_13069,22086,United Kingdom,1,76700.0,2010-12-05 11:02:00
TX_0007367,KH_13069,22867,United Kingdom,5,54600.0,2010-12-05 11:02:00
TX_0007368,KH_13069,22632,United Kingdom,2,54600.0,2010-12-05 11:02:00
TX_0007369,KH_13069,22834,United Kingdom,2,54600.0,2010-12-05 11:02:00
TX_0007370,KH_13069,22866,United Kingdom,5,54600.0,2010-12-05 11:02:00
TX_0007371,KH_13069,22865,United Kingdom,5,54600.0,2010-12-05 11:02:00
TX_0007372,KH_13069,21754,United Kingdom,18,141700.0,2010-12-05 11:02:00
TX_0007373,KH_13069,22809,United Kingdom,2,76700.0,2010-12-05 11:02:00
TX_0007374,KH_13069,22593,United Kingdom,10,22100.0,2010-12-05 11:02:00
TX_0007375,KH_13069,22595,United Kingdom,10,22100.0,2010-12-05 11:02:00
TX_0007376,KH_13069,22594,United Kingdom,10,22100.0,2010-12-05 11:02:00
TX_0007377,KH_13069,22694,United Kingdom,2,54600.0,2010-12-05 11:02:00
TX_0007378,KH_13069,22662,United Kingdom,4,42900.0,2010-12-05 11:02:00
TX_0007379,KH_13069,22470,United Kingdom,5,76700.0,2010-12-05 11:02:00
TX_0007380,KH_13069,22077,United Kingdom,1,42900.0,2010-12-05 11:02:00
TX_0007381,KH_13069,21892,United Kingdom,2,32500.0,2010-12-05 11:02:00
TX_0007382,KH_13069,22974,United Kingdom,2,42900.0,2010-12-05 11:02:00
TX_0007383,KH_13069,22080,United Kingdom,1,42900.0,2010-12-05 11:02:00
TX_0007384,KH_13069,22079,United Kingdom,1,42900.0,2010-12-05 11:02:00
TX_0007385,KH_13069,22082,United Kingdom,1,42900.0,2010-12-05 11:02:00
TX_0007386,KH_13069,85018D,United Kingdom,1,66300.0,2010-12-05 11:02:00
TX_0007387,KH_13069,22383,United Kingdom,10,42900.0,2010-12-05 11:02:00
TX_0007388,KH_13069,20726,United Kingdom,10,42900.0,2010-12-05 11:02:00
TX_0007389,KH_13069,20725,United Kingdom,10,42900.0,2010-12-05 11:02:00
TX_0007390,KH_13069,90162B,United Kingdom,1,76700.0,2010-12-05 11:03:00
TX_0007391,KH_13069,90162D,United Kingdom,1,76700.0,2010-12-05 11:03:00
TX_0007392,KH_16241,21733,United Kingdom,6,76700.0,2010-12-05 11:04:00
TX_0007393,KH_16241,21626,United Kingdom,12,50700.0,2010-12-05 11:04:00
TX_0007394,KH_16241,21623,United Kingdom,2,258700.0,2010-12-05 11:04:00
TX_0007395,KH_16241,22086,United Kingdom,6,76700.0,2010-12-05 11:04:00
TX_0007396,KH_16241,21621,United Kingdom,2,221000.0,2010-12-05 11:04:00
TX_0007397,KH_16241,21479,United Kingdom,4,97500.0,2010-12-05 11:04:00
TX_0007398,KH_16241,21485,United Kingdom,3,128700.0,2010-12-05 11:04:00
TX_0007399,KH_16241,84029G,United Kingdom,4,97500.0,2010-12-05 11:04:00
TX_0007400,KH_16241,22837,United Kingdom,4,120900.0,2010-12-05 11:04:00
TX_0007401,KH_16241,84032B,United Kingdom,6,76700.0,2010-12-05 11:04:00
TX_0007402,KH_16241,22867,United Kingdom,12,54600.0,2010-12-05 11:04:00
TX_0007403,KH_16241,22632,United Kingdom,12,54600.0,2010-12-05 11:04:00
TX_0007404,KH_16241,22865,United Kingdom,12,54600.0,2010-12-05 11:04:00
TX_0007405,KH_16241,22834,United Kingdom,12,54600.0,2010-12-05 11:04:00
TX_0007406,KH_14800,16237,United Kingdom,30,5460.0,2010-12-05 11:10:00
TX_0007407,KH_14800,90167,United Kingdom,10,22100.0,2010-12-05 11:10:00
TX_0007408,KH_14800,22758,United Kingdom,2,32500.0,2010-12-05 11:10:00
TX_0007409,KH_14800,20615,United Kingdom,1,54600.0,2010-12-05 11:10:00
TX_0007410,KH_14800,22964,United Kingdom,2,54600.0,2010-12-05 11:10:00
TX_0007411,KH_14800,21716,United Kingdom,5,66300.0,2010-12-05 11:10:00
TX_0007412,KH_14800,22551,United Kingdom,2,42900.0,2010-12-05 11:10:00
TX_0007413,KH_14800,22553,United Kingdom,2,42900.0,2010-12-05 11:10:00
TX_0007414,KH_14800,22554,United Kingdom,2,42900.0,2010-12-05 11:10:00
TX_0007415,KH_14800,22556,United Kingdom,2,42900.0,2010-12-05 11:10:00
TX_0007416,KH_14800,22398,United Kingdom,12,32500.0,2010-12-05 11:10:00
TX_0007417,KH_14800,22403,United Kingdom,12,32500.0,2010-12-05 11:10:00
TX_0007418,KH_14800,22399,United Kingdom,12,32500.0,2010-12-05 11:10:00
TX_0007419,KH_14800,85124B,United Kingdom,6,66300.0,2010-12-05 11:10:00
TX_0007420,KH_14800,85124C,United Kingdom,6,66300.0,2010-12-05 11:10:00
TX_0007421,KH_14800,84077,United Kingdom,48,7540.0,2010-12-05 11:10:00
TX_0007422,KH_14800,22560,United Kingdom,5,32500.0,2010-12-05 11:10:00
TX_0007423,KH_14800,22561,United Kingdom,5,42900.0,2010-12-05 11:10:00
TX_0007424,KH_14800,22620,United Kingdom,5,32500.0,2010-12-05 11:10:00
TX_0007425,KH_14800,11001,United Kingdom,16,43940.0,2010-12-05 11:10:00
TX_0007426,KH_14800,84375,United Kingdom,12,54600.0,2010-12-05 11:10:00
TX_0007427,KH_14800,22142,United Kingdom,4,37700.0,2010-12-05 11:10:00
TX_0007428,KH_14800,84029G,United Kingdom,1,97500.0,2010-12-05 11:10:00
TX_0007429,KH_14800,22382,United Kingdom,10,42900.0,2010-12-05 11:10:00
TX_0007430,KH_14800,22940,United Kingdom,5,110500.0,2010-12-05 11:10:00
TX_0007431,KH_14800,21481,United Kingdom,2,76700.0,2010-12-05 11:10:00
TX_0007432,KH_14800,22659,United Kingdom,3,50700.0,2010-12-05 11:10:00
TX_0007433,KH_14800,22418,United Kingdom,12,22100.0,2010-12-05 11:10:00
TX_0007434,KH_14800,22834,United Kingdom,2,54600.0,2010-12-05 11:10:00
TX_0007435,KH_14800,22865,United Kingdom,2,54600.0,2010-12-05 11:10:00
TX_0007436,KH_14800,22633,United Kingdom,2,54600.0,2010-12-05 11:10:00
TX_0007437,KH_14800,21452,United Kingdom,2,76700.0,2010-12-05 11:10:00
TX_0007438,KH_14800,20726,United Kingdom,10,42900.0,2010-12-05 11:10:00
TX_0007439,KH_14800,22383,United Kingdom,20,42900.0,2010-12-05 11:10:00
TX_0007440,KH_14800,22748,United Kingdom,10,54600.0,2010-12-05 11:10:00
TX_0007441,KH_14800,22629,United Kingdom,10,50700.0,2010-12-05 11:10:00
TX_0007442,KH_14800,22562,United Kingdom,5,32500.0,2010-12-05 11:10:00
TX_0007443,KH_14800,22563,United Kingdom,5,32500.0,2010-12-05 11:10:00
TX_0007444,KH_14800,22564,United Kingdom,5,32500.0,2010-12-05 11:10:00
TX_0007445,KH_14800,22662,United Kingdom,10,42900.0,2010-12-05 11:10:00
TX_0007446,KH_14800,22440,United Kingdom,10,10920.0,2010-12-05 11:10:00
TX_0007447,KH_14800,21790,United Kingdom,5,22100.0,2010-12-05 11:10:00
TX_0007448,KH_14800,22548,United Kingdom,4,32500.0,2010-12-05 11:10:00
TX_0007449,KH_14800,22749,United Kingdom,5,97500.0,2010-12-05 11:10:00
TX_0007450,KH_14800,22750,United Kingdom,5,97500.0,2010-12-05 11:10:00
TX_0007451,KH_14800,22837,United Kingdom,5,120900.0,2010-12-05 11:10:00
TX_0007452,KH_14800,22029,United Kingdom,12,10920.0,2010-12-05 11:10:00
TX_0007453,KH_14800,84581,United Kingdom,1,97500.0,2010-12-05 11:10:00
TX_0007454,KH_14800,22712,United Kingdom,12,10920.0,2010-12-05 11:10:00
TX_0007455,KH_14800,21912,United Kingdom,1,97500.0,2010-12-05 11:10:00
TX_0007456,KH_14800,84827,United Kingdom,60,16900.0,2010-12-05 11:10:00
TX_0007457,KH_15708,22301,United Kingdom,6,66300.0,2010-12-05 11:12:00
TX_0007458,KH_15708,22304,United Kingdom,6,66300.0,2010-12-05 11:12:00
TX_0007459,KH_15708,22300,United Kingdom,6,66300.0,2010-12-05 11:12:00
TX_0007460,KH_15708,22188,United Kingdom,1,102700.0,2010-12-05 11:12:00
TX_0007461,KH_15708,22592,United Kingdom,1,97500.0,2010-12-05 11:12:00
TX_0007462,KH_15708,20936,United Kingdom,6,76700.0,2010-12-05 11:12:00
TX_0007463,KH_15708,21733,United Kingdom,3,76700.0,2010-12-05 11:12:00
TX_0007464,KH_15708,21916,United Kingdom,1,10920.0,2010-12-05 11:12:00
TX_0007465,KH_15708,22694,United Kingdom,2,54600.0,2010-12-05 11:12:00
TX_0007466,KH_15708,85123A,United Kingdom,3,76700.0,2010-12-05 11:12:00
TX_0007467,KH_15708,22804,United Kingdom,2,76700.0,2010-12-05 11:12:00
TX_0007468,KH_15708,22470,United Kingdom,3,76700.0,2010-12-05 11:12:00
TX_0007469,KH_15708,22469,United Kingdom,2,42900.0,2010-12-05 11:12:00
TX_0007470,KH_15708,85123A,United Kingdom,2,76700.0,2010-12-05 11:12:00
TX_0007471,KH_15708,85174,United Kingdom,1,128700.0,2010-12-05 11:12:00
TX_0007472,KH_15708,22729,United Kingdom,2,97500.0,2010-12-05 11:12:00
TX_0007473,KH_15708,22727,United Kingdom,2,97500.0,2010-12-05 11:12:00
TX_0007474,KH_15708,22730,United Kingdom,1,97500.0,2010-12-05 11:12:00
TX_0007475,KH_15708,22726,United Kingdom,2,97500.0,2010-12-05 11:12:00
TX_0007476,KH_15708,22726,United Kingdom,1,97500.0,2010-12-05 11:12:00
TX_0007477,KH_15708,22725,United Kingdom,1,97500.0,2010-12-05 11:12:00
TX_0007478,KH_15708,22727,United Kingdom,1,97500.0,2010-12-05 11:12:00
TX_0007479,KH_15708,22173,United Kingdom,2,76700.0,2010-12-05 11:12:00
TX_0007480,KH_15708,22729,United Kingdom,1,97500.0,2010-12-05 11:12:00
TX_0007481,KH_15708,22725,United Kingdom,2,97500.0,2010-12-05 11:12:00
TX_0007482,KH_15708,82483,United Kingdom,2,154700.0,2010-12-05 11:12:00
TX_0007483,KH_15708,21916,United Kingdom,4,10920.0,2010-12-05 11:12:00
TX_0007484,KH_15708,85175,United Kingdom,32,10920.0,2010-12-05 11:12:00
TX_0007485,KH_15708,22799,United Kingdom,1,221000.0,2010-12-05 11:12:00
TX_0007486,KH_15708,22625,United Kingdom,1,221000.0,2010-12-05 11:12:00
TX_0007487,KH_15708,22624,United Kingdom,1,221000.0,2010-12-05 11:12:00
TX_0007488,KH_15708,22854,United Kingdom,2,128700.0,2010-12-05 11:12:00
TX_0007489,KH_15708,85064,United Kingdom,2,141700.0,2010-12-05 11:12:00
TX_0007490,KH_15708,22307,United Kingdom,6,50700.0,2010-12-05 11:12:00
TX_0007491,KH_15708,22305,United Kingdom,6,66300.0,2010-12-05 11:12:00
TX_0007492,KH_15708,22776,United Kingdom,2,258700.0,2010-12-05 11:12:00
TX_0007493,KH_15708,72760B,United Kingdom,2,258700.0,2010-12-05 11:12:00
TX_0007494,KH_16839,22791,United Kingdom,72,27560.0,2010-12-05 11:15:00
TX_0007495,KH_16839,22666,United Kingdom,48,66300.0,2010-12-05 11:15:00
TX_0007496,KH_16839,84946,United Kingdom,72,27560.0,2010-12-05 11:15:00
TX_0007497,KH_16839,21216,United Kingdom,24,110500.0,2010-12-05 11:15:00
TX_0007498,KH_16839,22423,United Kingdom,16,284700.0,2010-12-05 11:15:00
TX_0007499,KH_16168,22926,United Kingdom,2,154700.0,2010-12-05 11:38:00
TX_0007500,KH_16168,22927,United Kingdom,2,154700.0,2010-12-05 11:38:00
TX_0007501,KH_16168,84347,United Kingdom,120,54600.0,2010-12-05 11:38:00
TX_0007502,KH_16931,22732,United Kingdom,1,32500.0,2010-12-05 11:40:00
TX_0007503,KH_16931,22731,United Kingdom,1,32500.0,2010-12-05 11:40:00
TX_0007504,KH_16931,22733,United Kingdom,1,32500.0,2010-12-05 11:40:00
TX_0007505,KH_16931,21824,United Kingdom,1,37700.0,2010-12-05 11:40:00
TX_0007506,KH_16931,21823,United Kingdom,1,37700.0,2010-12-05 11:40:00
TX_0007507,KH_16931,85227,United Kingdom,6,22100.0,2010-12-05 11:40:00
TX_0007508,KH_16931,22737,United Kingdom,1,42900.0,2010-12-05 11:40:00
TX_0007509,KH_16931,22735,United Kingdom,1,42900.0,2010-12-05 11:40:00
TX_0007510,KH_16931,22739,United Kingdom,1,42900.0,2010-12-05 11:40:00
TX_0007511,KH_16931,22812,United Kingdom,4,50700.0,2010-12-05 11:40:00
TX_0007512,KH_16931,22813,United Kingdom,6,50700.0,2010-12-05 11:40:00
TX_0007513,KH_16931,20854,United Kingdom,3,42900.0,2010-12-05 11:40:00
TX_0007514,KH_16931,20856,United Kingdom,3,42900.0,2010-12-05 11:40:00
TX_0007515,KH_16931,22469,United Kingdom,3,42900.0,2010-12-05 11:40:00
TX_0007516,KH_16931,22141,United Kingdom,1,54600.0,2010-12-05 11:40:00
TX_0007517,KH_16931,22144,United Kingdom,1,54600.0,2010-12-05 11:40:00
TX_0007518,KH_16931,85123A,United Kingdom,2,76700.0,2010-12-05 11:40:00
TX_0007519,KH_16931,22592,United Kingdom,3,97500.0,2010-12-05 11:40:00
TX_0007520,KH_16931,22588,United Kingdom,1,66300.0,2010-12-05 11:40:00
TX_0007521,KH_16931,20723,United Kingdom,2,22100.0,2010-12-05 11:40:00
TX_0007522,KH_16931,20728,United Kingdom,2,42900.0,2010-12-05 11:40:00
TX_0007523,KH_16931,85038,United Kingdom,3,54600.0,2010-12-05 11:40:00
TX_0007524,KH_16931,85174,United Kingdom,1,128700.0,2010-12-05 11:40:00
TX_0007525,KH_16931,85123A,United Kingdom,1,76700.0,2010-12-05 11:40:00
TX_0007526,KH_16931,20970,United Kingdom,1,97500.0,2010-12-05 11:40:00
TX_0007527,KH_16931,20967,United Kingdom,1,97500.0,2010-12-05 11:40:00
TX_0007528,KH_16931,20971,United Kingdom,2,32500.0,2010-12-05 11:40:00
TX_0007529,KH_16931,20972,United Kingdom,2,32500.0,2010-12-05 11:40:00
TX_0007530,KH_16931,22565,United Kingdom,2,22100.0,2010-12-05 11:40:00
TX_0007531,KH_16931,22566,United Kingdom,2,22100.0,2010-12-05 11:40:00
TX_0007532,KH_16931,84898F,United Kingdom,2,54600.0,2010-12-05 11:40:00
TX_0007533,KH_16931,22747,United Kingdom,1,54600.0,2010-12-05 11:40:00
TX_0007534,KH_16931,22745,United Kingdom,1,54600.0,2010-12-05 11:40:00
TX_0007535,KH_16931,22746,United Kingdom,1,54600.0,2010-12-05 11:40:00
TX_0007536,KH_16931,22748,United Kingdom,1,54600.0,2010-12-05 11:40:00
TX_0007537,KH_16931,22301,United Kingdom,3,66300.0,2010-12-05 11:40:00
TX_0007538,KH_16931,22300,United Kingdom,1,66300.0,2010-12-05 11:40:00
TX_0007539,KH_16931,21876,United Kingdom,2,32500.0,2010-12-05 11:40:00
TX_0007540,KH_16931,21871,United Kingdom,4,32500.0,2010-12-05 11:40:00
TX_0007541,KH_16931,20712,United Kingdom,3,50700.0,2010-12-05 11:40:00
TX_0007542,KH_16931,20713,United Kingdom,3,50700.0,2010-12-05 11:40:00
TX_0007543,KH_16814,15056BL,United Kingdom,2,154700.0,2010-12-05 11:45:00
TX_0007544,KH_16814,22415,United Kingdom,1,206700.0,2010-12-05 11:45:00
TX_0007545,KH_16814,22294,United Kingdom,24,32500.0,2010-12-05 11:45:00
TX_0007546,KH_16814,21889,United Kingdom,4,32500.0,2010-12-05 11:45:00
TX_0007547,KH_16814,85123A,United Kingdom,6,76700.0,2010-12-05 11:45:00
TX_0007548,KH_16814,21790,United Kingdom,4,22100.0,2010-12-05 11:45:00
TX_0007549,KH_16814,22480,United Kingdom,6,32500.0,2010-12-05 11:45:00
TX_0007550,KH_16814,22482,United Kingdom,6,32500.0,2010-12-05 11:45:00
TX_0007551,KH_16814,82494L,United Kingdom,6,76700.0,2010-12-05 11:45:00
TX_0007552,KH_16814,82482,United Kingdom,12,66300.0,2010-12-05 11:45:00
TX_0007553,KH_16814,84879,United Kingdom,16,43940.0,2010-12-05 11:45:00
TX_0007554,KH_16814,22667,United Kingdom,2,76700.0,2010-12-05 11:45:00
TX_0007555,KH_16814,22784,United Kingdom,6,128700.0,2010-12-05 11:45:00
TX_0007556,KH_16814,21755,United Kingdom,6,154700.0,2010-12-05 11:45:00
TX_0007557,KH_16814,21754,United Kingdom,6,154700.0,2010-12-05 11:45:00
TX_0007558,KH_15351,22379,United Kingdom,2,54600.0,2010-12-05 11:49:00
TX_0007559,KH_15351,21936,United Kingdom,1,76700.0,2010-12-05 11:49:00
TX_0007560,KH_15351,22618,United Kingdom,1,258700.0,2010-12-05 11:49:00
TX_0007561,KH_15351,22839,United Kingdom,1,388700.0,2010-12-05 11:49:00
TX_0007562,KH_15351,22840,United Kingdom,2,206700.0,2010-12-05 11:49:00
TX_0007563,KH_15351,22086,United Kingdom,1,76700.0,2010-12-05 11:49:00
TX_0007564,KH_15351,21892,United Kingdom,1,32500.0,2010-12-05 11:49:00
TX_0007565,KH_15351,20975,United Kingdom,1,16900.0,2010-12-05 11:49:00
TX_0007566,KH_15351,22988,United Kingdom,2,32500.0,2010-12-05 11:49:00
TX_0007567,KH_15351,22977,United Kingdom,1,32500.0,2010-12-05 11:49:00
TX_0007568,KH_15351,22255,United Kingdom,5,22100.0,2010-12-05 11:49:00
TX_0007569,KH_15351,22383,United Kingdom,1,42900.0,2010-12-05 11:49:00
TX_0007570,KH_15351,22256,United Kingdom,3,32500.0,2010-12-05 11:49:00
TX_0007571,KH_15351,20681,United Kingdom,2,84500.0,2010-12-05 11:49:00
TX_0007572,KH_15351,21161,United Kingdom,6,37700.0,2010-12-05 11:49:00
TX_0007573,KH_15351,22433,United Kingdom,1,50700.0,2010-12-05 11:49:00
TX_0007574,KH_15351,85214,United Kingdom,12,42900.0,2010-12-05 11:49:00
TX_0007575,KH_15351,22356,United Kingdom,2,22100.0,2010-12-05 11:49:00
TX_0007576,KH_15351,22505,United Kingdom,2,128700.0,2010-12-05 11:49:00
TX_0007577,KH_15351,22457,United Kingdom,1,76700.0,2010-12-05 11:49:00
TX_0007578,KH_15351,21447,United Kingdom,1,32500.0,2010-12-05 11:49:00
TX_0007579,KH_15351,22185,United Kingdom,1,42900.0,2010-12-05 11:49:00
TX_0007580,KH_15351,47310M,United Kingdom,1,32500.0,2010-12-05 11:49:00
TX_0007581,KH_15351,22474,United Kingdom,1,128700.0,2010-12-05 11:49:00
TX_0007582,KH_15351,22617,United Kingdom,1,128700.0,2010-12-05 11:49:00
TX_0007583,KH_15351,22196,United Kingdom,2,22100.0,2010-12-05 11:49:00
TX_0007584,KH_15351,20983,United Kingdom,1,22100.0,2010-12-05 11:49:00
TX_0007585,KH_15351,21446,United Kingdom,2,32500.0,2010-12-05 11:49:00
TX_0007586,KH_15351,22432,United Kingdom,1,50700.0,2010-12-05 11:49:00
TX_0007587,KH_15351,22433,United Kingdom,3,50700.0,2010-12-05 11:49:00
TX_0007588,KH_15351,84997D,United Kingdom,6,97500.0,2010-12-05 11:49:00
TX_0007589,KH_15351,21888,United Kingdom,1,97500.0,2010-12-05 11:49:00
TX_0007590,KH_15351,21912,United Kingdom,1,97500.0,2010-12-05 11:49:00
TX_0007591,KH_15351,84969,United Kingdom,1,110500.0,2010-12-05 11:49:00
TX_0007592,KH_15351,22197,United Kingdom,2,22100.0,2010-12-05 11:49:00
TX_0007593,KH_15351,22524,United Kingdom,1,32500.0,2010-12-05 11:49:00
TX_0007594,KH_15351,22525,United Kingdom,1,32500.0,2010-12-05 11:49:00
TX_0007595,KH_15351,22383,United Kingdom,3,42900.0,2010-12-05 11:49:00
TX_0007596,KH_15351,22662,United Kingdom,2,42900.0,2010-12-05 11:49:00
TX_0007597,KH_15351,22479,United Kingdom,3,32500.0,2010-12-05 11:49:00
TX_0007598,KH_15351,22477,United Kingdom,3,32500.0,2010-12-05 11:49:00
TX_0007599,KH_15351,85099B,United Kingdom,4,50700.0,2010-12-05 11:49:00
TX_0007600,KH_15351,22478,United Kingdom,3,32500.0,2010-12-05 11:49:00
TX_0007601,KH_15351,21429,United Kingdom,10,42900.0,2010-12-05 11:49:00
TX_0007602,KH_15351,22728,United Kingdom,1,97500.0,2010-12-05 11:49:00
TX_0007603,KH_15351,22898,United Kingdom,1,50700.0,2010-12-05 11:49:00
TX_0007604,KH_15351,85150,United Kingdom,1,66300.0,2010-12-05 11:49:00
TX_0007605,KH_15351,22382,United Kingdom,2,42900.0,2010-12-05 11:49:00
TX_0007606,KH_15351,21329,United Kingdom,1,42900.0,2010-12-05 11:49:00
TX_0007607,KH_15351,22380,United Kingdom,2,54600.0,2010-12-05 11:49:00
TX_0007608,KH_15351,21833,United Kingdom,18,43940.0,2010-12-05 11:49:00
TX_0007609,KH_13269,22941,United Kingdom,2,221000.0,2010-12-05 11:51:00
TX_0007610,KH_13269,82552,United Kingdom,12,37700.0,2010-12-05 11:51:00
TX_0007611,KH_13269,22752,United Kingdom,2,221000.0,2010-12-05 11:51:00
TX_0007612,KH_13269,20914,United Kingdom,6,76700.0,2010-12-05 11:51:00
TX_0007613,KH_13269,22867,United Kingdom,96,48100.0,2010-12-05 11:51:00
TX_0007614,KH_13269,22041,United Kingdom,6,66300.0,2010-12-05 11:51:00
TX_0007615,KH_13269,22900,United Kingdom,6,76700.0,2010-12-05 11:51:00
TX_0007616,KH_13269,22837,United Kingdom,4,120900.0,2010-12-05 11:51:00
TX_0007617,KH_13269,22943,United Kingdom,3,128700.0,2010-12-05 11:51:00
TX_0007618,KH_13269,22966,United Kingdom,12,32500.0,2010-12-05 11:51:00
TX_0007619,KH_13269,22531,United Kingdom,24,10920.0,2010-12-05 11:51:00
TX_0007620,KH_13269,22952,United Kingdom,24,14300.0,2010-12-05 11:51:00
TX_0007621,KH_14813,85124C,United Kingdom,1,66300.0,2010-12-05 11:54:00
TX_0007622,KH_14813,84508B,United Kingdom,1,66300.0,2010-12-05 11:54:00
TX_0007623,KH_14813,21982,United Kingdom,12,7540.0,2010-12-05 11:54:00
TX_0007624,KH_14813,22752,United Kingdom,1,221000.0,2010-12-05 11:54:00
TX_0007625,KH_14813,22450,United Kingdom,1,87100.0,2010-12-05 11:54:00
TX_0007626,KH_14813,22449,United Kingdom,1,87100.0,2010-12-05 11:54:00
TX_0007627,KH_14813,22451,United Kingdom,2,87100.0,2010-12-05 11:54:00
TX_0007628,KH_14813,22633,United Kingdom,2,54600.0,2010-12-05 11:54:00
TX_0007629,KH_14813,22834,United Kingdom,4,54600.0,2010-12-05 11:54:00
TX_0007630,KH_14813,22632,United Kingdom,5,54600.0,2010-12-05 11:54:00
TX_0007631,KH_14813,22585,United Kingdom,2,32500.0,2010-12-05 11:54:00
TX_0007632,KH_14813,22755,United Kingdom,1,22100.0,2010-12-05 11:54:00
TX_0007633,KH_14813,22754,United Kingdom,1,22100.0,2010-12-05 11:54:00
TX_0007634,KH_14813,22758,United Kingdom,1,32500.0,2010-12-05 11:54:00
TX_0007635,KH_14813,22753,United Kingdom,2,22100.0,2010-12-05 11:54:00
TX_0007636,KH_14813,22752,United Kingdom,3,221000.0,2010-12-05 11:54:00
TX_0007637,KH_14813,21034,United Kingdom,1,24700.0,2010-12-05 11:54:00
TX_0007638,KH_14813,22866,United Kingdom,3,54600.0,2010-12-05 11:54:00
TX_0007639,KH_14813,22865,United Kingdom,2,54600.0,2010-12-05 11:54:00
TX_0007640,KH_14813,22834,United Kingdom,3,54600.0,2010-12-05 11:54:00
TX_0007641,KH_14813,22633,United Kingdom,4,54600.0,2010-12-05 11:54:00
TX_0007642,KH_14813,22867,United Kingdom,4,54600.0,2010-12-05 11:54:00
TX_0007643,KH_14813,22837,United Kingdom,1,120900.0,2010-12-05 11:54:00
TX_0007644,KH_12567,22837,France,8,120900.0,2010-12-05 11:57:00
TX_0007645,KH_12567,22846,France,1,440700.0,2010-12-05 11:57:00
TX_0007646,KH_12567,22892,France,12,32500.0,2010-12-05 11:57:00
TX_0007647,KH_12567,22968,France,8,221000.0,2010-12-05 11:57:00
TX_0007648,KH_12567,84678,France,6,66300.0,2010-12-05 11:57:00
TX_0007649,KH_12567,20665,France,6,76700.0,2010-12-05 11:57:00
TX_0007650,KH_12567,21786,France,24,10920.0,2010-12-05 11:57:00
TX_0007651,KH_12567,21787,France,24,22100.0,2010-12-05 11:57:00
TX_0007652,KH_12567,20750,France,6,206700.0,2010-12-05 11:57:00
TX_0007653,KH_12567,20749,France,2,206700.0,2010-12-05 11:57:00
TX_0007654,KH_12567,21774,France,12,32500.0,2010-12-05 11:57:00
TX_0007655,KH_12567,21121,France,24,32500.0,2010-12-05 11:57:00
TX_0007656,KH_12567,21439,France,12,32500.0,2010-12-05 11:57:00
TX_0007657,KH_12567,47566,France,5,120900.0,2010-12-05 11:57:00
TX_0007658,KH_12567,22727,France,4,97500.0,2010-12-05 11:57:00
TX_0007659,KH_12567,22726,France,4,97500.0,2010-12-05 11:57:00
TX_0007660,KH_12567,22728,France,4,97500.0,2010-12-05 11:57:00
TX_0007661,KH_12567,22729,France,4,97500.0,2010-12-05 11:57:00
TX_0007662,KH_12567,22243,France,12,42900.0,2010-12-05 11:57:00
TX_0007663,KH_12567,22467,France,6,66300.0,2010-12-05 11:57:00
TX_0007664,KH_12567,22318,France,6,76700.0,2010-12-05 11:57:00
TX_0007665,KH_12567,21195,France,6,54600.0,2010-12-05 11:57:00
TX_0007666,KH_12567,20725,France,10,42900.0,2010-12-05 11:57:00
TX_0007667,KH_12567,20726,France,20,42900.0,2010-12-05 11:57:00
TX_0007668,KH_12567,20728,France,10,42900.0,2010-12-05 11:57:00
TX_0007669,KH_12567,21559,France,6,66300.0,2010-12-05 11:57:00
TX_0007670,KH_12567,22326,France,6,76700.0,2010-12-05 11:57:00
TX_0007671,KH_12567,22352,France,6,66300.0,2010-12-05 11:57:00
TX_0007672,KH_12567,21555,France,6,66300.0,2010-12-05 11:57:00
TX_0007673,KH_12567,21533,France,3,128700.0,2010-12-05 11:57:00
TX_0007674,KH_12567,21539,France,3,128700.0,2010-12-05 11:57:00
TX_0007675,KH_12567,22423,France,2,331500.0,2010-12-05 11:57:00
TX_0007676,KH_12567,84997A,France,6,97500.0,2010-12-05 11:57:00
TX_0007677,KH_12567,84997B,France,6,97500.0,2010-12-05 11:57:00
TX_0007678,KH_12567,84997C,France,6,97500.0,2010-12-05 11:57:00
TX_0007679,KH_12567,84279P,France,4,97500.0,2010-12-05 11:57:00
TX_0007680,KH_12567,22634,France,2,258700.0,2010-12-05 11:57:00
TX_0007681,KH_12567,22635,France,2,258700.0,2010-12-05 11:57:00
TX_0007682,KH_12567,22636,France,2,221000.0,2010-12-05 11:57:00
TX_0007683,KH_12567,22180,France,4,258700.0,2010-12-05 11:57:00
TX_0007684,KH_12567,21980,France,24,7540.0,2010-12-05 11:57:00
TX_0007685,KH_12567,21981,France,24,7540.0,2010-12-05 11:57:00
TX_0007686,KH_12567,21982,France,24,7540.0,2010-12-05 11:57:00
TX_0007687,KH_12567,22614,France,24,7540.0,2010-12-05 11:57:00
TX_0007688,KH_12567,22615,France,24,7540.0,2010-12-05 11:57:00
TX_0007689,KH_12567,84870B,France,4,97500.0,2010-12-05 11:57:00
TX_0007690,KH_12567,84870C,France,4,97500.0,2010-12-05 11:57:00
TX_0007691,KH_12567,22554,France,12,42900.0,2010-12-05 11:57:00
TX_0007692,KH_12567,22551,France,12,42900.0,2010-12-05 11:57:00
TX_0007693,KH_12567,16238,France,28,5460.0,2010-12-05 11:57:00
TX_0007694,KH_12567,85227,France,12,22100.0,2010-12-05 11:57:00
TX_0007695,KH_12567,22632,France,12,54600.0,2010-12-05 11:57:00
TX_0007696,KH_12567,21829,France,36,5460.0,2010-12-05 11:57:00
TX_0007697,KH_12567,21556,France,6,66300.0,2010-12-05 11:57:00
TX_0007698,KH_12567,22644,France,12,37700.0,2010-12-05 11:57:00
TX_0007699,KH_12567,22390,France,6,66300.0,2010-12-05 11:57:00
TX_0007700,KH_12567,22483,France,6,76700.0,2010-12-05 11:57:00
TX_0007701,KH_12567,21054,France,6,232700.0,2010-12-05 11:57:00
TX_0007702,KH_12567,21055,France,6,232700.0,2010-12-05 11:57:00
TX_0007703,KH_12567,21892,France,12,32500.0,2010-12-05 11:57:00
TX_0007704,KH_12567,22619,France,4,97500.0,2010-12-05 11:57:00
TX_0007705,KH_12567,84963A,France,4,1116700.0,2010-12-05 11:57:00
TX_0007706,KH_12567,POST,France,9,468000.0,2010-12-05 11:57:00
TX_0007707,KH_14813,22654,United Kingdom,1,154700.0,2010-12-05 11:57:00
TX_0007708,KH_14813,85124C,United Kingdom,2,66300.0,2010-12-05 11:57:00
TX_0007709,KH_14813,20828,United Kingdom,2,66300.0,2010-12-05 11:57:00
TX_0007710,KH_14813,72349B,United Kingdom,1,54600.0,2010-12-05 11:57:00
TX_0007711,KH_14813,17091J,United Kingdom,1,32500.0,2010-12-05 11:57:00
TX_0007712,KH_14813,21955,United Kingdom,1,206700.0,2010-12-05 11:57:00
TX_0007713,KH_17062,72232,United Kingdom,24,4940.0,2010-12-05 11:59:00
TX_0007714,KH_17062,85135C,United Kingdom,1,206700.0,2010-12-05 11:59:00
TX_0007715,KH_17062,22952,United Kingdom,24,14300.0,2010-12-05 11:59:00
TX_0007716,KH_17062,22186,United Kingdom,1,76700.0,2010-12-05 11:59:00
TX_0007717,KH_17062,22107,United Kingdom,2,97500.0,2010-12-05 11:59:00
TX_0007718,KH_17062,22109,United Kingdom,3,97500.0,2010-12-05 11:59:00
TX_0007719,KH_17062,21730,United Kingdom,2,128700.0,2010-12-05 11:59:00
TX_0007720,KH_17062,22795,United Kingdom,2,175500.0,2010-12-05 11:59:00
TX_0007721,KH_17062,84992,United Kingdom,12,14300.0,2010-12-05 11:59:00
TX_0007722,KH_17062,84991,United Kingdom,3,14300.0,2010-12-05 11:59:00
TX_0007723,KH_17062,21977,United Kingdom,6,14300.0,2010-12-05 11:59:00
TX_0007724,KH_17062,22951,United Kingdom,6,14300.0,2010-12-05 11:59:00
TX_0007725,KH_17062,22417,United Kingdom,6,14300.0,2010-12-05 11:59:00
TX_0007726,KH_17062,21975,United Kingdom,3,14300.0,2010-12-05 11:59:00
TX_0007727,KH_17062,21976,United Kingdom,4,14300.0,2010-12-05 11:59:00
TX_0007728,KH_17062,21494,United Kingdom,12,32500.0,2010-12-05 11:59:00
TX_0007729,KH_17062,M,United Kingdom,12,10920.0,2010-12-05 11:59:00
TX_0007730,KH_17062,72598,United Kingdom,4,22100.0,2010-12-05 11:59:00
TX_0007731,KH_17062,22636,United Kingdom,3,221000.0,2010-12-05 11:59:00
TX_0007732,KH_17062,84993B,United Kingdom,12,10920.0,2010-12-05 11:59:00
TX_0007733,KH_17062,21355,United Kingdom,2,32500.0,2010-12-05 11:59:00
TX_0007734,KH_17062,21354,United Kingdom,3,32500.0,2010-12-05 11:59:00
TX_0007735,KH_17062,21358,United Kingdom,2,32500.0,2010-12-05 11:59:00
TX_0007736,KH_17062,22469,United Kingdom,4,42900.0,2010-12-05 11:59:00
TX_0007737,KH_17062,22696,United Kingdom,6,50700.0,2010-12-05 11:59:00
TX_0007738,KH_17062,22695,United Kingdom,4,37700.0,2010-12-05 11:59:00
TX_0007739,KH_15332,22409,Lithuania,12,32500.0,2010-12-05 12:00:00
TX_0007740,KH_15332,21915,Lithuania,36,32500.0,2010-12-05 12:00:00
TX_0007741,KH_15332,15056BL,Lithuania,12,154700.0,2010-12-05 12:00:00
TX_0007742,KH_15332,15056N,Lithuania,12,154700.0,2010-12-05 12:00:00
TX_0007743,KH_15332,20679,Lithuania,12,154700.0,2010-12-05 12:00:00
TX_0007744,KH_15332,20686,Lithuania,6,84500.0,2010-12-05 12:00:00
TX_0007745,KH_15332,20682,Lithuania,6,84500.0,2010-12-05 12:00:00
TX_0007746,KH_15332,20681,Lithuania,6,84500.0,2010-12-05 12:00:00
TX_0007747,KH_15332,21429,Lithuania,8,42900.0,2010-12-05 12:00:00
TX_0007748,KH_15332,21914,Lithuania,36,32500.0,2010-12-05 12:00:00
TX_0007749,KH_15332,22273,Lithuania,12,76700.0,2010-12-05 12:00:00
TX_0007750,KH_15332,22306,Lithuania,36,42900.0,2010-12-05 12:00:00
TX_0007751,KH_15332,22307,Lithuania,36,42900.0,2010-12-05 12:00:00
TX_0007752,KH_15332,22300,Lithuania,18,66300.0,2010-12-05 12:00:00
TX_0007753,KH_15332,22301,Lithuania,18,66300.0,2010-12-05 12:00:00
TX_0007754,KH_15332,22554,Lithuania,24,42900.0,2010-12-05 12:00:00
TX_0007755,KH_15332,22553,Lithuania,12,42900.0,2010-12-05 12:00:00
TX_0007756,KH_15332,22551,Lithuania,12,42900.0,2010-12-05 12:00:00
TX_0007757,KH_15332,22568,Lithuania,24,88140.0,2010-12-05 12:00:00
TX_0007758,KH_15332,20967,Lithuania,16,97500.0,2010-12-05 12:00:00
TX_0007759,KH_15332,22569,Lithuania,16,97500.0,2010-12-05 12:00:00
TX_0007760,KH_15332,22940,Lithuania,16,110500.0,2010-12-05 12:00:00
TX_0007761,KH_15332,22750,Lithuania,16,97500.0,2010-12-05 12:00:00
TX_0007762,KH_15332,22751,Lithuania,16,97500.0,2010-12-05 12:00:00
TX_0007763,KH_15332,85114B,Lithuania,24,42900.0,2010-12-05 12:00:00
TX_0007764,KH_15332,20967,Lithuania,20,97500.0,2010-12-05 12:01:00
TX_0007765,KH_15332,22271,Lithuania,48,66300.0,2010-12-05 12:01:00
TX_0007766,KH_15332,22569,Lithuania,8,97500.0,2010-12-05 12:01:00
TX_0007767,KH_15332,22750,Lithuania,16,97500.0,2010-12-05 12:01:00
TX_0007768,KH_15332,22751,Lithuania,12,97500.0,2010-12-05 12:01:00
TX_0007769,KH_15332,21429,Lithuania,16,42900.0,2010-12-05 12:01:00
TX_0007770,KH_15332,85206A,Lithuania,24,42900.0,2010-12-05 12:01:00
TX_0007771,KH_15332,22021,Lithuania,24,42900.0,2010-12-05 12:01:00
TX_0007772,KH_15332,21915,Lithuania,12,32500.0,2010-12-05 12:02:00
TX_0007773,KH_14810,22974,United Kingdom,6,42900.0,2010-12-05 12:08:00
TX_0007774,KH_14810,22972,United Kingdom,6,42900.0,2010-12-05 12:08:00
TX_0007775,KH_14810,21929,United Kingdom,5,50700.0,2010-12-05 12:08:00
TX_0007776,KH_14810,85099F,United Kingdom,10,50700.0,2010-12-05 12:08:00
TX_0007777,KH_14810,22385,United Kingdom,5,50700.0,2010-12-05 12:08:00
TX_0007778,KH_14810,22899,United Kingdom,4,54600.0,2010-12-05 12:08:00
TX_0007779,KH_14810,21169,United Kingdom,1,43940.0,2010-12-05 12:08:00
TX_0007780,KH_14810,22382,United Kingdom,5,42900.0,2010-12-05 12:08:00
TX_0007781,KH_14810,22634,United Kingdom,1,258700.0,2010-12-05 12:08:00
TX_0007782,KH_14810,22804,United Kingdom,2,76700.0,2010-12-05 12:08:00
TX_0007783,KH_14810,22635,United Kingdom,1,258700.0,2010-12-05 12:08:00
TX_0007784,KH_14810,20981,United Kingdom,4,22100.0,2010-12-05 12:08:00
TX_0007785,KH_14810,22637,United Kingdom,1,66300.0,2010-12-05 12:08:00
TX_0007786,KH_14810,21871,United Kingdom,6,32500.0,2010-12-05 12:08:00
TX_0007787,KH_14810,82482,United Kingdom,2,66300.0,2010-12-05 12:08:00
TX_0007788,KH_14810,22726,United Kingdom,1,97500.0,2010-12-05 12:08:00
TX_0007789,KH_14810,22727,United Kingdom,1,97500.0,2010-12-05 12:08:00
TX_0007790,KH_14810,22551,United Kingdom,5,42900.0,2010-12-05 12:08:00
TX_0007791,KH_14810,22557,United Kingdom,5,42900.0,2010-12-05 12:08:00
TX_0007792,KH_14810,85232B,United Kingdom,3,128700.0,2010-12-05 12:08:00
TX_0007793,KH_14810,22630,United Kingdom,4,50700.0,2010-12-05 12:08:00
TX_0007794,KH_14810,22629,United Kingdom,5,50700.0,2010-12-05 12:08:00
TX_0007795,KH_16353,79321,United Kingdom,48,110500.0,2010-12-05 12:09:00
TX_0007796,KH_18118,20956,United Kingdom,1,32500.0,2010-12-05 12:13:00
TX_0007797,KH_18118,21125,United Kingdom,1,32500.0,2010-12-05 12:13:00
TX_0007798,KH_18118,22077,United Kingdom,1,42900.0,2010-12-05 12:13:00
TX_0007799,KH_18118,21121,United Kingdom,1,32500.0,2010-12-05 12:13:00
TX_0007800,KH_18118,21207,United Kingdom,2,42900.0,2010-12-05 12:13:00
TX_0007801,KH_18118,22653,United Kingdom,1,50700.0,2010-12-05 12:13:00
TX_0007802,KH_18118,22501,United Kingdom,2,258700.0,2010-12-05 12:13:00
TX_0007803,KH_18118,22147,United Kingdom,2,37700.0,2010-12-05 12:13:00
TX_0007804,KH_18118,22865,United Kingdom,4,54600.0,2010-12-05 12:13:00
TX_0007805,KH_18118,22866,United Kingdom,4,54600.0,2010-12-05 12:13:00
TX_0007806,KH_18118,79000,United Kingdom,12,22100.0,2010-12-05 12:13:00
TX_0007807,KH_18118,22911,United Kingdom,1,76700.0,2010-12-05 12:13:00
TX_0007808,KH_18118,22753,United Kingdom,3,22100.0,2010-12-05 12:13:00
TX_0007809,KH_18118,22755,United Kingdom,1,22100.0,2010-12-05 12:13:00
TX_0007810,KH_18118,84380,United Kingdom,1,32500.0,2010-12-05 12:13:00
TX_0007811,KH_18118,20754,United Kingdom,3,54600.0,2010-12-05 12:13:00
TX_0007812,KH_18118,20751,United Kingdom,2,54600.0,2010-12-05 12:13:00
TX_0007813,KH_18118,22422,United Kingdom,2,16900.0,2010-12-05 12:13:00
TX_0007814,KH_18118,22569,United Kingdom,1,97500.0,2010-12-05 12:13:00
TX_0007815,KH_18118,20969,United Kingdom,1,97500.0,2010-12-05 12:13:00
TX_0007816,KH_18118,20967,United Kingdom,1,97500.0,2010-12-05 12:13:00
TX_0007817,KH_18118,21329,United Kingdom,1,42900.0,2010-12-05 12:13:00
TX_0007818,KH_18118,21328,United Kingdom,1,42900.0,2010-12-05 12:13:00
TX_0007819,KH_18118,85123A,United Kingdom,1,76700.0,2010-12-05 12:13:00
TX_0007820,KH_18118,22910,United Kingdom,4,76700.0,2010-12-05 12:13:00
TX_0007821,KH_18118,22847,United Kingdom,1,440700.0,2010-12-05 12:13:00
TX_0007822,KH_18118,22086,United Kingdom,4,76700.0,2010-12-05 12:13:00
TX_0007823,KH_18118,35965,United Kingdom,1,76700.0,2010-12-05 12:13:00
TX_0007824,KH_18118,72816,United Kingdom,4,32500.0,2010-12-05 12:13:00
TX_0007825,KH_18118,84006,United Kingdom,3,22100.0,2010-12-05 12:13:00
TX_0007826,KH_18118,22440,United Kingdom,1,10920.0,2010-12-05 12:13:00
TX_0007827,KH_18118,21327,United Kingdom,1,42900.0,2010-12-05 12:13:00
TX_0007828,KH_18118,21733,United Kingdom,4,76700.0,2010-12-05 12:13:00
TX_0007829,KH_18118,22925,United Kingdom,1,154700.0,2010-12-05 12:13:00
TX_0007830,KH_18118,21239,United Kingdom,1,22100.0,2010-12-05 12:13:00
TX_0007831,KH_18118,21238,United Kingdom,1,22100.0,2010-12-05 12:13:00
TX_0007832,KH_18118,21240,United Kingdom,1,22100.0,2010-12-05 12:13:00
TX_0007833,KH_18118,22748,United Kingdom,1,54600.0,2010-12-05 12:13:00
TX_0007834,KH_18118,22332,United Kingdom,2,42900.0,2010-12-05 12:13:00
TX_0007835,KH_18118,20914,United Kingdom,1,76700.0,2010-12-05 12:13:00
TX_0007836,KH_18118,20684,United Kingdom,1,84500.0,2010-12-05 12:13:00
TX_0007837,KH_18118,22141,United Kingdom,1,54600.0,2010-12-05 12:13:00
TX_0007838,KH_18118,20975,United Kingdom,1,16900.0,2010-12-05 12:13:00
TX_0007839,KH_18118,20973,United Kingdom,1,16900.0,2010-12-05 12:13:00
TX_0007840,KH_18118,10135,United Kingdom,1,32500.0,2010-12-05 12:13:00
TX_0007841,KH_18118,10133,United Kingdom,1,22100.0,2010-12-05 12:13:00
TX_0007842,KH_18118,20992,United Kingdom,3,22100.0,2010-12-05 12:13:00
TX_0007843,KH_18118,21212,United Kingdom,1,14300.0,2010-12-05 12:13:00
TX_0007844,KH_18118,84536A,United Kingdom,1,10920.0,2010-12-05 12:13:00
TX_0007845,KH_18118,84536B,United Kingdom,1,10920.0,2010-12-05 12:13:00
TX_0007846,KH_18118,22470,United Kingdom,5,76700.0,2010-12-05 12:13:00
TX_0007847,KH_18118,22916,United Kingdom,2,16900.0,2010-12-05 12:13:00
TX_0007848,KH_18118,22920,United Kingdom,2,16900.0,2010-12-05 12:13:00
TX_0007849,KH_18118,22921,United Kingdom,2,16900.0,2010-12-05 12:13:00
TX_0007850,KH_18118,22917,United Kingdom,2,16900.0,2010-12-05 12:13:00
TX_0007851,KH_18118,22918,United Kingdom,2,16900.0,2010-12-05 12:13:00
TX_0007852,KH_18118,22919,United Kingdom,2,16900.0,2010-12-05 12:13:00
TX_0007853,KH_18118,22694,United Kingdom,7,54600.0,2010-12-05 12:13:00
TX_0007854,KH_18118,21098,United Kingdom,4,32500.0,2010-12-05 12:13:00
TX_0007855,KH_18118,21242,United Kingdom,1,43940.0,2010-12-05 12:13:00
TX_0007856,KH_18118,21243,United Kingdom,1,43940.0,2010-12-05 12:13:00
TX_0007857,KH_18118,21244,United Kingdom,1,43940.0,2010-12-05 12:13:00
TX_0007858,KH_18118,21245,United Kingdom,1,43940.0,2010-12-05 12:13:00
TX_0007859,KH_18118,21987,United Kingdom,5,16900.0,2010-12-05 12:13:00
TX_0007860,KH_18118,84596E,United Kingdom,1,32500.0,2010-12-05 12:13:00
TX_0007861,KH_18118,84596G,United Kingdom,1,32500.0,2010-12-05 12:13:00
TX_0007862,KH_18118,20676,United Kingdom,1,32500.0,2010-12-05 12:13:00
TX_0007863,KH_18118,20675,United Kingdom,1,32500.0,2010-12-05 12:13:00
TX_0007864,KH_18118,20674,United Kingdom,1,32500.0,2010-12-05 12:13:00
TX_0007865,KH_18118,20677,United Kingdom,1,32500.0,2010-12-05 12:13:00
TX_0007866,KH_18118,22951,United Kingdom,3,14300.0,2010-12-05 12:13:00
TX_0007867,KH_18118,21213,United Kingdom,1,14300.0,2010-12-05 12:13:00
TX_0007868,KH_18118,84992,United Kingdom,4,14300.0,2010-12-05 12:13:00
TX_0007869,KH_18118,21212,United Kingdom,2,14300.0,2010-12-05 12:13:00
TX_0007870,KH_18118,21218,United Kingdom,1,97500.0,2010-12-05 12:13:00
TX_0007871,KH_18118,21988,United Kingdom,5,22100.0,2010-12-05 12:13:00
TX_0007872,KH_18118,20974,United Kingdom,1,16900.0,2010-12-05 12:13:00
TX_0007873,KH_18118,21989,United Kingdom,2,22100.0,2010-12-05 12:13:00
TX_0007874,KH_18118,21154,United Kingdom,5,32500.0,2010-12-05 12:13:00
TX_0007875,KH_18118,21035,United Kingdom,3,76700.0,2010-12-05 12:13:00
TX_0007876,KH_18118,21110,United Kingdom,2,175500.0,2010-12-05 12:13:00
TX_0007877,KH_18118,22666,United Kingdom,1,76700.0,2010-12-05 12:13:00
TX_0007878,KH_18118,22667,United Kingdom,2,76700.0,2010-12-05 12:13:00
TX_0007879,KH_18118,22474,United Kingdom,1,128700.0,2010-12-05 12:13:00
TX_0007880,KH_18118,21216,United Kingdom,1,128700.0,2010-12-05 12:13:00
TX_0007881,KH_18118,22208,United Kingdom,2,42900.0,2010-12-05 12:13:00
TX_0007882,KH_18118,22210,United Kingdom,1,42900.0,2010-12-05 12:13:00
TX_0007883,KH_18118,21486,United Kingdom,2,97500.0,2010-12-05 12:13:00
TX_0007884,KH_18118,21479,United Kingdom,1,97500.0,2010-12-05 12:13:00
TX_0007885,KH_18118,84029G,United Kingdom,1,97500.0,2010-12-05 12:13:00
TX_0007886,KH_18118,21623,United Kingdom,1,258700.0,2010-12-05 12:13:00
TX_0007887,KH_18118,22505,United Kingdom,1,128700.0,2010-12-05 12:13:00
TX_0007888,KH_18118,22386,United Kingdom,1,50700.0,2010-12-05 12:13:00
TX_0007889,KH_18118,21931,United Kingdom,3,50700.0,2010-12-05 12:13:00
TX_0007890,KH_18118,85099B,United Kingdom,1,50700.0,2010-12-05 12:13:00
TX_0007891,KH_18118,22356,United Kingdom,1,22100.0,2010-12-05 12:13:00
TX_0007892,KH_18118,20724,United Kingdom,3,22100.0,2010-12-05 12:13:00
TX_0007893,KH_18118,22539,United Kingdom,1,10920.0,2010-12-05 12:13:00
TX_0007894,KH_18118,22543,United Kingdom,1,10920.0,2010-12-05 12:13:00
TX_0007895,KH_18118,22437,United Kingdom,1,22100.0,2010-12-05 12:13:00
TX_0007896,KH_18118,22466,United Kingdom,1,50700.0,2010-12-05 12:13:00
TX_0007897,KH_18118,79302M,United Kingdom,1,76700.0,2010-12-05 12:13:00
TX_0007898,KH_18118,21888,United Kingdom,1,97500.0,2010-12-05 12:13:00
TX_0007899,KH_18118,22457,United Kingdom,2,76700.0,2010-12-05 12:13:00
TX_0007900,KH_18118,85135B,United Kingdom,1,206700.0,2010-12-05 12:13:00
TX_0007901,KH_18118,85136C,United Kingdom,1,206700.0,2010-12-05 12:13:00
TX_0007902,KH_18118,22061,United Kingdom,2,258700.0,2010-12-05 12:13:00
TX_0007903,KH_18118,22635,United Kingdom,2,258700.0,2010-12-05 12:13:00
TX_0007904,KH_18118,22618,United Kingdom,1,258700.0,2010-12-05 12:13:00
TX_0007905,KH_18118,22331,United Kingdom,1,42900.0,2010-12-05 12:13:00
TX_0007906,KH_18118,22064,United Kingdom,1,42900.0,2010-12-05 12:13:00
TX_0007907,KH_18118,22906,United Kingdom,1,42900.0,2010-12-05 12:13:00
TX_0007908,KH_18118,22750,United Kingdom,1,97500.0,2010-12-05 12:13:00
TX_0007909,KH_18118,22751,United Kingdom,1,97500.0,2010-12-05 12:13:00
TX_0007910,KH_18118,22274,United Kingdom,1,76700.0,2010-12-05 12:13:00
TX_0007911,KH_18118,84898F,United Kingdom,1,54600.0,2010-12-05 12:13:00
TX_0007912,KH_18118,22634,United Kingdom,1,258700.0,2010-12-05 12:13:00
TX_0007913,KH_13831,85123A,United Kingdom,128,66300.0,2010-12-05 12:13:00
TX_0007914,KH_13831,21733,United Kingdom,32,66300.0,2010-12-05 12:13:00
TX_0007915,KH_12841,22890,United Kingdom,1,258700.0,2010-12-05 12:15:00
TX_0007916,KH_12841,22468,United Kingdom,4,175500.0,2010-12-05 12:15:00
TX_0007917,KH_12841,84898F,United Kingdom,1,54600.0,2010-12-05 12:15:00
TX_0007918,KH_12841,22190,United Kingdom,1,54600.0,2010-12-05 12:15:00
TX_0007919,KH_12841,22956,United Kingdom,2,54600.0,2010-12-05 12:15:00
TX_0007920,KH_12841,22314,United Kingdom,1,76700.0,2010-12-05 12:15:00
TX_0007921,KH_12841,21949,United Kingdom,3,32500.0,2010-12-05 12:15:00
TX_0007922,KH_12841,84375,United Kingdom,1,54600.0,2010-12-05 12:15:00
TX_0007923,KH_12841,79321,United Kingdom,4,128700.0,2010-12-05 12:15:00
TX_0007924,KH_12841,21445,United Kingdom,4,32500.0,2010-12-05 12:15:00
TX_0007925,KH_12841,22573,United Kingdom,20,22100.0,2010-12-05 12:15:00
TX_0007926,KH_12841,22572,United Kingdom,5,22100.0,2010-12-05 12:15:00
TX_0007927,KH_12841,85199S,United Kingdom,12,10920.0,2010-12-05 12:15:00
TX_0007928,KH_12841,21447,United Kingdom,4,32500.0,2010-12-05 12:15:00
TX_0007929,KH_12841,22666,United Kingdom,1,76700.0,2010-12-05 12:15:00
TX_0007930,KH_12841,22569,United Kingdom,1,97500.0,2010-12-05 12:15:00
TX_0007931,KH_12841,22593,United Kingdom,36,22100.0,2010-12-05 12:15:00
TX_0007932,KH_12841,77101A,United Kingdom,4,32500.0,2010-12-05 12:15:00
TX_0007933,KH_12841,22945,United Kingdom,12,22100.0,2010-12-05 12:15:00
TX_0007934,KH_12841,72741,United Kingdom,9,37700.0,2010-12-05 12:15:00
TX_0007935,KH_12841,22086,United Kingdom,5,76700.0,2010-12-05 12:15:00
TX_0007936,KH_12841,22499,United Kingdom,2,154700.0,2010-12-05 12:15:00
TX_0007937,KH_12841,47566,United Kingdom,2,120900.0,2010-12-05 12:15:00
TX_0007938,KH_13506,22242,United Kingdom,12,42900.0,2010-12-05 12:15:00
TX_0007939,KH_13506,22147,United Kingdom,12,37700.0,2010-12-05 12:15:00
TX_0007940,KH_13506,84358,United Kingdom,1,258700.0,2010-12-05 12:15:00
TX_0007941,KH_13506,20967,United Kingdom,4,97500.0,2010-12-05 12:15:00
TX_0007942,KH_13506,20970,United Kingdom,4,97500.0,2010-12-05 12:15:00
TX_0007943,KH_13506,22492,United Kingdom,36,16900.0,2010-12-05 12:15:00
TX_0007944,KH_13506,84077,United Kingdom,48,7540.0,2010-12-05 12:15:00
TX_0007945,KH_13506,22835,United Kingdom,4,120900.0,2010-12-05 12:15:00
TX_0007946,KH_13506,10135,United Kingdom,10,32500.0,2010-12-05 12:15:00
TX_0007947,KH_13506,21892,United Kingdom,24,32500.0,2010-12-05 12:15:00
TX_0007948,KH_13506,21914,United Kingdom,12,32500.0,2010-12-05 12:15:00
TX_0007949,KH_13506,21915,United Kingdom,24,32500.0,2010-12-05 12:15:00
TX_0007950,KH_13506,22548,United Kingdom,12,32500.0,2010-12-05 12:15:00
TX_0007951,KH_13506,22620,United Kingdom,12,32500.0,2010-12-05 12:15:00
TX_0007952,KH_13506,22561,United Kingdom,12,42900.0,2010-12-05 12:15:00
TX_0007953,KH_13506,21485,United Kingdom,3,128700.0,2010-12-05 12:15:00
TX_0007954,KH_13506,48185,United Kingdom,2,206700.0,2010-12-05 12:15:00
TX_0007955,KH_17796,22835,United Kingdom,2,120900.0,2010-12-05 12:23:00
TX_0007956,KH_17796,22795,United Kingdom,1,175500.0,2010-12-05 12:23:00
TX_0007957,KH_17796,84378,United Kingdom,2,32500.0,2010-12-05 12:23:00
TX_0007958,KH_17796,22727,United Kingdom,1,97500.0,2010-12-05 12:23:00
TX_0007959,KH_17796,22960,United Kingdom,1,110500.0,2010-12-05 12:23:00
TX_0007960,KH_17796,22829,United Kingdom,1,258700.0,2010-12-05 12:23:00
TX_0007961,KH_17796,21479,United Kingdom,2,97500.0,2010-12-05 12:23:00
TX_0007962,KH_17796,21591,United Kingdom,2,32500.0,2010-12-05 12:23:00
TX_0007963,KH_17796,21174,United Kingdom,1,50700.0,2010-12-05 12:23:00
TX_0007964,KH_17796,21181,United Kingdom,1,54600.0,2010-12-05 12:23:00
TX_0007965,KH_17796,22630,United Kingdom,1,50700.0,2010-12-05 12:23:00
TX_0007966,KH_17796,22913,United Kingdom,1,128700.0,2010-12-05 12:23:00
TX_0007967,KH_17796,22224,United Kingdom,2,76700.0,2010-12-05 12:23:00
TX_0007968,KH_17796,22926,United Kingdom,2,154700.0,2010-12-05 12:23:00
TX_0007969,KH_17796,21539,United Kingdom,1,128700.0,2010-12-05 12:23:00
TX_0007970,KH_17796,21216,United Kingdom,1,128700.0,2010-12-05 12:23:00
TX_0007971,KH_17796,22784,United Kingdom,4,128700.0,2010-12-05 12:23:00
TX_0007972,KH_17796,22427,United Kingdom,1,154700.0,2010-12-05 12:23:00
TX_0007973,KH_17796,21218,United Kingdom,1,97500.0,2010-12-05 12:23:00
TX_0007974,KH_15716,22810,United Kingdom,6,76700.0,2010-12-05 12:26:00
TX_0007975,KH_15716,22121,United Kingdom,2,154700.0,2010-12-05 12:26:00
TX_0007976,KH_15716,21326,United Kingdom,12,16900.0,2010-12-05 12:26:00
TX_0007977,KH_15716,22809,United Kingdom,6,76700.0,2010-12-05 12:26:00
TX_0007978,KH_15716,22572,United Kingdom,96,18720.0,2010-12-05 12:26:00
TX_0007979,KH_15716,22576,United Kingdom,48,22100.0,2010-12-05 12:26:00
TX_0007980,KH_15716,22086,United Kingdom,2,76700.0,2010-12-05 12:26:00
TX_0007981,KH_15716,22910,United Kingdom,1,76700.0,2010-12-05 12:26:00
TX_0007982,KH_15716,22365,United Kingdom,1,206700.0,2010-12-05 12:26:00
TX_0007983,KH_15716,22904,United Kingdom,3,76700.0,2010-12-05 12:26:00
TX_0007984,KH_15716,22121,United Kingdom,1,154700.0,2010-12-05 12:26:00
TX_0007985,KH_15716,22470,United Kingdom,5,76700.0,2010-12-05 12:26:00
TX_0007986,KH_15716,22739,United Kingdom,10,42900.0,2010-12-05 12:26:00
TX_0007987,KH_15716,22696,United Kingdom,4,50700.0,2010-12-05 12:26:00
TX_0007988,KH_15716,22155,United Kingdom,2,10920.0,2010-12-05 12:26:00
TX_0007989,KH_15716,22604,United Kingdom,1,66300.0,2010-12-05 12:26:00
TX_0007990,KH_15716,22638,United Kingdom,1,66300.0,2010-12-05 12:26:00
TX_0007991,KH_15716,22639,United Kingdom,3,66300.0,2010-12-05 12:26:00
TX_0007992,KH_15716,22585,United Kingdom,6,32500.0,2010-12-05 12:26:00
TX_0007993,KH_15716,22574,United Kingdom,96,22100.0,2010-12-05 12:26:00
TX_0007994,KH_15716,21294,United Kingdom,48,32500.0,2010-12-05 12:26:00
TX_0007995,KH_15716,85049A,United Kingdom,6,32500.0,2010-12-05 12:26:00
TX_0007996,KH_15716,84029G,United Kingdom,3,97500.0,2010-12-05 12:26:00
TX_0007997,KH_15716,22835,United Kingdom,2,120900.0,2010-12-05 12:26:00
TX_0007998,KH_15716,22114,United Kingdom,2,102700.0,2010-12-05 12:26:00
TX_0007999,KH_15716,22082,United Kingdom,5,42900.0,2010-12-05 12:26:00
TX_0008000,KH_15716,85049E,United Kingdom,3,32500.0,2010-12-05 12:26:00
TX_0008001,KH_15716,84879,United Kingdom,16,43940.0,2010-12-05 12:26:00
TX_0008002,KH_15716,22766,United Kingdom,4,76700.0,2010-12-05 12:26:00
TX_0008003,KH_15716,22173,United Kingdom,2,76700.0,2010-12-05 12:26:00
TX_0008004,KH_15716,22155,United Kingdom,10,10920.0,2010-12-05 12:26:00
TX_0008005,KH_15716,22158,United Kingdom,1,76700.0,2010-12-05 12:26:00
TX_0008006,KH_15716,20878,United Kingdom,3,32500.0,2010-12-05 12:26:00
TX_0008007,KH_15716,22429,United Kingdom,1,110500.0,2010-12-05 12:26:00
TX_0008008,KH_15716,85038,United Kingdom,3,54600.0,2010-12-05 12:26:00
TX_0008009,KH_15716,84836,United Kingdom,12,32500.0,2010-12-05 12:26:00
TX_0008010,KH_15716,21034,United Kingdom,2,24700.0,2010-12-05 12:26:00
TX_0008011,KH_18156,21468,United Kingdom,1,97500.0,2010-12-05 12:29:00
TX_0008012,KH_18156,21466,United Kingdom,1,97500.0,2010-12-05 12:29:00
TX_0008013,KH_18156,22197,United Kingdom,2,22100.0,2010-12-05 12:29:00
TX_0008014,KH_18156,21558,United Kingdom,2,66300.0,2010-12-05 12:29:00
TX_0008015,KH_18156,22632,United Kingdom,1,54600.0,2010-12-05 12:29:00
TX_0008016,KH_18156,22150,United Kingdom,1,50700.0,2010-12-05 12:29:00
TX_0008017,KH_18156,22149,United Kingdom,1,54600.0,2010-12-05 12:29:00
TX_0008018,KH_18156,22147,United Kingdom,1,37700.0,2010-12-05 12:29:00
TX_0008019,KH_18156,22558,United Kingdom,2,38740.0,2010-12-05 12:29:00
TX_0008020,KH_18156,21591,United Kingdom,2,32500.0,2010-12-05 12:29:00
TX_0008021,KH_18156,84378,United Kingdom,2,32500.0,2010-12-05 12:29:00
TX_0008022,KH_18156,20914,United Kingdom,1,76700.0,2010-12-05 12:29:00
TX_0008023,KH_18156,22315,United Kingdom,1,32500.0,2010-12-05 12:29:00
TX_0008024,KH_18156,21563,United Kingdom,2,76700.0,2010-12-05 12:29:00
TX_0008025,KH_18156,22480,United Kingdom,1,32500.0,2010-12-05 12:29:00
TX_0008026,KH_18156,47591D,United Kingdom,1,50700.0,2010-12-05 12:29:00
TX_0008027,KH_18156,22367,United Kingdom,1,50700.0,2010-12-05 12:29:00
TX_0008028,KH_18156,47567B,United Kingdom,1,154700.0,2010-12-05 12:29:00
TX_0008029,KH_18156,21210,United Kingdom,1,37700.0,2010-12-05 12:29:00
TX_0008030,KH_18156,21625,United Kingdom,1,180700.0,2010-12-05 12:29:00
TX_0008031,KH_18156,22123,United Kingdom,1,154700.0,2010-12-05 12:29:00
TX_0008032,KH_18156,22271,United Kingdom,1,76700.0,2010-12-05 12:29:00
TX_0008033,KH_18156,22899,United Kingdom,2,54600.0,2010-12-05 12:29:00
TX_0008034,KH_18156,22897,United Kingdom,1,37700.0,2010-12-05 12:29:00
TX_0008035,KH_18156,47559B,United Kingdom,1,32500.0,2010-12-05 12:29:00
TX_0008036,KH_18156,21154,United Kingdom,1,32500.0,2010-12-05 12:29:00
TX_0008037,KH_18156,22939,United Kingdom,2,128700.0,2010-12-05 12:29:00
TX_0008038,KH_18156,22896,United Kingdom,1,66300.0,2010-12-05 12:29:00
TX_0008039,KH_18156,21836,United Kingdom,1,97500.0,2010-12-05 12:29:00
TX_0008040,KH_18156,21042,United Kingdom,1,154700.0,2010-12-05 12:29:00
TX_0008041,KH_18156,21155,United Kingdom,2,54600.0,2010-12-05 12:29:00
TX_0008042,KH_18156,84029E,United Kingdom,1,97500.0,2010-12-05 12:29:00
TX_0008043,KH_18156,21481,United Kingdom,1,76700.0,2010-12-05 12:29:00
TX_0008044,KH_18156,84032B,United Kingdom,1,76700.0,2010-12-05 12:29:00
TX_0008045,KH_18156,22940,United Kingdom,1,110500.0,2010-12-05 12:29:00
TX_0008046,KH_18156,22274,United Kingdom,1,76700.0,2010-12-05 12:29:00
TX_0008047,KH_18156,22272,United Kingdom,1,76700.0,2010-12-05 12:29:00
TX_0008048,KH_18156,22273,United Kingdom,1,76700.0,2010-12-05 12:29:00
TX_0008049,KH_18156,21156,United Kingdom,1,50700.0,2010-12-05 12:29:00
TX_0008050,KH_18156,21035,United Kingdom,2,76700.0,2010-12-05 12:29:00
TX_0008051,KH_18156,21080,United Kingdom,3,22100.0,2010-12-05 12:29:00
TX_0008052,KH_18156,84032A,United Kingdom,1,76700.0,2010-12-05 12:29:00
TX_0008053,KH_18156,22114,United Kingdom,1,102700.0,2010-12-05 12:29:00
TX_0008054,KH_18156,22110,United Kingdom,1,66300.0,2010-12-05 12:29:00
TX_0008055,KH_18156,21485,United Kingdom,1,128700.0,2010-12-05 12:29:00
TX_0008056,KH_18156,22112,United Kingdom,2,128700.0,2010-12-05 12:29:00
TX_0008057,KH_18156,22111,United Kingdom,1,128700.0,2010-12-05 12:29:00
TX_0008058,KH_18156,21479,United Kingdom,4,97500.0,2010-12-05 12:29:00
TX_0008059,KH_18156,84029G,United Kingdom,1,97500.0,2010-12-05 12:29:00
TX_0008060,KH_18156,21034,United Kingdom,3,24700.0,2010-12-05 12:29:00
TX_0008061,KH_16983,22111,United Kingdom,12,128700.0,2010-12-05 12:34:00
TX_0008062,KH_16983,21802,United Kingdom,36,10920.0,2010-12-05 12:34:00
TX_0008063,KH_16983,21807,United Kingdom,36,10920.0,2010-12-05 12:34:00
TX_0008064,KH_16983,21481,United Kingdom,6,76700.0,2010-12-05 12:34:00
TX_0008065,KH_16983,22271,United Kingdom,2,76700.0,2010-12-05 12:34:00
TX_0008066,KH_16983,22273,United Kingdom,2,76700.0,2010-12-05 12:34:00
TX_0008067,KH_16983,22272,United Kingdom,2,76700.0,2010-12-05 12:34:00
TX_0008068,KH_16983,21034,United Kingdom,1,24700.0,2010-12-05 12:34:00
TX_0008069,KH_16983,22570,United Kingdom,10,97500.0,2010-12-05 12:34:00
TX_0008070,KH_17059,22144,United Kingdom,3,54600.0,2010-12-05 12:35:00
TX_0008071,KH_17059,22423,United Kingdom,1,331500.0,2010-12-05 12:35:00
TX_0008072,KH_17059,22560,United Kingdom,6,32500.0,2010-12-05 12:35:00
TX_0008073,KH_17059,22818,United Kingdom,12,10920.0,2010-12-05 12:35:00
TX_0008074,KH_17059,22652,United Kingdom,2,42900.0,2010-12-05 12:35:00
TX_0008075,KH_17059,84991,United Kingdom,1,14300.0,2010-12-05 12:35:00
TX_0008076,KH_17059,21213,United Kingdom,1,14300.0,2010-12-05 12:35:00
TX_0008077,KH_17059,22951,United Kingdom,1,14300.0,2010-12-05 12:35:00
TX_0008078,KH_17059,21977,United Kingdom,1,14300.0,2010-12-05 12:35:00
TX_0008079,KH_17059,85227,United Kingdom,2,22100.0,2010-12-05 12:35:00
TX_0008080,KH_17059,85049B,United Kingdom,2,32500.0,2010-12-05 12:35:00
TX_0008081,KH_17059,85049G,United Kingdom,1,32500.0,2010-12-05 12:35:00
TX_0008082,KH_17059,85049E,United Kingdom,3,32500.0,2010-12-05 12:35:00
TX_0008083,KH_17059,85049A,United Kingdom,2,32500.0,2010-12-05 12:35:00
TX_0008084,KH_17059,84032A,United Kingdom,3,76700.0,2010-12-05 12:35:00
TX_0008085,KH_17059,22158,United Kingdom,8,76700.0,2010-12-05 12:35:00
TX_0008086,KH_17059,84754,United Kingdom,12,32500.0,2010-12-05 12:35:00
TX_0008087,KH_17059,84032B,United Kingdom,3,76700.0,2010-12-05 12:35:00
TX_0008088,KH_17059,21479,United Kingdom,3,97500.0,2010-12-05 12:35:00
TX_0008089,KH_17059,21481,United Kingdom,2,76700.0,2010-12-05 12:35:00
TX_0008090,KH_17059,22110,United Kingdom,2,66300.0,2010-12-05 12:35:00
TX_0008091,KH_17059,22114,United Kingdom,1,102700.0,2010-12-05 12:35:00
TX_0008092,KH_17059,22112,United Kingdom,1,128700.0,2010-12-05 12:35:00
TX_0008093,KH_17059,22835,United Kingdom,1,120900.0,2010-12-05 12:35:00
TX_0008094,KH_17059,22111,United Kingdom,1,128700.0,2010-12-05 12:35:00
TX_0008095,KH_17059,84029E,United Kingdom,1,97500.0,2010-12-05 12:35:00
TX_0008096,KH_17059,21484,United Kingdom,2,89700.0,2010-12-05 12:35:00
TX_0008097,KH_17059,84029G,United Kingdom,2,97500.0,2010-12-05 12:35:00
TX_0008098,KH_17059,21485,United Kingdom,2,128700.0,2010-12-05 12:35:00
TX_0008099,KH_17059,20878,United Kingdom,8,32500.0,2010-12-05 12:35:00
TX_0008100,KH_17059,22597,United Kingdom,2,22100.0,2010-12-05 12:35:00
TX_0008101,KH_17059,22599,United Kingdom,3,22100.0,2010-12-05 12:35:00
TX_0008102,KH_17059,22598,United Kingdom,4,22100.0,2010-12-05 12:35:00
TX_0008103,KH_17059,22581,United Kingdom,2,22100.0,2010-12-05 12:35:00
TX_0008104,KH_17059,22571,United Kingdom,7,22100.0,2010-12-05 12:35:00
TX_0008105,KH_17059,22732,United Kingdom,6,32500.0,2010-12-05 12:35:00
TX_0008106,KH_17059,22731,United Kingdom,3,32500.0,2010-12-05 12:35:00
TX_0008107,KH_17059,22733,United Kingdom,2,32500.0,2010-12-05 12:35:00
TX_0008108,KH_17059,22603,United Kingdom,2,22100.0,2010-12-05 12:35:00
TX_0008109,KH_17059,22577,United Kingdom,4,22100.0,2010-12-05 12:35:00
TX_0008110,KH_17059,84849B,United Kingdom,5,43940.0,2010-12-05 12:35:00
TX_0008111,KH_17059,21326,United Kingdom,24,16900.0,2010-12-05 12:35:00
TX_0008112,KH_17059,84946,United Kingdom,6,32500.0,2010-12-05 12:35:00
TX_0008113,KH_17059,22834,United Kingdom,2,54600.0,2010-12-05 12:35:00
TX_0008114,KH_17059,22633,United Kingdom,3,54600.0,2010-12-05 12:35:00
TX_0008115,KH_17059,22632,United Kingdom,3,54600.0,2010-12-05 12:35:00
TX_0008116,KH_17059,22866,United Kingdom,3,54600.0,2010-12-05 12:35:00
TX_0008117,KH_17059,22865,United Kingdom,5,54600.0,2010-12-05 12:35:00
TX_0008118,KH_17059,22867,United Kingdom,3,54600.0,2010-12-05 12:35:00
TX_0008119,KH_17059,21743,United Kingdom,2,76700.0,2010-12-05 12:35:00
TX_0008120,KH_17059,22154,United Kingdom,48,10920.0,2010-12-05 12:35:00
TX_0008121,KH_17059,21801,United Kingdom,6,10920.0,2010-12-05 12:35:00
TX_0008122,KH_17059,21807,United Kingdom,4,10920.0,2010-12-05 12:35:00
TX_0008123,KH_17059,21803,United Kingdom,1,10920.0,2010-12-05 12:35:00
TX_0008124,KH_17059,21802,United Kingdom,16,10920.0,2010-12-05 12:35:00
TX_0008125,KH_17059,22809,United Kingdom,3,76700.0,2010-12-05 12:35:00
TX_0008126,KH_17059,22810,United Kingdom,6,76700.0,2010-12-05 12:35:00
TX_0008127,KH_17059,51014C,United Kingdom,12,22100.0,2010-12-05 12:35:00
TX_0008128,KH_17059,21871,United Kingdom,1,32500.0,2010-12-05 12:35:00
TX_0008129,KH_17059,47591D,United Kingdom,2,50700.0,2010-12-05 12:35:00
TX_0008130,KH_17059,21156,United Kingdom,2,50700.0,2010-12-05 12:35:00
TX_0008131,KH_17059,22367,United Kingdom,2,50700.0,2010-12-05 12:35:00
TX_0008132,KH_17059,21625,United Kingdom,2,180700.0,2010-12-05 12:35:00
TX_0008133,KH_17059,82582,United Kingdom,4,54600.0,2010-12-05 12:35:00
TX_0008134,KH_17059,21165,United Kingdom,1,43940.0,2010-12-05 12:35:00
TX_0008135,KH_17059,21164,United Kingdom,2,76700.0,2010-12-05 12:35:00
TX_0008136,KH_17059,21175,United Kingdom,1,54600.0,2010-12-05 12:35:00
TX_0008137,KH_17059,21174,United Kingdom,1,50700.0,2010-12-05 12:35:00
TX_0008138,KH_17059,21166,United Kingdom,1,50700.0,2010-12-05 12:35:00
TX_0008139,KH_17059,22457,United Kingdom,2,76700.0,2010-12-05 12:35:00
TX_0008140,KH_17059,21584,United Kingdom,12,42900.0,2010-12-05 12:35:00
TX_0008141,KH_17059,22952,United Kingdom,24,14300.0,2010-12-05 12:35:00
TX_0008142,KH_17059,22077,United Kingdom,6,42900.0,2010-12-05 12:35:00
TX_0008143,KH_17059,84534B,United Kingdom,4,22100.0,2010-12-05 12:35:00
TX_0008144,KH_17059,21587,United Kingdom,12,66300.0,2010-12-05 12:35:00
TX_0008145,KH_17059,85064,United Kingdom,2,141700.0,2010-12-05 12:35:00
TX_0008146,KH_17059,85066,United Kingdom,2,331500.0,2010-12-05 12:35:00
TX_0008147,KH_17059,22384,United Kingdom,2,42900.0,2010-12-05 12:35:00
TX_0008148,KH_17059,20725,United Kingdom,2,42900.0,2010-12-05 12:35:00
TX_0008149,KH_17059,22383,United Kingdom,3,42900.0,2010-12-05 12:35:00
TX_0008150,KH_17059,22382,United Kingdom,1,42900.0,2010-12-05 12:35:00
TX_0008151,KH_17059,20728,United Kingdom,2,42900.0,2010-12-05 12:35:00
TX_0008152,KH_17059,22662,United Kingdom,2,42900.0,2010-12-05 12:35:00
TX_0008153,KH_17059,20726,United Kingdom,2,42900.0,2010-12-05 12:35:00
TX_0008154,KH_17059,22663,United Kingdom,2,50700.0,2010-12-05 12:35:00
TX_0008155,KH_17059,21929,United Kingdom,1,50700.0,2010-12-05 12:35:00
TX_0008156,KH_17059,85099B,United Kingdom,3,50700.0,2010-12-05 12:35:00
TX_0008157,KH_17059,22386,United Kingdom,4,50700.0,2010-12-05 12:35:00
TX_0008158,KH_17059,21930,United Kingdom,3,50700.0,2010-12-05 12:35:00
TX_0008159,KH_17059,20713,United Kingdom,2,50700.0,2010-12-05 12:35:00
TX_0008160,KH_17059,20712,United Kingdom,3,50700.0,2010-12-05 12:35:00
TX_0008161,KH_17059,20973,United Kingdom,6,16900.0,2010-12-05 12:35:00
TX_0008162,KH_17059,20975,United Kingdom,4,16900.0,2010-12-05 12:35:00
TX_0008163,KH_17059,20974,United Kingdom,6,16900.0,2010-12-05 12:35:00
TX_0008164,KH_17059,22366,United Kingdom,1,206700.0,2010-12-05 12:35:00
TX_0008165,KH_17059,21259,United Kingdom,2,154700.0,2010-12-05 12:35:00
TX_0008166,KH_17059,21621,United Kingdom,2,221000.0,2010-12-05 12:35:00
TX_0008167,KH_17059,22585,United Kingdom,11,32500.0,2010-12-05 12:35:00
TX_0008168,KH_17059,22086,United Kingdom,4,76700.0,2010-12-05 12:35:00
TX_0008169,KH_17059,21931,United Kingdom,5,50700.0,2010-12-05 12:35:00
TX_0008170,KH_17059,21830,United Kingdom,1,10920.0,2010-12-05 12:35:00
TX_0008171,KH_17059,85231B,United Kingdom,6,22100.0,2010-12-05 12:35:00
TX_0008172,KH_17059,85231G,United Kingdom,2,22100.0,2010-12-05 12:35:00
TX_0008173,KH_17059,85018D,United Kingdom,6,66300.0,2010-12-05 12:35:00
TX_0008174,KH_17059,22585,United Kingdom,2,32500.0,2010-12-05 12:35:00
TX_0008175,KH_17059,22529,United Kingdom,1,10920.0,2010-12-05 12:35:00
TX_0008176,KH_17059,22530,United Kingdom,3,10920.0,2010-12-05 12:35:00
TX_0008177,KH_17059,22534,United Kingdom,2,10920.0,2010-12-05 12:35:00
TX_0008178,KH_17059,22536,United Kingdom,3,10920.0,2010-12-05 12:35:00
TX_0008179,KH_17059,22537,United Kingdom,1,10920.0,2010-12-05 12:35:00
TX_0008180,KH_17059,22531,United Kingdom,1,10920.0,2010-12-05 12:35:00
TX_0008181,KH_17059,22534,United Kingdom,1,10920.0,2010-12-05 12:35:00
TX_0008182,KH_17059,22532,United Kingdom,1,10920.0,2010-12-05 12:35:00
TX_0008183,KH_17059,21034,United Kingdom,2,24700.0,2010-12-05 12:35:00
TX_0008184,KH_17059,22141,United Kingdom,3,54600.0,2010-12-05 12:35:00
TX_0008185,KH_17059,84997D,United Kingdom,2,97500.0,2010-12-05 12:35:00
TX_0008186,KH_17059,84997B,United Kingdom,1,97500.0,2010-12-05 12:35:00
TX_0008187,KH_12748,20894,United Kingdom,1,76700.0,2010-12-05 12:42:00
TX_0008188,KH_12748,85018D,United Kingdom,1,66300.0,2010-12-05 12:42:00
TX_0008189,KH_12748,21413,United Kingdom,1,32500.0,2010-12-05 12:42:00
TX_0008190,KH_12748,79149B,United Kingdom,1,10920.0,2010-12-05 12:42:00
TX_0008191,KH_12748,21682,United Kingdom,4,128700.0,2010-12-05 12:42:00
TX_0008192,KH_12748,78034B,United Kingdom,1,50700.0,2010-12-05 12:42:00
TX_0008193,KH_12748,22894,United Kingdom,1,221000.0,2010-12-05 12:42:00
TX_0008194,KH_12748,79151B,United Kingdom,1,10920.0,2010-12-05 12:42:00
TX_0008195,KH_12748,21830,United Kingdom,24,10920.0,2010-12-05 12:42:00
TX_0008196,KH_12748,22694,United Kingdom,1,54600.0,2010-12-05 12:42:00
TX_0008197,KH_12748,21664,United Kingdom,4,97500.0,2010-12-05 12:42:00
TX_0008198,KH_12748,71406C,United Kingdom,1,10920.0,2010-12-05 12:42:00
TX_0008199,KH_12748,21090,United Kingdom,2,22100.0,2010-12-05 12:42:00
TX_0008200,KH_12748,85049A,United Kingdom,2,32500.0,2010-12-05 12:42:00
TX_0008201,KH_12748,21209,United Kingdom,1,42900.0,2010-12-05 12:42:00
TX_0008202,KH_12748,22354,United Kingdom,4,97500.0,2010-12-05 12:42:00
TX_0008203,KH_12748,22222,United Kingdom,1,128700.0,2010-12-05 12:42:00
TX_0008204,KH_12748,17107D,United Kingdom,2,66300.0,2010-12-05 12:42:00
TX_0008205,KH_12748,21635,United Kingdom,1,97500.0,2010-12-05 12:42:00
TX_0008206,KH_12748,84952C,United Kingdom,1,97500.0,2010-12-05 12:42:00
TX_0008207,KH_12748,84952B,United Kingdom,2,97500.0,2010-12-05 12:42:00
TX_0008208,KH_12748,21231,United Kingdom,2,32500.0,2010-12-05 12:42:00
TX_0008209,KH_12748,21428,United Kingdom,1,110500.0,2010-12-05 12:42:00
TX_0008210,KH_12748,21034,United Kingdom,2,24700.0,2010-12-05 12:42:00
TX_0008211,KH_12748,84988,United Kingdom,1,37700.0,2010-12-05 12:42:00
TX_0008212,KH_12748,15036,United Kingdom,12,19500.0,2010-12-05 12:42:00
TX_0008213,KH_12748,35471D,United Kingdom,2,32500.0,2010-12-05 12:42:00
TX_0008214,KH_12748,21467,United Kingdom,1,97500.0,2010-12-05 12:42:00
TX_0008215,KH_12748,71477,United Kingdom,3,84500.0,2010-12-05 12:42:00
TX_0008216,KH_12748,21982,United Kingdom,12,7540.0,2010-12-05 12:42:00
TX_0008217,KH_12748,21983,United Kingdom,12,7540.0,2010-12-05 12:42:00
TX_0008218,KH_12748,21985,United Kingdom,12,7540.0,2010-12-05 12:42:00
TX_0008219,KH_12748,21980,United Kingdom,12,7540.0,2010-12-05 12:42:00
TX_0008220,KH_12748,21351,United Kingdom,18,154700.0,2010-12-05 12:42:00
TX_0008221,KH_16327,84832,United Kingdom,16,22100.0,2010-12-05 12:43:00
TX_0008222,KH_16327,22469,United Kingdom,8,42900.0,2010-12-05 12:43:00
TX_0008223,KH_16327,84945,United Kingdom,36,22100.0,2010-12-05 12:43:00
TX_0008224,KH_16327,22630,United Kingdom,3,50700.0,2010-12-05 12:43:00
TX_0008225,KH_16327,22470,United Kingdom,3,76700.0,2010-12-05 12:43:00
TX_0008226,KH_16327,21231,United Kingdom,3,32500.0,2010-12-05 12:43:00
TX_0008227,KH_16327,21157,United Kingdom,11,54600.0,2010-12-05 12:43:00
TX_0008228,KH_16327,47591D,United Kingdom,6,50700.0,2010-12-05 12:43:00
TX_0008229,KH_16327,35653,United Kingdom,5,76700.0,2010-12-05 12:43:00
TX_0008230,KH_16327,84836,United Kingdom,5,32500.0,2010-12-05 12:43:00
TX_0008231,KH_16327,84946,United Kingdom,18,32500.0,2010-12-05 12:43:00
TX_0008232,KH_16327,21155,United Kingdom,2,54600.0,2010-12-05 12:43:00
TX_0008233,KH_16327,47559B,United Kingdom,4,32500.0,2010-12-05 12:43:00
TX_0008234,KH_16327,22348,United Kingdom,10,22100.0,2010-12-05 12:43:00
TX_0008235,KH_16327,22792,United Kingdom,1,22100.0,2010-12-05 12:43:00
TX_0008236,KH_16327,22791,United Kingdom,1,32500.0,2010-12-05 12:43:00
TX_0008237,KH_16327,22560,United Kingdom,2,32500.0,2010-12-05 12:43:00
TX_0008238,KH_16327,21154,United Kingdom,8,32500.0,2010-12-05 12:43:00
TX_0008239,KH_16327,84971S,United Kingdom,9,22100.0,2010-12-05 12:43:00
TX_0008240,KH_16327,82578,United Kingdom,4,14300.0,2010-12-05 12:43:00
TX_0008241,KH_16327,82600,United Kingdom,2,54600.0,2010-12-05 12:43:00
TX_0008242,KH_16327,82580,United Kingdom,4,14300.0,2010-12-05 12:43:00
TX_0008243,KH_16327,71477,United Kingdom,4,84500.0,2010-12-05 12:43:00
TX_0008244,KH_16327,21232,United Kingdom,2,32500.0,2010-12-05 12:43:00
TX_0008245,KH_16327,84970S,United Kingdom,12,22100.0,2010-12-05 12:43:00
TX_0008246,KH_16327,21421,United Kingdom,3,32500.0,2010-12-05 12:43:00
TX_0008247,KH_16327,21422,United Kingdom,3,22100.0,2010-12-05 12:43:00
TX_0008248,KH_16327,22457,United Kingdom,2,76700.0,2010-12-05 12:43:00
TX_0008249,KH_16327,85130A,United Kingdom,1,42900.0,2010-12-05 12:43:00
TX_0008250,KH_16327,85130D,United Kingdom,5,42900.0,2010-12-05 12:43:00
TX_0008251,KH_16327,22728,United Kingdom,1,97500.0,2010-12-05 12:43:00
TX_0008252,KH_16327,84879,United Kingdom,13,43940.0,2010-12-05 12:43:00
TX_0008253,KH_16327,21494,United Kingdom,4,32500.0,2010-12-05 12:43:00
TX_0008254,KH_16327,21257,United Kingdom,2,206700.0,2010-12-05 12:43:00
TX_0008255,KH_16327,21260,United Kingdom,4,84500.0,2010-12-05 12:43:00
TX_0008256,KH_16327,15039,United Kingdom,3,22100.0,2010-12-05 12:43:00
TX_0008257,KH_16327,22494,United Kingdom,6,32500.0,2010-12-05 12:43:00
TX_0008258,KH_16327,84970L,United Kingdom,3,24700.0,2010-12-05 12:43:00
TX_0008259,KH_16327,84978,United Kingdom,6,32500.0,2010-12-05 12:43:00
TX_0008260,KH_16327,84569D,United Kingdom,6,32500.0,2010-12-05 12:43:00
TX_0008261,KH_16327,22175,United Kingdom,1,76700.0,2010-12-05 12:43:00
TX_0008262,KH_16327,22300,United Kingdom,1,66300.0,2010-12-05 12:43:00
TX_0008263,KH_16327,22301,United Kingdom,1,66300.0,2010-12-05 12:43:00
TX_0008264,KH_16327,84050,United Kingdom,4,42900.0,2010-12-05 12:43:00
TX_0008265,KH_16327,22464,United Kingdom,3,42900.0,2010-12-05 12:43:00
TX_0008266,KH_16327,M,United Kingdom,36,22100.0,2010-12-05 12:43:00
TX_0008267,KH_16327,22151,United Kingdom,24,10920.0,2010-12-05 12:43:00
TX_0008268,KH_16327,72351A,United Kingdom,2,54600.0,2010-12-05 12:43:00
TX_0008269,KH_16327,22667,United Kingdom,3,76700.0,2010-12-05 12:43:00
TX_0008270,KH_16327,22646,United Kingdom,4,37700.0,2010-12-05 12:43:00
TX_0008271,KH_16327,20971,United Kingdom,4,32500.0,2010-12-05 12:43:00
TX_0008272,KH_16327,85185B,United Kingdom,1,76700.0,2010-12-05 12:43:00
TX_0008273,KH_16327,22666,United Kingdom,4,76700.0,2010-12-05 12:43:00
TX_0008274,KH_16327,84921,United Kingdom,1,97500.0,2010-12-05 12:43:00
TX_0008275,KH_16327,20972,United Kingdom,5,32500.0,2010-12-05 12:43:00
TX_0008276,KH_16327,20725,United Kingdom,4,42900.0,2010-12-05 12:43:00
TX_0008277,KH_16327,20719,United Kingdom,2,22100.0,2010-12-05 12:43:00
TX_0008278,KH_16327,20724,United Kingdom,4,22100.0,2010-12-05 12:43:00
TX_0008279,KH_16327,22355,United Kingdom,10,22100.0,2010-12-05 12:43:00
TX_0008280,KH_16327,22383,United Kingdom,4,42900.0,2010-12-05 12:43:00
TX_0008281,KH_16327,22381,United Kingdom,3,54600.0,2010-12-05 12:43:00
TX_0008282,KH_16327,20728,United Kingdom,3,42900.0,2010-12-05 12:43:00
TX_0008283,KH_16327,20723,United Kingdom,4,22100.0,2010-12-05 12:43:00
TX_0008284,KH_16327,85099F,United Kingdom,1,50700.0,2010-12-05 12:43:00
TX_0008285,KH_16327,20727,United Kingdom,2,42900.0,2010-12-05 12:43:00
TX_0008286,KH_16327,22379,United Kingdom,20,54600.0,2010-12-05 12:43:00
TX_0008287,KH_17211,22571,United Kingdom,6,22100.0,2010-12-05 12:44:00
TX_0008288,KH_17211,22572,United Kingdom,8,22100.0,2010-12-05 12:44:00
TX_0008289,KH_17211,22577,United Kingdom,6,22100.0,2010-12-05 12:44:00
TX_0008290,KH_17211,22154,United Kingdom,10,10920.0,2010-12-05 12:44:00
TX_0008291,KH_17211,84029G,United Kingdom,3,97500.0,2010-12-05 12:44:00
TX_0008292,KH_17211,22114,United Kingdom,2,102700.0,2010-12-05 12:44:00
TX_0008293,KH_17211,22835,United Kingdom,2,120900.0,2010-12-05 12:44:00
TX_0008294,KH_17211,22082,United Kingdom,5,42900.0,2010-12-05 12:44:00
TX_0008295,KH_17211,21733,United Kingdom,3,76700.0,2010-12-05 12:44:00
TX_0008296,KH_17211,85123A,United Kingdom,3,76700.0,2010-12-05 12:44:00
TX_0008297,KH_17211,22732,United Kingdom,5,32500.0,2010-12-05 12:44:00
TX_0008298,KH_17211,22733,United Kingdom,5,32500.0,2010-12-05 12:44:00
TX_0008299,KH_17211,22738,United Kingdom,3,42900.0,2010-12-05 12:44:00
TX_0008300,KH_17211,22736,United Kingdom,3,42900.0,2010-12-05 12:44:00
TX_0008301,KH_17211,22737,United Kingdom,3,42900.0,2010-12-05 12:44:00
TX_0008302,KH_17211,22739,United Kingdom,5,42900.0,2010-12-05 12:44:00
TX_0008303,KH_17211,35954,United Kingdom,30,10920.0,2010-12-05 12:44:00
TX_0008304,KH_17211,35957,United Kingdom,30,10920.0,2010-12-05 12:44:00
TX_0008305,KH_17211,22436,United Kingdom,6,16900.0,2010-12-05 12:44:00
TX_0008306,KH_17211,22439,United Kingdom,10,16900.0,2010-12-05 12:44:00
TX_0008307,KH_17211,22434,United Kingdom,4,50700.0,2010-12-05 12:44:00
TX_0008308,KH_17211,84508C,United Kingdom,4,66300.0,2010-12-05 12:44:00
TX_0008309,KH_17211,84508B,United Kingdom,4,66300.0,2010-12-05 12:44:00
TX_0008310,KH_17211,22746,United Kingdom,2,54600.0,2010-12-05 12:44:00
TX_0008311,KH_17211,22745,United Kingdom,2,54600.0,2010-12-05 12:44:00
TX_0008312,KH_17211,22748,United Kingdom,2,54600.0,2010-12-05 12:44:00
TX_0008313,KH_17211,84754,United Kingdom,12,32500.0,2010-12-05 12:44:00
TX_0008314,KH_17211,22909,United Kingdom,8,22100.0,2010-12-05 12:44:00
TX_0008315,KH_17211,22801,United Kingdom,4,97500.0,2010-12-05 12:44:00
TX_0008316,KH_17211,22173,United Kingdom,2,76700.0,2010-12-05 12:44:00
TX_0008317,KH_17211,22795,United Kingdom,2,175500.0,2010-12-05 12:44:00
TX_0008318,KH_17211,22086,United Kingdom,4,76700.0,2010-12-05 12:44:00
TX_0008319,KH_17211,22910,United Kingdom,6,76700.0,2010-12-05 12:44:00
TX_0008320,KH_17026,22423,United Kingdom,1,331500.0,2010-12-05 12:47:00
TX_0008321,KH_17026,22595,United Kingdom,12,22100.0,2010-12-05 12:47:00
TX_0008322,KH_17026,22574,United Kingdom,12,22100.0,2010-12-05 12:47:00
TX_0008323,KH_12748,M,United Kingdom,1,10920.0,2010-12-05 12:53:00
TX_0008324,KH_12748,M,United Kingdom,1,22100.0,2010-12-05 12:53:00
TX_0008325,KH_12748,90086,United Kingdom,1,22100.0,2010-12-05 12:53:00
TX_0008326,KH_12748,84827,United Kingdom,1,16900.0,2010-12-05 12:53:00
TX_0008327,KH_12748,62018,United Kingdom,1,50700.0,2010-12-05 12:53:00
TX_0008328,KH_12748,22488,United Kingdom,1,42900.0,2010-12-05 12:53:00
TX_0008329,KH_12748,20685,United Kingdom,1,206700.0,2010-12-05 12:53:00
TX_0008330,KH_12748,16011,United Kingdom,5,5460.0,2010-12-05 12:53:00
TX_0008331,KH_12748,85179A,United Kingdom,1,120900.0,2010-12-05 12:53:00
TX_0008332,KH_12748,22669,United Kingdom,2,76700.0,2010-12-05 12:53:00
TX_0008333,KH_12748,22352,United Kingdom,1,66300.0,2010-12-05 12:53:00
TX_0008334,KH_12748,22477,United Kingdom,2,32500.0,2010-12-05 12:53:00
TX_0008335,KH_12748,22633,United Kingdom,1,54600.0,2010-12-05 12:53:00
TX_0008336,KH_12748,21785,United Kingdom,1,22100.0,2010-12-05 12:53:00
TX_0008337,KH_12748,21786,United Kingdom,1,10920.0,2010-12-05 12:53:00
TX_0008338,KH_12748,21787,United Kingdom,1,22100.0,2010-12-05 12:53:00
TX_0008339,KH_12748,21982,United Kingdom,3,7540.0,2010-12-05 12:53:00
TX_0008340,KH_12748,20973,United Kingdom,4,16900.0,2010-12-05 12:53:00
TX_0008341,KH_12748,22174,United Kingdom,1,42900.0,2010-12-05 12:53:00
TX_0008342,KH_12748,21650,United Kingdom,2,16900.0,2010-12-05 12:53:00
TX_0008343,KH_12748,22951,United Kingdom,1,14300.0,2010-12-05 12:53:00
TX_0008344,KH_12748,21650,United Kingdom,3,16900.0,2010-12-05 12:53:00
TX_0008345,KH_12748,84874B,United Kingdom,1,42900.0,2010-12-05 12:53:00
TX_0008346,KH_12748,21790,United Kingdom,1,22100.0,2010-12-05 12:53:00
TX_0008347,KH_12748,22181,United Kingdom,1,22100.0,2010-12-05 12:53:00
TX_0008348,KH_12748,21650,United Kingdom,1,16900.0,2010-12-05 12:53:00
TX_0008349,KH_12748,22616,United Kingdom,1,7540.0,2010-12-05 12:53:00
TX_0008350,KH_12748,22554,United Kingdom,1,42900.0,2010-12-05 12:53:00
TX_0008351,KH_12748,21916,United Kingdom,1,10920.0,2010-12-05 12:53:00
TX_0008352,KH_12748,85178,United Kingdom,1,32500.0,2010-12-05 12:53:00
TX_0008353,KH_12748,22632,United Kingdom,1,54600.0,2010-12-05 12:53:00
TX_0008354,KH_12748,22586,United Kingdom,2,22100.0,2010-12-05 12:53:00
TX_0008355,KH_12748,22865,United Kingdom,1,54600.0,2010-12-05 12:53:00
TX_0008356,KH_12748,22071,United Kingdom,1,97500.0,2010-12-05 12:53:00
TX_0008357,KH_12748,22866,United Kingdom,1,54600.0,2010-12-05 12:53:00
TX_0008358,KH_12748,22867,United Kingdom,1,54600.0,2010-12-05 12:53:00
TX_0008359,KH_15570,84947,United Kingdom,6,32500.0,2010-12-05 12:57:00
TX_0008360,KH_15570,21326,United Kingdom,12,16900.0,2010-12-05 12:57:00
TX_0008361,KH_15570,22083,United Kingdom,3,76700.0,2010-12-05 12:57:00
TX_0008362,KH_15570,22910,United Kingdom,1,76700.0,2010-12-05 12:57:00
TX_0008363,KH_15570,22086,United Kingdom,10,76700.0,2010-12-05 12:57:00
TX_0008364,KH_15570,22910,United Kingdom,4,76700.0,2010-12-05 12:57:00
TX_0008365,KH_15570,21808,United Kingdom,12,97500.0,2010-12-05 12:57:00
TX_0008366,KH_15570,22460,United Kingdom,6,32500.0,2010-12-05 12:57:00
TX_0008367,KH_15570,22727,United Kingdom,1,97500.0,2010-12-05 12:57:00
TX_0008368,KH_15570,22728,United Kingdom,1,97500.0,2010-12-05 12:57:00
TX_0008369,KH_15570,22865,United Kingdom,5,54600.0,2010-12-05 12:57:00
TX_0008370,KH_15570,22866,United Kingdom,5,54600.0,2010-12-05 12:57:00
TX_0008371,KH_15570,22632,United Kingdom,5,54600.0,2010-12-05 12:57:00
TX_0008372,KH_15570,22865,United Kingdom,2,54600.0,2010-12-05 12:57:00
TX_0008373,KH_15570,22867,United Kingdom,5,54600.0,2010-12-05 12:57:00
TX_0008374,KH_15570,22865,United Kingdom,3,54600.0,2010-12-05 12:57:00
TX_0008375,KH_15570,22725,United Kingdom,3,97500.0,2010-12-05 12:57:00
TX_0008376,KH_15570,22727,United Kingdom,9,97500.0,2010-12-05 12:57:00
TX_0008377,KH_15570,22728,United Kingdom,4,97500.0,2010-12-05 12:57:00
TX_0008378,KH_15570,22730,United Kingdom,4,97500.0,2010-12-05 12:57:00
TX_0008379,KH_15570,22726,United Kingdom,8,97500.0,2010-12-05 12:57:00
TX_0008380,KH_15570,21481,United Kingdom,1,76700.0,2010-12-05 12:57:00
TX_0008381,KH_15570,22193,United Kingdom,1,221000.0,2010-12-05 12:57:00
TX_0008382,KH_15570,22191,United Kingdom,1,221000.0,2010-12-05 12:57:00
TX_0008383,KH_15570,22192,United Kingdom,1,221000.0,2010-12-05 12:57:00
TX_0008384,KH_15570,22733,United Kingdom,5,32500.0,2010-12-05 12:57:00
TX_0008385,KH_15570,22424,United Kingdom,2,331500.0,2010-12-05 12:57:00
TX_0008386,KH_15570,84030E,United Kingdom,3,110500.0,2010-12-05 12:57:00
TX_0008387,KH_15570,21485,United Kingdom,1,128700.0,2010-12-05 12:57:00
TX_0008388,KH_15570,21481,United Kingdom,3,76700.0,2010-12-05 12:57:00
TX_0008389,KH_15570,21484,United Kingdom,5,89700.0,2010-12-05 12:57:00
TX_0008390,KH_15570,22111,United Kingdom,5,128700.0,2010-12-05 12:57:00
TX_0008391,KH_15570,21485,United Kingdom,4,128700.0,2010-12-05 12:57:00
TX_0008392,KH_15570,21479,United Kingdom,3,97500.0,2010-12-05 12:57:00
TX_0008393,KH_15570,22626,United Kingdom,1,221000.0,2010-12-05 12:57:00
TX_0008394,KH_15570,22627,United Kingdom,1,221000.0,2010-12-05 12:57:00
TX_0008395,KH_15570,22624,United Kingdom,1,221000.0,2010-12-05 12:57:00
TX_0008396,KH_15570,22625,United Kingdom,1,221000.0,2010-12-05 12:57:00
TX_0008397,KH_15570,82482,United Kingdom,6,66300.0,2010-12-05 12:57:00
TX_0008398,KH_15570,20713,United Kingdom,3,50700.0,2010-12-05 12:57:00
TX_0008399,KH_15570,22745,United Kingdom,2,54600.0,2010-12-05 12:57:00
TX_0008400,KH_15570,22746,United Kingdom,2,54600.0,2010-12-05 12:57:00
TX_0008401,KH_15570,22748,United Kingdom,2,54600.0,2010-12-05 12:57:00
TX_0008402,KH_15570,22747,United Kingdom,2,54600.0,2010-12-05 12:57:00
TX_0008403,KH_12748,22844,United Kingdom,1,221000.0,2010-12-05 12:57:00
TX_0008404,KH_12748,82582,United Kingdom,1,54600.0,2010-12-05 12:57:00
TX_0008405,KH_12748,82578,United Kingdom,1,14300.0,2010-12-05 12:57:00
TX_0008406,KH_12748,22674,United Kingdom,1,32500.0,2010-12-05 12:57:00
TX_0008407,KH_12748,22809,United Kingdom,1,76700.0,2010-12-05 12:57:00
TX_0008408,KH_12748,22810,United Kingdom,1,76700.0,2010-12-05 12:57:00
TX_0008409,KH_12748,85167B,United Kingdom,1,110500.0,2010-12-05 12:57:00
TX_0008410,KH_12748,84836,United Kingdom,1,32500.0,2010-12-05 12:57:00
TX_0008411,KH_12748,47566,United Kingdom,1,120900.0,2010-12-05 12:57:00
TX_0008412,KH_12748,22669,United Kingdom,2,76700.0,2010-12-05 12:57:00
TX_0008413,KH_12748,22578,United Kingdom,1,22100.0,2010-12-05 12:57:00
TX_0008414,KH_12748,21669,United Kingdom,1,32500.0,2010-12-05 12:57:00
TX_0008415,KH_12748,22585,United Kingdom,1,32500.0,2010-12-05 12:57:00
TX_0008416,KH_12748,22469,United Kingdom,1,42900.0,2010-12-05 12:57:00
TX_0008417,KH_12748,22190,United Kingdom,1,54600.0,2010-12-05 12:57:00
TX_0008418,KH_15880,84352,United Kingdom,1,440700.0,2010-12-05 13:00:00
TX_0008419,KH_15880,22480,United Kingdom,2,32500.0,2010-12-05 13:00:00
TX_0008420,KH_15880,22364,United Kingdom,1,76700.0,2010-12-05 13:00:00
TX_0008421,KH_15880,85152,United Kingdom,1,54600.0,2010-12-05 13:00:00
TX_0008422,KH_15880,21158,United Kingdom,1,37700.0,2010-12-05 13:00:00
TX_0008423,KH_15880,21165,United Kingdom,1,43940.0,2010-12-05 13:00:00
TX_0008424,KH_15880,21163,United Kingdom,1,37700.0,2010-12-05 13:00:00
TX_0008425,KH_15880,21174,United Kingdom,1,50700.0,2010-12-05 13:00:00
TX_0008426,KH_15880,22412,United Kingdom,1,54600.0,2010-12-05 13:00:00
TX_0008427,KH_15880,22112,United Kingdom,1,128700.0,2010-12-05 13:00:00
TX_0008428,KH_15880,22109,United Kingdom,1,97500.0,2010-12-05 13:00:00
TX_0008429,KH_15880,84569D,United Kingdom,1,32500.0,2010-12-05 13:00:00
TX_0008430,KH_15880,21169,United Kingdom,1,43940.0,2010-12-05 13:00:00
TX_0008431,KH_15880,15060B,United Kingdom,1,97500.0,2010-12-05 13:00:00
TX_0008432,KH_15880,85014B,United Kingdom,1,154700.0,2010-12-05 13:00:00
TX_0008433,KH_15880,84744,United Kingdom,1,32500.0,2010-12-05 13:00:00
TX_0008434,KH_15880,22906,United Kingdom,2,42900.0,2010-12-05 13:00:00
TX_0008435,KH_15880,21901,United Kingdom,1,16900.0,2010-12-05 13:00:00
TX_0008436,KH_15880,21900,United Kingdom,2,16900.0,2010-12-05 13:00:00
TX_0008437,KH_15880,21882,United Kingdom,1,16900.0,2010-12-05 13:00:00
TX_0008438,KH_15880,72051S,United Kingdom,4,10920.0,2010-12-05 13:00:00
TX_0008439,KH_15880,22100,United Kingdom,1,32500.0,2010-12-05 13:00:00
TX_0008440,KH_15880,22952,United Kingdom,2,14300.0,2010-12-05 13:00:00
TX_0008441,KH_15880,21504,United Kingdom,12,10920.0,2010-12-05 13:00:00
TX_0008442,KH_15880,84378,United Kingdom,1,32500.0,2010-12-05 13:00:00
TX_0008443,KH_15880,72800E,United Kingdom,3,66300.0,2010-12-05 13:00:00
TX_0008444,KH_15880,72799E,United Kingdom,3,76700.0,2010-12-05 13:00:00
TX_0008445,KH_15880,72799F,United Kingdom,2,76700.0,2010-12-05 13:00:00
TX_0008446,KH_15880,21181,United Kingdom,1,54600.0,2010-12-05 13:00:00
TX_0008447,KH_15880,22086,United Kingdom,1,76700.0,2010-12-05 13:00:00
TX_0008448,KH_15880,21326,United Kingdom,12,16900.0,2010-12-05 13:00:00
TX_0008449,KH_15880,22551,United Kingdom,1,42900.0,2010-12-05 13:00:00
TX_0008450,KH_15880,22553,United Kingdom,1,42900.0,2010-12-05 13:00:00
TX_0008451,KH_15880,84596E,United Kingdom,1,32500.0,2010-12-05 13:00:00
TX_0008452,KH_15880,84596G,United Kingdom,1,32500.0,2010-12-05 13:00:00
TX_0008453,KH_15880,22327,United Kingdom,1,76700.0,2010-12-05 13:00:00
TX_0008454,KH_15880,22328,United Kingdom,1,76700.0,2010-12-05 13:00:00
TX_0008455,KH_15880,22470,United Kingdom,1,76700.0,2010-12-05 13:00:00
TX_0008456,KH_15880,22469,United Kingdom,2,42900.0,2010-12-05 13:00:00
TX_0008457,KH_15880,21864,United Kingdom,1,54600.0,2010-12-05 13:00:00
TX_0008458,KH_15880,22953,United Kingdom,1,32500.0,2010-12-05 13:00:00
TX_0008459,KH_15880,82551,United Kingdom,1,37700.0,2010-12-05 13:00:00
TX_0008460,KH_15880,22910,United Kingdom,1,76700.0,2010-12-05 13:00:00
TX_0008461,KH_15880,85123A,United Kingdom,1,76700.0,2010-12-05 13:00:00
TX_0008462,KH_15880,22197,United Kingdom,4,22100.0,2010-12-05 13:00:00
TX_0008463,KH_15880,20764,United Kingdom,1,97500.0,2010-12-05 13:00:00
TX_0008464,KH_15880,22294,United Kingdom,1,32500.0,2010-12-05 13:00:00
TX_0008465,KH_15880,22095,United Kingdom,1,32500.0,2010-12-05 13:00:00
TX_0008466,KH_15880,22186,United Kingdom,1,76700.0,2010-12-05 13:00:00
TX_0008467,KH_15880,21427,United Kingdom,1,54600.0,2010-12-05 13:00:00
TX_0008468,KH_15880,21592,United Kingdom,1,32500.0,2010-12-05 13:00:00
TX_0008469,KH_15880,21588,United Kingdom,1,66300.0,2010-12-05 13:00:00
TX_0008470,KH_15880,22659,United Kingdom,1,50700.0,2010-12-05 13:00:00
TX_0008471,KH_15880,22190,United Kingdom,1,54600.0,2010-12-05 13:00:00
TX_0008472,KH_15880,22297,United Kingdom,2,32500.0,2010-12-05 13:00:00
TX_0008473,KH_15880,22296,United Kingdom,2,42900.0,2010-12-05 13:00:00
TX_0008474,KH_15880,22295,United Kingdom,3,42900.0,2010-12-05 13:00:00
TX_0008475,KH_15880,22437,United Kingdom,2,22100.0,2010-12-05 13:00:00
TX_0008476,KH_15880,22198,United Kingdom,2,42900.0,2010-12-05 13:00:00
TX_0008477,KH_15880,22779,United Kingdom,1,110500.0,2010-12-05 13:00:00
TX_0008478,KH_15880,22435,United Kingdom,2,32500.0,2010-12-05 13:00:00
TX_0008479,KH_15880,84535B,United Kingdom,1,16900.0,2010-12-05 13:00:00
TX_0008480,KH_15880,84536B,United Kingdom,1,10920.0,2010-12-05 13:00:00
TX_0008481,KH_15880,22867,United Kingdom,3,54600.0,2010-12-05 13:00:00
TX_0008482,KH_15880,22633,United Kingdom,2,54600.0,2010-12-05 13:00:00
TX_0008483,KH_15880,22865,United Kingdom,3,54600.0,2010-12-05 13:00:00
TX_0008484,KH_15880,22866,United Kingdom,1,54600.0,2010-12-05 13:00:00
TX_0008485,KH_15880,22784,United Kingdom,1,128700.0,2010-12-05 13:00:00
TX_0008486,KH_15880,22278,United Kingdom,1,128700.0,2010-12-05 13:00:00
TX_0008487,KH_15880,47579,United Kingdom,1,54600.0,2010-12-05 13:00:00
TX_0008488,KH_15880,47566B,United Kingdom,1,120900.0,2010-12-05 13:00:00
TX_0008489,KH_15880,21623,United Kingdom,2,258700.0,2010-12-05 13:00:00
TX_0008490,KH_15880,21726,United Kingdom,1,22100.0,2010-12-05 13:00:00
TX_0008491,KH_15880,21723,United Kingdom,1,22100.0,2010-12-05 13:00:00
TX_0008492,KH_15880,22553,United Kingdom,2,42900.0,2010-12-05 13:00:00
TX_0008493,KH_15880,21881,United Kingdom,1,16900.0,2010-12-05 13:00:00
TX_0008494,KH_15880,22557,United Kingdom,2,42900.0,2010-12-05 13:00:00
TX_0008495,KH_15880,22759,United Kingdom,3,42900.0,2010-12-05 13:00:00
TX_0008496,KH_15880,21110,United Kingdom,1,175500.0,2010-12-05 13:00:00
TX_0008497,KH_15880,35953,United Kingdom,24,32500.0,2010-12-05 13:00:00
TX_0008498,KH_15880,21985,United Kingdom,12,7540.0,2010-12-05 13:00:00
TX_0008499,KH_15880,21967,United Kingdom,12,7540.0,2010-12-05 13:00:00
TX_0008500,KH_15880,21581,United Kingdom,1,58500.0,2010-12-05 13:00:00
TX_0008501,KH_15880,21677,United Kingdom,1,22100.0,2010-12-05 13:00:00
TX_0008502,KH_15880,21679,United Kingdom,2,22100.0,2010-12-05 13:00:00
TX_0008503,KH_15880,84051,United Kingdom,4,22100.0,2010-12-05 13:00:00
TX_0008504,KH_15880,21187,United Kingdom,2,42900.0,2010-12-05 13:00:00
TX_0008505,KH_15880,35471D,United Kingdom,1,32500.0,2010-12-05 13:00:00
TX_0008506,KH_15880,84534B,United Kingdom,1,22100.0,2010-12-05 13:00:00
TX_0008507,KH_15880,21563,United Kingdom,2,76700.0,2010-12-05 13:00:00
TX_0008508,KH_15880,22730,United Kingdom,1,97500.0,2010-12-05 13:00:00
TX_0008509,KH_15880,22158,United Kingdom,1,76700.0,2010-12-05 13:00:00
TX_0008510,KH_15880,85099B,United Kingdom,1,50700.0,2010-12-05 13:00:00
TX_0008511,KH_15880,85099F,United Kingdom,1,50700.0,2010-12-05 13:00:00
TX_0008512,KH_15880,21930,United Kingdom,1,50700.0,2010-12-05 13:00:00
TX_0008513,KH_15880,21931,United Kingdom,1,50700.0,2010-12-05 13:00:00
TX_0008514,KH_16718,84836,United Kingdom,12,32500.0,2010-12-05 13:03:00
TX_0008515,KH_16718,21014,United Kingdom,24,22100.0,2010-12-05 13:03:00
TX_0008516,KH_16718,21888,United Kingdom,6,97500.0,2010-12-05 13:03:00
TX_0008517,KH_16718,22975,United Kingdom,12,32500.0,2010-12-05 13:03:00
TX_0008518,KH_16718,22976,United Kingdom,12,32500.0,2010-12-05 13:03:00
TX_0008519,KH_16718,22955,United Kingdom,1,54600.0,2010-12-05 13:03:00
TX_0008520,KH_16718,21703,United Kingdom,10,10920.0,2010-12-05 13:03:00
TX_0008521,KH_16718,85135B,United Kingdom,3,206700.0,2010-12-05 13:03:00
TX_0008522,KH_16718,22960,United Kingdom,2,110500.0,2010-12-05 13:03:00
TX_0008523,KH_16718,22972,United Kingdom,6,42900.0,2010-12-05 13:03:00
TX_0008524,KH_16718,22974,United Kingdom,6,42900.0,2010-12-05 13:03:00
TX_0008525,KH_16718,22920,United Kingdom,12,16900.0,2010-12-05 13:03:00
TX_0008526,KH_16718,22633,United Kingdom,1,54600.0,2010-12-05 13:03:00
TX_0008527,KH_16718,22917,United Kingdom,12,16900.0,2010-12-05 13:03:00
TX_0008528,KH_16718,22941,United Kingdom,6,221000.0,2010-12-05 13:03:00
TX_0008529,KH_16718,22916,United Kingdom,12,16900.0,2010-12-05 13:03:00
TX_0008530,KH_16718,22918,United Kingdom,12,16900.0,2010-12-05 13:03:00
TX_0008531,KH_16718,22357,United Kingdom,4,110500.0,2010-12-05 13:03:00
TX_0008532,KH_16718,21912,United Kingdom,6,97500.0,2010-12-05 13:03:00
TX_0008533,KH_16718,22550,United Kingdom,6,97500.0,2010-12-05 13:03:00
TX_0008534,KH_16718,21025,United Kingdom,10,32500.0,2010-12-05 13:03:00
TX_0008535,KH_16718,22816,United Kingdom,48,10920.0,2010-12-05 13:03:00
TX_0008536,KH_16718,22759,United Kingdom,6,42900.0,2010-12-05 13:03:00
TX_0008537,KH_16718,22141,United Kingdom,6,54600.0,2010-12-05 13:03:00
TX_0008538,KH_16718,21918,United Kingdom,17,10920.0,2010-12-05 13:03:00
TX_0008539,KH_16718,22560,United Kingdom,8,32500.0,2010-12-05 13:03:00
TX_0008540,KH_16718,21889,United Kingdom,10,32500.0,2010-12-05 13:03:00
TX_0008541,KH_16718,22867,United Kingdom,9,54600.0,2010-12-05 13:03:00
TX_0008542,KH_16718,22865,United Kingdom,8,54600.0,2010-12-05 13:03:00
TX_0008543,KH_16718,22489,United Kingdom,10,10920.0,2010-12-05 13:03:00
TX_0008544,KH_16718,21918,United Kingdom,3,10920.0,2010-12-05 13:03:00
TX_0008545,KH_16718,22295,United Kingdom,12,42900.0,2010-12-05 13:03:00
TX_0008546,KH_16718,22913,United Kingdom,2,128700.0,2010-12-05 13:03:00
TX_0008547,KH_16718,22914,United Kingdom,3,128700.0,2010-12-05 13:03:00
TX_0008548,KH_16718,21696,United Kingdom,6,76700.0,2010-12-05 13:03:00
TX_0008549,KH_16718,22362,United Kingdom,16,76700.0,2010-12-05 13:03:00
TX_0008550,KH_16718,22955,United Kingdom,7,54600.0,2010-12-05 13:03:00
TX_0008551,KH_16718,22034,United Kingdom,3,10920.0,2010-12-05 13:03:00
TX_0008552,KH_16718,84692,United Kingdom,1,10920.0,2010-12-05 13:03:00
TX_0008553,KH_16718,35598B,United Kingdom,1,76700.0,2010-12-05 13:03:00
TX_0008554,KH_16718,22566,United Kingdom,1,22100.0,2010-12-05 13:03:00
TX_0008555,KH_16718,85135B,United Kingdom,1,206700.0,2010-12-05 13:03:00
TX_0008556,KH_16718,22818,United Kingdom,48,10920.0,2010-12-05 13:03:00
TX_0008557,KH_16718,22943,United Kingdom,6,128700.0,2010-12-05 13:03:00
TX_0008558,KH_15808,22837,United Kingdom,18,120900.0,2010-12-05 13:05:00
TX_0008559,KH_15808,22113,United Kingdom,18,97500.0,2010-12-05 13:05:00
TX_0008560,KH_15808,22865,United Kingdom,24,54600.0,2010-12-05 13:05:00
TX_0008561,KH_15808,22867,United Kingdom,10,54600.0,2010-12-05 13:05:00
TX_0008562,KH_15808,22834,United Kingdom,14,54600.0,2010-12-05 13:05:00
TX_0008563,KH_15808,22969,United Kingdom,36,37700.0,2010-12-05 13:05:00
TX_0008564,KH_15808,84029G,United Kingdom,6,97500.0,2010-12-05 13:05:00
TX_0008565,KH_15808,21479,United Kingdom,8,97500.0,2010-12-05 13:05:00
TX_0008566,KH_15808,22727,United Kingdom,1,97500.0,2010-12-05 13:05:00
TX_0008567,KH_15808,84029E,United Kingdom,3,97500.0,2010-12-05 13:05:00
TX_0008568,KH_15808,22666,United Kingdom,12,76700.0,2010-12-05 13:05:00
TX_0008569,KH_15808,22352,United Kingdom,3,66300.0,2010-12-05 13:05:00
TX_0008570,KH_15808,21559,United Kingdom,4,66300.0,2010-12-05 13:05:00
TX_0008571,KH_15808,20914,United Kingdom,4,76700.0,2010-12-05 13:05:00
TX_0008572,KH_15808,22624,United Kingdom,4,221000.0,2010-12-05 13:05:00
TX_0008573,KH_15808,82494L,United Kingdom,6,76700.0,2010-12-05 13:05:00
TX_0008574,KH_15808,84406B,United Kingdom,8,84500.0,2010-12-05 13:05:00
TX_0008575,KH_15808,82482,United Kingdom,6,66300.0,2010-12-05 13:05:00
TX_0008576,KH_15808,37370,United Kingdom,12,32500.0,2010-12-05 13:05:00
TX_0008577,KH_15808,22988,United Kingdom,5,32500.0,2010-12-05 13:05:00
TX_0008578,KH_15808,22625,United Kingdom,4,221000.0,2010-12-05 13:05:00
TX_0008579,KH_15808,22192,United Kingdom,1,221000.0,2010-12-05 13:05:00
TX_0008580,KH_15808,22193,United Kingdom,1,221000.0,2010-12-05 13:05:00
TX_0008581,KH_15808,22726,United Kingdom,5,97500.0,2010-12-05 13:05:00
TX_0008582,KH_15808,22727,United Kingdom,2,97500.0,2010-12-05 13:05:00
TX_0008583,KH_15808,22728,United Kingdom,3,97500.0,2010-12-05 13:05:00
TX_0008584,KH_15808,22729,United Kingdom,2,97500.0,2010-12-05 13:05:00
TX_0008585,KH_15808,22633,United Kingdom,2,54600.0,2010-12-05 13:05:00
TX_0008586,KH_15808,22866,United Kingdom,5,54600.0,2010-12-05 13:05:00
TX_0008587,KH_15808,82483,United Kingdom,16,128700.0,2010-12-05 13:05:00
TX_0008588,KH_15808,85099B,United Kingdom,20,50700.0,2010-12-05 13:05:00
TX_0008589,KH_15808,85099C,United Kingdom,10,50700.0,2010-12-05 13:05:00
TX_0008590,KH_15808,22467,United Kingdom,4,66300.0,2010-12-05 13:05:00
TX_0008591,KH_15808,22748,United Kingdom,1,54600.0,2010-12-05 13:05:00
TX_0008592,KH_15808,22747,United Kingdom,1,54600.0,2010-12-05 13:05:00
TX_0008593,KH_15808,22746,United Kingdom,1,54600.0,2010-12-05 13:05:00
TX_0008594,KH_15808,22745,United Kingdom,1,54600.0,2010-12-05 13:05:00
TX_0008595,KH_15808,22900,United Kingdom,10,76700.0,2010-12-05 13:05:00
TX_0008596,KH_15808,22654,United Kingdom,4,154700.0,2010-12-05 13:05:00
TX_0008597,KH_15808,22198,United Kingdom,2,42900.0,2010-12-05 13:05:00
TX_0008598,KH_15808,22376,United Kingdom,2,110500.0,2010-12-05 13:05:00
TX_0008599,KH_15808,22374,United Kingdom,2,110500.0,2010-12-05 13:05:00
TX_0008600,KH_15808,22371,United Kingdom,2,110500.0,2010-12-05 13:05:00
TX_0008601,KH_15808,22645,United Kingdom,4,37700.0,2010-12-05 13:05:00
TX_0008602,KH_15808,22644,United Kingdom,4,37700.0,2010-12-05 13:05:00
TX_0008603,KH_15808,22646,United Kingdom,4,37700.0,2010-12-05 13:05:00
TX_0008604,KH_15808,79321,United Kingdom,4,128700.0,2010-12-05 13:05:00
TX_0008605,KH_15808,22141,United Kingdom,1,54600.0,2010-12-05 13:05:00
TX_0008606,KH_15808,21787,United Kingdom,1,22100.0,2010-12-05 13:05:00
TX_0008607,KH_15808,22147,United Kingdom,1,37700.0,2010-12-05 13:05:00
TX_0008608,KH_15808,22742,United Kingdom,1,76700.0,2010-12-05 13:05:00
TX_0008609,KH_15808,22563,United Kingdom,1,32500.0,2010-12-05 13:05:00
TX_0008610,KH_15808,22910,United Kingdom,1,76700.0,2010-12-05 13:05:00
TX_0008611,KH_15808,20977,United Kingdom,1,32500.0,2010-12-05 13:05:00
TX_0008612,KH_15808,22086,United Kingdom,1,76700.0,2010-12-05 13:05:00
TX_0008613,KH_12748,62018,United Kingdom,1,50700.0,2010-12-05 13:05:00
TX_0008614,KH_12748,20674,United Kingdom,1,32500.0,2010-12-05 13:05:00
TX_0008615,KH_12748,22952,United Kingdom,2,14300.0,2010-12-05 13:05:00
TX_0008616,KH_12748,21785,United Kingdom,1,22100.0,2010-12-05 13:05:00
TX_0008617,KH_12748,21786,United Kingdom,1,10920.0,2010-12-05 13:05:00
TX_0008618,KH_12748,20980,United Kingdom,1,32500.0,2010-12-05 13:05:00
TX_0008619,KH_12748,20978,United Kingdom,1,32500.0,2010-12-05 13:05:00
TX_0008620,KH_12748,20982,United Kingdom,6,22100.0,2010-12-05 13:05:00
TX_0008621,KH_12748,10133,United Kingdom,3,22100.0,2010-12-05 13:05:00
TX_0008622,KH_12748,21479,United Kingdom,1,97500.0,2010-12-05 13:05:00
TX_0008623,KH_12748,21889,United Kingdom,2,32500.0,2010-12-05 13:05:00
TX_0008624,KH_12748,22100,United Kingdom,1,32500.0,2010-12-05 13:05:00
TX_0008625,KH_12748,85179A,United Kingdom,2,120900.0,2010-12-05 13:05:00
TX_0008626,KH_12748,84827,United Kingdom,1,16900.0,2010-12-05 13:05:00
TX_0008627,KH_12748,21544,United Kingdom,1,22100.0,2010-12-05 13:05:00
TX_0008628,KH_12748,22327,United Kingdom,1,76700.0,2010-12-05 13:05:00
TX_0008629,KH_12748,20754,United Kingdom,1,54600.0,2010-12-05 13:05:00
TX_0008630,KH_12748,22095,United Kingdom,1,32500.0,2010-12-05 13:05:00
TX_0008631,KH_12748,21902,United Kingdom,1,16900.0,2010-12-05 13:05:00
TX_0008632,KH_12748,22865,United Kingdom,1,54600.0,2010-12-05 13:05:00
TX_0008633,KH_12748,22983,United Kingdom,12,10920.0,2010-12-05 13:05:00
TX_0008634,KH_12748,22633,United Kingdom,2,54600.0,2010-12-05 13:05:00
TX_0008635,KH_12748,22553,United Kingdom,1,42900.0,2010-12-05 13:05:00
TX_0008636,KH_12748,21427,United Kingdom,2,54600.0,2010-12-05 13:05:00
TX_0008637,KH_12748,21581,United Kingdom,1,58500.0,2010-12-05 13:05:00
TX_0008638,KH_12748,22744,United Kingdom,1,76700.0,2010-12-05 13:05:00
TX_0008639,KH_12748,35954,United Kingdom,8,10920.0,2010-12-05 13:05:00
TX_0008640,KH_12748,35958,United Kingdom,4,22100.0,2010-12-05 13:05:00
TX_0008641,KH_12748,21930,United Kingdom,1,50700.0,2010-12-05 13:05:00
TX_0008642,KH_12748,21934,United Kingdom,1,42900.0,2010-12-05 13:05:00
TX_0008643,KH_17858,84792,United Kingdom,3,120900.0,2010-12-05 13:08:00
TX_0008644,KH_17858,22173,United Kingdom,5,76700.0,2010-12-05 13:08:00
TX_0008645,KH_17858,75013B,United Kingdom,4,42900.0,2010-12-05 13:08:00
TX_0008646,KH_17858,20829,United Kingdom,3,54600.0,2010-12-05 13:08:00
TX_0008647,KH_17858,22467,United Kingdom,4,66300.0,2010-12-05 13:08:00
TX_0008648,KH_17858,82581,United Kingdom,2,14300.0,2010-12-05 13:08:00
TX_0008649,KH_17858,82580,United Kingdom,3,14300.0,2010-12-05 13:08:00
TX_0008650,KH_17858,82582,United Kingdom,3,54600.0,2010-12-05 13:08:00
TX_0008651,KH_17858,21164,United Kingdom,2,76700.0,2010-12-05 13:08:00
TX_0008652,KH_17858,85150,United Kingdom,2,66300.0,2010-12-05 13:08:00
TX_0008653,KH_17858,21340,United Kingdom,2,331500.0,2010-12-05 13:08:00
TX_0008654,KH_17858,21761,United Kingdom,1,778700.0,2010-12-05 13:08:00
TX_0008655,KH_17858,21670,United Kingdom,6,32500.0,2010-12-05 13:08:00
TX_0008656,KH_17858,21673,United Kingdom,6,32500.0,2010-12-05 13:08:00
TX_0008657,KH_17858,84406B,United Kingdom,16,84500.0,2010-12-05 13:08:00
TX_0008658,KH_17858,22830,United Kingdom,1,700700.0,2010-12-05 13:08:00
TX_0008659,KH_17858,21671,United Kingdom,12,32500.0,2010-12-05 13:08:00
TX_0008660,KH_16393,22629,United Kingdom,4,50700.0,2010-12-05 13:10:00
TX_0008661,KH_16393,22659,United Kingdom,2,50700.0,2010-12-05 13:10:00
TX_0008662,KH_16393,22900,United Kingdom,6,76700.0,2010-12-05 13:10:00
TX_0008663,KH_16393,22902,United Kingdom,6,54600.0,2010-12-05 13:10:00
TX_0008664,KH_16393,22834,United Kingdom,7,54600.0,2010-12-05 13:10:00
TX_0008665,KH_16393,22865,United Kingdom,12,54600.0,2010-12-05 13:10:00
TX_0008666,KH_16393,22867,United Kingdom,12,54600.0,2010-12-05 13:10:00
TX_0008667,KH_16393,22866,United Kingdom,14,54600.0,2010-12-05 13:10:00
TX_0008668,KH_16393,22632,United Kingdom,7,54600.0,2010-12-05 13:10:00
TX_0008669,KH_16393,22633,United Kingdom,16,54600.0,2010-12-05 13:10:00
TX_0008670,KH_14527,22112,United Kingdom,6,128700.0,2010-12-05 13:17:00
TX_0008671,KH_14527,22111,United Kingdom,1,128700.0,2010-12-05 13:17:00
TX_0008672,KH_14527,21479,United Kingdom,1,97500.0,2010-12-05 13:17:00
TX_0008673,KH_14527,22114,United Kingdom,6,102700.0,2010-12-05 13:17:00
TX_0008674,KH_14527,35598B,United Kingdom,1,76700.0,2010-12-05 13:17:00
TX_0008675,KH_14527,22866,United Kingdom,3,54600.0,2010-12-05 13:17:00
TX_0008676,KH_14527,22865,United Kingdom,7,54600.0,2010-12-05 13:17:00
TX_0008677,KH_14527,22632,United Kingdom,3,54600.0,2010-12-05 13:17:00
TX_0008678,KH_14527,22684,United Kingdom,1,32500.0,2010-12-05 13:17:00
TX_0008679,KH_14527,22676,United Kingdom,1,32500.0,2010-12-05 13:17:00
TX_0008680,KH_14527,21481,United Kingdom,1,76700.0,2010-12-05 13:17:00
TX_0008681,KH_14527,84032A,United Kingdom,1,76700.0,2010-12-05 13:17:00
TX_0008682,KH_14527,21217,United Kingdom,1,258700.0,2010-12-05 13:17:00
TX_0008683,KH_14527,22946,United Kingdom,2,440700.0,2010-12-05 13:17:00
TX_0008684,KH_14527,22694,United Kingdom,2,54600.0,2010-12-05 13:17:00
TX_0008685,KH_14527,82011B,United Kingdom,1,97500.0,2010-12-05 13:17:00
TX_0008686,KH_14527,22898,United Kingdom,2,50700.0,2010-12-05 13:17:00
TX_0008687,KH_14527,22667,United Kingdom,1,76700.0,2010-12-05 13:17:00
TX_0008688,KH_14527,22357,United Kingdom,1,110500.0,2010-12-05 13:17:00
TX_0008689,KH_14527,21630,United Kingdom,1,232700.0,2010-12-05 13:17:00
TX_0008690,KH_14527,21623,United Kingdom,1,258700.0,2010-12-05 13:17:00
TX_0008691,KH_14527,82484,United Kingdom,1,167700.0,2010-12-05 13:17:00
TX_0008692,KH_14527,22765,United Kingdom,1,388700.0,2010-12-05 13:17:00
TX_0008693,KH_14527,22193,United Kingdom,2,221000.0,2010-12-05 13:17:00
TX_0008694,KH_14527,22072,United Kingdom,6,97500.0,2010-12-05 13:17:00
TX_0008695,KH_14527,84997A,United Kingdom,1,97500.0,2010-12-05 13:17:00
TX_0008696,KH_14527,84997B,United Kingdom,2,97500.0,2010-12-05 13:17:00
TX_0008697,KH_14527,21258,United Kingdom,3,331500.0,2010-12-05 13:17:00
TX_0008698,KH_14161,22605,United Kingdom,1,388700.0,2010-12-05 13:18:00
TX_0008699,KH_14161,22297,United Kingdom,8,32500.0,2010-12-05 13:18:00
TX_0008700,KH_14161,22296,United Kingdom,8,42900.0,2010-12-05 13:18:00
TX_0008701,KH_14161,21811,United Kingdom,10,32500.0,2010-12-05 13:18:00
TX_0008702,KH_14161,20974,United Kingdom,6,16900.0,2010-12-05 13:18:00
TX_0008703,KH_14161,21810,United Kingdom,6,32500.0,2010-12-05 13:18:00
TX_0008704,KH_14161,21809,United Kingdom,6,32500.0,2010-12-05 13:18:00
TX_0008705,KH_14161,21754,United Kingdom,6,154700.0,2010-12-05 13:18:00
TX_0008706,KH_14161,20878,United Kingdom,4,32500.0,2010-12-05 13:18:00
TX_0008707,KH_14161,84406B,United Kingdom,3,84500.0,2010-12-05 13:18:00
TX_0008708,KH_14161,22158,United Kingdom,6,76700.0,2010-12-05 13:18:00
TX_0008709,KH_14161,22752,United Kingdom,2,221000.0,2010-12-05 13:18:00
TX_0008710,KH_14161,22694,United Kingdom,3,54600.0,2010-12-05 13:18:00
TX_0008711,KH_14161,22086,United Kingdom,3,76700.0,2010-12-05 13:18:00
TX_0008712,KH_14161,22865,United Kingdom,1,54600.0,2010-12-05 13:18:00
TX_0008713,KH_14161,22866,United Kingdom,4,54600.0,2010-12-05 13:18:00
TX_0008714,KH_14161,22633,United Kingdom,7,54600.0,2010-12-05 13:18:00
TX_0008715,KH_14161,22470,United Kingdom,10,76700.0,2010-12-05 13:18:00
TX_0008716,KH_14161,20977,United Kingdom,4,32500.0,2010-12-05 13:18:00
TX_0008717,KH_14161,22553,United Kingdom,4,42900.0,2010-12-05 13:18:00
TX_0008718,KH_14161,22557,United Kingdom,2,42900.0,2010-12-05 13:18:00
TX_0008719,KH_14161,22748,United Kingdom,1,54600.0,2010-12-05 13:18:00
TX_0008720,KH_14161,22745,United Kingdom,1,54600.0,2010-12-05 13:18:00
TX_0008721,KH_14161,21870,United Kingdom,12,32500.0,2010-12-05 13:18:00
TX_0008722,KH_14161,21868,United Kingdom,6,32500.0,2010-12-05 13:18:00
TX_0008723,KH_14161,22187,United Kingdom,4,110500.0,2010-12-05 13:18:00
TX_0008724,KH_17863,22738,United Kingdom,10,42900.0,2010-12-05 13:21:00
TX_0008725,KH_17863,22551,United Kingdom,12,42900.0,2010-12-05 13:21:00
TX_0008726,KH_17863,22557,United Kingdom,12,42900.0,2010-12-05 13:21:00
TX_0008727,KH_17863,22659,United Kingdom,12,50700.0,2010-12-05 13:21:00
TX_0008728,KH_17863,22435,United Kingdom,24,32500.0,2010-12-05 13:21:00
TX_0008729,KH_17863,22466,United Kingdom,24,50700.0,2010-12-05 13:21:00
TX_0008730,KH_17863,21731,United Kingdom,24,42900.0,2010-12-05 13:21:00
TX_0008731,KH_17863,21094,United Kingdom,12,22100.0,2010-12-05 13:21:00
TX_0008732,KH_17863,21086,United Kingdom,12,16900.0,2010-12-05 13:21:00
TX_0008733,KH_17863,21914,United Kingdom,12,32500.0,2010-12-05 13:21:00
TX_0008734,KH_17863,22027,United Kingdom,12,10920.0,2010-12-05 13:21:00
TX_0008735,KH_17863,22712,United Kingdom,12,10920.0,2010-12-05 13:21:00
TX_0008736,KH_17863,22714,United Kingdom,12,10920.0,2010-12-05 13:21:00
TX_0008737,KH_17863,21577,United Kingdom,12,58500.0,2010-12-05 13:21:00
TX_0008738,KH_17863,21580,United Kingdom,6,58500.0,2010-12-05 13:21:00
TX_0008739,KH_17863,22331,United Kingdom,8,42900.0,2010-12-05 13:21:00
TX_0008740,KH_17863,22334,United Kingdom,8,42900.0,2010-12-05 13:21:00
TX_0008741,KH_17863,22801,United Kingdom,8,97500.0,2010-12-05 13:21:00
TX_0008742,KH_17863,21429,United Kingdom,8,42900.0,2010-12-05 13:21:00
TX_0008743,KH_17863,85199L,United Kingdom,24,16900.0,2010-12-05 13:21:00
TX_0008744,KH_17863,22791,United Kingdom,12,32500.0,2010-12-05 13:21:00
TX_0008745,KH_16411,22556,United Kingdom,2,42900.0,2010-12-05 13:26:00
TX_0008746,KH_16411,22553,United Kingdom,4,42900.0,2010-12-05 13:26:00
TX_0008747,KH_16411,21915,United Kingdom,1,32500.0,2010-12-05 13:26:00
TX_0008748,KH_16411,22231,United Kingdom,1,37700.0,2010-12-05 13:26:00
TX_0008749,KH_16411,21484,United Kingdom,1,89700.0,2010-12-05 13:26:00
TX_0008750,KH_16411,22910,United Kingdom,1,76700.0,2010-12-05 13:26:00
TX_0008751,KH_16411,21657,United Kingdom,3,180700.0,2010-12-05 13:26:00
TX_0008752,KH_16411,22312,United Kingdom,1,76700.0,2010-12-05 13:26:00
TX_0008753,KH_16411,21156,United Kingdom,3,50700.0,2010-12-05 13:26:00
TX_0008754,KH_16411,22367,United Kingdom,3,50700.0,2010-12-05 13:26:00
TX_0008755,KH_16411,21212,United Kingdom,3,14300.0,2010-12-05 13:26:00
TX_0008756,KH_16411,22417,United Kingdom,3,14300.0,2010-12-05 13:26:00
TX_0008757,KH_16411,84946,United Kingdom,12,32500.0,2010-12-05 13:26:00
TX_0008758,KH_16411,22557,United Kingdom,3,42900.0,2010-12-05 13:26:00
TX_0008759,KH_16411,22555,United Kingdom,6,42900.0,2010-12-05 13:26:00
TX_0008760,KH_16411,22556,United Kingdom,3,42900.0,2010-12-05 13:26:00
TX_0008761,KH_16411,22551,United Kingdom,3,42900.0,2010-12-05 13:26:00
TX_0008762,KH_16411,22792,United Kingdom,12,22100.0,2010-12-05 13:26:00
TX_0008763,KH_16411,22697,United Kingdom,1,76700.0,2010-12-05 13:26:00
TX_0008764,KH_16411,21754,United Kingdom,3,154700.0,2010-12-05 13:26:00
TX_0008765,KH_13767,22111,United Kingdom,18,128700.0,2010-12-05 13:29:00
TX_0008766,KH_13767,21481,United Kingdom,24,76700.0,2010-12-05 13:29:00
TX_0008767,KH_13767,84879,United Kingdom,32,43940.0,2010-12-05 13:29:00
TX_0008768,KH_13767,21314,United Kingdom,16,54600.0,2010-12-05 13:29:00
TX_0008769,KH_13767,22730,United Kingdom,12,97500.0,2010-12-05 13:29:00
TX_0008770,KH_13767,22727,United Kingdom,12,97500.0,2010-12-05 13:29:00
TX_0008771,KH_13767,22729,United Kingdom,12,97500.0,2010-12-05 13:29:00
TX_0008772,KH_13767,22726,United Kingdom,12,97500.0,2010-12-05 13:29:00
TX_0008773,KH_13767,21523,United Kingdom,10,206700.0,2010-12-05 13:29:00
TX_0008774,KH_13767,22699,United Kingdom,8,76700.0,2010-12-05 13:29:00
TX_0008775,KH_13767,22697,United Kingdom,8,76700.0,2010-12-05 13:29:00
TX_0008776,KH_13767,22867,United Kingdom,48,54600.0,2010-12-05 13:29:00
TX_0008777,KH_13767,22866,United Kingdom,72,54600.0,2010-12-05 13:29:00
TX_0008778,KH_16402,22859,United Kingdom,2,42900.0,2010-12-05 13:42:00
TX_0008779,KH_16402,22860,United Kingdom,2,42900.0,2010-12-05 13:42:00
TX_0008780,KH_16402,21623,United Kingdom,1,258700.0,2010-12-05 13:42:00
TX_0008781,KH_16402,21380,United Kingdom,1,76700.0,2010-12-05 13:42:00
TX_0008782,KH_16402,21107,United Kingdom,1,76700.0,2010-12-05 13:42:00
TX_0008783,KH_16402,21106,United Kingdom,2,76700.0,2010-12-05 13:42:00
TX_0008784,KH_16402,22499,United Kingdom,1,154700.0,2010-12-05 13:42:00
TX_0008785,KH_16402,21147,United Kingdom,1,54600.0,2010-12-05 13:42:00
TX_0008786,KH_16402,22487,United Kingdom,1,258700.0,2010-12-05 13:42:00
TX_0008787,KH_16402,22638,United Kingdom,1,66300.0,2010-12-05 13:42:00
TX_0008788,KH_16402,22093,United Kingdom,1,32500.0,2010-12-05 13:42:00
TX_0008789,KH_16402,22091,United Kingdom,1,32500.0,2010-12-05 13:42:00
TX_0008790,KH_16402,21878,United Kingdom,1,22100.0,2010-12-05 13:42:00
TX_0008791,KH_16402,22639,United Kingdom,1,66300.0,2010-12-05 13:42:00
TX_0008792,KH_16402,22065,United Kingdom,2,37700.0,2010-12-05 13:42:00
TX_0008793,KH_16402,21580,United Kingdom,1,58500.0,2010-12-05 13:42:00
TX_0008794,KH_16402,22097,United Kingdom,1,32500.0,2010-12-05 13:42:00
TX_0008795,KH_16402,22386,United Kingdom,1,50700.0,2010-12-05 13:42:00
TX_0008796,KH_16402,22087,United Kingdom,1,76700.0,2010-12-05 13:42:00
TX_0008797,KH_16402,22813,United Kingdom,1,50700.0,2010-12-05 13:42:00
TX_0008798,KH_16402,22585,United Kingdom,1,32500.0,2010-12-05 13:42:00
TX_0008799,KH_16402,22907,United Kingdom,1,22100.0,2010-12-05 13:42:00
TX_0008800,KH_16402,22560,United Kingdom,2,32500.0,2010-12-05 13:42:00
TX_0008801,KH_16402,22564,United Kingdom,1,32500.0,2010-12-05 13:42:00
TX_0008802,KH_16402,22563,United Kingdom,1,32500.0,2010-12-05 13:42:00
TX_0008803,KH_16402,85174,United Kingdom,1,128700.0,2010-12-05 13:42:00
TX_0008804,KH_16402,22098,United Kingdom,2,32500.0,2010-12-05 13:42:00
TX_0008805,KH_16402,22084,United Kingdom,1,76700.0,2010-12-05 13:42:00
TX_0008806,KH_16402,21864,United Kingdom,1,54600.0,2010-12-05 13:42:00
TX_0008807,KH_16402,21865,United Kingdom,1,54600.0,2010-12-05 13:42:00
TX_0008808,KH_16402,20748,United Kingdom,1,331500.0,2010-12-05 13:42:00
TX_0008809,KH_16402,22099,United Kingdom,1,32500.0,2010-12-05 13:42:00
TX_0008810,KH_16402,85208,United Kingdom,1,54600.0,2010-12-05 13:42:00
TX_0008811,KH_16402,22956,United Kingdom,2,54600.0,2010-12-05 13:42:00
TX_0008812,KH_16402,21106,United Kingdom,1,76700.0,2010-12-05 13:42:00
TX_0008813,KH_16402,22666,United Kingdom,1,76700.0,2010-12-05 13:42:00
TX_0008814,KH_16402,21114,United Kingdom,5,32500.0,2010-12-05 13:42:00
TX_0008815,KH_16402,22129,United Kingdom,6,22100.0,2010-12-05 13:42:00
TX_0008816,KH_16402,22128,United Kingdom,6,32500.0,2010-12-05 13:42:00
TX_0008817,KH_16402,22633,United Kingdom,2,54600.0,2010-12-05 13:42:00
TX_0008818,KH_16402,22865,United Kingdom,1,54600.0,2010-12-05 13:42:00
TX_0008819,KH_16402,22867,United Kingdom,2,54600.0,2010-12-05 13:42:00
TX_0008820,KH_16402,22808,United Kingdom,1,76700.0,2010-12-05 13:42:00
TX_0008821,KH_16402,21109,United Kingdom,1,175500.0,2010-12-05 13:42:00
TX_0008822,KH_16402,20702,United Kingdom,1,110500.0,2010-12-05 13:42:00
TX_0008823,KH_16402,22094,United Kingdom,2,32500.0,2010-12-05 13:42:00
TX_0008824,KH_16402,85187,United Kingdom,1,42900.0,2010-12-05 13:42:00
TX_0008825,KH_16402,22667,United Kingdom,1,76700.0,2010-12-05 13:42:00
TX_0008826,KH_16402,22807,United Kingdom,1,76700.0,2010-12-05 13:42:00
TX_0008827,KH_16402,22358,United Kingdom,1,76700.0,2010-12-05 13:42:00
TX_0008828,KH_16402,22962,United Kingdom,6,22100.0,2010-12-05 13:42:00
TX_0008829,KH_16402,22963,United Kingdom,6,22100.0,2010-12-05 13:42:00
TX_0008830,KH_16402,22969,United Kingdom,12,37700.0,2010-12-05 13:42:00
TX_0008831,KH_16402,22961,United Kingdom,4,37700.0,2010-12-05 13:42:00
TX_0008832,KH_15023,22890,United Kingdom,1,258700.0,2010-12-05 13:49:00
TX_0008833,KH_15023,21900,United Kingdom,20,16900.0,2010-12-05 13:49:00
TX_0008834,KH_15023,21899,United Kingdom,12,16900.0,2010-12-05 13:49:00
TX_0008835,KH_15023,22470,United Kingdom,12,76700.0,2010-12-05 13:49:00
TX_0008836,KH_15023,22719,United Kingdom,1,32500.0,2010-12-05 13:49:00
TX_0008837,KH_15023,84406B,United Kingdom,2,84500.0,2010-12-05 13:49:00
TX_0008838,KH_15023,22588,United Kingdom,11,66300.0,2010-12-05 13:49:00
TX_0008839,KH_15023,22694,United Kingdom,12,54600.0,2010-12-05 13:49:00
TX_0008840,KH_15023,22914,United Kingdom,1,128700.0,2010-12-05 13:49:00
TX_0008841,KH_15023,22913,United Kingdom,1,128700.0,2010-12-05 13:49:00
TX_0008842,KH_15023,22912,United Kingdom,1,128700.0,2010-12-05 13:49:00
TX_0008843,KH_15023,22862,United Kingdom,4,110500.0,2010-12-05 13:49:00
TX_0008844,KH_15023,22891,United Kingdom,1,110500.0,2010-12-05 13:49:00
TX_0008845,KH_15023,22112,United Kingdom,4,128700.0,2010-12-05 13:49:00
TX_0008846,KH_15023,22579,United Kingdom,12,22100.0,2010-12-05 13:49:00
TX_0008847,KH_15023,22581,United Kingdom,12,22100.0,2010-12-05 13:49:00
TX_0008848,KH_15023,22659,United Kingdom,2,50700.0,2010-12-05 13:49:00
TX_0008849,KH_15023,22578,United Kingdom,11,22100.0,2010-12-05 13:49:00
TX_0008850,KH_15023,21824,United Kingdom,3,37700.0,2010-12-05 13:49:00
TX_0008851,KH_15023,22576,United Kingdom,11,22100.0,2010-12-05 13:49:00
TX_0008852,KH_15023,22571,United Kingdom,3,22100.0,2010-12-05 13:49:00
TX_0008853,KH_15023,22574,United Kingdom,24,22100.0,2010-12-05 13:49:00
TX_0008854,KH_15023,22577,United Kingdom,24,22100.0,2010-12-05 13:49:00
TX_0008855,KH_15023,22909,United Kingdom,2,22100.0,2010-12-05 13:49:00
TX_0008856,KH_15023,22866,United Kingdom,4,54600.0,2010-12-05 13:49:00
TX_0008857,KH_15023,22111,United Kingdom,4,128700.0,2010-12-05 13:49:00
TX_0008858,KH_15023,22112,United Kingdom,2,128700.0,2010-12-05 13:49:00
TX_0008859,KH_15023,21683,United Kingdom,1,76700.0,2010-12-05 13:49:00
TX_0008860,KH_15023,22457,United Kingdom,12,76700.0,2010-12-05 13:49:00
TX_0008861,KH_15023,84406B,United Kingdom,1,84500.0,2010-12-05 13:49:00
TX_0008862,KH_15023,22822,United Kingdom,2,154700.0,2010-12-05 13:49:00
TX_0008863,KH_15023,22188,United Kingdom,6,102700.0,2010-12-05 13:49:00
TX_0008864,KH_15023,22189,United Kingdom,6,102700.0,2010-12-05 13:49:00
TX_0008865,KH_15023,22770,United Kingdom,1,388700.0,2010-12-05 13:49:00
TX_0008866,KH_17402,22619,United Kingdom,80,88140.0,2010-12-05 13:53:00
TX_0008867,KH_15311,22620,United Kingdom,1,32500.0,2010-12-05 13:55:00
TX_0008868,KH_15311,22778,United Kingdom,2,102700.0,2010-12-05 13:55:00
TX_0008869,KH_15311,84946,United Kingdom,12,32500.0,2010-12-05 13:55:00
TX_0008870,KH_15311,21033,United Kingdom,2,76700.0,2010-12-05 13:55:00
TX_0008871,KH_15311,84865,United Kingdom,1,221000.0,2010-12-05 13:55:00
TX_0008872,KH_15311,21172,United Kingdom,24,37700.0,2010-12-05 13:55:00
TX_0008873,KH_15311,21504,United Kingdom,12,10920.0,2010-12-05 13:55:00
TX_0008874,KH_15311,84563A,United Kingdom,2,154700.0,2010-12-05 13:55:00
TX_0008875,KH_15311,84563B,United Kingdom,1,154700.0,2010-12-05 13:55:00
TX_0008876,KH_15311,22502,United Kingdom,2,154700.0,2010-12-05 13:55:00
TX_0008877,KH_15311,21867,United Kingdom,1,32500.0,2010-12-05 13:55:00
TX_0008878,KH_15311,21672,United Kingdom,6,32500.0,2010-12-05 13:55:00
TX_0008879,KH_15311,21673,United Kingdom,12,32500.0,2010-12-05 13:55:00
TX_0008880,KH_15311,37444A,United Kingdom,1,76700.0,2010-12-05 13:55:00
TX_0008881,KH_15311,22775,United Kingdom,12,32500.0,2010-12-05 13:55:00
TX_0008882,KH_15311,85035B,United Kingdom,1,110500.0,2010-12-05 13:55:00
TX_0008883,KH_15311,84378,United Kingdom,1,32500.0,2010-12-05 13:55:00
TX_0008884,KH_15311,22637,United Kingdom,4,66300.0,2010-12-05 13:55:00
TX_0008885,KH_15311,22891,United Kingdom,1,110500.0,2010-12-05 13:55:00
TX_0008886,KH_15311,21899,United Kingdom,1,16900.0,2010-12-05 13:55:00
TX_0008887,KH_15311,22083,United Kingdom,5,76700.0,2010-12-05 13:55:00
TX_0008888,KH_15311,82613B,United Kingdom,1,32500.0,2010-12-05 13:55:00
TX_0008889,KH_15311,82599,United Kingdom,5,54600.0,2010-12-05 13:55:00
TX_0008890,KH_15311,21158,United Kingdom,1,37700.0,2010-12-05 13:55:00
TX_0008891,KH_15311,22086,United Kingdom,2,76700.0,2010-12-05 13:55:00
TX_0008892,KH_15311,85014A,United Kingdom,1,154700.0,2010-12-05 13:55:00
TX_0008893,KH_15311,37446,United Kingdom,32,32500.0,2010-12-05 13:55:00
TX_0008894,KH_15311,22355,United Kingdom,100,18720.0,2010-12-05 13:55:00
TX_0008895,KH_15311,21258,United Kingdom,8,284700.0,2010-12-05 13:55:00
TX_0008896,KH_15311,79321,United Kingdom,24,110500.0,2010-12-05 13:55:00
TX_0008897,KH_15311,37449,United Kingdom,8,221000.0,2010-12-05 13:55:00
TX_0008898,KH_15311,35004C,United Kingdom,12,120900.0,2010-12-05 13:55:00
TX_0008899,KH_15426,22112,United Kingdom,1,128700.0,2010-12-05 13:55:00
TX_0008900,KH_15426,22910,United Kingdom,1,76700.0,2010-12-05 13:55:00
TX_0008901,KH_15426,79190A,United Kingdom,1,10920.0,2010-12-05 13:55:00
TX_0008902,KH_15426,22834,United Kingdom,1,54600.0,2010-12-05 13:55:00
TX_0008903,KH_15426,21356,United Kingdom,1,32500.0,2010-12-05 13:55:00
TX_0008904,KH_15426,22607,United Kingdom,1,258700.0,2010-12-05 13:55:00
TX_0008905,KH_15426,84987,United Kingdom,1,37700.0,2010-12-05 13:55:00
TX_0008906,KH_15426,22800,United Kingdom,1,97500.0,2010-12-05 13:55:00
TX_0008907,KH_15426,22798,United Kingdom,1,76700.0,2010-12-05 13:55:00
TX_0008908,KH_15426,21313,United Kingdom,1,22100.0,2010-12-05 13:55:00
TX_0008909,KH_15426,15034,United Kingdom,1,3640.0,2010-12-05 13:55:00
TX_0008910,KH_15426,22151,United Kingdom,1,10920.0,2010-12-05 13:55:00
TX_0008911,KH_15426,22640,United Kingdom,1,66300.0,2010-12-05 13:55:00
TX_0008912,KH_15426,22296,United Kingdom,1,42900.0,2010-12-05 13:55:00
TX_0008913,KH_15426,47593B,United Kingdom,1,32500.0,2010-12-05 13:55:00
TX_0008914,KH_15426,84946,United Kingdom,1,32500.0,2010-12-05 13:55:00
TX_0008915,KH_15426,21143,United Kingdom,1,50700.0,2010-12-05 13:55:00
TX_0008916,KH_15426,21754,United Kingdom,1,154700.0,2010-12-05 13:55:00
TX_0008917,KH_15426,85129D,United Kingdom,1,32500.0,2010-12-05 13:55:00
TX_0008918,KH_15426,21213,United Kingdom,1,14300.0,2010-12-05 13:55:00
TX_0008919,KH_15426,85129C,United Kingdom,2,32500.0,2010-12-05 13:55:00
TX_0008920,KH_15426,22574,United Kingdom,2,22100.0,2010-12-05 13:55:00
TX_0008921,KH_15426,22421,United Kingdom,1,10920.0,2010-12-05 13:55:00
TX_0008922,KH_15426,21811,United Kingdom,1,32500.0,2010-12-05 13:55:00
TX_0008923,KH_15426,22639,United Kingdom,1,66300.0,2010-12-05 13:55:00
TX_0008924,KH_15426,84879,United Kingdom,4,43940.0,2010-12-05 13:55:00
TX_0008925,KH_15426,22156,United Kingdom,1,22100.0,2010-12-05 13:55:00
TX_0008926,KH_15426,85129B,United Kingdom,2,32500.0,2010-12-05 13:55:00
TX_0008927,KH_15426,35924,United Kingdom,2,54600.0,2010-12-05 13:55:00
TX_0008928,KH_15426,22595,United Kingdom,2,22100.0,2010-12-05 13:55:00
TX_0008929,KH_15426,21892,United Kingdom,1,32500.0,2010-12-05 13:55:00
TX_0008930,KH_15426,22851,United Kingdom,1,22100.0,2010-12-05 13:55:00
TX_0008931,KH_15426,21116,United Kingdom,1,128700.0,2010-12-05 13:55:00
TX_0008932,KH_15426,21624,United Kingdom,1,154700.0,2010-12-05 13:55:00
TX_0008933,KH_15426,47567B,United Kingdom,1,154700.0,2010-12-05 13:55:00
TX_0008934,KH_15426,47559B,United Kingdom,2,32500.0,2010-12-05 13:55:00
TX_0008935,KH_15426,20671,United Kingdom,2,32500.0,2010-12-05 13:55:00
TX_0008936,KH_15426,85130A,United Kingdom,2,42900.0,2010-12-05 13:55:00
TX_0008937,KH_15426,84792,United Kingdom,1,120900.0,2010-12-05 13:55:00
TX_0008938,KH_15426,84508B,United Kingdom,1,66300.0,2010-12-05 13:55:00
TX_0008939,KH_15426,84988,United Kingdom,1,37700.0,2010-12-05 13:55:00
TX_0008940,KH_15426,20829,United Kingdom,1,54600.0,2010-12-05 13:55:00
TX_0008941,KH_15426,15060B,United Kingdom,3,97500.0,2010-12-05 13:55:00
TX_0008942,KH_15426,47566B,United Kingdom,3,120900.0,2010-12-05 13:55:00
TX_0008943,KH_15426,22318,United Kingdom,1,76700.0,2010-12-05 13:55:00
TX_0008944,KH_15426,84406B,United Kingdom,1,84500.0,2010-12-05 13:55:00
TX_0008945,KH_15426,22278,United Kingdom,1,128700.0,2010-12-05 13:55:00
TX_0008946,KH_15426,22570,United Kingdom,1,97500.0,2010-12-05 13:55:00
TX_0008947,KH_15426,22568,United Kingdom,2,97500.0,2010-12-05 13:55:00
TX_0008948,KH_15426,20967,United Kingdom,1,97500.0,2010-12-05 13:55:00
TX_0008949,KH_15426,22147,United Kingdom,2,37700.0,2010-12-05 13:55:00
TX_0008950,KH_15426,21231,United Kingdom,4,32500.0,2010-12-05 13:55:00
TX_0008951,KH_15426,21232,United Kingdom,2,32500.0,2010-12-05 13:55:00
TX_0008952,KH_15426,35004B,United Kingdom,1,141700.0,2010-12-05 13:55:00
TX_0008953,KH_15426,22430,United Kingdom,1,128700.0,2010-12-05 13:55:00
TX_0008954,KH_15426,84509G,United Kingdom,2,97500.0,2010-12-05 13:55:00
TX_0008955,KH_15426,21908,United Kingdom,2,54600.0,2010-12-05 13:55:00
TX_0008956,KH_15426,21903,United Kingdom,1,54600.0,2010-12-05 13:55:00
TX_0008957,KH_15426,82599,United Kingdom,1,54600.0,2010-12-05 13:55:00
TX_0008958,KH_15426,85152,United Kingdom,1,54600.0,2010-12-05 13:55:00
TX_0008959,KH_15426,21166,United Kingdom,1,50700.0,2010-12-05 13:55:00
TX_0008960,KH_15426,21181,United Kingdom,2,54600.0,2010-12-05 13:55:00
TX_0008961,KH_15426,21904,United Kingdom,1,54600.0,2010-12-05 13:55:00
TX_0008962,KH_15426,21422,United Kingdom,8,22100.0,2010-12-05 13:55:00
TX_0008963,KH_15426,22121,United Kingdom,1,154700.0,2010-12-05 13:55:00
TX_0008964,KH_15426,21745,United Kingdom,1,97500.0,2010-12-05 13:55:00
TX_0008965,KH_15426,82486,United Kingdom,1,206700.0,2010-12-05 13:55:00
TX_0008966,KH_15426,82483,United Kingdom,1,154700.0,2010-12-05 13:55:00
TX_0008967,KH_15426,21326,United Kingdom,12,16900.0,2010-12-05 13:55:00
TX_0008968,KH_15426,84946,United Kingdom,6,32500.0,2010-12-05 13:55:00
TX_0008969,KH_15426,84947,United Kingdom,3,32500.0,2010-12-05 13:55:00
TX_0008970,KH_15426,21754,United Kingdom,2,154700.0,2010-12-05 13:55:00
TX_0008971,KH_15426,21137,United Kingdom,24,88140.0,2010-12-05 13:55:00
TX_0008972,KH_15426,21340,United Kingdom,1,331500.0,2010-12-05 13:55:00
TX_0008973,KH_15426,21361,United Kingdom,1,331500.0,2010-12-05 13:55:00
TX_0008974,KH_15426,22427,United Kingdom,1,154700.0,2010-12-05 13:55:00
TX_0008975,KH_12647,22843,Germany,2,175500.0,2010-12-05 14:02:00
TX_0008976,KH_12647,22842,Germany,2,175500.0,2010-12-05 14:02:00
TX_0008977,KH_12647,22961,Germany,12,37700.0,2010-12-05 14:02:00
TX_0008978,KH_12647,22962,Germany,12,22100.0,2010-12-05 14:02:00
TX_0008979,KH_12647,22963,Germany,12,22100.0,2010-12-05 14:02:00
TX_0008980,KH_12647,84997D,Germany,6,97500.0,2010-12-05 14:02:00
TX_0008981,KH_12647,22199,Germany,4,110500.0,2010-12-05 14:02:00
TX_0008982,KH_12647,22200,Germany,4,110500.0,2010-12-05 14:02:00
TX_0008983,KH_12647,22505,Germany,4,128700.0,2010-12-05 14:02:00
TX_0008984,KH_12647,22507,Germany,4,128700.0,2010-12-05 14:02:00
TX_0008985,KH_12647,84050,Germany,6,42900.0,2010-12-05 14:02:00
TX_0008986,KH_12647,85055,Germany,4,97500.0,2010-12-05 14:02:00
TX_0008987,KH_12647,84968A,Germany,1,331500.0,2010-12-05 14:02:00
TX_0008988,KH_12647,POST,Germany,3,468000.0,2010-12-05 14:02:00
TX_0008989,KH_12647,22624,Germany,2,221000.0,2010-12-05 14:02:00
TX_0008990,KH_12647,22847,Germany,1,440700.0,2010-12-05 14:02:00
TX_0008991,KH_12647,20685,Germany,10,175500.0,2010-12-05 14:03:00
TX_0008992,KH_12647,POST,Germany,1,468000.0,2010-12-05 14:03:00
TX_0008993,KH_15894,22810,United Kingdom,6,76700.0,2010-12-05 14:06:00
TX_0008994,KH_15894,22809,United Kingdom,6,76700.0,2010-12-05 14:06:00
TX_0008995,KH_15894,20711,United Kingdom,1,50700.0,2010-12-05 14:06:00
TX_0008996,KH_15894,22818,United Kingdom,12,10920.0,2010-12-05 14:06:00
TX_0008997,KH_15894,22816,United Kingdom,12,10920.0,2010-12-05 14:06:00
TX_0008998,KH_15894,21849,United Kingdom,1,128700.0,2010-12-05 14:06:00
TX_0008999,KH_15894,22417,United Kingdom,1,14300.0,2010-12-05 14:06:00
TX_0009000,KH_15894,22866,United Kingdom,3,54600.0,2010-12-05 14:06:00
TX_0009001,KH_15894,22585,United Kingdom,2,32500.0,2010-12-05 14:06:00
TX_0009002,KH_15894,22158,United Kingdom,1,76700.0,2010-12-05 14:06:00
TX_0009003,KH_15894,22156,United Kingdom,1,22100.0,2010-12-05 14:06:00
TX_0009004,KH_15894,21122,United Kingdom,1,32500.0,2010-12-05 14:06:00
TX_0009005,KH_15894,84991,United Kingdom,1,14300.0,2010-12-05 14:06:00
TX_0009006,KH_15894,21126,United Kingdom,1,32500.0,2010-12-05 14:06:00
TX_0009007,KH_15894,21849,United Kingdom,4,128700.0,2010-12-05 14:06:00
TX_0009008,KH_15894,21034,United Kingdom,1,24700.0,2010-12-05 14:06:00
TX_0009009,KH_15894,22278,United Kingdom,1,128700.0,2010-12-05 14:06:00
TX_0009010,KH_15894,22616,United Kingdom,12,7540.0,2010-12-05 14:06:00
TX_0009011,KH_15894,22482,United Kingdom,2,32500.0,2010-12-05 14:06:00
TX_0009012,KH_15894,M,United Kingdom,1,16900.0,2010-12-05 14:06:00
TX_0009013,KH_15894,21811,United Kingdom,1,32500.0,2010-12-05 14:06:00
TX_0009014,KH_15894,21820,United Kingdom,2,97500.0,2010-12-05 14:06:00
TX_0009015,KH_15894,22197,United Kingdom,1,22100.0,2010-12-05 14:06:00
TX_0009016,KH_15894,37509,United Kingdom,1,66300.0,2010-12-05 14:06:00
TX_0009017,KH_15894,22633,United Kingdom,1,54600.0,2010-12-05 14:06:00
TX_0009018,KH_15894,22866,United Kingdom,1,54600.0,2010-12-05 14:06:00
TX_0009019,KH_15894,22557,United Kingdom,1,42900.0,2010-12-05 14:06:00
TX_0009020,KH_15894,21212,United Kingdom,3,14300.0,2010-12-05 14:06:00
TX_0009021,KH_15894,22030,United Kingdom,12,10920.0,2010-12-05 14:06:00
TX_0009022,KH_15894,22443,United Kingdom,1,206700.0,2010-12-05 14:06:00
TX_0009023,KH_15894,82616B,United Kingdom,1,76700.0,2010-12-05 14:06:00
TX_0009024,KH_15894,84247G,United Kingdom,12,10920.0,2010-12-05 14:06:00
TX_0009025,KH_15894,22174,United Kingdom,3,42900.0,2010-12-05 14:06:00
TX_0009026,KH_15894,85174,United Kingdom,1,128700.0,2010-12-05 14:06:00
TX_0009027,KH_15867,21038,United Kingdom,3,76700.0,2010-12-05 14:17:00
TX_0009028,KH_15867,22077,United Kingdom,2,42900.0,2010-12-05 14:17:00
TX_0009029,KH_15867,85049A,United Kingdom,2,32500.0,2010-12-05 14:17:00
TX_0009030,KH_15867,22076,United Kingdom,2,42900.0,2010-12-05 14:17:00
TX_0009031,KH_15867,21892,United Kingdom,1,32500.0,2010-12-05 14:17:00
TX_0009032,KH_15867,47343A,United Kingdom,3,38740.0,2010-12-05 14:17:00
TX_0009033,KH_15867,47369A,United Kingdom,1,76700.0,2010-12-05 14:17:00
TX_0009034,KH_15867,47369B,United Kingdom,1,76700.0,2010-12-05 14:17:00
TX_0009035,KH_15867,22272,United Kingdom,1,76700.0,2010-12-05 14:17:00
TX_0009036,KH_15867,22273,United Kingdom,1,76700.0,2010-12-05 14:17:00
TX_0009037,KH_15867,22450,United Kingdom,1,87100.0,2010-12-05 14:17:00
TX_0009038,KH_15867,22451,United Kingdom,1,87100.0,2010-12-05 14:17:00
TX_0009039,KH_15867,21891,United Kingdom,2,32500.0,2010-12-05 14:17:00
TX_0009040,KH_15867,85055,United Kingdom,1,97500.0,2010-12-05 14:17:00
TX_0009041,KH_15867,85178,United Kingdom,2,32500.0,2010-12-05 14:17:00
TX_0009042,KH_15867,22651,United Kingdom,2,22100.0,2010-12-05 14:17:00
TX_0009043,KH_15867,16014,United Kingdom,4,10920.0,2010-12-05 14:17:00
TX_0009044,KH_15867,22865,United Kingdom,1,54600.0,2010-12-05 14:17:00
TX_0009045,KH_15867,22632,United Kingdom,2,54600.0,2010-12-05 14:17:00
TX_0009046,KH_15867,22471,United Kingdom,1,128700.0,2010-12-05 14:17:00
TX_0009047,KH_15867,84030E,United Kingdom,1,110500.0,2010-12-05 14:17:00
TX_0009048,KH_15867,22112,United Kingdom,1,128700.0,2010-12-05 14:17:00
TX_0009049,KH_15867,21479,United Kingdom,1,97500.0,2010-12-05 14:17:00
TX_0009050,KH_15867,22110,United Kingdom,1,66300.0,2010-12-05 14:17:00
TX_0009051,KH_15867,22113,United Kingdom,2,97500.0,2010-12-05 14:17:00
TX_0009052,KH_15867,22188,United Kingdom,3,102700.0,2010-12-05 14:17:00
TX_0009053,KH_15867,84029E,United Kingdom,1,97500.0,2010-12-05 14:17:00
TX_0009054,KH_15867,47367B,United Kingdom,2,97500.0,2010-12-05 14:17:00
TX_0009055,KH_12472,22781,Germany,2,198900.0,2010-12-05 14:19:00
TX_0009056,KH_12472,22865,Germany,24,54600.0,2010-12-05 14:19:00
TX_0009057,KH_12472,22960,Germany,12,97500.0,2010-12-05 14:19:00
TX_0009058,KH_12472,22961,Germany,12,37700.0,2010-12-05 14:19:00
TX_0009059,KH_12472,22962,Germany,24,22100.0,2010-12-05 14:19:00
TX_0009060,KH_12472,22963,Germany,24,22100.0,2010-12-05 14:19:00
TX_0009061,KH_12472,22964,Germany,18,54600.0,2010-12-05 14:19:00
TX_0009062,KH_12472,22972,Germany,12,42900.0,2010-12-05 14:19:00
TX_0009063,KH_12472,22973,Germany,12,42900.0,2010-12-05 14:19:00
TX_0009064,KH_12472,22975,Germany,12,32500.0,2010-12-05 14:19:00
TX_0009065,KH_12472,22976,Germany,12,32500.0,2010-12-05 14:19:00
TX_0009066,KH_12472,22834,Germany,12,54600.0,2010-12-05 14:19:00
TX_0009067,KH_12472,22568,Germany,4,97500.0,2010-12-05 14:19:00
TX_0009068,KH_12472,84375,Germany,12,54600.0,2010-12-05 14:19:00
TX_0009069,KH_12472,22940,Germany,8,110500.0,2010-12-05 14:19:00
TX_0009070,KH_12472,22898,Germany,8,50700.0,2010-12-05 14:19:00
TX_0009071,KH_12472,22837,Germany,4,120900.0,2010-12-05 14:19:00
TX_0009072,KH_12472,22968,Germany,2,258700.0,2010-12-05 14:19:00
TX_0009073,KH_12472,22816,Germany,12,10920.0,2010-12-05 14:19:00
TX_0009074,KH_12472,22818,Germany,24,10920.0,2010-12-05 14:19:00
TX_0009075,KH_12472,21915,Germany,24,32500.0,2010-12-05 14:19:00
TX_0009076,KH_12472,21914,Germany,24,32500.0,2010-12-05 14:19:00
TX_0009077,KH_12472,22333,Germany,8,42900.0,2010-12-05 14:19:00
TX_0009078,KH_12472,20668,Germany,24,3120.0,2010-12-05 14:19:00
TX_0009079,KH_12472,21817,Germany,12,22100.0,2010-12-05 14:19:00
TX_0009080,KH_12472,22337,Germany,24,16900.0,2010-12-05 14:19:00
TX_0009081,KH_12472,22571,Germany,24,22100.0,2010-12-05 14:19:00
TX_0009082,KH_12472,22572,Germany,24,22100.0,2010-12-05 14:19:00
TX_0009083,KH_12472,22579,Germany,24,22100.0,2010-12-05 14:19:00
TX_0009084,KH_12472,22601,Germany,24,22100.0,2010-12-05 14:19:00
TX_0009085,KH_12472,84341B,Germany,12,22100.0,2010-12-05 14:19:00
TX_0009086,KH_12472,22629,Germany,36,50700.0,2010-12-05 14:19:00
TX_0009087,KH_12472,22326,Germany,24,76700.0,2010-12-05 14:19:00
TX_0009088,KH_12472,20719,Germany,30,22100.0,2010-12-05 14:19:00
TX_0009089,KH_12472,22556,Germany,12,42900.0,2010-12-05 14:19:00
TX_0009090,KH_12472,22895,Germany,12,76700.0,2010-12-05 14:19:00
TX_0009091,KH_12472,20750,Germany,4,206700.0,2010-12-05 14:19:00
TX_0009092,KH_12472,22321,Germany,12,22100.0,2010-12-05 14:19:00
TX_0009093,KH_12472,22354,Germany,10,97500.0,2010-12-05 14:19:00
TX_0009094,KH_12472,22077,Germany,24,42900.0,2010-12-05 14:19:00
TX_0009095,KH_12472,85049E,Germany,12,32500.0,2010-12-05 14:19:00
TX_0009096,KH_12472,85049D,Germany,12,32500.0,2010-12-05 14:19:00
TX_0009097,KH_12472,85049F,Germany,12,32500.0,2010-12-05 14:19:00
TX_0009098,KH_12472,85049G,Germany,12,32500.0,2010-12-05 14:19:00
TX_0009099,KH_12472,22141,Germany,12,54600.0,2010-12-05 14:19:00
TX_0009100,KH_12472,22144,Germany,12,54600.0,2010-12-05 14:19:00
TX_0009101,KH_12472,22602,Germany,12,22100.0,2010-12-05 14:19:00
TX_0009102,KH_12472,22600,Germany,12,22100.0,2010-12-05 14:19:00
TX_0009103,KH_12472,22595,Germany,12,22100.0,2010-12-05 14:19:00
TX_0009104,KH_12472,22594,Germany,12,22100.0,2010-12-05 14:19:00
TX_0009105,KH_12472,22593,Germany,12,22100.0,2010-12-05 14:19:00
TX_0009106,KH_12472,22573,Germany,12,22100.0,2010-12-05 14:19:00
TX_0009107,KH_12472,22574,Germany,12,22100.0,2010-12-05 14:19:00
TX_0009108,KH_12472,22577,Germany,12,22100.0,2010-12-05 14:19:00
TX_0009109,KH_12472,22578,Germany,12,22100.0,2010-12-05 14:19:00
TX_0009110,KH_12472,20724,Germany,20,22100.0,2010-12-05 14:19:00
TX_0009111,KH_12472,22423,Germany,4,331500.0,2010-12-05 14:19:00
TX_0009112,KH_12472,22328,Germany,12,76700.0,2010-12-05 14:19:00
TX_0009113,KH_12472,22631,Germany,12,50700.0,2010-12-05 14:19:00
TX_0009114,KH_12472,22080,Germany,10,42900.0,2010-12-05 14:19:00
TX_0009115,KH_12472,22079,Germany,10,42900.0,2010-12-05 14:19:00
TX_0009116,KH_12472,22078,Germany,10,54600.0,2010-12-05 14:19:00
TX_0009117,KH_12472,22867,Germany,12,54600.0,2010-12-05 14:19:00
TX_0009118,KH_12472,22467,Germany,12,66300.0,2010-12-05 14:19:00
TX_0009119,KH_12472,22242,Germany,12,42900.0,2010-12-05 14:19:00
TX_0009120,KH_12472,22244,Germany,12,50700.0,2010-12-05 14:19:00
TX_0009121,KH_12472,22245,Germany,12,22100.0,2010-12-05 14:19:00
TX_0009122,KH_12472,20914,Germany,6,76700.0,2010-12-05 14:19:00
TX_0009123,KH_12472,POST,Germany,6,468000.0,2010-12-05 14:19:00
TX_0009124,KH_12472,22636,Germany,4,221000.0,2010-12-05 14:19:00
TX_0009125,KH_14506,48138,United Kingdom,2,206700.0,2010-12-05 14:25:00
TX_0009126,KH_14506,48111,United Kingdom,1,206700.0,2010-12-05 14:25:00
TX_0009127,KH_14506,20685,United Kingdom,1,206700.0,2010-12-05 14:25:00
TX_0009128,KH_14506,48184,United Kingdom,1,206700.0,2010-12-05 14:25:00
TX_0009129,KH_14506,22130,United Kingdom,6,22100.0,2010-12-05 14:25:00
TX_0009130,KH_14506,22759,United Kingdom,1,42900.0,2010-12-05 14:25:00
TX_0009131,KH_14506,22653,United Kingdom,2,50700.0,2010-12-05 14:25:00
TX_0009132,KH_14506,21811,United Kingdom,4,32500.0,2010-12-05 14:25:00
TX_0009133,KH_14506,21695,United Kingdom,6,76700.0,2010-12-05 14:25:00
TX_0009134,KH_14506,21688,United Kingdom,6,76700.0,2010-12-05 14:25:00
TX_0009135,KH_14506,85099F,United Kingdom,1,50700.0,2010-12-05 14:25:00
TX_0009136,KH_14506,84773,United Kingdom,3,76700.0,2010-12-05 14:25:00
TX_0009137,KH_14506,22078,United Kingdom,5,54600.0,2010-12-05 14:25:00
TX_0009138,KH_14506,22147,United Kingdom,1,37700.0,2010-12-05 14:25:00
TX_0009139,KH_14506,20971,United Kingdom,1,32500.0,2010-12-05 14:25:00
TX_0009140,KH_14506,22587,United Kingdom,1,22100.0,2010-12-05 14:25:00
TX_0009141,KH_14506,22586,United Kingdom,1,22100.0,2010-12-05 14:25:00
TX_0009142,KH_14506,22566,United Kingdom,1,22100.0,2010-12-05 14:25:00
TX_0009143,KH_14506,22565,United Kingdom,1,22100.0,2010-12-05 14:25:00
TX_0009144,KH_14506,20733,United Kingdom,6,22100.0,2010-12-05 14:25:00
TX_0009145,KH_14506,22750,United Kingdom,1,97500.0,2010-12-05 14:25:00
TX_0009146,KH_14506,22274,United Kingdom,1,76700.0,2010-12-05 14:25:00
TX_0009147,KH_14506,84898F,United Kingdom,3,54600.0,2010-12-05 14:25:00
TX_0009148,KH_14506,22147,United Kingdom,2,37700.0,2010-12-05 14:25:00
TX_0009149,KH_14506,20970,United Kingdom,1,97500.0,2010-12-05 14:25:00
TX_0009150,KH_14506,20969,United Kingdom,1,97500.0,2010-12-05 14:25:00
TX_0009151,KH_14506,20972,United Kingdom,6,32500.0,2010-12-05 14:25:00
TX_0009152,KH_14506,22570,United Kingdom,1,97500.0,2010-12-05 14:25:00
TX_0009153,KH_14506,22272,United Kingdom,1,76700.0,2010-12-05 14:25:00
TX_0009154,KH_14506,22273,United Kingdom,1,76700.0,2010-12-05 14:25:00
TX_0009155,KH_14506,22751,United Kingdom,1,97500.0,2010-12-05 14:25:00
TX_0009156,KH_14506,22751,United Kingdom,2,97500.0,2010-12-05 14:25:00
TX_0009157,KH_14506,22749,United Kingdom,2,97500.0,2010-12-05 14:25:00
TX_0009158,KH_14506,22507,United Kingdom,4,128700.0,2010-12-05 14:25:00
TX_0009159,KH_14506,21623,United Kingdom,1,258700.0,2010-12-05 14:25:00
TX_0009160,KH_14506,22075,United Kingdom,1,42900.0,2010-12-05 14:25:00
TX_0009161,KH_14506,85049A,United Kingdom,2,32500.0,2010-12-05 14:25:00
TX_0009162,KH_14506,85049E,United Kingdom,2,32500.0,2010-12-05 14:25:00
TX_0009163,KH_14506,22074,United Kingdom,1,42900.0,2010-12-05 14:25:00
TX_0009164,KH_14506,22077,United Kingdom,14,42900.0,2010-12-05 14:25:00
TX_0009165,KH_14506,22150,United Kingdom,2,50700.0,2010-12-05 14:25:00
TX_0009166,KH_14506,22149,United Kingdom,2,54600.0,2010-12-05 14:25:00
TX_0009167,KH_14506,22865,United Kingdom,1,54600.0,2010-12-05 14:25:00
TX_0009168,KH_14506,22866,United Kingdom,1,54600.0,2010-12-05 14:25:00
TX_0009169,KH_14506,21034,United Kingdom,1,24700.0,2010-12-05 14:25:00
TX_0009170,KH_15555,22297,United Kingdom,6,32500.0,2010-12-05 14:45:00
TX_0009171,KH_15555,22294,United Kingdom,6,32500.0,2010-12-05 14:45:00
TX_0009172,KH_15555,22295,United Kingdom,5,42900.0,2010-12-05 14:45:00
TX_0009173,KH_15555,22296,United Kingdom,5,42900.0,2010-12-05 14:45:00
TX_0009174,KH_15555,22154,United Kingdom,12,10920.0,2010-12-05 14:45:00
TX_0009175,KH_15555,22155,United Kingdom,10,10920.0,2010-12-05 14:45:00
TX_0009176,KH_15555,22603,United Kingdom,5,22100.0,2010-12-05 14:45:00
TX_0009177,KH_15555,22600,United Kingdom,5,22100.0,2010-12-05 14:45:00
TX_0009178,KH_15555,22602,United Kingdom,5,22100.0,2010-12-05 14:45:00
TX_0009179,KH_15555,22577,United Kingdom,5,22100.0,2010-12-05 14:45:00
TX_0009180,KH_15555,22571,United Kingdom,5,22100.0,2010-12-05 14:45:00
TX_0009181,KH_15555,22576,United Kingdom,5,22100.0,2010-12-05 14:45:00
TX_0009182,KH_15555,22601,United Kingdom,3,22100.0,2010-12-05 14:45:00
TX_0009183,KH_15555,21824,United Kingdom,10,37700.0,2010-12-05 14:45:00
TX_0009184,KH_15555,21014,United Kingdom,5,22100.0,2010-12-05 14:45:00
TX_0009185,KH_15555,21803,United Kingdom,10,10920.0,2010-12-05 14:45:00
TX_0009186,KH_15555,21802,United Kingdom,15,10920.0,2010-12-05 14:45:00
TX_0009187,KH_15555,21807,United Kingdom,10,10920.0,2010-12-05 14:45:00
TX_0009188,KH_15555,21801,United Kingdom,10,10920.0,2010-12-05 14:45:00
TX_0009189,KH_15555,21817,United Kingdom,6,22100.0,2010-12-05 14:45:00
TX_0009190,KH_15555,21818,United Kingdom,6,22100.0,2010-12-05 14:45:00
TX_0009191,KH_15555,21819,United Kingdom,6,22100.0,2010-12-05 14:45:00
TX_0009192,KH_15555,21018,United Kingdom,15,22100.0,2010-12-05 14:45:00
TX_0009193,KH_15555,84879,United Kingdom,8,43940.0,2010-12-05 14:45:00
TX_0009194,KH_15555,20733,United Kingdom,3,22100.0,2010-12-05 14:45:00
TX_0009195,KH_15555,22560,United Kingdom,1,32500.0,2010-12-05 14:45:00
TX_0009196,KH_15555,22713,United Kingdom,12,10920.0,2010-12-05 14:45:00
TX_0009197,KH_15555,22817,United Kingdom,12,10920.0,2010-12-05 14:45:00
TX_0009198,KH_15555,22024,United Kingdom,12,10920.0,2010-12-05 14:45:00
TX_0009199,KH_15555,22045,United Kingdom,25,10920.0,2010-12-05 14:45:00
TX_0009200,KH_15555,16161U,United Kingdom,25,10920.0,2010-12-05 14:45:00
TX_0009201,KH_15555,21497,United Kingdom,25,10920.0,2010-12-05 14:45:00
TX_0009202,KH_13034,22251,United Kingdom,12,32500.0,2010-12-05 14:52:00
TX_0009203,KH_13034,22252,United Kingdom,12,32500.0,2010-12-05 14:52:00
TX_0009204,KH_13034,22135,United Kingdom,12,10920.0,2010-12-05 14:52:00
TX_0009205,KH_13034,22131,United Kingdom,6,50700.0,2010-12-05 14:52:00
TX_0009206,KH_13034,22231,United Kingdom,12,37700.0,2010-12-05 14:52:00
TX_0009207,KH_13034,21035,United Kingdom,6,76700.0,2010-12-05 14:52:00
TX_0009208,KH_13034,20754,United Kingdom,6,54600.0,2010-12-05 14:52:00
TX_0009209,KH_13034,21385,United Kingdom,24,22100.0,2010-12-05 14:52:00
TX_0009210,KH_13034,22470,United Kingdom,6,76700.0,2010-12-05 14:52:00
TX_0009211,KH_13034,22469,United Kingdom,12,42900.0,2010-12-05 14:52:00
TX_0009212,KH_13034,84879,United Kingdom,8,43940.0,2010-12-05 14:52:00
TX_0009213,KH_15235,21485,United Kingdom,3,128700.0,2010-12-05 15:02:00
TX_0009214,KH_15235,22112,United Kingdom,6,128700.0,2010-12-05 15:02:00
TX_0009215,KH_15235,22114,United Kingdom,4,102700.0,2010-12-05 15:02:00
TX_0009216,KH_15235,22632,United Kingdom,12,54600.0,2010-12-05 15:02:00
TX_0009217,KH_17402,22924,United Kingdom,6,22100.0,2010-12-05 15:06:00
TX_0009218,KH_17402,22841,United Kingdom,1,206700.0,2010-12-05 15:06:00
TX_0009219,KH_17402,48194,United Kingdom,1,206700.0,2010-12-05 15:06:00
TX_0009220,KH_17402,22745,United Kingdom,1,54600.0,2010-12-05 15:06:00
TX_0009221,KH_17402,22747,United Kingdom,1,54600.0,2010-12-05 15:06:00
TX_0009222,KH_17402,22746,United Kingdom,1,54600.0,2010-12-05 15:06:00
TX_0009223,KH_17402,22748,United Kingdom,1,54600.0,2010-12-05 15:06:00
TX_0009224,KH_17402,85135B,United Kingdom,1,206700.0,2010-12-05 15:06:00
TX_0009225,KH_17402,21756,United Kingdom,1,154700.0,2010-12-05 15:06:00
TX_0009226,KH_17402,22311,United Kingdom,1,76700.0,2010-12-05 15:06:00
TX_0009227,KH_17402,20750,United Kingdom,1,206700.0,2010-12-05 15:06:00
TX_0009228,KH_17402,20979,United Kingdom,1,32500.0,2010-12-05 15:06:00
TX_0009229,KH_17402,84692,United Kingdom,1,10920.0,2010-12-05 15:06:00
TX_0009230,KH_17402,21791,United Kingdom,5,32500.0,2010-12-05 15:06:00
TX_0009231,KH_17402,22069,United Kingdom,1,42900.0,2010-12-05 15:06:00
TX_0009232,KH_17402,22088,United Kingdom,1,76700.0,2010-12-05 15:06:00
TX_0009233,KH_17402,22313,United Kingdom,1,76700.0,2010-12-05 15:06:00
TX_0009234,KH_17402,22635,United Kingdom,4,258700.0,2010-12-05 15:06:00
TX_0009235,KH_17402,22960,United Kingdom,2,110500.0,2010-12-05 15:06:00
TX_0009236,KH_17402,21034,United Kingdom,1,24700.0,2010-12-05 15:06:00
TX_0009237,KH_17402,22636,United Kingdom,4,221000.0,2010-12-05 15:06:00
TX_0009238,KH_17402,22838,United Kingdom,2,388700.0,2010-12-05 15:06:00
TX_0009239,KH_17402,22427,United Kingdom,1,154700.0,2010-12-05 15:06:00
TX_0009240,KH_15889,90082B,United Kingdom,1,165100.0,2010-12-05 15:12:00
TX_0009241,KH_15889,90082D,United Kingdom,1,165100.0,2010-12-05 15:12:00
TX_0009242,KH_15889,20978,United Kingdom,2,32500.0,2010-12-05 15:12:00
TX_0009243,KH_15889,21581,United Kingdom,2,58500.0,2010-12-05 15:12:00
TX_0009244,KH_15889,21401,United Kingdom,1,10920.0,2010-12-05 15:12:00
TX_0009245,KH_15889,21892,United Kingdom,1,32500.0,2010-12-05 15:12:00
TX_0009246,KH_15889,22915,United Kingdom,6,10920.0,2010-12-05 15:12:00
TX_0009247,KH_15889,21890,United Kingdom,1,76700.0,2010-12-05 15:12:00
TX_0009248,KH_15889,21098,United Kingdom,1,32500.0,2010-12-05 15:12:00
TX_0009249,KH_15889,M,United Kingdom,4,22100.0,2010-12-05 15:12:00
TX_0009250,KH_15889,22924,United Kingdom,6,22100.0,2010-12-05 15:12:00
TX_0009251,KH_15889,21584,United Kingdom,2,42900.0,2010-12-05 15:12:00
TX_0009252,KH_15889,21592,United Kingdom,2,32500.0,2010-12-05 15:12:00
TX_0009253,KH_15889,22467,United Kingdom,1,66300.0,2010-12-05 15:12:00
TX_0009254,KH_15889,22441,United Kingdom,3,54600.0,2010-12-05 15:12:00
TX_0009255,KH_15889,82600,United Kingdom,2,54600.0,2010-12-05 15:12:00
TX_0009256,KH_15889,21165,United Kingdom,1,43940.0,2010-12-05 15:12:00
TX_0009257,KH_15889,84597C,United Kingdom,1,32500.0,2010-12-05 15:12:00
TX_0009258,KH_15889,51020A,United Kingdom,1,32500.0,2010-12-05 15:12:00
TX_0009259,KH_15889,51020B,United Kingdom,2,32500.0,2010-12-05 15:12:00
TX_0009260,KH_15889,21830,United Kingdom,24,10920.0,2010-12-05 15:12:00
TX_0009261,KH_15889,21306,United Kingdom,1,54600.0,2010-12-05 15:12:00
TX_0009262,KH_15889,21311,United Kingdom,1,54600.0,2010-12-05 15:12:00
TX_0009263,KH_15889,21307,United Kingdom,1,54600.0,2010-12-05 15:12:00
TX_0009264,KH_15889,84879,United Kingdom,8,43940.0,2010-12-05 15:12:00
TX_0009265,KH_15889,21393,United Kingdom,6,54600.0,2010-12-05 15:12:00
TX_0009266,KH_15889,84836,United Kingdom,4,32500.0,2010-12-05 15:12:00
TX_0009267,KH_15889,21401,United Kingdom,5,10920.0,2010-12-05 15:12:00
TX_0009268,KH_15889,22867,United Kingdom,2,54600.0,2010-12-05 15:12:00
TX_0009269,KH_15889,22633,United Kingdom,2,54600.0,2010-12-05 15:12:00
TX_0009270,KH_15889,85114A,United Kingdom,6,42900.0,2010-12-05 15:12:00
TX_0009271,KH_15889,21635,United Kingdom,4,97500.0,2010-12-05 15:12:00
TX_0009272,KH_15889,22747,United Kingdom,1,54600.0,2010-12-05 15:12:00
TX_0009273,KH_15889,22745,United Kingdom,1,54600.0,2010-12-05 15:12:00
TX_0009274,KH_15889,22748,United Kingdom,1,54600.0,2010-12-05 15:12:00
TX_0009275,KH_15889,21034,United Kingdom,1,24700.0,2010-12-05 15:12:00
TX_0009276,KH_15889,22746,United Kingdom,1,54600.0,2010-12-05 15:12:00
TX_0009277,KH_15889,20767,United Kingdom,1,66300.0,2010-12-05 15:12:00
TX_0009278,KH_15889,22081,United Kingdom,1,42900.0,2010-12-05 15:12:00
TX_0009279,KH_15889,21277,United Kingdom,1,570700.0,2010-12-05 15:12:00
TX_0009280,KH_15889,22665,United Kingdom,1,76700.0,2010-12-05 15:12:00
TX_0009281,KH_15889,22666,United Kingdom,1,76700.0,2010-12-05 15:12:00
TX_0009282,KH_15889,48187,United Kingdom,1,206700.0,2010-12-05 15:12:00
TX_0009283,KH_15889,22475,United Kingdom,2,128700.0,2010-12-05 15:12:00
TX_0009284,KH_15889,22550,United Kingdom,1,97500.0,2010-12-05 15:12:00
TX_0009285,KH_15889,84558A,United Kingdom,1,76700.0,2010-12-05 15:12:00
TX_0009286,KH_15889,22548,United Kingdom,1,32500.0,2010-12-05 15:12:00
TX_0009287,KH_15889,22428,United Kingdom,1,180700.0,2010-12-05 15:12:00
TX_0009288,KH_15889,21587,United Kingdom,1,66300.0,2010-12-05 15:12:00
TX_0009289,KH_15889,22041,United Kingdom,2,66300.0,2010-12-05 15:12:00
TX_0009290,KH_15889,22532,United Kingdom,4,10920.0,2010-12-05 15:12:00
TX_0009291,KH_15889,22531,United Kingdom,3,10920.0,2010-12-05 15:12:00
TX_0009292,KH_15889,22441,United Kingdom,1,54600.0,2010-12-05 15:12:00
TX_0009293,KH_15889,22744,United Kingdom,1,76700.0,2010-12-05 15:12:00
TX_0009294,KH_15889,22726,United Kingdom,1,97500.0,2010-12-05 15:12:00
TX_0009295,KH_15889,22725,United Kingdom,1,97500.0,2010-12-05 15:12:00
TX_0009296,KH_15889,90185D,United Kingdom,2,110500.0,2010-12-05 15:12:00
TX_0009297,KH_15889,90200E,United Kingdom,2,110500.0,2010-12-05 15:12:00
TX_0009298,KH_15889,90062,United Kingdom,1,331500.0,2010-12-05 15:12:00
TX_0009299,KH_14606,21115,United Kingdom,1,175500.0,2010-12-05 15:12:00
TX_0009300,KH_14606,22107,United Kingdom,3,97500.0,2010-12-05 15:12:00
TX_0009301,KH_14606,21616,United Kingdom,4,97500.0,2010-12-05 15:12:00
TX_0009302,KH_14606,21467,United Kingdom,1,97500.0,2010-12-05 15:12:00
TX_0009303,KH_14606,20750,United Kingdom,2,206700.0,2010-12-05 15:12:00
TX_0009304,KH_14606,22096,United Kingdom,1,32500.0,2010-12-05 15:12:00
TX_0009305,KH_14606,22150,United Kingdom,1,50700.0,2010-12-05 15:12:00
TX_0009306,KH_14606,22147,United Kingdom,1,37700.0,2010-12-05 15:12:00
TX_0009307,KH_14606,17090D,United Kingdom,1,32500.0,2010-12-05 15:12:00
TX_0009308,KH_14606,22482,United Kingdom,1,32500.0,2010-12-05 15:12:00
TX_0009309,KH_14606,21056,United Kingdom,1,232700.0,2010-12-05 15:12:00
TX_0009310,KH_14606,20972,United Kingdom,1,32500.0,2010-12-05 15:12:00
TX_0009311,KH_14606,22568,United Kingdom,2,97500.0,2010-12-05 15:12:00
TX_0009312,KH_14606,22570,United Kingdom,1,97500.0,2010-12-05 15:12:00
TX_0009313,KH_14606,21894,United Kingdom,1,32500.0,2010-12-05 15:12:00
TX_0009314,KH_14606,22577,United Kingdom,3,22100.0,2010-12-05 15:12:00
TX_0009315,KH_14606,20972,United Kingdom,2,32500.0,2010-12-05 15:12:00
TX_0009316,KH_14606,85231G,United Kingdom,1,22100.0,2010-12-05 15:12:00
TX_0009317,KH_14606,17003,United Kingdom,3,5460.0,2010-12-05 15:12:00
TX_0009318,KH_14606,37461,United Kingdom,1,32500.0,2010-12-05 15:12:00
TX_0009319,KH_14606,82580,United Kingdom,1,14300.0,2010-12-05 15:12:00
TX_0009320,KH_14606,82616C,United Kingdom,1,76700.0,2010-12-05 15:12:00
TX_0009321,KH_14606,21564,United Kingdom,1,76700.0,2010-12-05 15:12:00
TX_0009322,KH_14606,21874,United Kingdom,1,32500.0,2010-12-05 15:12:00
TX_0009323,KH_14606,21484,United Kingdom,1,89700.0,2010-12-05 15:12:00
TX_0009324,KH_14606,20768,United Kingdom,2,66300.0,2010-12-05 15:12:00
TX_0009325,KH_14606,20914,United Kingdom,1,76700.0,2010-12-05 15:12:00
TX_0009326,KH_14606,82486,United Kingdom,1,206700.0,2010-12-05 15:12:00
TX_0009327,KH_14606,20749,United Kingdom,2,206700.0,2010-12-05 15:12:00
TX_0009328,KH_14606,22474,United Kingdom,1,128700.0,2010-12-05 15:12:00
TX_0009329,KH_14606,21112,United Kingdom,1,76700.0,2010-12-05 15:12:00
TX_0009330,KH_14606,21850,United Kingdom,1,128700.0,2010-12-05 15:12:00
TX_0009331,KH_14606,21719,United Kingdom,3,22100.0,2010-12-05 15:12:00
TX_0009332,KH_14606,20655,United Kingdom,1,32500.0,2010-12-05 15:12:00
TX_0009333,KH_14606,20615,United Kingdom,1,54600.0,2010-12-05 15:12:00
TX_0009334,KH_14606,21122,United Kingdom,1,32500.0,2010-12-05 15:12:00
TX_0009335,KH_14606,20659,United Kingdom,1,32500.0,2010-12-05 15:12:00
TX_0009336,KH_14606,71459,United Kingdom,24,22100.0,2010-12-05 15:12:00
TX_0009337,KH_14606,85114C,United Kingdom,2,42900.0,2010-12-05 15:12:00
TX_0009338,KH_14606,20985,United Kingdom,1,32500.0,2010-12-05 15:12:00
TX_0009339,KH_14606,21042,United Kingdom,2,154700.0,2010-12-05 15:12:00
TX_0009340,KH_14606,20971,United Kingdom,1,32500.0,2010-12-05 15:12:00
TX_0009341,KH_15953,85123A,United Kingdom,32,66300.0,2010-12-05 15:15:00
TX_0009342,KH_15953,82494L,United Kingdom,6,76700.0,2010-12-05 15:15:00
TX_0009343,KH_15953,82482,United Kingdom,6,66300.0,2010-12-05 15:15:00
TX_0009344,KH_15953,21136,United Kingdom,8,43940.0,2010-12-05 15:15:00
TX_0009345,KH_15953,84879,United Kingdom,8,43940.0,2010-12-05 15:15:00
TX_0009346,KH_15953,22633,United Kingdom,1,54600.0,2010-12-05 15:15:00
TX_0009347,KH_15953,72802C,United Kingdom,3,110500.0,2010-12-05 15:15:00
TX_0009348,KH_15953,72802B,United Kingdom,3,110500.0,2010-12-05 15:15:00
TX_0009349,KH_15953,22942,United Kingdom,1,221000.0,2010-12-05 15:15:00
TX_0009350,KH_15953,20728,United Kingdom,1,42900.0,2010-12-05 15:15:00
TX_0009351,KH_15953,20726,United Kingdom,1,42900.0,2010-12-05 15:15:00
TX_0009352,KH_15953,84596L,United Kingdom,1,32500.0,2010-12-05 15:15:00
TX_0009353,KH_15953,84596F,United Kingdom,1,32500.0,2010-12-05 15:15:00
TX_0009354,KH_15953,85231B,United Kingdom,27,22100.0,2010-12-05 15:15:00
TX_0009355,KH_15953,47559B,United Kingdom,1,32500.0,2010-12-05 15:15:00
TX_0009356,KH_16143,22666,United Kingdom,6,76700.0,2010-12-05 15:18:00
TX_0009357,KH_16143,22470,United Kingdom,40,66300.0,2010-12-05 15:18:00
TX_0009358,KH_16143,22694,United Kingdom,6,54600.0,2010-12-05 15:18:00
TX_0009359,KH_16143,22469,United Kingdom,12,42900.0,2010-12-05 15:18:00
TX_0009360,KH_16143,22667,United Kingdom,6,76700.0,2010-12-05 15:18:00
TX_0009361,KH_16143,22665,United Kingdom,6,76700.0,2010-12-05 15:18:00
TX_0009362,KH_16143,21430,United Kingdom,4,97500.0,2010-12-05 15:18:00
TX_0009363,KH_16143,22215,United Kingdom,2,221000.0,2010-12-05 15:18:00
TX_0009364,KH_16143,21531,United Kingdom,6,66300.0,2010-12-05 15:18:00
TX_0009365,KH_16143,21539,United Kingdom,3,128700.0,2010-12-05 15:18:00
TX_0009366,KH_16143,20725,United Kingdom,10,42900.0,2010-12-05 15:18:00
TX_0009367,KH_16143,22383,United Kingdom,10,42900.0,2010-12-05 15:18:00
TX_0009368,KH_16143,21175,United Kingdom,12,54600.0,2010-12-05 15:18:00
TX_0009369,KH_16143,22116,United Kingdom,6,76700.0,2010-12-05 15:18:00
TX_0009370,KH_16143,22457,United Kingdom,6,76700.0,2010-12-05 15:18:00
TX_0009371,KH_16143,47559B,United Kingdom,10,32500.0,2010-12-05 15:18:00
TX_0009372,KH_12720,20712,Germany,10,50700.0,2010-12-05 15:21:00
TX_0009373,KH_12720,20719,Germany,10,22100.0,2010-12-05 15:21:00
TX_0009374,KH_12720,22554,Germany,12,42900.0,2010-12-05 15:21:00
TX_0009375,KH_12720,21981,Germany,24,7540.0,2010-12-05 15:21:00
TX_0009376,KH_12720,22960,Germany,6,110500.0,2010-12-05 15:21:00
TX_0009377,KH_12720,22961,Germany,12,37700.0,2010-12-05 15:21:00
TX_0009378,KH_12720,22962,Germany,12,22100.0,2010-12-05 15:21:00
TX_0009379,KH_12720,22963,Germany,12,22100.0,2010-12-05 15:21:00
TX_0009380,KH_12720,21984,Germany,24,7540.0,2010-12-05 15:21:00
TX_0009381,KH_12720,21883,Germany,12,16900.0,2010-12-05 15:21:00
TX_0009382,KH_12720,22557,Germany,12,42900.0,2010-12-05 15:21:00
TX_0009383,KH_12720,22197,Germany,24,22100.0,2010-12-05 15:21:00
TX_0009384,KH_12720,22346,Germany,12,22100.0,2010-12-05 15:21:00
TX_0009385,KH_12720,22344,Germany,12,22100.0,2010-12-05 15:21:00
TX_0009386,KH_12720,22345,Germany,12,22100.0,2010-12-05 15:21:00
TX_0009387,KH_12720,22149,Germany,6,54600.0,2010-12-05 15:21:00
TX_0009388,KH_12720,22625,Germany,2,221000.0,2010-12-05 15:21:00
TX_0009389,KH_12720,22624,Germany,2,221000.0,2010-12-05 15:21:00
TX_0009390,KH_12720,22111,Germany,3,128700.0,2010-12-05 15:21:00
TX_0009391,KH_12720,21481,Germany,6,76700.0,2010-12-05 15:21:00
TX_0009392,KH_12720,84920,Germany,4,97500.0,2010-12-05 15:21:00
TX_0009393,KH_12720,21430,Germany,4,97500.0,2010-12-05 15:21:00
TX_0009394,KH_12720,20677,Germany,8,32500.0,2010-12-05 15:21:00
TX_0009395,KH_12720,21243,Germany,8,43940.0,2010-12-05 15:21:00
TX_0009396,KH_12720,20718,Germany,10,32500.0,2010-12-05 15:21:00
TX_0009397,KH_12720,22386,Germany,10,50700.0,2010-12-05 15:21:00
TX_0009398,KH_12720,85099B,Germany,10,50700.0,2010-12-05 15:21:00
TX_0009399,KH_12720,21238,Germany,8,22100.0,2010-12-05 15:21:00
TX_0009400,KH_12720,21239,Germany,8,22100.0,2010-12-05 15:21:00
TX_0009401,KH_12720,POST,Germany,4,468000.0,2010-12-05 15:21:00
TX_0009402,KH_12748,20966,United Kingdom,1,32500.0,2010-12-05 15:26:00
TX_0009403,KH_12748,20963,United Kingdom,1,32500.0,2010-12-05 15:26:00
TX_0009404,KH_12748,85215,United Kingdom,1,16900.0,2010-12-05 15:26:00
TX_0009405,KH_12748,21700,United Kingdom,2,22100.0,2010-12-05 15:26:00
TX_0009406,KH_12748,20961,United Kingdom,1,32500.0,2010-12-05 15:26:00
TX_0009407,KH_12748,21556,United Kingdom,1,66300.0,2010-12-05 15:26:00
TX_0009408,KH_16422,20963,United Kingdom,10,32500.0,2010-12-05 15:35:00
TX_0009409,KH_16422,20676,United Kingdom,72,27560.0,2010-12-05 15:35:00
TX_0009410,KH_16422,21094,United Kingdom,192,16640.0,2010-12-05 15:35:00
TX_0009411,KH_16422,21080,United Kingdom,96,16640.0,2010-12-05 15:35:00
TX_0009412,KH_16422,17003,United Kingdom,720,4160.0,2010-12-05 15:35:00
TX_0009413,KH_16422,20974,United Kingdom,48,16900.0,2010-12-05 15:35:00
TX_0009414,KH_16422,47599A,United Kingdom,50,54600.0,2010-12-05 15:35:00
TX_0009415,KH_16422,47599B,United Kingdom,50,54600.0,2010-12-05 15:35:00
TX_0009416,KH_16422,20975,United Kingdom,144,16900.0,2010-12-05 15:35:00
TX_0009417,KH_16422,22090,United Kingdom,40,66300.0,2010-12-05 15:35:00
TX_0009418,KH_16422,47590A,United Kingdom,50,120900.0,2010-12-05 15:35:00
TX_0009419,KH_16422,21121,United Kingdom,288,27560.0,2010-12-05 15:35:00
TX_0009420,KH_16422,21122,United Kingdom,288,27560.0,2010-12-05 15:35:00
TX_0009421,KH_12747,85124C,United Kingdom,12,66300.0,2010-12-05 15:38:00
TX_0009422,KH_12747,85124B,United Kingdom,6,66300.0,2010-12-05 15:38:00
TX_0009423,KH_12747,84879,United Kingdom,16,43940.0,2010-12-05 15:38:00
TX_0009424,KH_12747,85062,United Kingdom,24,42900.0,2010-12-05 15:38:00
TX_0009425,KH_12747,85064,United Kingdom,6,141700.0,2010-12-05 15:38:00
TX_0009426,KH_12747,82484,United Kingdom,36,144300.0,2010-12-05 15:38:00
TX_0009427,KH_12747,21136,United Kingdom,8,43940.0,2010-12-05 15:38:00
TX_0009428,KH_15502,22195,United Kingdom,12,42900.0,2010-12-05 15:40:00
TX_0009429,KH_15502,22357,United Kingdom,4,110500.0,2010-12-05 15:40:00
TX_0009430,KH_15502,22476,United Kingdom,4,128700.0,2010-12-05 15:40:00
TX_0009431,KH_15502,71477,United Kingdom,24,71500.0,2010-12-05 15:40:00
TX_0009432,KH_15502,84658,United Kingdom,6,180700.0,2010-12-05 15:40:00
TX_0009433,KH_15502,82484,United Kingdom,10,167700.0,2010-12-05 15:40:00
TX_0009434,KH_15502,22473,United Kingdom,4,128700.0,2010-12-05 15:40:00
TX_0009435,KH_15502,47566B,United Kingdom,8,120900.0,2010-12-05 15:40:00
TX_0009436,KH_15502,47580,United Kingdom,6,66300.0,2010-12-05 15:40:00
TX_0009437,KH_15502,22197,United Kingdom,48,22100.0,2010-12-05 15:40:00
TX_0009438,KH_15502,22196,United Kingdom,12,22100.0,2010-12-05 15:40:00
TX_0009439,KH_15502,21949,United Kingdom,12,32500.0,2010-12-05 15:40:00
TX_0009440,KH_15502,21080,United Kingdom,24,22100.0,2010-12-05 15:40:00
TX_0009441,KH_15502,22625,United Kingdom,2,221000.0,2010-12-05 15:40:00
TX_0009442,KH_15502,21733,United Kingdom,24,76700.0,2010-12-05 15:40:00
TX_0009443,KH_15502,18098C,United Kingdom,6,76700.0,2010-12-05 15:40:00
TX_0009444,KH_15502,21906,United Kingdom,4,175500.0,2010-12-05 15:40:00
TX_0009445,KH_15502,22198,United Kingdom,30,42900.0,2010-12-05 15:40:00
TX_0009446,KH_15502,22849,United Kingdom,4,388700.0,2010-12-05 15:40:00
TX_0009447,KH_15502,22847,United Kingdom,4,388700.0,2010-12-05 15:40:00
TX_0009448,KH_15502,22927,United Kingdom,4,154700.0,2010-12-05 15:40:00
TX_0009449,KH_15502,22926,United Kingdom,4,154700.0,2010-12-05 15:40:00
TX_0009450,KH_12763,85016,Japan,6,66300.0,2010-12-05 15:46:00
TX_0009451,KH_12763,21506,Japan,12,10920.0,2010-12-05 15:46:00
TX_0009452,KH_12763,22716,Japan,12,10920.0,2010-12-05 15:46:00
TX_0009453,KH_12763,22983,Japan,12,10920.0,2010-12-05 15:46:00
TX_0009454,KH_12763,22030,Japan,12,10920.0,2010-12-05 15:46:00
TX_0009455,KH_12763,22984,Japan,12,10920.0,2010-12-05 15:46:00
TX_0009456,KH_12763,85015,Japan,6,66300.0,2010-12-05 15:46:00
TX_0009457,KH_12763,21381,Japan,12,43940.0,2010-12-05 15:46:00
TX_0009458,KH_12763,21080,Japan,12,22100.0,2010-12-05 15:46:00
TX_0009459,KH_12763,84520B,Japan,12,22100.0,2010-12-05 15:46:00
TX_0009460,KH_12763,21210,Japan,24,37700.0,2010-12-05 15:46:00
TX_0009461,KH_12763,84988,Japan,24,37700.0,2010-12-05 15:46:00
TX_0009462,KH_12763,22749,Japan,16,97500.0,2010-12-05 15:46:00
TX_0009463,KH_12763,22750,Japan,8,97500.0,2010-12-05 15:46:00
TX_0009464,KH_12763,22751,Japan,8,97500.0,2010-12-05 15:46:00
TX_0009465,KH_12763,22940,Japan,8,110500.0,2010-12-05 15:46:00
TX_0009466,KH_14081,21217,United Kingdom,2,258700.0,2010-12-05 15:47:00
TX_0009467,KH_14081,72818,United Kingdom,5,22100.0,2010-12-05 15:47:00
TX_0009468,KH_14081,22969,United Kingdom,12,37700.0,2010-12-05 15:47:00
TX_0009469,KH_14081,22816,United Kingdom,24,10920.0,2010-12-05 15:47:00
TX_0009470,KH_14081,22818,United Kingdom,36,10920.0,2010-12-05 15:47:00
TX_0009471,KH_14081,21899,United Kingdom,1,16900.0,2010-12-05 15:47:00
TX_0009472,KH_14081,21901,United Kingdom,1,16900.0,2010-12-05 15:47:00
TX_0009473,KH_14081,21902,United Kingdom,3,16900.0,2010-12-05 15:47:00
TX_0009474,KH_14081,21900,United Kingdom,2,16900.0,2010-12-05 15:47:00
TX_0009475,KH_14081,21527,United Kingdom,2,206700.0,2010-12-05 15:47:00
TX_0009476,KH_14081,84029E,United Kingdom,1,97500.0,2010-12-05 15:47:00
TX_0009477,KH_14081,21479,United Kingdom,2,97500.0,2010-12-05 15:47:00
TX_0009478,KH_14081,21485,United Kingdom,1,128700.0,2010-12-05 15:47:00
TX_0009479,KH_14081,22114,United Kingdom,1,102700.0,2010-12-05 15:47:00
TX_0009480,KH_14081,22111,United Kingdom,1,128700.0,2010-12-05 15:47:00
TX_0009481,KH_14081,22835,United Kingdom,1,120900.0,2010-12-05 15:47:00
TX_0009482,KH_14081,84029G,United Kingdom,2,97500.0,2010-12-05 15:47:00
TX_0009483,KH_14081,22834,United Kingdom,2,54600.0,2010-12-05 15:47:00
TX_0009484,KH_14081,22866,United Kingdom,2,54600.0,2010-12-05 15:47:00
TX_0009485,KH_14081,22910,United Kingdom,1,76700.0,2010-12-05 15:47:00
TX_0009486,KH_14081,22086,United Kingdom,1,76700.0,2010-12-05 15:47:00
TX_0009487,KH_14081,22964,United Kingdom,3,54600.0,2010-12-05 15:47:00
TX_0009488,KH_14081,22632,United Kingdom,2,54600.0,2010-12-05 15:47:00
TX_0009489,KH_14081,22633,United Kingdom,4,54600.0,2010-12-05 15:47:00
TX_0009490,KH_14081,22923,United Kingdom,6,22100.0,2010-12-05 15:47:00
TX_0009491,KH_14081,22134,United Kingdom,6,10920.0,2010-12-05 15:47:00
TX_0009492,KH_14081,22135,United Kingdom,6,10920.0,2010-12-05 15:47:00
TX_0009493,KH_14081,22739,United Kingdom,1,42900.0,2010-12-05 15:47:00
TX_0009494,KH_14081,22737,United Kingdom,2,42900.0,2010-12-05 15:47:00
TX_0009495,KH_14081,84375,United Kingdom,3,54600.0,2010-12-05 15:47:00
TX_0009496,KH_14081,22196,United Kingdom,8,22100.0,2010-12-05 15:47:00
TX_0009497,KH_14081,22195,United Kingdom,4,42900.0,2010-12-05 15:47:00
TX_0009498,KH_14081,22142,United Kingdom,2,37700.0,2010-12-05 15:47:00
TX_0009499,KH_14081,22144,United Kingdom,2,54600.0,2010-12-05 15:47:00
TX_0009500,KH_14081,22966,United Kingdom,8,32500.0,2010-12-05 15:47:00
TX_0009501,KH_14081,22949,United Kingdom,1,37700.0,2010-12-05 15:47:00
TX_0009502,KH_14081,21210,United Kingdom,2,37700.0,2010-12-05 15:47:00
TX_0009503,KH_14081,22940,United Kingdom,2,110500.0,2010-12-05 15:47:00
TX_0009504,KH_14081,22841,United Kingdom,1,206700.0,2010-12-05 15:47:00
TX_0009505,KH_14081,21843,United Kingdom,2,284700.0,2010-12-05 15:47:00
TX_0009506,KH_14081,22423,United Kingdom,2,331500.0,2010-12-05 15:47:00
TX_0009507,KH_14081,21980,United Kingdom,12,7540.0,2010-12-05 15:47:00
TX_0009508,KH_14081,21531,United Kingdom,1,66300.0,2010-12-05 15:47:00
TX_0009509,KH_14081,21539,United Kingdom,2,128700.0,2010-12-05 15:47:00
TX_0009510,KH_14081,21531,United Kingdom,2,66300.0,2010-12-05 15:47:00
TX_0009511,KH_14081,21539,United Kingdom,1,128700.0,2010-12-05 15:47:00
TX_0009512,KH_14081,85036C,United Kingdom,1,110500.0,2010-12-05 15:47:00
TX_0009513,KH_14081,85035A,United Kingdom,1,110500.0,2010-12-05 15:47:00
TX_0009514,KH_14081,85035B,United Kingdom,2,110500.0,2010-12-05 15:47:00
TX_0009515,KH_14081,85035C,United Kingdom,1,110500.0,2010-12-05 15:47:00
TX_0009516,KH_14081,22666,United Kingdom,1,76700.0,2010-12-05 15:47:00
TX_0009517,KH_14081,22667,United Kingdom,2,76700.0,2010-12-05 15:47:00
TX_0009518,KH_14081,22618,United Kingdom,1,258700.0,2010-12-05 15:47:00
TX_0009519,KH_14081,20750,United Kingdom,1,206700.0,2010-12-05 15:47:00
TX_0009520,KH_14081,20749,United Kingdom,1,206700.0,2010-12-05 15:47:00
TX_0009521,KH_14081,22617,United Kingdom,2,128700.0,2010-12-05 15:47:00
TX_0009522,KH_14081,85170D,United Kingdom,1,54600.0,2010-12-05 15:47:00
TX_0009523,KH_14081,21890,United Kingdom,1,76700.0,2010-12-05 15:47:00
TX_0009524,KH_14081,22619,United Kingdom,3,97500.0,2010-12-05 15:47:00
TX_0009525,KH_14081,22865,United Kingdom,3,54600.0,2010-12-05 15:47:00
TX_0009526,KH_14081,22951,United Kingdom,4,14300.0,2010-12-05 15:47:00
TX_0009527,KH_14081,84991,United Kingdom,3,14300.0,2010-12-05 15:47:00
TX_0009528,KH_14081,22417,United Kingdom,3,14300.0,2010-12-05 15:47:00
TX_0009529,KH_14081,84992,United Kingdom,3,14300.0,2010-12-05 15:47:00
TX_0009530,KH_14081,21977,United Kingdom,3,14300.0,2010-12-05 15:47:00
TX_0009531,KH_14081,21212,United Kingdom,12,14300.0,2010-12-05 15:47:00
TX_0009532,KH_14081,21791,United Kingdom,4,32500.0,2010-12-05 15:47:00
TX_0009533,KH_14081,21790,United Kingdom,7,22100.0,2010-12-05 15:47:00
TX_0009534,KH_14081,22548,United Kingdom,4,32500.0,2010-12-05 15:47:00
TX_0009535,KH_GUEST,22450,United Kingdom,1,87100.0,2010-12-05 15:49:00
TX_0009536,KH_17965,22942,United Kingdom,1,221000.0,2010-12-05 15:54:00
TX_0009537,KH_17965,22810,United Kingdom,1,76700.0,2010-12-05 15:54:00
TX_0009538,KH_17965,22633,United Kingdom,4,54600.0,2010-12-05 15:54:00
TX_0009539,KH_17965,22751,United Kingdom,1,97500.0,2010-12-05 15:54:00
TX_0009540,KH_17965,22750,United Kingdom,1,97500.0,2010-12-05 15:54:00
TX_0009541,KH_17965,22749,United Kingdom,1,97500.0,2010-12-05 15:54:00
TX_0009542,KH_17965,20972,United Kingdom,5,32500.0,2010-12-05 15:54:00
TX_0009543,KH_14404,21385,United Kingdom,1,22100.0,2010-12-05 16:00:00
TX_0009544,KH_14404,21967,United Kingdom,1,7540.0,2010-12-05 16:00:00
TX_0009545,KH_14404,20728,United Kingdom,10,42900.0,2010-12-05 16:00:00
TX_0009546,KH_14404,21640,United Kingdom,1,22100.0,2010-12-05 16:00:00
TX_0009547,KH_14404,20966,United Kingdom,1,32500.0,2010-12-05 16:00:00
TX_0009548,KH_14404,22086,United Kingdom,1,76700.0,2010-12-05 16:00:00
TX_0009549,KH_14404,22910,United Kingdom,1,76700.0,2010-12-05 16:00:00
TX_0009550,KH_14404,21900,United Kingdom,1,16900.0,2010-12-05 16:00:00
TX_0009551,KH_14404,15034,United Kingdom,1,3640.0,2010-12-05 16:00:00
TX_0009552,KH_14404,85150,United Kingdom,1,66300.0,2010-12-05 16:00:00
TX_0009553,KH_14404,21098,United Kingdom,1,32500.0,2010-12-05 16:00:00
TX_0009554,KH_14404,84050,United Kingdom,3,42900.0,2010-12-05 16:00:00
TX_0009555,KH_14404,20727,United Kingdom,10,42900.0,2010-12-05 16:00:00
TX_0009556,KH_14404,22278,United Kingdom,1,128700.0,2010-12-05 16:00:00
TX_0009557,KH_14404,21894,United Kingdom,1,32500.0,2010-12-05 16:00:00
TX_0009558,KH_14404,85135C,United Kingdom,1,206700.0,2010-12-05 16:00:00
TX_0009559,KH_14404,22375,United Kingdom,1,110500.0,2010-12-05 16:00:00
TX_0009560,KH_14404,21955,United Kingdom,1,206700.0,2010-12-05 16:00:00
TX_0009561,KH_14404,22423,United Kingdom,1,331500.0,2010-12-05 16:00:00
TX_0009562,KH_14404,22195,United Kingdom,3,42900.0,2010-12-05 16:00:00
TX_0009563,KH_14404,20726,United Kingdom,10,42900.0,2010-12-05 16:00:00
TX_0009564,KH_14404,22376,United Kingdom,1,110500.0,2010-12-05 16:00:00
TX_0009565,KH_14404,22371,United Kingdom,1,110500.0,2010-12-05 16:00:00
TX_0009566,KH_14404,22372,United Kingdom,1,110500.0,2010-12-05 16:00:00
TX_0009567,KH_14404,22374,United Kingdom,1,110500.0,2010-12-05 16:00:00
TX_0009568,KH_13579,22835,United Kingdom,4,120900.0,2010-12-05 16:10:00
TX_0009569,KH_13579,21485,United Kingdom,3,128700.0,2010-12-05 16:10:00
TX_0009570,KH_13579,85048,United Kingdom,4,206700.0,2010-12-05 16:10:00
TX_0009571,KH_13579,21055,United Kingdom,1,232700.0,2010-12-05 16:10:00
TX_0009572,KH_13579,22112,United Kingdom,6,128700.0,2010-12-05 16:10:00
TX_0009573,KH_13579,22114,United Kingdom,4,102700.0,2010-12-05 16:10:00
TX_0009574,KH_13579,22469,United Kingdom,12,42900.0,2010-12-05 16:10:00
TX_0009575,KH_13579,22141,United Kingdom,6,54600.0,2010-12-05 16:10:00
TX_0009576,KH_13579,22144,United Kingdom,6,54600.0,2010-12-05 16:10:00
TX_0009577,KH_13174,22829,United Kingdom,2,258700.0,2010-12-05 16:24:00
TX_0009578,KH_13174,70007,United Kingdom,1,42900.0,2010-12-05 16:24:00
TX_0009579,KH_13174,84375,United Kingdom,2,54600.0,2010-12-05 16:24:00
TX_0009580,KH_13174,70006,United Kingdom,1,42900.0,2010-12-05 16:24:00
TX_0009581,KH_13174,85025C,United Kingdom,1,42900.0,2010-12-05 16:24:00
TX_0009582,KH_13174,22866,United Kingdom,1,54600.0,2010-12-05 16:24:00
TX_0009583,KH_13174,22086,United Kingdom,1,76700.0,2010-12-05 16:24:00
TX_0009584,KH_13174,21202,United Kingdom,1,42900.0,2010-12-05 16:24:00
TX_0009585,KH_13174,22294,United Kingdom,7,32500.0,2010-12-05 16:24:00
TX_0009586,KH_13174,35971,United Kingdom,4,32500.0,2010-12-05 16:24:00
TX_0009587,KH_13174,35971,United Kingdom,3,32500.0,2010-12-05 16:24:00
TX_0009588,KH_13174,21822,United Kingdom,6,50700.0,2010-12-05 16:24:00
TX_0009589,KH_13174,22602,United Kingdom,11,22100.0,2010-12-05 16:24:00
TX_0009590,KH_13174,22866,United Kingdom,4,54600.0,2010-12-05 16:24:00
TX_0009591,KH_13174,20829,United Kingdom,3,54600.0,2010-12-05 16:24:00
TX_0009592,KH_13174,21191,United Kingdom,3,54600.0,2010-12-05 16:24:00
TX_0009593,KH_13174,21192,United Kingdom,5,42900.0,2010-12-05 16:24:00
TX_0009594,KH_13174,21187,United Kingdom,11,42900.0,2010-12-05 16:24:00
TX_0009595,KH_13174,84531A,United Kingdom,1,50700.0,2010-12-05 16:24:00
TX_0009596,KH_13174,22087,United Kingdom,1,76700.0,2010-12-05 16:24:00
TX_0009597,KH_13174,21484,United Kingdom,2,89700.0,2010-12-05 16:24:00
TX_0009598,KH_13174,22113,United Kingdom,1,97500.0,2010-12-05 16:24:00
TX_0009599,KH_13174,21481,United Kingdom,2,76700.0,2010-12-05 16:24:00
TX_0009600,KH_13174,22141,United Kingdom,1,54600.0,2010-12-05 16:24:00
TX_0009601,KH_13174,84406B,United Kingdom,2,84500.0,2010-12-05 16:24:00
TX_0009602,KH_13174,84792,United Kingdom,2,120900.0,2010-12-05 16:24:00
TX_0009603,KH_13174,21911,United Kingdom,3,42900.0,2010-12-05 16:24:00
TX_0009604,KH_13174,82551,United Kingdom,3,37700.0,2010-12-05 16:24:00
TX_0009605,KH_13174,82552,United Kingdom,1,37700.0,2010-12-05 16:24:00
TX_0009606,KH_13174,84531B,United Kingdom,1,50700.0,2010-12-05 16:24:00
TX_0009607,KH_13174,84531A,United Kingdom,2,50700.0,2010-12-05 16:24:00
TX_0009608,KH_13174,21910,United Kingdom,1,42900.0,2010-12-05 16:24:00
TX_0009609,KH_13174,21192,United Kingdom,3,42900.0,2010-12-05 16:24:00
TX_0009610,KH_13174,70006,United Kingdom,2,42900.0,2010-12-05 16:24:00
TX_0009611,KH_13174,22632,United Kingdom,1,54600.0,2010-12-05 16:24:00
TX_0009612,KH_13174,22087,United Kingdom,3,76700.0,2010-12-05 16:24:00
TX_0009613,KH_13174,22111,United Kingdom,3,128700.0,2010-12-05 16:24:00
TX_0009614,KH_13174,22110,United Kingdom,3,66300.0,2010-12-05 16:24:00
TX_0009615,KH_13174,21484,United Kingdom,1,89700.0,2010-12-05 16:24:00
TX_0009616,KH_13174,22113,United Kingdom,2,97500.0,2010-12-05 16:24:00
TX_0009617,KH_13174,21485,United Kingdom,3,128700.0,2010-12-05 16:24:00
TX_0009618,KH_13174,84029E,United Kingdom,1,97500.0,2010-12-05 16:24:00
TX_0009619,KH_13174,22670,United Kingdom,1,32500.0,2010-12-05 16:24:00
TX_0009620,KH_13174,21187,United Kingdom,2,42900.0,2010-12-05 16:24:00
TX_0009621,KH_13174,22087,United Kingdom,2,76700.0,2010-12-05 16:24:00
TX_0009622,KH_13174,84029E,United Kingdom,3,97500.0,2010-12-05 16:24:00
TX_0009623,KH_13174,22670,United Kingdom,2,32500.0,2010-12-05 16:24:00
TX_0009624,KH_13174,22672,United Kingdom,2,42900.0,2010-12-05 16:24:00
TX_0009625,KH_13174,22674,United Kingdom,3,32500.0,2010-12-05 16:24:00
TX_0009626,KH_13174,22632,United Kingdom,6,54600.0,2010-12-05 16:24:00
TX_0009627,KH_13174,22867,United Kingdom,6,54600.0,2010-12-05 16:24:00
TX_0009628,KH_13174,22461,United Kingdom,2,331500.0,2010-12-05 16:24:00
TX_0009629,KH_13174,22833,United Kingdom,1,1298700.0,2010-12-05 16:24:00
TX_0009630,KH_13174,20685,United Kingdom,1,206700.0,2010-12-05 16:24:00
TX_0009631,KH_13174,48194,United Kingdom,1,206700.0,2010-12-05 16:24:00
TX_0009632,KH_13174,48187,United Kingdom,1,206700.0,2010-12-05 16:24:00
TX_0009633,KH_13174,22690,United Kingdom,1,206700.0,2010-12-05 16:24:00
TX_0009634,KH_13174,22768,United Kingdom,2,258700.0,2010-12-05 16:24:00
TX_0009635,KH_13174,22637,United Kingdom,4,66300.0,2010-12-05 16:24:00
TX_0009636,KH_13174,22406,United Kingdom,6,32500.0,2010-12-05 16:24:00
TX_0009637,KH_13174,84881,United Kingdom,2,165100.0,2010-12-05 16:24:00
TX_0009638,KH_13174,22830,United Kingdom,1,700700.0,2010-12-05 16:24:00
TX_0009639,KH_13174,22188,United Kingdom,4,102700.0,2010-12-05 16:24:00
TX_0009640,KH_13174,84846A,United Kingdom,4,54600.0,2010-12-05 16:24:00
TX_0009641,KH_13174,84978,United Kingdom,6,32500.0,2010-12-05 16:24:00
TX_0009642,KH_13174,21363,United Kingdom,1,128700.0,2010-12-05 16:24:00
TX_0009643,KH_13174,21613,United Kingdom,4,76700.0,2010-12-05 16:24:00
TX_0009644,KH_13174,21609,United Kingdom,4,76700.0,2010-12-05 16:24:00
TX_0009645,KH_13174,21891,United Kingdom,4,32500.0,2010-12-05 16:24:00
TX_0009646,KH_13174,21688,United Kingdom,6,76700.0,2010-12-05 16:24:00
TX_0009647,KH_13174,22405,United Kingdom,6,32500.0,2010-12-05 16:24:00
TX_0009648,KH_13174,22766,United Kingdom,4,76700.0,2010-12-05 16:24:00
TX_0009649,KH_13174,21695,United Kingdom,6,76700.0,2010-12-05 16:24:00
TX_0009650,KH_13174,21693,United Kingdom,6,76700.0,2010-12-05 16:24:00
TX_0009651,KH_13174,21889,United Kingdom,4,32500.0,2010-12-05 16:24:00
TX_0009652,KH_13174,22767,United Kingdom,2,258700.0,2010-12-05 16:24:00
TX_0009653,KH_13174,21361,United Kingdom,1,331500.0,2010-12-05 16:24:00
TX_0009654,KH_13174,22622,United Kingdom,2,258700.0,2010-12-05 16:24:00
TX_0009655,KH_13174,22623,United Kingdom,2,128700.0,2010-12-05 16:24:00
TX_0009656,KH_13174,21363,United Kingdom,2,128700.0,2010-12-05 16:24:00
TX_0009657,KH_13174,21556,United Kingdom,2,66300.0,2010-12-05 16:24:00
TX_0009658,KH_13174,22497,United Kingdom,2,110500.0,2010-12-05 16:24:00
TX_0009659,KH_13174,22500,United Kingdom,2,128700.0,2010-12-05 16:24:00
TX_0009660,KH_13174,84809A,United Kingdom,6,54600.0,2010-12-05 16:24:00
TX_0009661,KH_13174,79321,United Kingdom,2,128700.0,2010-12-05 16:24:00
TX_0009662,KH_13174,72741,United Kingdom,9,37700.0,2010-12-05 16:24:00
TX_0009663,KH_13174,22943,United Kingdom,2,128700.0,2010-12-05 16:24:00
TX_0009664,KH_13174,21899,United Kingdom,2,16900.0,2010-12-05 16:24:00
TX_0009665,KH_13174,21901,United Kingdom,1,16900.0,2010-12-05 16:24:00
TX_0009666,KH_13174,21807,United Kingdom,3,10920.0,2010-12-05 16:24:00
TX_0009667,KH_13174,21802,United Kingdom,3,10920.0,2010-12-05 16:24:00
TX_0009668,KH_13174,21804,United Kingdom,1,97500.0,2010-12-05 16:24:00
TX_0009669,KH_13174,22576,United Kingdom,6,22100.0,2010-12-05 16:24:00
TX_0009670,KH_13174,79191C,United Kingdom,1,22100.0,2010-12-05 16:24:00
TX_0009671,KH_13174,79190D,United Kingdom,1,10920.0,2010-12-05 16:24:00
TX_0009672,KH_13174,22581,United Kingdom,1,22100.0,2010-12-05 16:24:00
TX_0009673,KH_13174,21899,United Kingdom,1,16900.0,2010-12-05 16:24:00
TX_0009674,KH_13174,21901,United Kingdom,4,16900.0,2010-12-05 16:24:00
TX_0009675,KH_13174,21900,United Kingdom,3,16900.0,2010-12-05 16:24:00
TX_0009676,KH_13174,21807,United Kingdom,1,10920.0,2010-12-05 16:24:00
TX_0009677,KH_13174,21014,United Kingdom,1,22100.0,2010-12-05 16:24:00
TX_0009678,KH_13174,22863,United Kingdom,1,76700.0,2010-12-05 16:24:00
TX_0009679,KH_13174,22588,United Kingdom,10,66300.0,2010-12-05 16:24:00
TX_0009680,KH_13174,22589,United Kingdom,6,66300.0,2010-12-05 16:24:00
TX_0009681,KH_13174,85025C,United Kingdom,2,42900.0,2010-12-05 16:24:00
TX_0009682,KH_13174,84347,United Kingdom,2,66300.0,2010-12-05 16:24:00
TX_0009683,KH_13174,22576,United Kingdom,2,22100.0,2010-12-05 16:24:00
TX_0009684,KH_13174,22156,United Kingdom,5,22100.0,2010-12-05 16:24:00
TX_0009685,KH_13174,22603,United Kingdom,1,22100.0,2010-12-05 16:24:00
TX_0009686,KH_13174,21014,United Kingdom,5,22100.0,2010-12-05 16:24:00
TX_0009687,KH_13174,22969,United Kingdom,12,37700.0,2010-12-05 16:24:00
TX_0009688,KH_13174,82552,United Kingdom,3,37700.0,2010-12-05 16:24:00
TX_0009689,KH_13174,22142,United Kingdom,1,37700.0,2010-12-05 16:24:00
TX_0009690,KH_13174,22910,United Kingdom,4,76700.0,2010-12-05 16:24:00
TX_0009691,KH_13174,72816,United Kingdom,2,32500.0,2010-12-05 16:24:00
TX_0009692,KH_13174,20878,United Kingdom,5,32500.0,2010-12-05 16:24:00
TX_0009693,KH_13174,85123A,United Kingdom,12,76700.0,2010-12-05 16:24:00
TX_0009694,KH_13174,22142,United Kingdom,2,37700.0,2010-12-05 16:24:00
TX_0009695,KH_13174,22600,United Kingdom,7,22100.0,2010-12-05 16:24:00
TX_0009696,KH_13174,85048,United Kingdom,6,206700.0,2010-12-05 16:24:00
TX_0009697,KH_13174,22550,United Kingdom,2,97500.0,2010-12-05 16:24:00
TX_0009698,KH_13174,21913,United Kingdom,2,97500.0,2010-12-05 16:24:00
TX_0009699,KH_13174,21888,United Kingdom,2,97500.0,2010-12-05 16:24:00
TX_0009700,KH_13174,22800,United Kingdom,4,97500.0,2010-12-05 16:24:00
TX_0009701,KH_13174,22809,United Kingdom,6,76700.0,2010-12-05 16:24:00
TX_0009702,KH_13174,84950,United Kingdom,12,16900.0,2010-12-05 16:24:00
TX_0009703,KH_13174,84946,United Kingdom,12,32500.0,2010-12-05 16:24:00
TX_0009704,KH_13174,22603,United Kingdom,12,22100.0,2010-12-05 16:24:00
TX_0009705,KH_13174,22910,United Kingdom,1,76700.0,2010-12-05 16:24:00
TX_0009706,KH_13174,22144,United Kingdom,3,54600.0,2010-12-05 16:24:00
TX_0009707,KH_13174,21804,United Kingdom,3,97500.0,2010-12-05 16:24:00
TX_0009708,KH_13174,21807,United Kingdom,4,10920.0,2010-12-05 16:24:00
TX_0009709,KH_13174,22810,United Kingdom,6,76700.0,2010-12-05 16:24:00
TX_0009710,KH_13174,21802,United Kingdom,6,10920.0,2010-12-05 16:24:00
TX_0009711,KH_13174,22548,United Kingdom,1,32500.0,2010-12-05 16:24:00
TX_0009712,KH_13174,21791,United Kingdom,3,32500.0,2010-12-05 16:24:00
TX_0009713,KH_13174,21790,United Kingdom,6,22100.0,2010-12-05 16:24:00
TX_0009714,KH_13174,22151,United Kingdom,24,10920.0,2010-12-05 16:24:00
TX_0009715,KH_13174,22153,United Kingdom,48,10920.0,2010-12-05 16:24:00
TX_0009716,KH_13174,84970L,United Kingdom,12,24700.0,2010-12-05 16:24:00
TX_0009717,KH_13174,84970S,United Kingdom,12,22100.0,2010-12-05 16:24:00
TX_0009718,KH_13174,21813,United Kingdom,6,128700.0,2010-12-05 16:24:00
TX_0009719,KH_13174,22155,United Kingdom,48,10920.0,2010-12-05 16:24:00
TX_0009720,KH_13174,21820,United Kingdom,6,97500.0,2010-12-05 16:24:00
TX_0009721,KH_13174,22157,United Kingdom,24,22100.0,2010-12-05 16:24:00
TX_0009722,KH_13174,22307,United Kingdom,6,50700.0,2010-12-05 16:24:00
TX_0009723,KH_13174,21143,United Kingdom,12,50700.0,2010-12-05 16:24:00
TX_0009724,KH_13174,21351,United Kingdom,5,175500.0,2010-12-05 16:24:00
TX_0009725,KH_13174,21351,United Kingdom,1,175500.0,2010-12-05 16:24:00
TX_0009726,KH_13174,22602,United Kingdom,1,22100.0,2010-12-05 16:24:00
TX_0009727,KH_13174,22579,United Kingdom,7,22100.0,2010-12-05 16:24:00
TX_0009728,KH_13174,22581,United Kingdom,6,22100.0,2010-12-05 16:24:00
TX_0009729,KH_12748,84795B,United Kingdom,4,206700.0,2010-12-05 16:41:00
TX_0009730,KH_12748,79191B,United Kingdom,5,22100.0,2010-12-05 16:41:00
TX_0009731,KH_12748,22927,United Kingdom,1,154700.0,2010-12-05 16:41:00
TX_0009732,KH_12748,22926,United Kingdom,1,154700.0,2010-12-05 16:41:00
TX_0009733,KH_12748,22905,United Kingdom,5,76700.0,2010-12-05 16:41:00
TX_0009734,KH_12748,21870,United Kingdom,1,32500.0,2010-12-05 16:41:00
TX_0009735,KH_12748,21807,United Kingdom,36,10920.0,2010-12-05 16:41:00
TX_0009736,KH_12748,22863,United Kingdom,4,76700.0,2010-12-05 16:41:00
TX_0009737,KH_12748,22584,United Kingdom,5,66300.0,2010-12-05 16:41:00
TX_0009738,KH_12748,22585,United Kingdom,5,32500.0,2010-12-05 16:41:00
TX_0009739,KH_12748,22582,United Kingdom,5,66300.0,2010-12-05 16:41:00
TX_0009740,KH_12748,20757,United Kingdom,6,22100.0,2010-12-05 16:41:00
TX_0009741,KH_12748,22831,United Kingdom,2,76700.0,2010-12-05 16:41:00
TX_0009742,KH_12748,20757,United Kingdom,3,22100.0,2010-12-05 16:41:00
TX_0009743,KH_12748,20764,United Kingdom,1,97500.0,2010-12-05 16:41:00
TX_0009744,KH_12748,20770,United Kingdom,1,66300.0,2010-12-05 16:41:00
TX_0009745,KH_12748,20771,United Kingdom,2,66300.0,2010-12-05 16:41:00
TX_0009746,KH_12748,20765,United Kingdom,1,97500.0,2010-12-05 16:41:00
TX_0009747,KH_12748,20774,United Kingdom,1,42900.0,2010-12-05 16:41:00
TX_0009748,KH_12748,20773,United Kingdom,2,42900.0,2010-12-05 16:41:00
TX_0009749,KH_12748,20774,United Kingdom,2,42900.0,2010-12-05 16:41:00
TX_0009750,KH_12748,84944,United Kingdom,4,110500.0,2010-12-05 16:41:00
TX_0009751,KH_12748,22625,United Kingdom,1,221000.0,2010-12-05 16:41:00
TX_0009752,KH_12748,22949,United Kingdom,2,37700.0,2010-12-05 16:41:00
TX_0009753,KH_12748,21877,United Kingdom,6,32500.0,2010-12-05 16:41:00
TX_0009754,KH_12748,37327,United Kingdom,6,43940.0,2010-12-05 16:41:00
TX_0009755,KH_12748,22832,United Kingdom,2,279500.0,2010-12-05 16:41:00
TX_0009756,KH_12748,22283,United Kingdom,2,206700.0,2010-12-05 16:41:00
TX_0009757,KH_12748,21976,United Kingdom,48,14300.0,2010-12-05 16:41:00
TX_0009758,KH_12748,85027L,United Kingdom,1,206700.0,2010-12-05 16:41:00
TX_0009759,KH_12748,84849D,United Kingdom,1,43940.0,2010-12-05 16:41:00
TX_0009760,KH_12748,84709B,United Kingdom,1,154700.0,2010-12-05 16:41:00
TX_0009761,KH_12748,M,United Kingdom,1,26000.0,2010-12-05 16:41:00
TX_0009762,KH_12748,79067,United Kingdom,1,97500.0,2010-12-05 16:41:00
TX_0009763,KH_12748,22426,United Kingdom,2,97500.0,2010-12-05 16:41:00
TX_0009764,KH_12748,22208,United Kingdom,5,42900.0,2010-12-05 16:41:00
TX_0009765,KH_12748,21446,United Kingdom,2,32500.0,2010-12-05 16:41:00
TX_0009766,KH_12748,21447,United Kingdom,2,32500.0,2010-12-05 16:41:00
TX_0009767,KH_12748,22077,United Kingdom,1,42900.0,2010-12-05 16:41:00
TX_0009768,KH_12748,85049A,United Kingdom,2,32500.0,2010-12-05 16:41:00
TX_0009769,KH_12748,22076,United Kingdom,1,42900.0,2010-12-05 16:41:00
TX_0009770,KH_12748,22075,United Kingdom,1,42900.0,2010-12-05 16:41:00
TX_0009771,KH_12748,85049A,United Kingdom,1,32500.0,2010-12-05 16:41:00
TX_0009772,KH_12748,85049E,United Kingdom,1,32500.0,2010-12-05 16:41:00
TX_0009773,KH_12748,85049D,United Kingdom,1,32500.0,2010-12-05 16:41:00
TX_0009774,KH_12748,22074,United Kingdom,2,42900.0,2010-12-05 16:41:00
TX_0009775,KH_12748,22965,United Kingdom,2,54600.0,2010-12-05 16:41:00
TX_0009776,KH_12748,84531A,United Kingdom,3,50700.0,2010-12-05 16:41:00
TX_0009777,KH_12748,84531B,United Kingdom,3,50700.0,2010-12-05 16:41:00
TX_0009778,KH_12748,22429,United Kingdom,2,110500.0,2010-12-05 16:41:00
TX_0009779,KH_12748,85017C,United Kingdom,5,22100.0,2010-12-05 16:41:00
TX_0009780,KH_12748,22424,United Kingdom,2,331500.0,2010-12-05 16:41:00
TX_0009781,KH_12748,21657,United Kingdom,2,180700.0,2010-12-05 16:41:00
TX_0009782,KH_12748,21658,United Kingdom,1,102700.0,2010-12-05 16:41:00
TX_0009783,KH_12748,16010,United Kingdom,12,3120.0,2010-12-05 16:41:00
TX_0009784,KH_12748,22086,United Kingdom,2,76700.0,2010-12-05 16:41:00
TX_0009785,KH_12748,10133,United Kingdom,10,22100.0,2010-12-05 16:41:00
TX_0009786,KH_12748,35001W,United Kingdom,1,90740.0,2010-12-05 16:41:00
TX_0009787,KH_12748,84707B,United Kingdom,1,258700.0,2010-12-05 16:41:00
TX_0009788,KH_12748,15039,United Kingdom,12,22100.0,2010-12-05 16:41:00
TX_0009789,KH_12748,21167,United Kingdom,50,5460.0,2010-12-05 16:41:00
TX_0009790,KH_12748,22430,United Kingdom,2,128700.0,2010-12-05 16:41:00
TX_0009791,KH_12748,51008,United Kingdom,10,89700.0,2010-12-05 16:41:00
TX_0009792,KH_15987,22811,United Kingdom,6,76700.0,2010-12-06 08:34:00
TX_0009793,KH_15987,21713,United Kingdom,8,54600.0,2010-12-06 08:34:00
TX_0009794,KH_15987,22927,United Kingdom,2,154700.0,2010-12-06 08:34:00
TX_0009795,KH_15987,20802,United Kingdom,6,42900.0,2010-12-06 08:34:00
TX_0009796,KH_15987,22052,United Kingdom,25,10920.0,2010-12-06 08:34:00
TX_0009797,KH_15987,22705,United Kingdom,25,10920.0,2010-12-06 08:34:00
TX_0009798,KH_15987,20781,United Kingdom,2,142740.0,2010-12-06 08:34:00
TX_0009799,KH_15987,22310,United Kingdom,6,42900.0,2010-12-06 08:34:00
TX_0009800,KH_15987,22389,United Kingdom,6,66300.0,2010-12-06 08:34:00
TX_0009801,KH_17677,22941,United Kingdom,2,221000.0,2010-12-06 08:42:00
TX_0009802,KH_17677,22696,United Kingdom,6,50700.0,2010-12-06 08:42:00
TX_0009803,KH_17677,22193,United Kingdom,2,221000.0,2010-12-06 08:42:00
TX_0009804,KH_17677,21212,United Kingdom,120,10920.0,2010-12-06 08:42:00
TX_0009805,KH_17677,21977,United Kingdom,48,14300.0,2010-12-06 08:42:00
TX_0009806,KH_17677,84991,United Kingdom,48,14300.0,2010-12-06 08:42:00
TX_0009807,KH_17677,21213,United Kingdom,48,14300.0,2010-12-06 08:42:00
TX_0009808,KH_17677,21080,United Kingdom,12,22100.0,2010-12-06 08:42:00
TX_0009809,KH_17677,22632,United Kingdom,48,54600.0,2010-12-06 08:42:00
TX_0009810,KH_17677,22315,United Kingdom,12,32500.0,2010-12-06 08:42:00
TX_0009811,KH_17677,21232,United Kingdom,12,32500.0,2010-12-06 08:42:00
TX_0009812,KH_17677,15056N,United Kingdom,3,154700.0,2010-12-06 08:42:00
TX_0009813,KH_17677,22837,United Kingdom,4,120900.0,2010-12-06 08:42:00
TX_0009814,KH_17677,22866,United Kingdom,48,54600.0,2010-12-06 08:42:00
TX_0009815,KH_17677,22867,United Kingdom,48,54600.0,2010-12-06 08:42:00
TX_0009816,KH_17677,10002,United Kingdom,24,22100.0,2010-12-06 08:42:00
TX_0009817,KH_17677,21731,United Kingdom,12,42900.0,2010-12-06 08:42:00
TX_0009818,KH_17677,22383,United Kingdom,100,37700.0,2010-12-06 08:42:00
TX_0009819,KH_17677,85099B,United Kingdom,100,42900.0,2010-12-06 08:42:00
TX_0009820,KH_17677,85014A,United Kingdom,3,154700.0,2010-12-06 08:42:00
TX_0009821,KH_17677,22144,United Kingdom,12,54600.0,2010-12-06 08:43:00
TX_0009822,KH_17677,22961,United Kingdom,12,37700.0,2010-12-06 08:44:00
TX_0009823,KH_GUEST,21733,United Kingdom,1,76700.0,2010-12-06 09:20:00
TX_0009824,KH_13652,71477,United Kingdom,4,84500.0,2010-12-06 09:21:00
TX_0009825,KH_13652,72807C,United Kingdom,4,110500.0,2010-12-06 09:21:00
TX_0009826,KH_13652,72807A,United Kingdom,4,110500.0,2010-12-06 09:21:00
TX_0009827,KH_13652,48194,United Kingdom,2,206700.0,2010-12-06 09:21:00
TX_0009828,KH_13652,48111,United Kingdom,2,206700.0,2010-12-06 09:21:00
TX_0009829,KH_13652,22867,United Kingdom,12,54600.0,2010-12-06 09:21:00
TX_0009830,KH_13652,22866,United Kingdom,12,54600.0,2010-12-06 09:21:00
TX_0009831,KH_13652,22633,United Kingdom,12,54600.0,2010-12-06 09:21:00
TX_0009832,KH_13652,21915,United Kingdom,12,32500.0,2010-12-06 09:21:00
TX_0009833,KH_13652,21914,United Kingdom,12,32500.0,2010-12-06 09:21:00
TX_0009834,KH_13652,22114,United Kingdom,4,102700.0,2010-12-06 09:21:00
TX_0009835,KH_13652,22112,United Kingdom,3,128700.0,2010-12-06 09:21:00
TX_0009836,KH_13652,22835,United Kingdom,4,120900.0,2010-12-06 09:21:00
TX_0009837,KH_13652,21108,United Kingdom,9,66300.0,2010-12-06 09:21:00
TX_0009838,KH_13652,21109,United Kingdom,2,175500.0,2010-12-06 09:21:00
TX_0009839,KH_13652,21110,United Kingdom,2,175500.0,2010-12-06 09:21:00
TX_0009840,KH_13652,84050,United Kingdom,6,42900.0,2010-12-06 09:21:00
TX_0009841,KH_13652,22304,United Kingdom,6,66300.0,2010-12-06 09:21:00
TX_0009842,KH_17428,22652,United Kingdom,20,42900.0,2010-12-06 09:37:00
TX_0009843,KH_17428,22654,United Kingdom,6,154700.0,2010-12-06 09:37:00
TX_0009844,KH_17428,21259,United Kingdom,2,154700.0,2010-12-06 09:37:00
TX_0009845,KH_17428,22584,United Kingdom,24,66300.0,2010-12-06 09:37:00
TX_0009846,KH_17428,82484,United Kingdom,12,144300.0,2010-12-06 09:37:00
TX_0009847,KH_17428,22630,United Kingdom,24,50700.0,2010-12-06 09:37:00
TX_0009848,KH_17428,22439,United Kingdom,24,16900.0,2010-12-06 09:37:00
TX_0009849,KH_17428,21844,United Kingdom,12,76700.0,2010-12-06 09:37:00
TX_0009850,KH_17428,22812,United Kingdom,24,50700.0,2010-12-06 09:37:00
TX_0009851,KH_17381,22622,United Kingdom,156,221000.0,2010-12-06 09:45:00
TX_0009852,KH_17381,22536,United Kingdom,480,9360.0,2010-12-06 09:45:00
TX_0009853,KH_17381,21791,United Kingdom,288,27560.0,2010-12-06 09:45:00
TX_0009854,KH_17381,21889,United Kingdom,216,27560.0,2010-12-06 09:45:00
TX_0009855,KH_17381,22659,United Kingdom,324,42900.0,2010-12-06 09:45:00
TX_0009856,KH_16858,85048,United Kingdom,4,206700.0,2010-12-06 09:52:00
TX_0009857,KH_16858,48184,United Kingdom,3,206700.0,2010-12-06 09:52:00
TX_0009858,KH_16858,21531,United Kingdom,24,54600.0,2010-12-06 09:52:00
TX_0009859,KH_16858,22073,United Kingdom,16,88140.0,2010-12-06 09:52:00
TX_0009860,KH_16858,21216,United Kingdom,8,128700.0,2010-12-06 09:52:00
TX_0009861,KH_16858,21527,United Kingdom,12,180700.0,2010-12-06 09:52:00
TX_0009862,KH_16858,22179,United Kingdom,2,175500.0,2010-12-06 09:52:00
TX_0009863,KH_16858,22468,United Kingdom,2,175500.0,2010-12-06 09:52:00
TX_0009864,KH_16858,20914,United Kingdom,12,76700.0,2010-12-06 09:52:00
TX_0009865,KH_16858,22073,United Kingdom,8,97500.0,2010-12-06 09:52:00
TX_0009866,KH_GUEST,15036,United Kingdom,2,33280.0,2010-12-06 09:58:00
TX_0009867,KH_GUEST,15056N,United Kingdom,1,330720.0,2010-12-06 09:58:00
TX_0009868,KH_GUEST,16218,United Kingdom,1,55380.0,2010-12-06 09:58:00
TX_0009869,KH_GUEST,16238,United Kingdom,5,11180.0,2010-12-06 09:58:00
TX_0009870,KH_GUEST,16258A,United Kingdom,3,21840.0,2010-12-06 09:58:00
TX_0009871,KH_GUEST,17003,United Kingdom,2,11180.0,2010-12-06 09:58:00
TX_0009872,KH_GUEST,17012C,United Kingdom,2,65260.0,2010-12-06 09:58:00
TX_0009873,KH_GUEST,17012E,United Kingdom,1,65260.0,2010-12-06 09:58:00
TX_0009874,KH_GUEST,17012F,United Kingdom,1,65260.0,2010-12-06 09:58:00
TX_0009875,KH_GUEST,18098C,United Kingdom,1,153660.0,2010-12-06 09:58:00
TX_0009876,KH_GUEST,20615,United Kingdom,1,109460.0,2010-12-06 09:58:00
TX_0009877,KH_GUEST,20622,United Kingdom,1,109460.0,2010-12-06 09:58:00
TX_0009878,KH_GUEST,20665,United Kingdom,1,153660.0,2010-12-06 09:58:00
TX_0009879,KH_GUEST,20676,United Kingdom,1,65260.0,2010-12-06 09:58:00
TX_0009880,KH_GUEST,20696,United Kingdom,1,198120.0,2010-12-06 09:58:00
TX_0009881,KH_GUEST,20699,United Kingdom,1,131560.0,2010-12-06 09:58:00
TX_0009882,KH_GUEST,20713,United Kingdom,2,109460.0,2010-12-06 09:58:00
TX_0009883,KH_GUEST,20716,United Kingdom,1,65260.0,2010-12-06 09:58:00
TX_0009884,KH_GUEST,20717,United Kingdom,1,65260.0,2010-12-06 09:58:00
TX_0009885,KH_GUEST,20718,United Kingdom,3,65260.0,2010-12-06 09:58:00
TX_0009886,KH_GUEST,20719,United Kingdom,5,43160.0,2010-12-06 09:58:00
TX_0009887,KH_GUEST,20723,United Kingdom,3,43160.0,2010-12-06 09:58:00
TX_0009888,KH_GUEST,20724,United Kingdom,5,43160.0,2010-12-06 09:58:00
TX_0009889,KH_GUEST,20725,United Kingdom,1,109460.0,2010-12-06 09:58:00
TX_0009890,KH_GUEST,20726,United Kingdom,1,109460.0,2010-12-06 09:58:00
TX_0009891,KH_GUEST,20727,United Kingdom,1,109460.0,2010-12-06 09:58:00
TX_0009892,KH_GUEST,20735,United Kingdom,1,22100.0,2010-12-06 09:58:00
TX_0009893,KH_GUEST,20751,United Kingdom,1,109460.0,2010-12-06 09:58:00
TX_0009894,KH_GUEST,20754,United Kingdom,1,109460.0,2010-12-06 09:58:00
TX_0009895,KH_GUEST,20782,United Kingdom,4,286520.0,2010-12-06 09:58:00
TX_0009896,KH_GUEST,20846,United Kingdom,2,65260.0,2010-12-06 09:58:00
TX_0009897,KH_GUEST,20847,United Kingdom,1,198120.0,2010-12-06 09:58:00
TX_0009898,KH_GUEST,20914,United Kingdom,6,153660.0,2010-12-06 09:58:00
TX_0009899,KH_GUEST,20936,United Kingdom,1,153660.0,2010-12-06 09:58:00
TX_0009900,KH_GUEST,20956,United Kingdom,2,65260.0,2010-12-06 09:58:00
TX_0009901,KH_GUEST,20961,United Kingdom,1,65260.0,2010-12-06 09:58:00
TX_0009902,KH_GUEST,20963,United Kingdom,1,65260.0,2010-12-06 09:58:00
TX_0009903,KH_GUEST,20966,United Kingdom,3,65260.0,2010-12-06 09:58:00
TX_0009904,KH_GUEST,20969,United Kingdom,1,198120.0,2010-12-06 09:58:00
TX_0009905,KH_GUEST,20971,United Kingdom,2,65260.0,2010-12-06 09:58:00
TX_0009906,KH_GUEST,20972,United Kingdom,1,65260.0,2010-12-06 09:58:00
TX_0009907,KH_GUEST,20973,United Kingdom,4,33280.0,2010-12-06 09:58:00
TX_0009908,KH_GUEST,20974,United Kingdom,1,33280.0,2010-12-06 09:58:00
TX_0009909,KH_GUEST,20975,United Kingdom,7,33280.0,2010-12-06 09:58:00
TX_0009910,KH_GUEST,20985,United Kingdom,1,65260.0,2010-12-06 09:58:00
TX_0009911,KH_GUEST,21014,United Kingdom,7,33280.0,2010-12-06 09:58:00
TX_0009912,KH_GUEST,21015,United Kingdom,5,33280.0,2010-12-06 09:58:00
TX_0009913,KH_GUEST,21026,United Kingdom,1,65260.0,2010-12-06 09:58:00
TX_0009914,KH_GUEST,21035,United Kingdom,3,153660.0,2010-12-06 09:58:00
TX_0009915,KH_GUEST,21039,United Kingdom,1,153660.0,2010-12-06 09:58:00
TX_0009916,KH_GUEST,21041,United Kingdom,2,153660.0,2010-12-06 09:58:00
TX_0009917,KH_GUEST,21068,United Kingdom,2,65260.0,2010-12-06 09:58:00
TX_0009918,KH_GUEST,21069,United Kingdom,1,65260.0,2010-12-06 09:58:00
TX_0009919,KH_GUEST,21070,United Kingdom,2,65260.0,2010-12-06 09:58:00
TX_0009920,KH_GUEST,21071,United Kingdom,1,65260.0,2010-12-06 09:58:00
TX_0009921,KH_GUEST,21098,United Kingdom,23,65260.0,2010-12-06 09:58:00
TX_0009922,KH_GUEST,21108,United Kingdom,5,131560.0,2010-12-06 09:58:00
TX_0009923,KH_GUEST,21112,United Kingdom,1,153660.0,2010-12-06 09:58:00
TX_0009924,KH_GUEST,21115,United Kingdom,1,375180.0,2010-12-06 09:58:00
TX_0009925,KH_GUEST,21137,United Kingdom,1,198120.0,2010-12-06 09:58:00
TX_0009926,KH_GUEST,21147,United Kingdom,1,65260.0,2010-12-06 09:58:00
TX_0009927,KH_GUEST,21154,United Kingdom,2,65260.0,2010-12-06 09:58:00
TX_0009928,KH_GUEST,21165,United Kingdom,1,109460.0,2010-12-06 09:58:00
TX_0009929,KH_GUEST,21166,United Kingdom,1,109460.0,2010-12-06 09:58:00
TX_0009930,KH_GUEST,21169,United Kingdom,1,109460.0,2010-12-06 09:58:00
TX_0009931,KH_GUEST,21174,United Kingdom,1,109460.0,2010-12-06 09:58:00
TX_0009932,KH_GUEST,21175,United Kingdom,6,109460.0,2010-12-06 09:58:00
TX_0009933,KH_GUEST,21181,United Kingdom,3,109460.0,2010-12-06 09:58:00
TX_0009934,KH_GUEST,21187,United Kingdom,1,87360.0,2010-12-06 09:58:00
TX_0009935,KH_GUEST,21191,United Kingdom,3,109460.0,2010-12-06 09:58:00
TX_0009936,KH_GUEST,21212,United Kingdom,11,33280.0,2010-12-06 09:58:00
TX_0009937,KH_GUEST,21213,United Kingdom,4,33280.0,2010-12-06 09:58:00
TX_0009938,KH_GUEST,21217,United Kingdom,2,551980.0,2010-12-06 09:58:00
TX_0009939,KH_GUEST,21218,United Kingdom,1,220220.0,2010-12-06 09:58:00
TX_0009940,KH_GUEST,21219,United Kingdom,1,65260.0,2010-12-06 09:58:00
TX_0009941,KH_GUEST,21220,United Kingdom,2,65260.0,2010-12-06 09:58:00
TX_0009942,KH_GUEST,21224,United Kingdom,1,65260.0,2010-12-06 09:58:00
TX_0009943,KH_GUEST,21231,United Kingdom,6,65260.0,2010-12-06 09:58:00
TX_0009944,KH_GUEST,21232,United Kingdom,4,65260.0,2010-12-06 09:58:00
TX_0009945,KH_GUEST,21238,United Kingdom,2,43160.0,2010-12-06 09:58:00
TX_0009946,KH_GUEST,21249,United Kingdom,1,153660.0,2010-12-06 09:58:00
TX_0009947,KH_GUEST,21262,United Kingdom,2,198120.0,2010-12-06 09:58:00
TX_0009948,KH_GUEST,21272,United Kingdom,1,65260.0,2010-12-06 09:58:00
TX_0009949,KH_GUEST,21279,United Kingdom,1,131560.0,2010-12-06 09:58:00
TX_0009950,KH_GUEST,21291,United Kingdom,2,43160.0,2010-12-06 09:58:00
TX_0009951,KH_GUEST,21313,United Kingdom,3,43160.0,2010-12-06 09:58:00
TX_0009952,KH_GUEST,21314,United Kingdom,6,109460.0,2010-12-06 09:58:00
TX_0009953,KH_GUEST,21319,United Kingdom,2,87360.0,2010-12-06 09:58:00
TX_0009954,KH_GUEST,21326,United Kingdom,2,43160.0,2010-12-06 09:58:00
TX_0009955,KH_GUEST,21328,United Kingdom,3,87360.0,2010-12-06 09:58:00
TX_0009956,KH_GUEST,21352,United Kingdom,3,153660.0,2010-12-06 09:58:00
TX_0009957,KH_GUEST,21355,United Kingdom,1,65260.0,2010-12-06 09:58:00
TX_0009958,KH_GUEST,21356,United Kingdom,2,65260.0,2010-12-06 09:58:00
TX_0009959,KH_GUEST,21359,United Kingdom,1,884000.0,2010-12-06 09:58:00
TX_0009960,KH_GUEST,21385,United Kingdom,1,43160.0,2010-12-06 09:58:00
TX_0009961,KH_GUEST,21397,United Kingdom,1,87360.0,2010-12-06 09:58:00
TX_0009962,KH_GUEST,21407,United Kingdom,1,220220.0,2010-12-06 09:58:00
TX_0009963,KH_GUEST,21408,United Kingdom,2,220220.0,2010-12-06 09:58:00
TX_0009964,KH_GUEST,21429,United Kingdom,1,87360.0,2010-12-06 09:58:00
TX_0009965,KH_GUEST,21479,United Kingdom,5,198120.0,2010-12-06 09:58:00
TX_0009966,KH_GUEST,21481,United Kingdom,2,153660.0,2010-12-06 09:58:00
TX_0009967,KH_GUEST,21484,United Kingdom,1,198120.0,2010-12-06 09:58:00
TX_0009968,KH_GUEST,21485,United Kingdom,1,286520.0,2010-12-06 09:58:00
TX_0009969,KH_GUEST,21486,United Kingdom,2,109460.0,2010-12-06 09:58:00
TX_0009970,KH_GUEST,21488,United Kingdom,1,220220.0,2010-12-06 09:58:00
TX_0009971,KH_GUEST,21494,United Kingdom,1,131560.0,2010-12-06 09:58:00
TX_0009972,KH_GUEST,21506,United Kingdom,2,22100.0,2010-12-06 09:58:00
TX_0009973,KH_GUEST,21577,United Kingdom,1,131560.0,2010-12-06 09:58:00
TX_0009974,KH_GUEST,21626,United Kingdom,1,109460.0,2010-12-06 09:58:00
TX_0009975,KH_GUEST,21627,United Kingdom,1,774540.0,2010-12-06 09:58:00
TX_0009976,KH_GUEST,21632,United Kingdom,1,662740.0,2010-12-06 09:58:00
TX_0009977,KH_GUEST,21641,United Kingdom,1,43160.0,2010-12-06 09:58:00
TX_0009978,KH_GUEST,21650,United Kingdom,1,43160.0,2010-12-06 09:58:00
TX_0009979,KH_GUEST,21669,United Kingdom,1,65260.0,2010-12-06 09:58:00
TX_0009980,KH_GUEST,21675,United Kingdom,1,43160.0,2010-12-06 09:58:00
TX_0009981,KH_GUEST,21677,United Kingdom,3,43160.0,2010-12-06 09:58:00
TX_0009982,KH_GUEST,21678,United Kingdom,1,43160.0,2010-12-06 09:58:00
TX_0009983,KH_GUEST,21679,United Kingdom,1,43160.0,2010-12-06 09:58:00
TX_0009984,KH_GUEST,21688,United Kingdom,1,153660.0,2010-12-06 09:58:00
TX_0009985,KH_GUEST,21703,United Kingdom,1,22100.0,2010-12-06 09:58:00
TX_0009986,KH_GUEST,21704,United Kingdom,2,43160.0,2010-12-06 09:58:00
TX_0009987,KH_GUEST,21716,United Kingdom,1,131560.0,2010-12-06 09:58:00
TX_0009988,KH_GUEST,21721,United Kingdom,2,43160.0,2010-12-06 09:58:00
TX_0009989,KH_GUEST,21725,United Kingdom,2,43160.0,2010-12-06 09:58:00
TX_0009990,KH_GUEST,21726,United Kingdom,1,43160.0,2010-12-06 09:58:00
TX_0009991,KH_GUEST,21731,United Kingdom,2,87360.0,2010-12-06 09:58:00
TX_0009992,KH_GUEST,21733,United Kingdom,2,153660.0,2010-12-06 09:58:00
TX_0009993,KH_GUEST,21738,United Kingdom,1,153660.0,2010-12-06 09:58:00
TX_0009994,KH_GUEST,21743,United Kingdom,1,153660.0,2010-12-06 09:58:00
TX_0009995,KH_GUEST,21774,United Kingdom,2,65260.0,2010-12-06 09:58:00
TX_0009996,KH_GUEST,21777,United Kingdom,1,206700.0,2010-12-06 09:58:00
TX_0009997,KH_GUEST,21786,United Kingdom,14,22100.0,2010-12-06 09:58:00
TX_0009998,KH_GUEST,21790,United Kingdom,3,43160.0,2010-12-06 09:58:00
TX_0009999,KH_GUEST,21791,United Kingdom,3,65260.0,2010-12-06 09:58:00
TX_0010000,KH_GUEST,21801,United Kingdom,38,11180.0,2010-12-06 09:58:00
