MA_GIAO_DICH,MA_KHACH_HANG,MA_SAN_PHAM,KHU_VUC,SO_LUONG,DON_GIA,THOI_GIAN
TX_0000003,KH_20476,SP_111821003,MIEN_BAC,8,2000.0,2025-06-30 12:07:04
TX_0000007,KH_20295,SP_35042297,MIEN_BAC,3,55000.0,2025-06-24 09:26:48
TX_0000010,KH_20361,SP_154858227,MIEN_NAM,2,25000.0,2025-11-12 04:07:36
TX_0000014,KH_20020,SP_160449800,MIEN_NAM,1,79000.0,2025-12-15 21:11:47
TX_0000018,KH_20363,SP_262974253,MIEN_NAM,3,32000.0,2026-06-25 16:49:14
TX_0000019,KH_20388,SP_263025426,MIEN_NAM,1,45000.0,2025-04-13 12:24:28
TX_0000020,KH_20060,SP_209643731,MIEN_BAC,3,88900.0,2025-09-07 11:55:36
TX_0000025,KH_20373,SP_251446835,MIEN_TRUNG,1,845500.0,2025-01-22 08:55:04
TX_0000035,KH_20380,SP_191981357,MIEN_TRUNG,2,37800.0,2026-06-27 20:52:07
TX_0000037,KH_20332,SP_160205765,MIEN_NAM,1,169000.0,2025-04-04 06:33:32
TX_0000039,KH_20086,SP_146730318,MIEN_BAC,1,78000.0,2025-04-10 12:07:59
TX_0000040,KH_20282,SP_249570831,MIEN_NAM,1,16455.0,2025-11-23 01:36:59
TX_0000044,KH_20272,SP_4902541,MIEN_NAM,2,149000.0,2025-05-29 08:41:54
TX_0000049,KH_20197,SP_100428164,MIEN_TRUNG,1,549000.0,2026-05-09 07:43:21
TX_0000054,KH_20326,SP_123607103,MIEN_TRUNG,2,499000.0,2025-04-15 00:40:47
TX_0000059,KH_20128,SP_71693858,MIEN_NAM,2,159000.0,2025-10-29 12:13:45
TX_0000069,KH_20098,SP_136074259,MIEN_BAC,5,74500.0,2026-09-10 19:53:16
TX_0000070,KH_20325,SP_98598297,MIEN_NAM,4,180000.0,2026-08-24 03:24:39
TX_0000082,KH_20112,SP_146945785,MIEN_NAM,3,237000.0,2025-04-06 09:22:37
TX_0000083,KH_20237,SP_138624459,MIEN_TRUNG,2,79000.0,2025-06-25 00:08:09
TX_0000084,KH_20469,SP_249005242,MIEN_BAC,1,31000.0,2026-01-02 22:31:10
TX_0000086,KH_20213,SP_111821157,MIEN_NAM,3,17000.0,2025-04-27 14:36:57
TX_0000087,KH_20013,SP_263026861,MIEN_TRUNG,2,2500.0,2026-09-02 02:49:30
TX_0000090,KH_20360,SP_144197803,MIEN_NAM,1,20000.0,2026-03-26 07:58:28
TX_0000091,KH_20279,SP_242643975,MIEN_BAC,2,386750.0,2026-09-09 02:46:48
TX_0000097,KH_20267,SP_194143865,MIEN_NAM,1,265000.0,2026-07-16 19:43:28
TX_0000098,KH_20303,SP_169331134,MIEN_BAC,3,448200.0,2026-05-16 22:17:33
TX_0000099,KH_20352,SP_124274978,MIEN_NAM,1,46550.0,2026-09-13 12:32:41
TX_0000101,KH_20312,SP_82704182,MIEN_NAM,1,245000.0,2026-05-07 16:46:08
TX_0000105,KH_20088,SP_45999915,MIEN_BAC,3,200000.0,2025-07-07 06:49:02
TX_0000108,KH_20193,SP_45301483,MIEN_BAC,1,75000.0,2025-09-04 17:57:58
TX_0000110,KH_20495,SP_212474358,MIEN_NAM,4,31500.0,2026-07-06 22:46:13
TX_0000112,KH_20433,SP_155773757,MIEN_NAM,1,45000.0,2026-07-02 07:29:04
TX_0000118,KH_20450,SP_565575,MIEN_NAM,1,2585000.0,2025-07-16 18:58:27
TX_0000123,KH_20189,SP_14014319,MIEN_NAM,3,190000.0,2025-08-24 01:46:56
TX_0000128,KH_20017,SP_194407692,MIEN_BAC,5,1890000.0,2025-06-15 03:10:02
TX_0000130,KH_20039,SP_72881680,MIEN_BAC,1,119900.0,2025-11-04 16:02:51
TX_0000134,KH_20204,SP_17589565,MIEN_TRUNG,1,350000.0,2025-08-30 19:32:42
TX_0000135,KH_20190,SP_146944063,MIEN_NAM,1,263000.0,2025-10-11 19:17:57
TX_0000136,KH_20493,SP_22015762,MIEN_TRUNG,3,40200.0,2026-07-02 07:51:49
TX_0000139,KH_20139,SP_125428381,MIEN_NAM,1,70000.0,2025-11-23 21:22:55
TX_0000140,KH_20028,SP_159964954,MIEN_NAM,1,400000.0,2025-06-23 01:02:40
TX_0000141,KH_20172,SP_167472202,MIEN_BAC,2,315000.0,2026-03-25 17:03:47
TX_0000143,KH_20186,SP_45067416,MIEN_NAM,1,950000.0,2026-07-02 14:56:33
TX_0000145,KH_20010,SP_196810699,MIEN_NAM,4,630000.0,2025-06-26 21:09:07
TX_0000147,KH_20021,SP_194568375,MIEN_NAM,3,14520000.0,2025-07-08 06:26:27
TX_0000149,KH_20251,SP_179566621,MIEN_TRUNG,2,4749.0,2026-02-15 22:42:42
TX_0000151,KH_20277,SP_193720436,MIEN_NAM,3,585000.0,2026-03-26 04:08:25
TX_0000153,KH_20320,SP_252356225,MIEN_BAC,1,175000.0,2025-09-19 07:18:07
TX_0000155,KH_20077,SP_119426224,MIEN_NAM,1,2100.0,2025-08-14 23:26:37
TX_0000156,KH_20430,SP_263026794,MIEN_NAM,4,11000.0,2025-01-25 05:20:27
TX_0000157,KH_20248,SP_190514909,MIEN_BAC,1,74349.0,2025-01-29 07:25:29
TX_0000163,KH_20432,SP_176217968,MIEN_BAC,2,189000.0,2025-05-19 09:08:38
TX_0000164,KH_20290,SP_181908917,MIEN_BAC,1,480000.0,2025-09-12 19:38:38
TX_0000165,KH_20469,SP_44472626,MIEN_NAM,3,250000.0,2025-12-06 16:37:43
TX_0000166,KH_20049,SP_252912221,MIEN_TRUNG,2,189000.0,2026-08-21 20:44:45
TX_0000170,KH_20029,SP_85800889,MIEN_NAM,4,238000.0,2025-04-17 03:46:55
TX_0000173,KH_20069,SP_138662153,MIEN_BAC,1,52500.0,2026-01-08 03:47:45
TX_0000176,KH_20192,SP_77963388,MIEN_NAM,1,441000.0,2026-09-08 06:02:45
TX_0000178,KH_20363,SP_263025623,MIEN_NAM,5,25000.0,2026-08-16 00:52:31
TX_0000185,KH_20205,SP_79974816,MIEN_NAM,1,380000.0,2026-09-27 08:12:44
TX_0000187,KH_20149,SP_24496785,MIEN_NAM,2,649000.0,2026-07-19 18:37:22
TX_0000193,KH_20002,SP_194498923,MIEN_BAC,2,920000.0,2026-01-15 21:22:01
TX_0000195,KH_20092,SP_93181764,MIEN_TRUNG,1,441000.0,2026-06-30 06:23:47
TX_0000196,KH_20061,SP_4701087,MIEN_NAM,1,1628000.0,2025-09-06 13:52:35
TX_0000197,KH_20310,SP_190681359,MIEN_TRUNG,1,69000.0,2025-11-18 16:31:27
TX_0000200,KH_20173,SP_263025443,MIEN_NAM,5,1000.0,2026-07-21 20:24:22
TX_0000203,KH_20465,SP_208677826,MIEN_TRUNG,1,1188000.0,2025-11-28 12:40:11
TX_0000211,KH_20433,SP_263025494,MIEN_NAM,1,20000.0,2025-07-22 19:39:05
TX_0000214,KH_20180,SP_263026396,MIEN_BAC,1,5200.0,2026-08-07 12:05:44
TX_0000221,KH_20182,SP_190519918,MIEN_BAC,1,535500.0,2025-10-29 05:24:23
TX_0000226,KH_20313,SP_252037139,MIEN_NAM,5,7000.0,2025-12-25 02:18:15
TX_0000227,KH_20243,SP_146949825,MIEN_BAC,3,158000.0,2026-06-23 14:37:02
TX_0000231,KH_20060,SP_75705343,MIEN_NAM,2,66053.0,2026-08-11 05:50:52
TX_0000234,KH_20440,SP_49124279,MIEN_BAC,1,449100.0,2025-02-24 22:19:27
TX_0000238,KH_20322,SP_184126082,MIEN_BAC,1,351000.0,2025-05-26 02:14:36
TX_0000240,KH_20139,SP_149754322,MIEN_TRUNG,1,756000.0,2025-06-13 03:16:03
TX_0000245,KH_20236,SP_175110949,MIEN_BAC,4,999000.0,2026-02-07 04:14:06
TX_0000247,KH_20366,SP_201964537,MIEN_TRUNG,1,265000.0,2026-05-05 07:45:38
TX_0000248,KH_20405,SP_177559642,MIEN_NAM,4,113143.0,2025-08-21 02:37:12
TX_0000252,KH_20396,SP_192859602,MIEN_NAM,1,329000.0,2025-12-04 20:18:28
TX_0000259,KH_20475,SP_263025731,MIEN_BAC,3,10500.0,2026-01-16 05:16:05
TX_0000260,KH_20048,SP_262916043,MIEN_NAM,4,6000.0,2026-04-26 11:13:18
TX_0000262,KH_20495,SP_198059482,MIEN_NAM,2,659000.0,2025-12-04 09:17:50
TX_0000275,KH_20158,SP_209606090,MIEN_BAC,1,2390000.0,2025-05-20 14:01:31
TX_0000276,KH_20129,SP_185978305,MIEN_NAM,2,445000.0,2026-03-22 06:52:51
TX_0000283,KH_20285,SP_170104951,MIEN_NAM,4,50000.0,2026-05-08 10:19:09
TX_0000290,KH_20051,SP_875262,MIEN_NAM,1,95000.0,2025-07-02 00:20:31
TX_0000293,KH_20287,SP_249953298,MIEN_BAC,1,110000.0,2026-06-30 00:29:10
TX_0000299,KH_20082,SP_45631170,MIEN_BAC,1,33000.0,2025-09-21 05:02:47
TX_0000305,KH_20288,SP_149447746,MIEN_NAM,2,45000.0,2025-05-12 01:20:58
TX_0000309,KH_20417,SP_144198761,MIEN_NAM,5,40000.0,2025-08-03 11:10:40
TX_0000313,KH_20409,SP_177580851,MIEN_NAM,1,186853.0,2025-07-14 06:35:03
TX_0000314,KH_20320,SP_167547665,MIEN_NAM,2,20000.0,2026-10-04 05:42:46
TX_0000323,KH_20064,SP_121769120,MIEN_NAM,2,56000.0,2025-03-09 06:15:10
TX_0000324,KH_20400,SP_190846410,MIEN_NAM,3,1500000.0,2026-10-01 14:44:11
TX_0000332,KH_20071,SP_200721591,MIEN_NAM,1,890000.0,2026-04-25 07:03:04
TX_0000334,KH_20343,SP_253075501,MIEN_NAM,4,56000.0,2025-08-02 10:41:46
TX_0000335,KH_20422,SP_4763199,MIEN_NAM,1,790000.0,2026-08-12 07:33:45
TX_0000336,KH_20317,SP_71492695,MIEN_BAC,1,499000.0,2026-05-18 00:52:14
TX_0000338,KH_20379,SP_263027399,MIEN_BAC,1,75000.0,2025-07-22 09:57:12
TX_0000346,KH_20311,SP_121331069,MIEN_NAM,1,5000.0,2026-03-05 05:08:27
TX_0000347,KH_20045,SP_72101983,MIEN_BAC,2,327000.0,2026-08-29 13:46:26
TX_0000349,KH_20358,SP_262837119,MIEN_BAC,1,129000.0,2025-11-08 14:24:55
TX_0000352,KH_20093,SP_177557628,MIEN_NAM,3,26291.0,2026-02-19 04:03:24
TX_0000353,KH_20379,SP_66677355,MIEN_BAC,1,58900.0,2026-02-14 17:42:29
TX_0000355,KH_20085,SP_214656184,MIEN_NAM,1,1350000.0,2026-09-14 10:50:16
TX_0000356,KH_20497,SP_168227025,MIEN_NAM,1,327750.0,2026-05-16 02:35:35
TX_0000364,KH_20320,SP_146949483,MIEN_BAC,1,250000.0,2025-09-30 10:18:03
TX_0000369,KH_20126,SP_57774432,MIEN_BAC,4,34000.0,2026-07-31 16:08:25
TX_0000373,KH_20370,SP_52582741,MIEN_BAC,3,173000.0,2026-09-16 04:16:29
TX_0000375,KH_20421,SP_33877972,MIEN_BAC,1,139000.0,2025-04-23 22:09:07
TX_0000378,KH_20489,SP_190681316,MIEN_BAC,1,79000.0,2025-12-29 02:08:37
TX_0000382,KH_20034,SP_144045322,MIEN_NAM,2,200000.0,2026-06-10 07:58:45
TX_0000387,KH_20288,SP_168496004,MIEN_NAM,1,390600.0,2026-06-18 17:32:15
TX_0000388,KH_20411,SP_206996379,MIEN_TRUNG,2,590750.0,2025-07-04 22:32:09
TX_0000390,KH_20004,SP_196018658,MIEN_NAM,3,185250.0,2025-12-12 08:25:21
TX_0000392,KH_20103,SP_243093604,MIEN_NAM,2,5180000.0,2026-08-07 23:10:47
TX_0000397,KH_20233,SP_255223163,MIEN_BAC,2,446000.0,2025-06-29 07:57:08
TX_0000401,KH_20199,SP_125100689,MIEN_BAC,1,79000.0,2026-02-08 14:14:47
TX_0000402,KH_20037,SP_67318898,MIEN_NAM,1,450000.0,2026-03-20 19:45:48
TX_0000407,KH_20087,SP_249950135,MIEN_NAM,1,95000.0,2026-09-06 07:18:36
TX_0000408,KH_20331,SP_125100411,MIEN_NAM,1,75000.0,2026-09-14 12:37:38
TX_0000409,KH_20420,SP_50273977,MIEN_NAM,1,44000.0,2025-02-11 08:08:59
TX_0000412,KH_20166,SP_57428824,MIEN_NAM,1,1207000.0,2025-12-02 12:47:31
TX_0000413,KH_20091,SP_158663627,MIEN_BAC,3,332500.0,2026-05-30 11:23:56
TX_0000418,KH_20051,SP_138385893,MIEN_NAM,1,26999.0,2026-01-03 06:49:53
TX_0000419,KH_20373,SP_252398599,MIEN_TRUNG,1,1650000.0,2026-05-11 10:14:02
TX_0000420,KH_20358,SP_96272623,MIEN_NAM,1,657000.0,2025-08-17 17:15:09
TX_0000422,KH_20210,SP_68235507,MIEN_NAM,1,189000.0,2025-06-19 17:36:43
TX_0000425,KH_20243,SP_212981495,MIEN_NAM,1,1380000.0,2026-10-05 11:48:22
TX_0000427,KH_20136,SP_197206161,MIEN_BAC,5,500000.0,2025-04-02 12:39:27
TX_0000433,KH_20006,SP_183040437,MIEN_NAM,1,50000.0,2025-08-28 11:27:49
TX_0000434,KH_20486,SP_193177968,MIEN_NAM,1,896000.0,2025-05-29 03:55:39
TX_0000435,KH_20222,SP_109112944,MIEN_NAM,2,169000.0,2026-07-09 15:02:05
TX_0000438,KH_20486,SP_155785459,MIEN_NAM,4,55000.0,2026-01-21 15:42:53
TX_0000441,KH_20185,SP_57127803,MIEN_NAM,2,649000.0,2025-08-25 20:13:11
TX_0000442,KH_20314,SP_87043396,MIEN_NAM,1,428000.0,2025-12-21 19:44:13
TX_0000443,KH_20379,SP_157216744,MIEN_NAM,1,76000.0,2025-05-01 01:29:36
TX_0000445,KH_20300,SP_263025446,MIEN_NAM,4,22000.0,2025-04-24 15:41:32
TX_0000448,KH_20403,SP_175830469,MIEN_TRUNG,1,1539000.0,2025-03-21 11:39:07
TX_0000449,KH_20051,SP_263026413,MIEN_NAM,2,25000.0,2026-10-05 01:54:13
TX_0000451,KH_20426,SP_192924389,MIEN_NAM,4,23750.0,2025-07-07 04:13:13
TX_0000452,KH_20375,SP_249004786,MIEN_NAM,1,18000.0,2026-07-10 09:22:23
TX_0000453,KH_20184,SP_87670334,MIEN_BAC,3,249000.0,2026-08-04 01:18:25
TX_0000458,KH_20429,SP_263026714,MIEN_NAM,1,25000.0,2025-10-09 20:57:43
TX_0000461,KH_20058,SP_143115030,MIEN_BAC,1,19000.0,2026-01-02 11:18:02
TX_0000463,KH_20295,SP_136313599,MIEN_BAC,2,599000.0,2025-08-09 12:03:40
TX_0000465,KH_20300,SP_168498791,MIEN_NAM,2,116312.0,2026-07-30 06:18:35
TX_0000468,KH_20399,SP_173054252,MIEN_TRUNG,3,79000.0,2025-03-29 13:26:56
TX_0000469,KH_20397,SP_183364890,MIEN_TRUNG,3,1290000.0,2025-10-27 11:19:56
TX_0000471,KH_20327,SP_263025891,MIEN_NAM,1,1000.0,2025-04-22 19:38:43
TX_0000477,KH_20001,SP_247854822,MIEN_NAM,1,57000.0,2026-02-18 17:00:03
TX_0000479,KH_20198,SP_189683169,MIEN_NAM,1,33250.0,2025-01-16 01:03:30
TX_0000483,KH_20168,SP_144197246,MIEN_NAM,1,54000.0,2026-06-22 11:15:01
TX_0000489,KH_20033,SP_174919705,MIEN_TRUNG,1,195000.0,2025-08-03 23:30:04
TX_0000490,KH_20432,SP_205289375,MIEN_TRUNG,1,2750000.0,2025-07-10 06:05:03
TX_0000491,KH_20380,SP_20875285,MIEN_BAC,3,59000.0,2026-06-27 15:20:31
TX_0000493,KH_20088,SP_185306348,MIEN_BAC,1,79500.0,2026-09-17 19:31:05
TX_0000494,KH_20076,SP_44472626,MIEN_NAM,1,250000.0,2026-05-25 13:45:29
TX_0000497,KH_20240,SP_225920036,MIEN_NAM,3,49000.0,2026-01-29 13:11:37
TX_0000503,KH_20478,SP_116796089,MIEN_BAC,3,43000.0,2025-01-05 08:37:05
TX_0000506,KH_20063,SP_195329423,MIEN_BAC,2,28000.0,2025-06-03 07:52:43
TX_0000508,KH_20450,SP_197583078,MIEN_BAC,1,1188000.0,2025-12-07 11:33:14
TX_0000509,KH_20144,SP_251925407,MIEN_NAM,1,1300000.0,2025-06-02 04:30:07
TX_0000511,KH_20416,SP_34240189,MIEN_BAC,2,649000.0,2025-05-06 10:58:40
TX_0000516,KH_20499,SP_138623741,MIEN_NAM,2,70000.0,2025-06-30 05:43:02
TX_0000520,KH_20232,SP_189942950,MIEN_NAM,3,155000.0,2025-07-08 09:44:34
TX_0000523,KH_20264,SP_46040936,MIEN_NAM,3,99000.0,2025-08-04 01:57:57
TX_0000526,KH_20124,SP_173798763,MIEN_NAM,1,20000.0,2026-07-20 20:58:04
TX_0000529,KH_20356,SP_206291484,MIEN_NAM,2,47000.0,2026-08-21 04:38:38
TX_0000537,KH_20061,SP_187010559,MIEN_TRUNG,2,485000.0,2025-07-27 13:31:25
TX_0000539,KH_20384,SP_199551858,MIEN_NAM,1,1055000.0,2026-09-22 01:50:05
TX_0000541,KH_20143,SP_159497492,MIEN_TRUNG,3,50000.0,2025-09-04 20:37:57
TX_0000542,KH_20073,SP_115255034,MIEN_BAC,1,66300.0,2026-03-18 12:08:33
TX_0000546,KH_20024,SP_262980585,MIEN_NAM,1,565000.0,2025-07-06 04:08:26
TX_0000547,KH_20202,SP_146492792,MIEN_NAM,1,51000.0,2025-03-13 03:06:57
TX_0000549,KH_20491,SP_263025588,MIEN_NAM,4,35000.0,2025-01-23 12:46:44
TX_0000552,KH_20184,SP_53111744,MIEN_NAM,2,119000.0,2025-01-12 05:20:44
TX_0000554,KH_20213,SP_22015749,MIEN_BAC,1,65000.0,2025-10-13 05:34:09
TX_0000555,KH_20386,SP_194020028,MIEN_BAC,1,95000.0,2025-09-05 15:26:44
TX_0000557,KH_20371,SP_166034899,MIEN_BAC,1,175000.0,2026-01-07 23:43:53
TX_0000562,KH_20426,SP_215590741,MIEN_BAC,1,1190000.0,2025-07-28 23:11:36
TX_0000569,KH_20006,SP_32079976,MIEN_NAM,3,13300.0,2025-10-13 02:14:12
TX_0000570,KH_20200,SP_148007542,MIEN_NAM,4,25000.0,2025-07-31 21:29:21
TX_0000578,KH_20279,SP_190857650,MIEN_BAC,1,2079000.0,2026-06-27 13:24:53
TX_0000584,KH_20339,SP_146493331,MIEN_BAC,1,73000.0,2025-02-24 02:04:28
TX_0000585,KH_20198,SP_138624403,MIEN_BAC,1,62000.0,2025-11-30 14:45:39
TX_0000586,KH_20402,SP_5756295,MIEN_NAM,2,23000.0,2026-06-29 18:04:39
TX_0000591,KH_20405,SP_199107302,MIEN_BAC,5,396000.0,2025-07-28 17:31:02
TX_0000593,KH_20421,SP_76017141,MIEN_TRUNG,2,799000.0,2025-10-08 13:42:27
TX_0000599,KH_20486,SP_177579822,MIEN_NAM,2,157535.0,2025-01-31 05:45:36
TX_0000600,KH_20107,SP_107616590,MIEN_BAC,1,15000.0,2026-01-23 12:39:28
TX_0000606,KH_20331,SP_208886783,MIEN_TRUNG,1,1116000.0,2025-04-29 08:33:54
TX_0000608,KH_20197,SP_181220023,MIEN_NAM,1,55000.0,2025-08-29 21:22:23
TX_0000610,KH_20413,SP_179758387,MIEN_TRUNG,1,590000.0,2025-05-21 08:22:30
TX_0000611,KH_20485,SP_93234192,MIEN_BAC,2,326430.0,2025-08-10 22:00:27
TX_0000612,KH_20313,SP_152648587,MIEN_NAM,3,99000.0,2026-01-17 09:07:02
TX_0000613,KH_20215,SP_44589613,MIEN_NAM,2,85000.0,2026-08-09 23:31:13
TX_0000618,KH_20422,SP_144332857,MIEN_BAC,2,143000.0,2026-02-27 03:53:36
TX_0000619,KH_20435,SP_213495429,MIEN_NAM,1,1690000.0,2026-07-07 03:26:03
TX_0000621,KH_20292,SP_203069092,MIEN_NAM,1,69000.0,2025-08-17 12:11:37
TX_0000624,KH_20415,SP_166451119,MIEN_TRUNG,1,99000.0,2026-04-22 04:44:42
TX_0000626,KH_20032,SP_176610211,MIEN_NAM,2,65000.0,2025-08-06 08:47:29
TX_0000628,KH_20481,SP_179176306,MIEN_BAC,3,1489000.0,2026-09-07 17:24:42
TX_0000632,KH_20272,SP_145271980,MIEN_NAM,5,269000.0,2025-04-22 08:19:16
TX_0000645,KH_20366,SP_263027175,MIEN_NAM,2,190000.0,2026-02-28 19:19:21
TX_0000654,KH_20068,SP_213891995,MIEN_NAM,3,235000.0,2025-03-12 19:26:04
TX_0000659,KH_20486,SP_207419584,MIEN_NAM,2,110000.0,2025-04-27 22:43:59
TX_0000660,KH_20262,SP_108913495,MIEN_BAC,4,195000.0,2026-07-21 04:25:01
TX_0000664,KH_20125,SP_194041830,MIEN_NAM,1,712500.0,2025-11-27 17:15:40
TX_0000666,KH_20473,SP_172993342,MIEN_NAM,1,260000.0,2025-05-26 22:58:13
TX_0000667,KH_20374,SP_163722601,MIEN_BAC,1,449000.0,2025-06-01 03:27:40
TX_0000671,KH_20070,SP_73308735,MIEN_NAM,1,14900.0,2026-01-04 21:55:25
TX_0000674,KH_20194,SP_190466907,MIEN_BAC,1,600000.0,2025-07-10 02:37:48
TX_0000678,KH_20197,SP_263027321,MIEN_BAC,3,1500.0,2026-04-02 22:08:33
TX_0000680,KH_20373,SP_207936081,MIEN_TRUNG,1,13188000.0,2026-05-19 02:30:26
TX_0000686,KH_20483,SP_124276032,MIEN_TRUNG,1,25650.0,2026-05-25 20:38:15
TX_0000688,KH_20097,SP_221744298,MIEN_TRUNG,2,433000.0,2025-11-29 08:34:36
TX_0000690,KH_20114,SP_10108091,MIEN_NAM,1,2789000.0,2026-02-04 16:25:08
TX_0000691,KH_20263,SP_82499355,MIEN_NAM,2,40000.0,2026-05-19 21:09:12
TX_0000698,KH_20161,SP_151971478,MIEN_BAC,1,485000.0,2026-07-08 18:56:40
TX_0000701,KH_20068,SP_191576208,MIEN_NAM,1,380000.0,2025-11-24 00:50:52
TX_0000705,KH_20305,SP_20271474,MIEN_BAC,1,119000.0,2026-05-04 15:12:33
TX_0000708,KH_20129,SP_94901381,MIEN_NAM,3,640000.0,2026-09-09 19:04:46
TX_0000718,KH_20146,SP_78969771,MIEN_TRUNG,2,119064.0,2025-08-20 23:05:18
TX_0000719,KH_20006,SP_120455291,MIEN_NAM,1,159000.0,2026-08-05 00:39:21
TX_0000723,KH_20056,SP_149351232,MIEN_BAC,1,210000.0,2025-10-03 08:08:02
TX_0000724,KH_20065,SP_70859168,MIEN_NAM,1,513000.0,2026-01-17 03:38:53
TX_0000727,KH_20131,SP_35865431,MIEN_BAC,1,120000.0,2026-01-23 14:57:06
TX_0000728,KH_20479,SP_35042206,MIEN_BAC,1,890000.0,2026-08-10 22:34:34
TX_0000735,KH_20135,SP_161254122,MIEN_BAC,1,99000.0,2026-03-22 01:27:19
TX_0000737,KH_20435,SP_69441223,MIEN_TRUNG,2,179000.0,2026-08-13 17:47:35
TX_0000744,KH_20301,SP_31840556,MIEN_NAM,3,87999.0,2025-03-01 00:23:04
TX_0000745,KH_20103,SP_136741637,MIEN_BAC,2,422100.0,2025-03-11 10:57:03
TX_0000748,KH_20421,SP_194041528,MIEN_BAC,1,250000.0,2025-04-03 15:54:52
TX_0000751,KH_20162,SP_13297482,MIEN_NAM,8,259000.0,2025-07-21 11:46:22
TX_0000760,KH_20127,SP_191629763,MIEN_BAC,1,2999000.0,2026-07-27 10:53:33
TX_0000762,KH_20371,SP_647730,MIEN_BAC,5,125100.0,2025-04-11 08:19:02
TX_0000764,KH_20126,SP_263025494,MIEN_NAM,1,20000.0,2026-06-01 09:23:02
TX_0000772,KH_20321,SP_205924868,MIEN_TRUNG,5,90250.0,2026-06-25 06:34:31
TX_0000782,KH_20063,SP_108157821,MIEN_TRUNG,1,79900.0,2025-04-14 04:18:49
TX_0000783,KH_20295,SP_135538994,MIEN_BAC,1,40000.0,2026-04-01 21:46:01
TX_0000788,KH_20356,SP_217511498,MIEN_NAM,1,219000.0,2025-08-23 14:09:06
TX_0000791,KH_20297,SP_111868804,MIEN_NAM,8,635000.0,2025-08-18 08:28:46
TX_0000793,KH_20447,SP_78878492,MIEN_NAM,2,199000.0,2025-06-03 23:55:48
TX_0000804,KH_20215,SP_76825875,MIEN_NAM,1,2093000.0,2026-06-30 22:38:13
TX_0000807,KH_20083,SP_249720809,MIEN_NAM,3,1082050.0,2026-09-14 19:40:00
TX_0000808,KH_20086,SP_169473853,MIEN_TRUNG,1,1790000.0,2025-10-30 23:01:24
TX_0000809,KH_20486,SP_179551939,MIEN_BAC,1,149000.0,2025-09-26 21:38:32
TX_0000817,KH_20457,SP_263027195,MIEN_BAC,1,40000.0,2025-07-03 09:35:32
TX_0000822,KH_20387,SP_145619638,MIEN_TRUNG,1,31500.0,2025-01-16 05:28:06
TX_0000824,KH_20427,SP_10107993,MIEN_NAM,1,1349000.0,2025-09-21 14:28:32
TX_0000825,KH_20476,SP_163871149,MIEN_NAM,1,179000.0,2026-01-12 11:34:34
TX_0000838,KH_20197,SP_207011340,MIEN_BAC,1,599000.0,2025-05-02 15:47:04
TX_0000839,KH_20253,SP_179946157,MIEN_BAC,1,10440000.0,2026-02-10 06:43:30
TX_0000841,KH_20088,SP_136959426,MIEN_NAM,2,265000.0,2025-08-15 01:08:48
TX_0000843,KH_20435,SP_171765620,MIEN_TRUNG,2,1000.0,2025-05-08 05:26:42
TX_0000844,KH_20473,SP_138624523,MIEN_BAC,2,69000.0,2026-04-12 06:18:13
TX_0000847,KH_20452,SP_114878236,MIEN_BAC,4,90000.0,2025-04-08 09:09:19
TX_0000850,KH_20449,SP_198539690,MIEN_NAM,2,264690.0,2025-06-23 03:50:24
TX_0000851,KH_20117,SP_204249392,MIEN_NAM,1,522500.0,2025-09-10 05:58:52
TX_0000852,KH_20484,SP_263026390,MIEN_TRUNG,2,3500.0,2026-10-04 07:07:06
TX_0000853,KH_20441,SP_200998800,MIEN_NAM,2,58000.0,2026-02-15 15:38:43
TX_0000855,KH_20261,SP_114696819,MIEN_BAC,3,26000.0,2025-11-09 18:49:45
TX_0000858,KH_20465,SP_144753804,MIEN_BAC,4,20000.0,2025-11-25 12:04:07
TX_0000861,KH_20257,SP_139142223,MIEN_TRUNG,1,99000.0,2025-10-14 14:50:02
TX_0000865,KH_20485,SP_149568494,MIEN_BAC,1,239000.0,2025-10-07 13:37:37
TX_0000867,KH_20334,SP_151972030,MIEN_BAC,2,457000.0,2025-07-14 16:01:30
TX_0000871,KH_20186,SP_78969771,MIEN_TRUNG,2,119064.0,2025-10-22 00:25:48
TX_0000873,KH_20384,SP_149567658,MIEN_BAC,1,159000.0,2026-05-29 18:58:43
TX_0000875,KH_20396,SP_212554319,MIEN_NAM,2,239000.0,2025-05-03 02:53:05
TX_0000876,KH_20226,SP_143886037,MIEN_BAC,1,1068000.0,2025-08-29 19:09:56
TX_0000878,KH_20023,SP_71509352,MIEN_BAC,2,71900.0,2025-12-30 19:55:13
TX_0000885,KH_20422,SP_212559695,MIEN_NAM,5,81600.0,2026-07-17 16:34:08
TX_0000892,KH_20306,SP_67603428,MIEN_BAC,2,96000.0,2026-05-19 05:36:34
TX_0000893,KH_20174,SP_190514961,MIEN_BAC,1,199045.0,2026-03-07 05:16:40
TX_0000895,KH_20022,SP_249091286,MIEN_NAM,1,1980000.0,2025-09-13 19:40:01
TX_0000896,KH_20326,SP_71098971,MIEN_NAM,3,49000.0,2025-11-21 22:34:42
TX_0000897,KH_20044,SP_173056469,MIEN_NAM,1,69000.0,2025-04-21 05:03:53
TX_0000906,KH_20194,SP_53575098,MIEN_NAM,1,46750.0,2026-04-30 04:01:33
TX_0000910,KH_20190,SP_183337159,MIEN_BAC,3,649999.0,2026-07-09 05:06:28
TX_0000911,KH_20469,SP_164588007,MIEN_BAC,1,900000.0,2025-07-23 19:40:46
TX_0000912,KH_20496,SP_194816086,MIEN_NAM,2,25545.0,2026-01-04 21:39:41
TX_0000916,KH_20222,SP_179912640,MIEN_NAM,2,500000.0,2025-06-07 07:27:28
TX_0000917,KH_20278,SP_207011340,MIEN_BAC,1,599000.0,2025-02-17 19:26:57
TX_0000920,KH_20466,SP_196056514,MIEN_TRUNG,1,69000.0,2026-01-23 09:21:45
TX_0000921,KH_20228,SP_33850741,MIEN_BAC,3,69000.0,2025-08-23 19:53:55
TX_0000928,KH_20285,SP_198787271,MIEN_BAC,2,1700000.0,2026-08-07 12:14:41
TX_0000939,KH_20229,SP_166353180,MIEN_NAM,4,53000.0,2026-08-18 06:28:33
TX_0000940,KH_20290,SP_104741767,MIEN_TRUNG,1,8900.0,2025-08-01 03:14:59
TX_0000941,KH_20280,SP_189336866,MIEN_NAM,4,785000.0,2025-08-27 00:50:44
TX_0000943,KH_20302,SP_180103221,MIEN_BAC,1,513000.0,2025-05-24 08:36:09
TX_0000944,KH_20277,SP_248641354,MIEN_NAM,2,70000.0,2026-08-19 09:16:24
TX_0000946,KH_20271,SP_78630755,MIEN_NAM,2,769000.0,2025-08-30 15:02:16
TX_0000948,KH_20432,SP_257866952,MIEN_NAM,3,389000.0,2025-10-18 22:15:20
TX_0000957,KH_20462,SP_153836562,MIEN_BAC,1,399000.0,2026-02-20 22:17:49
TX_0000960,KH_20076,SP_198508920,MIEN_BAC,2,180000.0,2025-09-15 14:57:33
TX_0000961,KH_20249,SP_57138134,MIEN_BAC,3,649000.0,2025-05-13 14:12:08
TX_0000966,KH_20033,SP_74448095,MIEN_BAC,1,150000.0,2025-12-29 17:34:58
TX_0000974,KH_20491,SP_198508759,MIEN_TRUNG,3,200000.0,2025-09-07 11:16:22
TX_0000977,KH_20275,SP_68152487,MIEN_TRUNG,1,145041.0,2025-01-23 19:23:33
TX_0000978,KH_20272,SP_171783683,MIEN_NAM,1,518000.0,2025-01-13 16:46:25
TX_0000985,KH_20474,SP_139222331,MIEN_TRUNG,4,30000.0,2025-04-21 22:37:57
TX_0000987,KH_20049,SP_157254316,MIEN_TRUNG,3,500000.0,2026-02-24 19:56:17
TX_0000988,KH_20161,SP_50490162,MIEN_NAM,1,899100.0,2026-05-27 05:48:53
TX_0000992,KH_20144,SP_68950316,MIEN_NAM,2,4499.0,2025-04-03 13:35:52
TX_0000994,KH_20199,SP_144197475,MIEN_NAM,1,54000.0,2026-06-16 22:59:54
TX_0000997,KH_20457,SP_137135943,MIEN_BAC,2,219000.0,2026-06-25 17:39:20
TX_0001004,KH_20007,SP_204237296,MIEN_NAM,5,550000.0,2025-10-14 21:48:38
TX_0001007,KH_20337,SP_173035913,MIEN_NAM,2,69000.0,2025-12-17 09:40:21
TX_0001008,KH_20441,SP_201252299,MIEN_NAM,3,65550.0,2025-07-29 18:31:40
TX_0001009,KH_20484,SP_159848418,MIEN_BAC,3,139000.0,2025-05-01 03:18:04
TX_0001010,KH_20208,SP_119426224,MIEN_NAM,2,2100.0,2026-05-18 12:05:32
TX_0001013,KH_20462,SP_127184499,MIEN_NAM,1,1299000.0,2025-07-12 10:44:25
TX_0001014,KH_20161,SP_20238949,MIEN_NAM,1,1972000.0,2025-09-29 05:57:07
TX_0001016,KH_20063,SP_252383951,MIEN_BAC,1,10000.0,2026-06-10 21:36:15
TX_0001017,KH_20224,SP_188636066,MIEN_NAM,4,1095000.0,2026-03-02 12:35:17
TX_0001018,KH_20043,SP_167953710,MIEN_NAM,1,990000.0,2025-02-23 14:54:10
TX_0001019,KH_20055,SP_191981817,MIEN_BAC,2,37800.0,2026-01-29 12:12:22
TX_0001020,KH_20106,SP_168498791,MIEN_NAM,3,116312.0,2026-03-06 04:44:52
TX_0001021,KH_20212,SP_197107270,MIEN_BAC,1,588000.0,2025-06-25 09:46:04
TX_0001022,KH_20401,SP_152990942,MIEN_NAM,1,149000.0,2025-07-24 19:57:41
TX_0001025,KH_20475,SP_263026578,MIEN_NAM,3,13000.0,2026-08-02 19:23:56
TX_0001027,KH_20139,SP_151696872,MIEN_TRUNG,4,2390000.0,2025-02-02 01:10:04
TX_0001028,KH_20251,SP_14454266,MIEN_BAC,4,59999.0,2025-05-02 14:53:39
TX_0001030,KH_20389,SP_208632953,MIEN_BAC,1,44750.0,2026-07-30 17:18:15
TX_0001031,KH_20355,SP_44472717,MIEN_BAC,4,250000.0,2025-10-21 05:24:15
TX_0001034,KH_20308,SP_52702293,MIEN_BAC,5,990000.0,2025-08-10 04:10:51
TX_0001035,KH_20180,SP_56539121,MIEN_NAM,1,899000.0,2025-05-12 04:15:26
TX_0001040,KH_20356,SP_51200014,MIEN_BAC,5,33000.0,2025-07-24 18:54:04
TX_0001043,KH_20313,SP_198192739,MIEN_TRUNG,1,479000.0,2026-06-18 18:54:41
TX_0001044,KH_20418,SP_2297205,MIEN_TRUNG,3,250000.0,2025-03-15 10:50:19
TX_0001045,KH_20247,SP_116115652,MIEN_NAM,2,36100.0,2026-03-10 12:40:37
TX_0001048,KH_20171,SP_4902377,MIEN_TRUNG,1,299000.0,2026-10-01 09:03:44
TX_0001049,KH_20147,SP_217267294,MIEN_NAM,2,695000.0,2025-05-03 10:59:05
TX_0001052,KH_20276,SP_263026916,MIEN_NAM,2,3000.0,2026-09-14 05:15:26
TX_0001053,KH_20454,SP_81110965,MIEN_NAM,1,10000.0,2025-05-19 12:29:40
TX_0001057,KH_20272,SP_5766065,MIEN_NAM,5,125100.0,2025-03-12 16:23:36
TX_0001060,KH_20450,SP_138661918,MIEN_NAM,1,59000.0,2026-07-13 16:15:33
TX_0001064,KH_20059,SP_1022921,MIEN_BAC,2,1237500.0,2025-01-13 12:44:46
TX_0001068,KH_20360,SP_14994929,MIEN_NAM,1,169000.0,2025-10-22 15:29:37
TX_0001069,KH_20022,SP_214827859,MIEN_BAC,1,790000.0,2025-10-06 22:17:07
TX_0001070,KH_20008,SP_145031092,MIEN_NAM,1,126000.0,2025-02-14 12:21:57
TX_0001073,KH_20092,SP_46513713,MIEN_NAM,1,549000.0,2026-03-06 12:20:01
TX_0001074,KH_20352,SP_11845281,MIEN_BAC,1,349000.0,2026-06-13 00:13:28
TX_0001090,KH_20171,SP_46134788,MIEN_BAC,4,1350000.0,2026-03-30 07:20:24
TX_0001093,KH_20087,SP_263025573,MIEN_BAC,3,60000.0,2025-06-19 22:06:39
TX_0001100,KH_20207,SP_252891303,MIEN_BAC,1,49000.0,2025-06-18 16:10:34
TX_0001103,KH_20371,SP_125100934,MIEN_BAC,2,59000.0,2026-05-06 07:43:05
TX_0001105,KH_20131,SP_263026561,MIEN_TRUNG,2,35000.0,2026-04-28 13:45:19
TX_0001107,KH_20371,SP_179731557,MIEN_TRUNG,2,75050.0,2025-04-18 21:02:32
TX_0001111,KH_20192,SP_159019071,MIEN_TRUNG,1,195000.0,2025-03-02 06:45:40
TX_0001112,KH_20174,SP_90502678,MIEN_NAM,8,2580000.0,2026-02-25 08:04:29
TX_0001116,KH_20383,SP_162091904,MIEN_BAC,1,330000.0,2025-08-17 10:07:45
TX_0001117,KH_20454,SP_177535084,MIEN_NAM,1,513000.0,2026-03-25 00:04:03
TX_0001121,KH_20358,SP_249486594,MIEN_NAM,1,482000.0,2025-05-20 15:06:33
TX_0001123,KH_20384,SP_76755779,MIEN_NAM,4,310000.0,2025-07-02 00:49:43
TX_0001124,KH_20485,SP_249570831,MIEN_NAM,1,16455.0,2026-05-09 20:48:59
TX_0001135,KH_20264,SP_200737369,MIEN_NAM,1,61750.0,2025-08-31 19:36:48
TX_0001136,KH_20102,SP_205110844,MIEN_NAM,3,129000.0,2026-09-26 16:39:24
TX_0001138,KH_20052,SP_150732364,MIEN_BAC,1,450000.0,2026-05-08 12:29:49
TX_0001146,KH_20014,SP_249720809,MIEN_NAM,3,1082050.0,2025-11-16 07:16:11
TX_0001148,KH_20354,SP_181746016,MIEN_NAM,1,389000.0,2025-02-12 12:12:32
TX_0001151,KH_20156,SP_79166480,MIEN_NAM,1,49000.0,2025-07-26 05:40:16
TX_0001152,KH_20379,SP_162144913,MIEN_BAC,5,369000.0,2025-02-28 09:49:01
TX_0001157,KH_20248,SP_220668125,MIEN_BAC,1,199000.0,2026-04-24 18:42:58
TX_0001159,KH_20074,SP_169519542,MIEN_BAC,1,35000.0,2025-08-16 21:45:39
TX_0001161,KH_20061,SP_110377793,MIEN_NAM,1,69000.0,2025-06-26 14:06:06
TX_0001162,KH_20163,SP_6487281,MIEN_BAC,3,250000.0,2025-02-13 16:40:58
TX_0001164,KH_20163,SP_255356354,MIEN_NAM,2,210000.0,2026-04-02 03:57:21
TX_0001165,KH_20387,SP_25122114,MIEN_NAM,2,117700.0,2025-09-25 22:54:48
TX_0001167,KH_20374,SP_52628232,MIEN_NAM,1,77000.0,2025-12-02 15:00:02
TX_0001170,KH_20119,SP_177554861,MIEN_NAM,2,78853.0,2026-06-04 23:03:05
TX_0001171,KH_20159,SP_21165865,MIEN_BAC,2,62000.0,2025-03-19 03:32:16
TX_0001172,KH_20193,SP_149772995,MIEN_NAM,2,116900.0,2026-06-09 18:38:21
TX_0001177,KH_20126,SP_263025560,MIEN_BAC,1,45000.0,2026-09-15 00:20:31
TX_0001180,KH_20490,SP_90502678,MIEN_NAM,1,2580000.0,2026-07-13 13:34:42
TX_0001182,KH_20096,SP_247448241,MIEN_BAC,1,16500.0,2025-01-23 02:12:11
TX_0001184,KH_20066,SP_186288567,MIEN_NAM,1,75900.0,2026-04-13 05:44:39
TX_0001186,KH_20122,SP_211926632,MIEN_NAM,4,285000.0,2026-01-12 16:29:07
TX_0001189,KH_20233,SP_163722601,MIEN_BAC,1,449000.0,2026-03-02 01:12:18
TX_0001196,KH_20170,SP_2900725,MIEN_BAC,2,51278.0,2025-01-09 09:32:46
TX_0001199,KH_20335,SP_163574733,MIEN_BAC,3,65000.0,2025-03-10 09:58:27
TX_0001204,KH_20206,SP_153979028,MIEN_BAC,3,2337500.0,2025-01-31 16:23:52
TX_0001207,KH_20091,SP_185466512,MIEN_NAM,4,990000.0,2026-01-02 22:13:04
TX_0001213,KH_20493,SP_101155976,MIEN_BAC,2,69000.0,2026-10-02 20:27:09
TX_0001214,KH_20480,SP_193720549,MIEN_NAM,1,522000.0,2026-08-10 20:40:12
TX_0001215,KH_20475,SP_92811199,MIEN_NAM,1,65000.0,2025-12-31 03:11:01
TX_0001216,KH_20444,SP_263025847,MIEN_BAC,3,2000.0,2026-04-12 03:53:27
TX_0001220,KH_20325,SP_263025694,MIEN_NAM,1,3000.0,2025-06-21 12:45:20
TX_0001222,KH_20450,SP_84205740,MIEN_NAM,2,119000.0,2025-06-17 13:38:21
TX_0001224,KH_20468,SP_201252299,MIEN_NAM,2,65550.0,2025-10-18 16:18:44
TX_0001226,KH_20219,SP_117443210,MIEN_NAM,1,514500.0,2025-07-06 12:53:36
TX_0001227,KH_20035,SP_174518510,MIEN_NAM,1,193700.0,2025-03-23 11:24:54
TX_0001230,KH_20329,SP_4080687,MIEN_NAM,1,799000.0,2026-09-06 13:56:35
TX_0001234,KH_20135,SP_173255096,MIEN_BAC,1,309700.0,2026-08-07 21:52:11
TX_0001235,KH_20289,SP_203853263,MIEN_TRUNG,3,720000.0,2025-01-29 10:25:55
TX_0001241,KH_20048,SP_258044613,MIEN_NAM,1,299000.0,2025-08-24 20:10:10
TX_0001243,KH_20417,SP_164540051,MIEN_NAM,4,52000.0,2026-04-05 11:48:14
TX_0001245,KH_20230,SP_247247930,MIEN_NAM,1,17000.0,2026-03-03 23:08:30
TX_0001248,KH_20083,SP_72902732,MIEN_NAM,3,308000.0,2025-06-09 01:10:17
TX_0001251,KH_20373,SP_153264819,MIEN_BAC,1,255687.0,2026-07-28 10:09:05
TX_0001255,KH_20201,SP_160460089,MIEN_BAC,4,79000.0,2026-04-18 13:42:06
TX_0001257,KH_20287,SP_206990795,MIEN_BAC,4,109000.0,2025-11-09 07:19:13
TX_0001261,KH_20436,SP_72663538,MIEN_BAC,1,1300000.0,2026-09-07 19:42:46
TX_0001263,KH_20140,SP_138661629,MIEN_BAC,1,59000.0,2026-07-20 11:28:16
TX_0001274,KH_20110,SP_181714010,MIEN_NAM,3,14989.0,2025-02-01 04:26:48
TX_0001277,KH_20404,SP_112077842,MIEN_NAM,1,171800.0,2025-10-26 03:00:02
TX_0001278,KH_20112,SP_11602701,MIEN_NAM,3,149000.0,2026-06-26 10:38:12
TX_0001279,KH_20380,SP_194860512,MIEN_TRUNG,2,5500.0,2026-08-09 12:13:30
TX_0001280,KH_20125,SP_164061532,MIEN_NAM,1,63621.0,2025-04-03 13:44:55
TX_0001284,KH_20220,SP_263026281,MIEN_NAM,1,14000.0,2026-01-30 14:26:44
TX_0001289,KH_20129,SP_263020008,MIEN_BAC,1,6000.0,2026-08-30 08:09:59
TX_0001290,KH_20433,SP_195896211,MIEN_NAM,2,325000.0,2026-02-25 05:59:44
TX_0001292,KH_20475,SP_162019365,MIEN_BAC,1,266000.0,2026-01-18 06:56:05
TX_0001293,KH_20332,SP_248686696,MIEN_BAC,3,39000.0,2025-09-11 03:48:45
TX_0001294,KH_20262,SP_82938976,MIEN_TRUNG,4,357000.0,2025-09-06 02:54:12
TX_0001295,KH_20132,SP_19373284,MIEN_NAM,2,558000.0,2026-04-22 07:08:58
TX_0001296,KH_20204,SP_145619638,MIEN_TRUNG,1,31500.0,2026-04-04 11:42:15
TX_0001297,KH_20182,SP_263027184,MIEN_NAM,1,42000.0,2025-11-12 11:28:12
TX_0001298,KH_20364,SP_121329391,MIEN_NAM,3,169000.0,2025-09-07 09:31:59
TX_0001299,KH_20111,SP_220666067,MIEN_BAC,2,189000.0,2025-10-29 09:18:35
TX_0001302,KH_20399,SP_94157759,MIEN_NAM,1,239000.0,2026-01-20 19:57:16
TX_0001304,KH_20230,SP_162577553,MIEN_BAC,4,56999.0,2026-06-01 15:37:44
TX_0001305,KH_20042,SP_262916039,MIEN_NAM,2,80000.0,2025-09-23 19:31:58
TX_0001306,KH_20098,SP_198650000,MIEN_BAC,3,80000.0,2026-09-12 15:23:18
TX_0001308,KH_20026,SP_14201440,MIEN_TRUNG,1,390000.0,2025-06-17 18:34:17
TX_0001309,KH_20026,SP_215327148,MIEN_TRUNG,1,10098.0,2025-05-24 07:55:15
TX_0001312,KH_20298,SP_105626090,MIEN_NAM,5,999000.0,2025-09-06 03:09:21
TX_0001318,KH_20027,SP_163574733,MIEN_BAC,3,65000.0,2025-07-23 05:38:00
TX_0001322,KH_20008,SP_144480756,MIEN_NAM,1,130000.0,2025-06-03 22:14:30
TX_0001324,KH_20302,SP_68950316,MIEN_NAM,1,4499.0,2026-05-18 07:45:03
TX_0001335,KH_20167,SP_263026415,MIEN_BAC,1,55000.0,2025-12-25 19:09:01
TX_0001340,KH_20299,SP_164598884,MIEN_NAM,3,1176000.0,2026-08-03 14:22:54
TX_0001341,KH_20428,SP_49128733,MIEN_BAC,1,419000.0,2025-02-14 05:30:12
TX_0001342,KH_20158,SP_163871162,MIEN_NAM,2,179000.0,2026-01-01 15:59:30
TX_0001347,KH_20403,SP_109011697,MIEN_NAM,4,105000.0,2025-09-16 03:49:41
TX_0001349,KH_20221,SP_129610079,MIEN_TRUNG,4,200000.0,2025-08-03 02:16:26
TX_0001351,KH_20345,SP_195891789,MIEN_TRUNG,3,1380000.0,2025-09-24 02:40:41
TX_0001353,KH_20154,SP_263027154,MIEN_BAC,2,110000.0,2025-11-02 09:27:30
TX_0001354,KH_20459,SP_198531302,MIEN_BAC,1,359100.0,2025-12-14 08:44:25
TX_0001356,KH_20146,SP_166353180,MIEN_NAM,4,53000.0,2026-01-07 15:29:39
TX_0001365,KH_20480,SP_145620960,MIEN_BAC,1,42000.0,2025-01-29 05:30:40
TX_0001367,KH_20459,SP_164241319,MIEN_TRUNG,1,635000.0,2025-07-03 23:09:42
TX_0001368,KH_20066,SP_263026776,MIEN_BAC,1,3800.0,2025-01-04 02:08:11
TX_0001372,KH_20116,SP_249590565,MIEN_BAC,4,300000.0,2025-05-29 15:28:25
TX_0001373,KH_20048,SP_178953466,MIEN_BAC,2,499000.0,2025-02-01 13:47:31
TX_0001375,KH_20228,SP_254123946,MIEN_BAC,2,499000.0,2026-03-16 18:50:50
TX_0001386,KH_20492,SP_212981495,MIEN_NAM,1,1380000.0,2025-12-21 22:25:35
TX_0001394,KH_20184,SP_25730406,MIEN_TRUNG,1,35000.0,2026-01-23 22:51:52
TX_0001395,KH_20374,SP_212037697,MIEN_NAM,4,289000.0,2026-04-06 00:04:14
TX_0001404,KH_20336,SP_73521796,MIEN_TRUNG,2,703000.0,2026-07-11 10:50:33
TX_0001407,KH_20457,SP_179650140,MIEN_NAM,1,950000.0,2026-03-31 22:34:17
TX_0001409,KH_20488,SP_263025889,MIEN_BAC,8,13000.0,2025-03-06 20:15:06
TX_0001411,KH_20039,SP_147742888,MIEN_NAM,1,24900.0,2025-08-30 06:21:13
TX_0001412,KH_20411,SP_114696307,MIEN_NAM,2,28000.0,2026-08-12 14:44:57
TX_0001414,KH_20003,SP_179731621,MIEN_BAC,2,65550.0,2025-12-11 22:13:45
TX_0001415,KH_20186,SP_263107585,MIEN_NAM,1,499000.0,2025-06-06 18:48:02
TX_0001416,KH_20222,SP_145139218,MIEN_BAC,1,286300.0,2025-01-22 10:38:21
TX_0001418,KH_20196,SP_147965052,MIEN_NAM,2,19000.0,2025-02-19 13:21:33
TX_0001427,KH_20097,SP_212471311,MIEN_BAC,1,31500.0,2026-08-21 20:37:31
TX_0001429,KH_20380,SP_109112944,MIEN_NAM,2,169000.0,2026-03-27 18:37:06
TX_0001431,KH_20295,SP_176610179,MIEN_NAM,1,11000.0,2026-07-05 00:18:58
TX_0001432,KH_20417,SP_199103287,MIEN_NAM,1,489000.0,2025-05-23 21:12:58
TX_0001434,KH_20019,SP_197636968,MIEN_BAC,1,1050000.0,2026-04-25 21:39:06
TX_0001435,KH_20350,SP_198427103,MIEN_BAC,2,550000.0,2026-02-18 10:16:02
TX_0001437,KH_20008,SP_143114560,MIEN_BAC,2,390000.0,2026-03-03 04:18:42
TX_0001439,KH_20064,SP_22274769,MIEN_BAC,1,54900.0,2025-07-20 17:28:38
TX_0001447,KH_20370,SP_5473877,MIEN_BAC,2,1050000.0,2025-03-29 10:58:17
TX_0001450,KH_20457,SP_138624403,MIEN_BAC,2,62000.0,2025-12-16 03:15:44
TX_0001451,KH_20312,SP_13332377,MIEN_BAC,4,390100.0,2025-09-08 05:50:28
TX_0001452,KH_20114,SP_50261326,MIEN_NAM,4,448200.0,2025-07-09 19:38:18
TX_0001453,KH_20240,SP_145171224,MIEN_TRUNG,2,328000.0,2026-05-18 08:07:55
TX_0001460,KH_20202,SP_163783405,MIEN_NAM,1,48000.0,2026-09-06 12:50:18
TX_0001463,KH_20112,SP_195341422,MIEN_BAC,1,132000.0,2025-12-03 04:26:05
TX_0001464,KH_20307,SP_149415334,MIEN_BAC,5,650000.0,2026-04-17 05:04:46
TX_0001469,KH_20127,SP_4259589,MIEN_TRUNG,1,531000.0,2026-02-13 09:38:01
TX_0001470,KH_20313,SP_170651757,MIEN_TRUNG,3,59000.0,2026-09-18 08:34:09
TX_0001472,KH_20437,SP_262974205,MIEN_BAC,1,12000.0,2025-05-10 06:24:18
TX_0001473,KH_20292,SP_901105,MIEN_BAC,3,2290000.0,2026-09-24 16:18:06
TX_0001475,KH_20203,SP_215592639,MIEN_NAM,2,1790000.0,2025-10-14 12:01:55
TX_0001476,KH_20330,SP_44472563,MIEN_TRUNG,1,149000.0,2026-05-24 23:59:40
TX_0001477,KH_20130,SP_190681176,MIEN_NAM,1,69000.0,2025-04-07 18:56:27
TX_0001479,KH_20140,SP_163927649,MIEN_NAM,3,130000.0,2026-01-11 01:55:07
TX_0001481,KH_20074,SP_155243841,MIEN_NAM,4,8000.0,2026-09-22 02:47:59
TX_0001483,KH_20147,SP_160830907,MIEN_NAM,1,99000.0,2025-11-07 07:34:50
TX_0001488,KH_20246,SP_195622893,MIEN_NAM,2,263500.0,2026-02-03 10:04:12
TX_0001492,KH_20373,SP_207936062,MIEN_NAM,4,8736000.0,2026-01-20 12:15:47
TX_0001493,KH_20374,SP_35915608,MIEN_NAM,2,53000.0,2025-12-13 18:48:34
TX_0001497,KH_20335,SP_199648564,MIEN_NAM,2,785000.0,2025-06-07 08:09:49
TX_0001498,KH_20315,SP_190857650,MIEN_BAC,1,2079000.0,2026-09-06 14:51:42
TX_0001501,KH_20106,SP_170351194,MIEN_NAM,3,279000.0,2026-04-11 04:16:31
TX_0001505,KH_20385,SP_49094954,MIEN_BAC,3,36000.0,2025-12-09 01:35:17
TX_0001508,KH_20303,SP_188056810,MIEN_NAM,4,695000.0,2025-10-11 02:19:00
TX_0001510,KH_20349,SP_144198126,MIEN_NAM,1,54000.0,2025-08-19 23:01:37
TX_0001514,KH_20095,SP_241892028,MIEN_BAC,1,79000.0,2026-06-11 18:34:30
TX_0001516,KH_20136,SP_45631172,MIEN_NAM,1,59532.0,2025-08-30 18:54:11
TX_0001517,KH_20493,SP_263026017,MIEN_NAM,1,120000.0,2025-10-26 19:30:37
TX_0001521,KH_20473,SP_261822166,MIEN_BAC,1,99000.0,2025-11-07 12:07:52
TX_0001525,KH_20339,SP_168562965,MIEN_NAM,2,28000.0,2025-04-22 11:53:54
TX_0001530,KH_20316,SP_222679010,MIEN_BAC,1,1500000.0,2025-05-21 14:37:02
TX_0001537,KH_20141,SP_263026046,MIEN_NAM,1,1000.0,2025-04-18 13:52:31
TX_0001538,KH_20272,SP_146949800,MIEN_TRUNG,1,139000.0,2026-07-01 15:02:03
TX_0001539,KH_20284,SP_263027422,MIEN_TRUNG,1,16000.0,2025-11-30 10:23:02
TX_0001540,KH_20416,SP_114759268,MIEN_BAC,1,39000.0,2025-09-05 11:58:21
TX_0001544,KH_20103,SP_54811391,MIEN_NAM,2,219000.0,2025-08-15 18:49:14
TX_0001545,KH_20015,SP_195152936,MIEN_NAM,1,484000.0,2025-05-08 05:38:50
TX_0001546,KH_20484,SP_197531398,MIEN_NAM,2,525000.0,2026-04-04 10:43:29
TX_0001552,KH_20359,SP_152059215,MIEN_NAM,5,71000.0,2026-06-28 02:56:04
TX_0001556,KH_20424,SP_200801961,MIEN_NAM,1,232000.0,2025-07-12 23:52:10
TX_0001563,KH_20239,SP_173845343,MIEN_BAC,2,49000.0,2026-04-07 13:19:26
TX_0001564,KH_20420,SP_168497403,MIEN_BAC,1,450240.0,2026-09-27 04:49:22
TX_0001566,KH_20391,SP_497990,MIEN_TRUNG,2,349300.0,2026-06-20 16:33:11
TX_0001568,KH_20366,SP_263026255,MIEN_NAM,1,18000.0,2026-05-17 08:02:11
TX_0001569,KH_20348,SP_111868852,MIEN_NAM,1,679000.0,2025-09-25 09:05:01
TX_0001570,KH_20467,SP_144481312,MIEN_BAC,1,560000.0,2026-07-08 17:47:21
TX_0001571,KH_20211,SP_71492695,MIEN_BAC,1,499000.0,2025-01-26 09:27:21
TX_0001573,KH_20144,SP_170649389,MIEN_TRUNG,1,59000.0,2026-03-04 18:32:35
TX_0001574,KH_20074,SP_135520916,MIEN_BAC,3,590000.0,2025-06-09 13:16:19
TX_0001579,KH_20280,SP_86599694,MIEN_BAC,1,1417000.0,2025-07-28 13:52:55
TX_0001582,KH_20466,SP_177603844,MIEN_TRUNG,1,79926.0,2025-07-29 11:51:33
TX_0001583,KH_20228,SP_189675845,MIEN_NAM,1,42000.0,2025-04-08 02:21:32
TX_0001584,KH_20120,SP_145551276,MIEN_BAC,1,1390000.0,2025-09-13 21:46:33
TX_0001585,KH_20424,SP_216475837,MIEN_BAC,1,3360000.0,2025-08-10 19:24:05
TX_0001587,KH_20244,SP_75583269,MIEN_BAC,1,45900.0,2026-06-24 19:01:15
TX_0001588,KH_20220,SP_127670682,MIEN_NAM,1,100000.0,2026-05-13 07:57:34
TX_0001589,KH_20446,SP_112077842,MIEN_NAM,3,171800.0,2025-04-17 22:35:33
TX_0001591,KH_20483,SP_186188942,MIEN_BAC,2,69000.0,2025-05-20 11:31:22
TX_0001592,KH_20240,SP_101135210,MIEN_NAM,1,69000.0,2026-05-07 09:40:39
TX_0001594,KH_20480,SP_19748017,MIEN_BAC,2,169000.0,2025-06-29 08:18:37
TX_0001595,KH_20276,SP_114696499,MIEN_BAC,2,329000.0,2025-10-27 07:48:09
TX_0001596,KH_20031,SP_69465322,MIEN_BAC,1,399000.0,2025-02-02 13:50:19
TX_0001597,KH_20151,SP_196856440,MIEN_BAC,1,1355000.0,2026-07-09 13:24:37
TX_0001603,KH_20103,SP_193215473,MIEN_TRUNG,1,65900.0,2026-02-23 02:56:58
TX_0001604,KH_20092,SP_195341332,MIEN_BAC,2,540000.0,2025-10-13 22:32:08
TX_0001608,KH_20293,SP_263025418,MIEN_BAC,5,15000.0,2026-04-26 11:39:07
TX_0001609,KH_20269,SP_209178084,MIEN_NAM,1,371000.0,2025-08-26 02:14:08
TX_0001610,KH_20361,SP_248641398,MIEN_BAC,1,249000.0,2025-10-13 17:10:43
TX_0001611,KH_20198,SP_262974178,MIEN_NAM,4,12000.0,2026-09-23 14:45:02
TX_0001615,KH_20208,SP_169656318,MIEN_NAM,1,30000.0,2026-09-20 09:34:13
TX_0001616,KH_20232,SP_196349063,MIEN_BAC,3,48000.0,2025-03-20 22:35:46
TX_0001624,KH_20027,SP_212559550,MIEN_NAM,5,50000.0,2025-04-04 23:25:27
TX_0001626,KH_20134,SP_49132271,MIEN_BAC,3,329000.0,2026-07-21 03:45:26
TX_0001628,KH_20348,SP_263027128,MIEN_BAC,2,46000.0,2026-07-07 03:48:49
TX_0001630,KH_20414,SP_20880268,MIEN_NAM,4,75000.0,2025-11-10 11:34:40
TX_0001640,KH_20425,SP_253161872,MIEN_BAC,2,13000.0,2026-05-15 09:10:57
TX_0001641,KH_20232,SP_176610187,MIEN_BAC,2,6000.0,2026-03-15 08:46:02
TX_0001644,KH_20426,SP_170650234,MIEN_TRUNG,1,79000.0,2025-12-03 22:04:35
TX_0001649,KH_20049,SP_217318892,MIEN_BAC,1,120000.0,2025-06-23 19:44:31
TX_0001650,KH_20400,SP_161862725,MIEN_TRUNG,4,54500.0,2025-04-03 04:22:17
TX_0001651,KH_20046,SP_164353069,MIEN_NAM,2,165000.0,2025-07-17 19:13:43
TX_0001652,KH_20102,SP_186120714,MIEN_BAC,4,30000.0,2025-07-12 18:06:46
TX_0001653,KH_20099,SP_152769151,MIEN_NAM,1,2123800.0,2025-05-04 05:33:37
TX_0001654,KH_20197,SP_197206161,MIEN_BAC,1,500000.0,2025-10-06 15:28:08
TX_0001655,KH_20480,SP_166451119,MIEN_TRUNG,1,99000.0,2025-06-23 22:38:55
TX_0001656,KH_20147,SP_133673620,MIEN_NAM,1,15000.0,2025-10-27 19:38:46
TX_0001657,KH_20102,SP_255179373,MIEN_BAC,1,531000.0,2026-06-29 14:48:25
TX_0001659,KH_20338,SP_79829966,MIEN_NAM,2,70000.0,2026-04-21 03:43:42
TX_0001660,KH_20032,SP_263025915,MIEN_BAC,2,8000.0,2026-05-01 17:28:56
TX_0001665,KH_20381,SP_215327148,MIEN_TRUNG,1,10098.0,2026-06-02 10:02:52
TX_0001666,KH_20160,SP_198455046,MIEN_TRUNG,1,520000.0,2026-09-23 03:04:04
TX_0001670,KH_20351,SP_162089401,MIEN_BAC,4,260000.0,2026-04-29 19:47:09
TX_0001672,KH_20311,SP_101155192,MIEN_BAC,2,69000.0,2025-06-27 02:25:44
TX_0001674,KH_20473,SP_176662327,MIEN_NAM,1,34000.0,2025-05-23 04:16:39
TX_0001675,KH_20075,SP_151803499,MIEN_BAC,5,1400000.0,2026-04-25 19:54:12
TX_0001676,KH_20068,SP_161862725,MIEN_TRUNG,1,54500.0,2025-04-11 07:36:00
TX_0001683,KH_20345,SP_189540663,MIEN_TRUNG,1,900000.0,2025-08-09 02:30:45
TX_0001684,KH_20048,SP_108155397,MIEN_BAC,4,1762864.0,2025-12-28 16:09:21
TX_0001687,KH_20325,SP_173798774,MIEN_BAC,3,37000.0,2025-01-15 21:17:29
TX_0001690,KH_20324,SP_138624452,MIEN_BAC,5,70000.0,2025-08-20 09:25:10
TX_0001691,KH_20159,SP_253295861,MIEN_BAC,2,67000.0,2025-03-20 07:56:10
TX_0001692,KH_20083,SP_195510187,MIEN_NAM,4,3000000.0,2025-07-22 14:45:04
TX_0001694,KH_20203,SP_251258869,MIEN_BAC,1,529000.0,2026-03-10 07:37:52
TX_0001695,KH_20095,SP_119633634,MIEN_NAM,3,550000.0,2025-01-05 13:08:15
TX_0001700,KH_20133,SP_262974163,MIEN_BAC,2,8000.0,2026-08-10 23:21:46
TX_0001701,KH_20211,SP_213920905,MIEN_BAC,1,888000.0,2026-01-15 06:47:28
TX_0001702,KH_20264,SP_263027016,MIEN_NAM,3,15000.0,2026-05-05 17:00:06
TX_0001708,KH_20211,SP_53581577,MIEN_BAC,1,49500.0,2025-04-30 10:39:36
TX_0001710,KH_20086,SP_42406981,MIEN_BAC,1,306500.0,2026-03-02 05:16:37
TX_0001711,KH_20164,SP_138661983,MIEN_NAM,2,59000.0,2025-03-14 20:11:05
TX_0001715,KH_20036,SP_263025891,MIEN_NAM,1,1000.0,2025-11-01 07:15:20
TX_0001716,KH_20293,SP_145626923,MIEN_NAM,1,44750.0,2025-08-24 16:55:10
TX_0001722,KH_20105,SP_151971684,MIEN_NAM,1,800000.0,2025-03-12 15:15:40
TX_0001724,KH_20203,SP_191556392,MIEN_NAM,2,490000.0,2025-05-12 12:17:42
TX_0001730,KH_20399,SP_179944053,MIEN_TRUNG,1,18840000.0,2026-08-16 17:20:18
TX_0001734,KH_20315,SP_207357079,MIEN_BAC,1,490000.0,2026-03-26 05:56:21
TX_0001735,KH_20282,SP_248546151,MIEN_TRUNG,2,89000.0,2025-01-01 07:32:36
TX_0001738,KH_20481,SP_75448642,MIEN_BAC,2,999000.0,2025-04-18 10:31:49
TX_0001742,KH_20303,SP_183315022,MIEN_NAM,2,159000.0,2025-03-17 09:48:20
TX_0001747,KH_20063,SP_183042338,MIEN_BAC,1,75000.0,2025-01-18 19:01:59
TX_0001750,KH_20344,SP_76825875,MIEN_NAM,1,2093000.0,2025-03-14 00:18:12
TX_0001751,KH_20300,SP_96711017,MIEN_NAM,2,5100000.0,2026-07-06 23:40:24
TX_0001754,KH_20185,SP_12246023,MIEN_NAM,2,66500.0,2025-12-14 10:30:03
TX_0001757,KH_20215,SP_187855224,MIEN_BAC,2,400000.0,2025-06-18 18:42:36
TX_0001765,KH_20004,SP_162025145,MIEN_TRUNG,1,240000.0,2025-09-20 04:50:47
TX_0001766,KH_20413,SP_116799452,MIEN_NAM,1,45000.0,2025-01-07 11:03:25
TX_0001769,KH_20286,SP_148696819,MIEN_TRUNG,1,474000.0,2025-04-04 03:57:54
TX_0001777,KH_20151,SP_43318860,MIEN_TRUNG,4,517500.0,2026-03-23 03:22:34
TX_0001779,KH_20407,SP_173798735,MIEN_BAC,1,18000.0,2025-04-24 23:24:04
TX_0001784,KH_20211,SP_198787271,MIEN_BAC,4,1700000.0,2026-09-21 10:23:11
TX_0001786,KH_20072,SP_190681185,MIEN_TRUNG,5,72000.0,2025-02-15 22:26:19
TX_0001787,KH_20453,SP_229784294,MIEN_NAM,1,1390000.0,2026-09-16 17:49:03
TX_0001793,KH_20288,SP_198272723,MIEN_BAC,1,790000.0,2025-03-31 22:51:17
TX_0001794,KH_20169,SP_173011906,MIEN_NAM,1,300000.0,2026-05-14 21:19:11
TX_0001797,KH_20373,SP_207419392,MIEN_BAC,1,199000.0,2026-10-08 08:06:00
TX_0001799,KH_20298,SP_58025937,MIEN_NAM,1,399000.0,2025-01-31 16:24:01
TX_0001803,KH_20365,SP_210164848,MIEN_NAM,1,25000.0,2025-10-08 07:03:03
TX_0001810,KH_20439,SP_206247241,MIEN_NAM,1,49000.0,2025-11-16 11:23:23
TX_0001815,KH_20113,SP_162601858,MIEN_BAC,2,479000.0,2025-09-29 02:28:00
TX_0001818,KH_20254,SP_87100406,MIEN_NAM,5,49890.0,2025-06-27 12:17:18
TX_0001823,KH_20379,SP_161254122,MIEN_BAC,1,99000.0,2026-04-29 03:56:48
TX_0001825,KH_20419,SP_2296493,MIEN_BAC,1,322000.0,2025-10-04 18:14:50
TX_0001829,KH_20248,SP_20876970,MIEN_BAC,1,22000.0,2026-02-21 22:59:40
TX_0001833,KH_20086,SP_204237296,MIEN_NAM,5,550000.0,2026-06-15 01:37:49
TX_0001834,KH_20326,SP_194498923,MIEN_BAC,2,920000.0,2026-07-01 02:36:09
TX_0001836,KH_20479,SP_138899360,MIEN_BAC,3,47000.0,2025-09-06 03:41:51
TX_0001839,KH_20322,SP_182603309,MIEN_NAM,1,1003000.0,2026-02-17 00:14:31
TX_0001840,KH_20412,SP_69337414,MIEN_NAM,1,169000.0,2026-04-04 03:50:53
TX_0001847,KH_20262,SP_32436424,MIEN_TRUNG,4,349000.0,2025-12-02 03:34:20
TX_0001854,KH_20093,SP_181219040,MIEN_BAC,8,56000.0,2025-08-01 08:17:21
TX_0001855,KH_20323,SP_46040936,MIEN_NAM,5,99000.0,2026-07-28 12:56:17
TX_0001856,KH_20274,SP_207419392,MIEN_BAC,1,199000.0,2025-02-19 09:18:32
TX_0001860,KH_20349,SP_26114355,MIEN_NAM,3,73000.0,2026-08-30 03:04:41
TX_0001863,KH_20153,SP_144753804,MIEN_BAC,4,20000.0,2026-05-06 21:00:15
TX_0001866,KH_20141,SP_195656716,MIEN_NAM,1,145000.0,2026-02-02 21:50:50
TX_0001867,KH_20482,SP_71509352,MIEN_BAC,2,71900.0,2026-03-12 14:56:25
TX_0001868,KH_20334,SP_14200270,MIEN_NAM,1,389000.0,2025-02-20 21:10:15
TX_0001871,KH_20286,SP_98735691,MIEN_BAC,2,1027000.0,2026-09-21 12:14:34
TX_0001874,KH_20448,SP_263025915,MIEN_BAC,8,8000.0,2026-07-01 06:51:48
TX_0001875,KH_20464,SP_159299537,MIEN_BAC,1,459000.0,2026-09-29 10:16:10
TX_0001876,KH_20129,SP_205503229,MIEN_NAM,3,350000.0,2026-02-19 19:26:02
TX_0001881,KH_20429,SP_790942,MIEN_NAM,1,95000.0,2026-02-03 17:07:16
TX_0001883,KH_20374,SP_213974328,MIEN_NAM,3,1560000.0,2025-11-10 03:23:40
TX_0001884,KH_20134,SP_174673863,MIEN_NAM,4,17800.0,2026-01-29 09:21:48
TX_0001888,KH_20046,SP_101155664,MIEN_BAC,2,69000.0,2025-05-04 01:05:30
TX_0001894,KH_20421,SP_55578802,MIEN_BAC,1,49500.0,2025-04-07 18:42:57
TX_0001899,KH_20011,SP_155370132,MIEN_NAM,5,950000.0,2026-05-21 02:12:37
TX_0001901,KH_20020,SP_253299764,MIEN_NAM,1,399000.0,2025-11-10 22:39:28
TX_0001904,KH_20329,SP_3651619,MIEN_NAM,1,255000.0,2026-04-29 17:49:08
TX_0001905,KH_20147,SP_26031518,MIEN_BAC,3,2341000.0,2026-09-13 01:42:56
TX_0001909,KH_20318,SP_217146066,MIEN_NAM,1,150000.0,2026-05-09 01:47:11
TX_0001911,KH_20064,SP_209319766,MIEN_BAC,1,274550.0,2026-07-22 19:03:13
TX_0001912,KH_20056,SP_121330354,MIEN_BAC,1,145000.0,2025-07-23 06:05:09
TX_0001913,KH_20138,SP_191981817,MIEN_BAC,2,37800.0,2026-03-02 13:47:28
TX_0001915,KH_20261,SP_172872972,MIEN_BAC,2,50000.0,2026-07-30 05:46:28
TX_0001918,KH_20458,SP_207419450,MIEN_BAC,1,110000.0,2025-01-05 03:01:09
TX_0001921,KH_20377,SP_238343195,MIEN_NAM,1,250000.0,2025-07-23 23:49:09
TX_0001922,KH_20068,SP_125100807,MIEN_NAM,2,45000.0,2026-09-12 07:02:09
TX_0001924,KH_20114,SP_208320087,MIEN_NAM,2,25000.0,2026-01-13 05:32:38
TX_0001926,KH_20023,SP_181746016,MIEN_NAM,1,389000.0,2025-07-30 12:57:29
TX_0001927,KH_20049,SP_205665786,MIEN_NAM,1,289000.0,2025-06-30 23:52:50
TX_0001929,KH_20075,SP_44198384,MIEN_NAM,1,325000.0,2026-06-13 03:19:07
TX_0001931,KH_20138,SP_15665913,MIEN_NAM,1,159000.0,2025-08-28 07:43:34
TX_0001934,KH_20066,SP_166072965,MIEN_NAM,1,23180.0,2025-11-27 11:05:30
TX_0001939,KH_20347,SP_158100367,MIEN_BAC,2,360000.0,2026-07-07 12:07:20
TX_0001940,KH_20441,SP_148066093,MIEN_NAM,1,509150.0,2025-09-01 05:31:58
TX_0001942,KH_20415,SP_200681847,MIEN_BAC,5,2490000.0,2026-03-25 06:19:43
TX_0001948,KH_20248,SP_262974186,MIEN_BAC,3,200000.0,2025-09-21 02:41:35
TX_0001949,KH_20089,SP_136940136,MIEN_NAM,1,45000.0,2025-01-01 08:28:26
TX_0001951,KH_20115,SP_23266053,MIEN_NAM,2,296000.0,2026-01-03 09:03:07
TX_0001955,KH_20006,SP_229720875,MIEN_NAM,1,29000.0,2026-02-27 19:59:46
TX_0001958,KH_20475,SP_48141514,MIEN_NAM,4,350100.0,2025-12-15 18:33:40
TX_0001960,KH_20368,SP_173867551,MIEN_NAM,1,79900.0,2026-05-24 17:48:57
TX_0001961,KH_20210,SP_149964632,MIEN_BAC,2,84550.0,2025-09-17 16:42:48
TX_0001962,KH_20341,SP_263107525,MIEN_BAC,1,399000.0,2025-06-25 03:27:32
TX_0001965,KH_20348,SP_169624793,MIEN_BAC,1,99000.0,2025-01-04 04:56:15
TX_0001969,KH_20070,SP_145550452,MIEN_NAM,1,1390000.0,2025-04-03 09:45:25
TX_0001970,KH_20271,SP_177556657,MIEN_NAM,3,21000.0,2025-05-20 06:16:55
TX_0001971,KH_20037,SP_263026620,MIEN_NAM,3,120000.0,2025-11-30 10:05:37
TX_0001974,KH_20445,SP_4902541,MIEN_NAM,4,149000.0,2025-10-31 08:57:36
TX_0001978,KH_20188,SP_147708820,MIEN_TRUNG,1,76900.0,2025-07-17 04:09:32
TX_0001979,KH_20269,SP_58436592,MIEN_NAM,4,40000.0,2025-08-01 20:47:02
TX_0001981,KH_20234,SP_173869294,MIEN_BAC,1,69900.0,2025-02-02 12:19:17
TX_0001985,KH_20264,SP_114688118,MIEN_NAM,1,4544.0,2026-05-23 01:58:10
TX_0001988,KH_20359,SP_20240972,MIEN_BAC,2,2280000.0,2025-10-17 17:18:43
TX_0001991,KH_20160,SP_249091286,MIEN_NAM,1,1980000.0,2025-01-06 20:45:29
TX_0001997,KH_20450,SP_200548959,MIEN_TRUNG,4,75000.0,2025-11-03 01:47:40
TX_0001998,KH_20233,SP_217169174,MIEN_NAM,3,15000.0,2026-03-22 22:39:20
TX_0002000,KH_20268,SP_84208347,MIEN_BAC,1,62700.0,2025-04-11 14:10:15
TX_0002001,KH_20310,SP_197346119,MIEN_BAC,3,35000.0,2026-05-16 09:24:54
TX_0002002,KH_20201,SP_8022426,MIEN_BAC,1,54000.0,2025-09-29 23:43:28
TX_0002003,KH_20459,SP_146944237,MIEN_NAM,1,250000.0,2025-02-23 17:11:52
TX_0002005,KH_20410,SP_77744773,MIEN_BAC,1,387000.0,2026-01-31 08:25:34
TX_0002006,KH_20316,SP_171438572,MIEN_NAM,5,79000.0,2025-01-28 18:37:23
TX_0002009,KH_20103,SP_206290974,MIEN_NAM,2,14900.0,2025-04-28 12:18:53
TX_0002010,KH_20426,SP_70191374,MIEN_TRUNG,3,50000.0,2026-08-13 10:26:07
TX_0002022,KH_20308,SP_216379203,MIEN_NAM,3,1600000.0,2026-02-09 04:59:04
TX_0002023,KH_20150,SP_166071325,MIEN_BAC,2,20000.0,2025-08-12 09:17:19
TX_0002024,KH_20149,SP_179968423,MIEN_TRUNG,1,1790000.0,2026-06-23 17:49:50
TX_0002028,KH_20216,SP_161254282,MIEN_NAM,1,155000.0,2026-05-30 15:37:45
TX_0002030,KH_20494,SP_74344562,MIEN_NAM,3,18000.0,2026-02-15 02:30:07
TX_0002033,KH_20492,SP_164554574,MIEN_NAM,3,111000.0,2025-01-10 15:39:27
TX_0002035,KH_20008,SP_2121701,MIEN_NAM,2,40000.0,2026-09-30 23:18:05
TX_0002036,KH_20493,SP_247854822,MIEN_NAM,1,57000.0,2025-01-22 02:45:39
TX_0002037,KH_20127,SP_263026667,MIEN_BAC,1,10000.0,2026-03-10 19:23:17
TX_0002039,KH_20251,SP_213559095,MIEN_NAM,1,79000.0,2025-01-02 10:52:44
TX_0002040,KH_20499,SP_52811980,MIEN_BAC,2,1393000.0,2025-06-17 07:17:06
TX_0002049,KH_20346,SP_249694485,MIEN_BAC,1,1965600.0,2026-10-05 21:16:25
TX_0002052,KH_20225,SP_2121689,MIEN_BAC,1,51000.0,2025-09-17 13:28:28
TX_0002055,KH_20486,SP_190080853,MIEN_BAC,2,2999000.0,2025-05-05 06:23:08
TX_0002057,KH_20219,SP_177586172,MIEN_BAC,2,121221.0,2026-03-23 01:54:33
TX_0002058,KH_20288,SP_144480756,MIEN_NAM,1,130000.0,2026-09-06 17:36:55
TX_0002059,KH_20257,SP_199103377,MIEN_TRUNG,1,749000.0,2025-10-10 06:54:00
TX_0002060,KH_20040,SP_195948504,MIEN_BAC,2,260000.0,2026-07-16 15:47:03
TX_0002065,KH_20187,SP_35189051,MIEN_BAC,2,1350000.0,2025-02-04 07:32:19
TX_0002067,KH_20037,SP_790815,MIEN_NAM,2,690000.0,2026-07-09 21:52:13
TX_0002068,KH_20134,SP_1023019,MIEN_BAC,1,1175000.0,2025-08-30 02:38:38
TX_0002074,KH_20469,SP_23830928,MIEN_BAC,1,52000.0,2025-09-10 13:05:33
TX_0002076,KH_20273,SP_138902891,MIEN_TRUNG,5,169000.0,2026-04-05 12:29:14
TX_0002079,KH_20416,SP_133673620,MIEN_NAM,1,15000.0,2025-10-05 04:00:40
TX_0002085,KH_20184,SP_145171224,MIEN_TRUNG,1,328000.0,2026-01-18 18:00:21
TX_0002087,KH_20083,SP_77323577,MIEN_BAC,2,630000.0,2026-05-22 15:30:23
TX_0002088,KH_20244,SP_199103204,MIEN_NAM,2,629000.0,2025-05-15 11:34:43
TX_0002089,KH_20445,SP_35189051,MIEN_BAC,1,1350000.0,2026-05-19 00:05:07
TX_0002091,KH_20297,SP_192532490,MIEN_NAM,2,2150000.0,2026-02-01 16:18:56
TX_0002093,KH_20083,SP_191777680,MIEN_NAM,1,850000.0,2026-06-19 12:04:22
TX_0002098,KH_20374,SP_129863346,MIEN_BAC,1,70000.0,2026-05-27 18:19:40
TX_0002104,KH_20019,SP_138661521,MIEN_NAM,2,59000.0,2025-09-19 18:36:39
TX_0002110,KH_20339,SP_102607010,MIEN_TRUNG,2,129000.0,2026-07-12 02:49:17
TX_0002115,KH_20086,SP_150254088,MIEN_NAM,1,29800.0,2026-04-13 05:06:15
TX_0002116,KH_20310,SP_212981495,MIEN_NAM,1,1380000.0,2025-03-04 01:29:13
TX_0002119,KH_20234,SP_121330611,MIEN_NAM,2,18000.0,2025-03-22 02:25:38
TX_0002120,KH_20317,SP_110698265,MIEN_BAC,3,2590000.0,2025-06-05 21:56:07
TX_0002121,KH_20078,SP_173535014,MIEN_TRUNG,1,1199000.0,2026-02-06 12:09:09
TX_0002134,KH_20338,SP_113499949,MIEN_BAC,4,4581000.0,2026-01-18 00:27:06
TX_0002135,KH_20064,SP_1022917,MIEN_BAC,1,1237500.0,2025-02-23 23:19:21
TX_0002137,KH_20429,SP_215590741,MIEN_BAC,1,1190000.0,2026-09-14 07:09:07
TX_0002143,KH_20023,SP_58249242,MIEN_BAC,3,120000.0,2026-05-04 07:53:01
TX_0002144,KH_20267,SP_176610235,MIEN_BAC,3,14000.0,2025-04-03 22:53:54
TX_0002150,KH_20137,SP_89945252,MIEN_NAM,1,109800.0,2026-09-16 03:32:21
TX_0002154,KH_20315,SP_249944378,MIEN_NAM,1,1390000.0,2025-06-17 10:59:13
TX_0002155,KH_20298,SP_111868935,MIEN_TRUNG,1,465000.0,2025-07-15 10:48:49
TX_0002156,KH_20322,SP_173868934,MIEN_TRUNG,1,79900.0,2025-07-08 14:14:28
TX_0002167,KH_20466,SP_230044286,MIEN_NAM,5,5720000.0,2025-09-26 09:33:56
TX_0002175,KH_20121,SP_201967737,MIEN_BAC,2,39000.0,2025-01-18 20:20:07
TX_0002176,KH_20027,SP_145551276,MIEN_BAC,1,1390000.0,2025-11-19 01:41:53
TX_0002180,KH_20006,SP_188076795,MIEN_NAM,1,550000.0,2026-05-20 06:00:44
TX_0002181,KH_20233,SP_170394002,MIEN_NAM,1,199000.0,2026-09-27 01:38:33
TX_0002182,KH_20268,SP_85800889,MIEN_NAM,1,238000.0,2025-06-23 17:34:54
TX_0002183,KH_20292,SP_168227320,MIEN_TRUNG,1,199500.0,2025-11-26 03:07:06
TX_0002184,KH_20399,SP_20234350,MIEN_NAM,1,2232000.0,2026-09-16 00:02:23
TX_0002186,KH_20313,SP_184647622,MIEN_NAM,1,1390000.0,2026-07-15 15:07:23
TX_0002187,KH_20361,SP_252798008,MIEN_BAC,2,699000.0,2025-02-18 12:32:19
TX_0002188,KH_20068,SP_146944417,MIEN_NAM,1,82000.0,2026-07-23 15:16:58
TX_0002191,KH_20113,SP_193200638,MIEN_NAM,3,275000.0,2026-05-11 07:33:02
TX_0002192,KH_20407,SP_92001175,MIEN_BAC,4,550000.0,2025-03-25 13:31:13
TX_0002194,KH_20344,SP_149568543,MIEN_BAC,4,279000.0,2025-01-17 20:38:36
TX_0002196,KH_20135,SP_169519542,MIEN_BAC,2,35000.0,2025-01-28 06:25:43
TX_0002205,KH_20206,SP_179566621,MIEN_TRUNG,1,4749.0,2026-08-02 04:37:30
TX_0002209,KH_20139,SP_201967737,MIEN_BAC,2,39000.0,2025-09-07 19:38:49
TX_0002210,KH_20182,SP_252398599,MIEN_TRUNG,1,1650000.0,2025-02-02 12:21:06
TX_0002211,KH_20263,SP_32842442,MIEN_BAC,5,450000.0,2025-05-28 04:43:47
TX_0002215,KH_20423,SP_50272534,MIEN_BAC,2,608000.0,2025-01-23 10:44:29
TX_0002217,KH_20232,SP_199103285,MIEN_NAM,1,559000.0,2025-07-22 05:53:48
TX_0002218,KH_20400,SP_195341332,MIEN_BAC,2,540000.0,2026-02-28 22:29:43
TX_0002219,KH_20342,SP_190681218,MIEN_NAM,2,69000.0,2026-03-14 19:14:18
TX_0002227,KH_20413,SP_205673305,MIEN_BAC,4,396000.0,2026-07-21 15:14:32
TX_0002229,KH_20005,SP_194860666,MIEN_TRUNG,2,1000.0,2026-10-04 17:08:25
TX_0002231,KH_20432,SP_249590565,MIEN_BAC,3,300000.0,2026-07-30 16:05:00
TX_0002232,KH_20132,SP_207688617,MIEN_NAM,4,239000.0,2025-11-03 09:04:43
TX_0002233,KH_20354,SP_263027154,MIEN_BAC,1,110000.0,2025-08-05 23:17:16
TX_0002236,KH_20087,SP_152875062,MIEN_NAM,1,1512000.0,2025-01-30 22:38:20
TX_0002240,KH_20011,SP_203069092,MIEN_NAM,1,69000.0,2025-08-19 00:36:43
TX_0002241,KH_20133,SP_195544345,MIEN_NAM,1,1290000.0,2026-08-26 18:05:51
TX_0002254,KH_20256,SP_198531302,MIEN_BAC,1,359100.0,2025-11-19 06:22:40
TX_0002258,KH_20043,SP_187956762,MIEN_NAM,1,710000.0,2026-03-15 05:19:30
TX_0002259,KH_20203,SP_127192371,MIEN_BAC,1,892000.0,2025-07-09 19:15:43
TX_0002263,KH_20127,SP_170102206,MIEN_NAM,3,1550000.0,2026-04-04 20:59:55
TX_0002265,KH_20098,SP_181218538,MIEN_TRUNG,1,55000.0,2026-02-15 13:58:44
TX_0002266,KH_20403,SP_173867551,MIEN_NAM,3,79900.0,2026-01-23 11:49:56
TX_0002268,KH_20406,SP_168498791,MIEN_NAM,1,116312.0,2026-05-18 16:05:53
TX_0002275,KH_20454,SP_168195282,MIEN_NAM,1,204250.0,2025-08-24 20:16:07
TX_0002277,KH_20177,SP_46054520,MIEN_BAC,1,44000.0,2025-04-19 21:27:08
TX_0002287,KH_20467,SP_208886783,MIEN_TRUNG,1,1116000.0,2025-10-23 11:59:34
TX_0002292,KH_20004,SP_262974224,MIEN_BAC,1,275000.0,2025-10-28 05:33:38
TX_0002293,KH_20016,SP_193964675,MIEN_NAM,1,220000.0,2025-08-17 07:56:46
TX_0002297,KH_20075,SP_32945595,MIEN_BAC,5,58000.0,2025-12-11 08:24:00
TX_0002303,KH_20202,SP_263025546,MIEN_NAM,1,65000.0,2026-09-16 09:32:21
TX_0002304,KH_20494,SP_173798737,MIEN_NAM,1,18000.0,2026-05-30 06:13:27
TX_0002308,KH_20387,SP_203847462,MIEN_NAM,3,510000.0,2026-06-10 07:15:33
TX_0002309,KH_20379,SP_107618376,MIEN_NAM,1,145000.0,2025-05-15 21:16:37
TX_0002312,KH_20123,SP_106654265,MIEN_TRUNG,1,55000.0,2026-07-26 10:07:38
TX_0002318,KH_20421,SP_96621714,MIEN_NAM,1,2912000.0,2025-06-05 05:26:46
TX_0002324,KH_20028,SP_159019071,MIEN_TRUNG,1,195000.0,2026-03-12 01:09:07
TX_0002336,KH_20215,SP_149567940,MIEN_BAC,1,389000.0,2025-03-13 01:50:45
TX_0002341,KH_20221,SP_251405786,MIEN_NAM,3,19452.0,2025-07-28 21:36:40
TX_0002344,KH_20291,SP_249531912,MIEN_NAM,3,49000.0,2025-01-12 10:49:20
TX_0002347,KH_20253,SP_263026288,MIEN_NAM,5,2800.0,2025-04-01 14:08:56
TX_0002354,KH_20159,SP_174176077,MIEN_NAM,2,29000.0,2025-04-30 21:08:21
TX_0002357,KH_20315,SP_142104792,MIEN_NAM,3,60720.0,2025-11-12 03:40:31
TX_0002359,KH_20453,SP_263026093,MIEN_TRUNG,1,19000.0,2025-09-12 00:20:36
TX_0002362,KH_20154,SP_175167907,MIEN_BAC,1,375000.0,2025-10-17 13:22:52
TX_0002366,KH_20037,SP_252159558,MIEN_NAM,3,4250000.0,2025-02-27 07:06:04
TX_0002367,KH_20221,SP_4259501,MIEN_NAM,1,590000.0,2026-10-04 17:57:23
TX_0002368,KH_20332,SP_204875405,MIEN_NAM,3,79000.0,2025-03-30 14:57:46
TX_0002370,KH_20202,SP_2297169,MIEN_BAC,2,311000.0,2026-09-30 08:00:25
TX_0002372,KH_20492,SP_168227320,MIEN_TRUNG,1,199500.0,2026-03-15 13:08:43
TX_0002373,KH_20159,SP_136074475,MIEN_BAC,2,54100.0,2025-02-07 22:01:50
TX_0002375,KH_20480,SP_192546911,MIEN_TRUNG,2,2350000.0,2026-06-17 04:44:34
TX_0002381,KH_20025,SP_116852219,MIEN_NAM,2,166700.0,2025-11-13 15:11:31
TX_0002390,KH_20295,SP_34240189,MIEN_BAC,1,649000.0,2025-06-20 04:06:06
TX_0002393,KH_20275,SP_2078619,MIEN_BAC,1,79000.0,2025-01-10 20:33:01
TX_0002395,KH_20339,SP_151972030,MIEN_BAC,2,457000.0,2026-09-08 14:51:54
TX_0002401,KH_20239,SP_184098164,MIEN_BAC,1,15000.0,2026-07-26 19:03:58
TX_0002403,KH_20019,SP_167437235,MIEN_TRUNG,2,325000.0,2025-04-17 08:30:46
TX_0002404,KH_20200,SP_204029815,MIEN_NAM,5,755000.0,2026-06-17 17:17:07
TX_0002406,KH_20256,SP_263107459,MIEN_NAM,1,499000.0,2025-10-15 11:42:01
TX_0002410,KH_20020,SP_53575041,MIEN_BAC,2,46750.0,2026-07-25 20:11:34
TX_0002414,KH_20069,SP_196573384,MIEN_NAM,5,35000.0,2025-10-30 11:42:03
TX_0002416,KH_20450,SP_190681078,MIEN_BAC,1,59000.0,2025-09-08 10:18:30
TX_0002421,KH_20146,SP_216385341,MIEN_BAC,1,700000.0,2025-05-13 05:01:39
TX_0002422,KH_20300,SP_135538504,MIEN_BAC,2,35000.0,2026-08-15 04:53:28
TX_0002423,KH_20053,SP_165962370,MIEN_BAC,3,79000.0,2025-06-23 10:19:32
TX_0002424,KH_20246,SP_195340796,MIEN_NAM,2,336000.0,2026-09-18 04:19:02
TX_0002427,KH_20163,SP_263025588,MIEN_NAM,1,35000.0,2026-07-09 17:28:58
TX_0002431,KH_20053,SP_176699837,MIEN_TRUNG,4,465000.0,2026-07-12 03:34:53
TX_0002437,KH_20490,SP_144755348,MIEN_BAC,1,66000.0,2026-08-31 00:56:27
TX_0002439,KH_20404,SP_169847963,MIEN_BAC,1,150000.0,2026-04-23 20:22:05
TX_0002440,KH_20041,SP_206106743,MIEN_TRUNG,2,5690000.0,2026-03-08 16:12:41
TX_0002444,KH_20353,SP_263026182,MIEN_NAM,1,3000.0,2025-09-28 17:22:44
TX_0002446,KH_20275,SP_170104951,MIEN_NAM,1,50000.0,2025-11-02 05:40:46
TX_0002447,KH_20273,SP_124882635,MIEN_NAM,1,1499000.0,2025-02-05 17:34:46
TX_0002453,KH_20206,SP_173856845,MIEN_TRUNG,1,99000.0,2025-12-17 09:13:09
TX_0002459,KH_20226,SP_148851560,MIEN_NAM,3,529000.0,2026-05-09 16:05:48
TX_0002468,KH_20361,SP_172658627,MIEN_BAC,1,63000.0,2025-01-23 15:09:10
TX_0002472,KH_20478,SP_179944876,MIEN_BAC,1,12480000.0,2025-06-16 20:53:48
TX_0002473,KH_20142,SP_2121689,MIEN_BAC,1,51000.0,2025-01-01 16:17:03
TX_0002475,KH_20210,SP_212038316,MIEN_TRUNG,1,279000.0,2026-07-19 11:17:05
TX_0002477,KH_20401,SP_72663538,MIEN_BAC,1,1300000.0,2025-02-11 19:34:15
TX_0002484,KH_20439,SP_116116138,MIEN_TRUNG,1,62700.0,2025-09-02 19:56:36
TX_0002485,KH_20439,SP_18280900,MIEN_BAC,1,38000.0,2025-09-29 06:35:58
TX_0002486,KH_20263,SP_263025715,MIEN_BAC,1,4000.0,2026-01-19 10:12:09
TX_0002492,KH_20173,SP_190701837,MIEN_TRUNG,1,4612000.0,2025-07-18 02:33:22
TX_0002496,KH_20383,SP_103618264,MIEN_NAM,2,329000.0,2026-04-05 15:21:42
TX_0002497,KH_20217,SP_199682812,MIEN_BAC,1,1040000.0,2026-01-13 20:15:06
TX_0002502,KH_20073,SP_111868776,MIEN_BAC,1,499000.0,2025-09-27 00:29:12
TX_0002504,KH_20417,SP_262991411,MIEN_NAM,1,6500.0,2026-04-02 22:12:09
TX_0002505,KH_20081,SP_95393783,MIEN_TRUNG,4,27300.0,2026-06-10 12:19:26
TX_0002506,KH_20491,SP_118007288,MIEN_NAM,1,1080000.0,2025-01-28 05:08:54
TX_0002507,KH_20023,SP_216356782,MIEN_TRUNG,1,2370000.0,2025-11-02 11:11:47
TX_0002509,KH_20163,SP_20421337,MIEN_NAM,1,199000.0,2026-04-17 03:57:40
TX_0002511,KH_20447,SP_173035913,MIEN_NAM,2,69000.0,2026-04-17 00:19:10
TX_0002513,KH_20161,SP_17960312,MIEN_NAM,2,990000.0,2025-09-21 22:36:18
TX_0002516,KH_20455,SP_168562965,MIEN_NAM,2,28000.0,2026-08-12 17:26:14
TX_0002520,KH_20386,SP_215546011,MIEN_BAC,3,490000.0,2026-05-30 06:35:38
TX_0002521,KH_20430,SP_33877972,MIEN_BAC,1,139000.0,2025-04-11 02:57:44
TX_0002523,KH_20177,SP_166152032,MIEN_NAM,4,2000.0,2026-09-05 19:46:34
TX_0002525,KH_20417,SP_116801461,MIEN_NAM,2,45000.0,2026-08-06 12:06:38
TX_0002526,KH_20329,SP_195998491,MIEN_NAM,3,685000.0,2025-06-29 02:07:26
TX_0002529,KH_20419,SP_199103163,MIEN_BAC,1,449000.0,2025-03-11 22:43:30
TX_0002530,KH_20291,SP_143115256,MIEN_BAC,2,25000.0,2026-02-12 09:34:38
TX_0002533,KH_20339,SP_190681176,MIEN_NAM,4,69000.0,2025-07-28 02:55:19
TX_0002538,KH_20098,SP_125100934,MIEN_BAC,1,59000.0,2026-05-06 03:43:20
TX_0002539,KH_20300,SP_263027111,MIEN_NAM,2,2800.0,2025-05-26 02:23:38
TX_0002541,KH_20197,SP_253145813,MIEN_NAM,1,5400000.0,2026-06-12 16:03:27
TX_0002544,KH_20457,SP_132079697,MIEN_BAC,2,90000.0,2026-01-02 19:59:58
TX_0002545,KH_20283,SP_177580694,MIEN_NAM,1,275015.0,2025-11-05 07:19:59
TX_0002546,KH_20382,SP_89427489,MIEN_TRUNG,2,28900.0,2026-05-03 11:26:27
TX_0002549,KH_20302,SP_179758587,MIEN_TRUNG,3,1750000.0,2025-05-30 00:42:33
TX_0002552,KH_20315,SP_213820184,MIEN_TRUNG,1,2870000.0,2025-01-10 18:24:39
TX_0002554,KH_20240,SP_145140013,MIEN_NAM,1,286300.0,2025-10-13 09:31:19
TX_0002555,KH_20455,SP_113207552,MIEN_NAM,5,116000.0,2026-01-04 00:40:18
TX_0002556,KH_20264,SP_197651026,MIEN_NAM,3,702000.0,2026-05-01 03:33:21
TX_0002568,KH_20331,SP_189251099,MIEN_NAM,2,53950.0,2025-09-24 02:12:51
TX_0002574,KH_20146,SP_128290800,MIEN_TRUNG,1,220000.0,2026-03-23 05:45:16
TX_0002575,KH_20296,SP_2298539,MIEN_BAC,1,149000.0,2025-09-07 15:15:48
TX_0002576,KH_20241,SP_263027365,MIEN_NAM,1,18000.0,2025-03-26 10:42:30
TX_0002579,KH_20465,SP_138384824,MIEN_TRUNG,1,26999.0,2025-07-07 05:06:01
TX_0002587,KH_20349,SP_139229652,MIEN_NAM,1,10000.0,2025-07-31 05:16:44
TX_0002588,KH_20140,SP_574372,MIEN_NAM,1,2385000.0,2025-08-11 11:51:53
TX_0002593,KH_20385,SP_50272534,MIEN_BAC,1,608000.0,2025-12-24 09:53:43
TX_0002595,KH_20258,SP_263025881,MIEN_NAM,1,4000.0,2026-04-06 08:29:54
TX_0002596,KH_20088,SP_208886783,MIEN_TRUNG,2,1116000.0,2026-07-02 23:46:09
TX_0002598,KH_20243,SP_206668224,MIEN_NAM,3,428000.0,2026-09-04 10:31:24
TX_0002601,KH_20282,SP_167127517,MIEN_TRUNG,8,1900000.0,2025-10-05 17:34:28
TX_0002603,KH_20166,SP_184249588,MIEN_TRUNG,1,3090000.0,2026-08-12 00:35:29
TX_0002604,KH_20386,SP_263025431,MIEN_BAC,1,58000.0,2025-08-15 22:40:12
TX_0002605,KH_20204,SP_8022426,MIEN_BAC,2,54000.0,2025-01-15 19:45:36
TX_0002621,KH_20242,SP_173868327,MIEN_BAC,1,69000.0,2025-08-04 04:11:45
TX_0002622,KH_20244,SP_146730501,MIEN_BAC,1,74800.0,2025-09-12 13:53:24
TX_0002623,KH_20222,SP_128906424,MIEN_BAC,1,45500.0,2025-08-12 12:32:17
TX_0002636,KH_20050,SP_249944488,MIEN_NAM,1,850000.0,2026-08-23 06:47:29
TX_0002641,KH_20168,SP_66233031,MIEN_NAM,3,589000.0,2025-05-04 10:39:43
TX_0002647,KH_20018,SP_263025509,MIEN_TRUNG,2,3000.0,2025-08-26 05:05:55
TX_0002649,KH_20375,SP_162601858,MIEN_BAC,1,479000.0,2025-10-16 09:33:47
TX_0002654,KH_20054,SP_149964632,MIEN_BAC,1,84550.0,2025-03-26 18:44:44
TX_0002656,KH_20120,SP_145114054,MIEN_TRUNG,3,51300.0,2025-06-29 10:38:22
TX_0002660,KH_20034,SP_201964537,MIEN_TRUNG,1,265000.0,2026-10-04 16:21:09
TX_0002661,KH_20047,SP_248640572,MIEN_NAM,3,2350000.0,2026-04-06 21:17:04
TX_0002662,KH_20302,SP_205146900,MIEN_NAM,8,14520000.0,2026-06-05 21:23:32
TX_0002666,KH_20487,SP_193062669,MIEN_BAC,1,20000.0,2025-03-21 14:01:31
TX_0002667,KH_20451,SP_102862595,MIEN_TRUNG,8,28900.0,2025-02-08 04:39:34
TX_0002673,KH_20341,SP_89295071,MIEN_NAM,1,244000.0,2026-04-23 02:49:03
TX_0002676,KH_20382,SP_193964675,MIEN_NAM,1,220000.0,2026-05-16 04:02:08
TX_0002685,KH_20316,SP_222675814,MIEN_BAC,1,1350000.0,2026-08-11 06:08:42
TX_0002687,KH_20121,SP_263027495,MIEN_BAC,3,181000.0,2025-06-13 22:55:05
TX_0002696,KH_20073,SP_72295929,MIEN_TRUNG,1,60500.0,2025-12-25 15:40:58
TX_0002702,KH_20248,SP_62672098,MIEN_BAC,1,100000.0,2025-02-06 10:51:13
TX_0002711,KH_20283,SP_110377793,MIEN_NAM,4,69000.0,2026-03-19 17:13:21
TX_0002723,KH_20027,SP_58014591,MIEN_TRUNG,1,559000.0,2025-09-12 17:55:36
TX_0002725,KH_20137,SP_190681046,MIEN_TRUNG,3,69000.0,2025-03-03 10:13:45
TX_0002726,KH_20302,SP_199682812,MIEN_BAC,1,1040000.0,2026-09-13 11:44:07
TX_0002727,KH_20327,SP_99364291,MIEN_NAM,4,52800.0,2025-08-14 05:19:00
TX_0002732,KH_20085,SP_138661474,MIEN_BAC,4,130000.0,2025-11-11 09:34:44
TX_0002735,KH_20469,SP_45623475,MIEN_NAM,5,41943.0,2026-01-10 14:15:12
TX_0002738,KH_20076,SP_144197803,MIEN_NAM,1,20000.0,2026-09-24 21:20:28
TX_0002739,KH_20355,SP_170394494,MIEN_BAC,1,199000.0,2026-06-01 06:44:55
TX_0002743,KH_20282,SP_253377442,MIEN_NAM,1,850000.0,2026-04-26 03:11:38
TX_0002745,KH_20092,SP_114696499,MIEN_BAC,2,329000.0,2025-05-14 06:20:54
TX_0002747,KH_20009,SP_49094954,MIEN_BAC,1,36000.0,2025-08-04 00:30:51
TX_0002752,KH_20175,SP_149567658,MIEN_BAC,3,159000.0,2026-04-07 17:16:13
TX_0002753,KH_20437,SP_217317802,MIEN_NAM,1,11000000.0,2025-03-29 09:19:25
TX_0002760,KH_20255,SP_102862595,MIEN_TRUNG,5,28900.0,2025-08-30 03:30:58
TX_0002761,KH_20118,SP_185306354,MIEN_BAC,1,289000.0,2025-09-28 19:53:12
TX_0002769,KH_20278,SP_263062623,MIEN_NAM,2,20000.0,2025-03-06 01:21:57
TX_0002775,KH_20379,SP_48998106,MIEN_NAM,1,19900.0,2026-08-16 04:33:00
TX_0002782,KH_20443,SP_215905517,MIEN_BAC,2,6990000.0,2025-10-16 17:16:53
TX_0002784,KH_20295,SP_262974219,MIEN_TRUNG,3,98000.0,2025-11-24 10:22:50
TX_0002788,KH_20110,SP_1022997,MIEN_NAM,1,1652000.0,2025-12-24 10:00:43
TX_0002789,KH_20269,SP_263025498,MIEN_NAM,1,2000.0,2025-07-20 21:27:46
TX_0002796,KH_20184,SP_31919613,MIEN_BAC,1,19000.0,2025-05-01 04:59:27
TX_0002806,KH_20007,SP_170652690,MIEN_NAM,5,59000.0,2025-07-29 15:17:11
TX_0002808,KH_20266,SP_2078619,MIEN_BAC,1,79000.0,2025-11-12 01:27:47
TX_0002809,KH_20379,SP_4302305,MIEN_NAM,2,690000.0,2025-05-06 07:07:05
TX_0002814,KH_20117,SP_184767323,MIEN_BAC,3,1790000.0,2025-04-18 17:30:57
TX_0002816,KH_20144,SP_55966925,MIEN_NAM,3,157500.0,2026-07-24 07:46:56
TX_0002818,KH_20401,SP_41792535,MIEN_NAM,2,37000.0,2025-04-27 07:39:13
TX_0002819,KH_20441,SP_173733798,MIEN_BAC,1,34000.0,2025-11-17 20:52:24
TX_0002824,KH_20454,SP_190681176,MIEN_NAM,1,69000.0,2025-06-20 06:12:43
TX_0002825,KH_20034,SP_10159834,MIEN_NAM,1,38458.0,2026-08-15 16:17:22
TX_0002826,KH_20400,SP_197602139,MIEN_BAC,1,229000.0,2025-07-15 20:48:56
TX_0002831,KH_20284,SP_263026113,MIEN_NAM,1,189000.0,2025-02-11 14:50:11
TX_0002832,KH_20216,SP_208252422,MIEN_NAM,2,3315000.0,2026-09-01 11:08:17
TX_0002833,KH_20388,SP_11732082,MIEN_NAM,1,53900.0,2025-05-09 01:28:53
TX_0002838,KH_20411,SP_194182048,MIEN_BAC,1,215000.0,2025-11-04 01:42:53
TX_0002839,KH_20413,SP_202775080,MIEN_NAM,1,70000.0,2026-05-14 09:38:23
TX_0002840,KH_20163,SP_161863379,MIEN_BAC,2,1530000.0,2026-01-16 19:13:43
TX_0002841,KH_20439,SP_71087115,MIEN_BAC,2,104500.0,2025-06-01 02:25:00
TX_0002842,KH_20219,SP_191800394,MIEN_BAC,1,221000.0,2026-09-25 19:04:54
TX_0002843,KH_20216,SP_121330354,MIEN_BAC,1,145000.0,2026-05-07 08:10:05
TX_0002849,KH_20130,SP_114686052,MIEN_TRUNG,3,33000.0,2026-05-10 08:39:40
TX_0002850,KH_20287,SP_57138134,MIEN_BAC,3,649000.0,2025-07-05 03:19:12
TX_0002853,KH_20140,SP_24964441,MIEN_BAC,1,39000.0,2025-05-30 16:39:44
TX_0002857,KH_20340,SP_170397958,MIEN_BAC,1,306249.0,2025-12-03 10:09:56
TX_0002858,KH_20496,SP_46755391,MIEN_TRUNG,1,180000.0,2026-10-05 16:56:34
TX_0002859,KH_20078,SP_121769120,MIEN_NAM,2,56000.0,2025-04-04 00:13:12
TX_0002862,KH_20313,SP_14350618,MIEN_TRUNG,1,48000.0,2025-07-03 03:46:59
TX_0002867,KH_20078,SP_110698265,MIEN_BAC,1,2590000.0,2025-07-18 19:26:41
TX_0002868,KH_20476,SP_259480175,MIEN_BAC,1,75000.0,2025-10-05 00:10:40
TX_0002871,KH_20332,SP_263027082,MIEN_NAM,1,24000.0,2025-08-04 12:54:47
TX_0002872,KH_20011,SP_14989744,MIEN_TRUNG,1,522000.0,2026-06-06 14:23:38
TX_0002876,KH_20388,SP_263026861,MIEN_TRUNG,2,2500.0,2025-08-12 04:46:06
TX_0002882,KH_20285,SP_7947255,MIEN_NAM,1,27900.0,2026-04-27 16:23:43
TX_0002883,KH_20358,SP_244316555,MIEN_NAM,3,309600.0,2026-01-20 19:56:37
TX_0002885,KH_20216,SP_114696198,MIEN_NAM,2,28000.0,2026-05-15 06:53:50
TX_0002888,KH_20026,SP_32429472,MIEN_TRUNG,2,79000.0,2025-10-06 04:41:09
TX_0002890,KH_20442,SP_114696819,MIEN_BAC,2,26000.0,2025-05-14 19:19:51
TX_0002892,KH_20412,SP_221784591,MIEN_BAC,3,299000.0,2026-06-10 14:24:47
TX_0002893,KH_20396,SP_69861317,MIEN_NAM,2,180000.0,2025-04-06 17:17:21
TX_0002896,KH_20143,SP_4927439,MIEN_TRUNG,2,820000.0,2025-03-20 13:39:21
TX_0002897,KH_20308,SP_209319766,MIEN_BAC,1,274550.0,2026-03-07 16:19:23
TX_0002898,KH_20493,SP_208632099,MIEN_TRUNG,1,55250.0,2026-08-30 04:24:58
TX_0002900,KH_20478,SP_132079507,MIEN_BAC,1,90000.0,2026-06-14 20:51:52
TX_0002901,KH_20362,SP_173798774,MIEN_BAC,3,37000.0,2025-04-09 11:38:01
TX_0002904,KH_20374,SP_35189051,MIEN_BAC,5,1350000.0,2026-03-15 05:28:26
TX_0002906,KH_20044,SP_169473853,MIEN_TRUNG,1,1790000.0,2026-03-17 21:18:24
TX_0002910,KH_20102,SP_72578023,MIEN_NAM,3,199000.0,2026-08-08 04:49:55
TX_0002911,KH_20475,SP_103029879,MIEN_BAC,1,500000.0,2025-04-01 15:25:42
TX_0002912,KH_20417,SP_206944803,MIEN_TRUNG,2,2027000.0,2026-05-07 21:11:59
TX_0002914,KH_20457,SP_116115646,MIEN_NAM,2,36100.0,2026-05-01 16:00:08
TX_0002918,KH_20434,SP_253259518,MIEN_BAC,1,51000.0,2025-06-21 06:04:23
TX_0002919,KH_20284,SP_175887647,MIEN_NAM,1,367000.0,2025-03-11 01:46:25
TX_0002921,KH_20485,SP_157198929,MIEN_NAM,1,550000.0,2025-11-19 09:36:53
TX_0002922,KH_20258,SP_138624016,MIEN_BAC,1,79000.0,2026-01-06 20:20:02
TX_0002923,KH_20033,SP_209176756,MIEN_BAC,2,504000.0,2026-05-02 05:11:08
TX_0002928,KH_20152,SP_194808608,MIEN_NAM,4,67760.0,2026-09-22 15:17:52
TX_0002929,KH_20096,SP_253146971,MIEN_NAM,5,1250000.0,2025-03-03 12:46:43
TX_0002930,KH_20235,SP_198455046,MIEN_TRUNG,1,520000.0,2025-12-01 05:56:43
TX_0002935,KH_20342,SP_182708809,MIEN_NAM,2,296000.0,2026-07-02 02:39:33
TX_0002943,KH_20231,SP_198511450,MIEN_BAC,3,617000.0,2025-01-09 22:10:02
TX_0002944,KH_20127,SP_149567641,MIEN_BAC,3,359000.0,2025-05-21 02:39:48
TX_0002947,KH_20113,SP_95393783,MIEN_TRUNG,4,27300.0,2026-05-08 17:17:26
TX_0002949,KH_20374,SP_263026570,MIEN_BAC,4,65000.0,2026-06-28 03:44:34
TX_0002951,KH_20118,SP_244323808,MIEN_BAC,1,111400.0,2025-09-04 10:46:08
TX_0002954,KH_20170,SP_141473141,MIEN_TRUNG,1,59000.0,2025-11-05 03:56:38
TX_0002957,KH_20363,SP_56309178,MIEN_NAM,4,390000.0,2026-08-24 14:07:46
TX_0002965,KH_20358,SP_252356225,MIEN_BAC,3,175000.0,2025-11-27 21:04:59
TX_0002967,KH_20164,SP_243806458,MIEN_TRUNG,1,37000.0,2025-01-21 21:05:16
TX_0002968,KH_20080,SP_10186846,MIEN_BAC,1,149000.0,2025-09-12 00:23:53
TX_0002974,KH_20063,SP_170650108,MIEN_BAC,4,59000.0,2025-03-19 05:04:05
TX_0002975,KH_20377,SP_163120467,MIEN_BAC,1,359000.0,2025-09-05 14:12:02
TX_0002977,KH_20108,SP_103618264,MIEN_NAM,3,329000.0,2026-09-22 07:27:37
TX_0002980,KH_20200,SP_162711239,MIEN_BAC,1,399000.0,2025-06-10 20:37:09
TX_0002981,KH_20190,SP_195569947,MIEN_NAM,1,50000.0,2026-04-16 23:44:02
TX_0002983,KH_20211,SP_222331800,MIEN_BAC,1,227800.0,2025-10-31 05:43:10
TX_0002984,KH_20034,SP_163120467,MIEN_BAC,1,359000.0,2026-02-16 16:25:09
TX_0002985,KH_20046,SP_184247006,MIEN_TRUNG,1,400000.0,2025-12-09 15:18:55
TX_0002988,KH_20227,SP_176811934,MIEN_BAC,1,200000.0,2025-01-02 08:56:30
TX_0002989,KH_20215,SP_249574900,MIEN_BAC,1,109000.0,2025-07-16 13:21:16
TX_0002990,KH_20232,SP_201004164,MIEN_BAC,3,549000.0,2026-03-30 21:05:32
TX_0002991,KH_20240,SP_177584878,MIEN_BAC,1,165542.0,2025-12-12 18:13:23
TX_0002993,KH_20227,SP_90192256,MIEN_NAM,2,290000.0,2025-06-14 09:13:57
TX_0002995,KH_20091,SP_34672201,MIEN_NAM,5,139000.0,2025-12-06 01:13:18
TX_0002999,KH_20063,SP_12729010,MIEN_NAM,3,38400.0,2026-05-12 07:41:14
TX_0003001,KH_20202,SP_263027399,MIEN_BAC,1,75000.0,2025-12-24 23:34:48
TX_0003003,KH_20253,SP_77744088,MIEN_NAM,8,387000.0,2026-01-05 19:41:04
TX_0003008,KH_20081,SP_101876484,MIEN_NAM,3,14900.0,2026-03-27 20:33:39
TX_0003009,KH_20486,SP_73274662,MIEN_NAM,2,53900.0,2026-08-19 23:10:24
TX_0003010,KH_20100,SP_113085992,MIEN_BAC,1,750000.0,2026-05-03 08:46:53
TX_0003011,KH_20059,SP_242451813,MIEN_TRUNG,2,2730000.0,2025-05-14 16:35:01
TX_0003012,KH_20014,SP_194458348,MIEN_NAM,3,59000.0,2025-12-18 01:29:04
TX_0003016,KH_20382,SP_101155944,MIEN_BAC,2,69000.0,2026-05-03 09:29:30
TX_0003020,KH_20500,SP_19989683,MIEN_TRUNG,5,63000.0,2025-10-17 10:18:18
TX_0003022,KH_20373,SP_73458653,MIEN_BAC,4,60000.0,2025-02-26 19:15:44
TX_0003026,KH_20495,SP_20226153,MIEN_NAM,4,1859000.0,2025-09-17 09:03:23
TX_0003027,KH_20179,SP_147352756,MIEN_NAM,4,225000.0,2026-07-31 15:20:20
TX_0003030,KH_20060,SP_149567658,MIEN_BAC,1,159000.0,2025-11-27 10:50:17
TX_0003031,KH_20274,SP_13297482,MIEN_NAM,1,259000.0,2025-03-09 23:32:41
TX_0003035,KH_20424,SP_187010789,MIEN_NAM,1,2850000.0,2025-05-17 12:16:52
TX_0003036,KH_20188,SP_121331290,MIEN_BAC,2,69000.0,2025-01-13 10:34:33
TX_0003037,KH_20224,SP_170648900,MIEN_NAM,1,59000.0,2026-06-07 08:05:43
TX_0003038,KH_20462,SP_172192504,MIEN_NAM,1,26000.0,2025-10-17 23:33:52
TX_0003042,KH_20256,SP_193186235,MIEN_NAM,5,220000.0,2025-11-15 14:43:31
TX_0003043,KH_20406,SP_20234350,MIEN_NAM,2,2232000.0,2025-07-07 11:58:59
TX_0003049,KH_20179,SP_191814920,MIEN_NAM,3,950000.0,2025-08-22 04:53:34
TX_0003050,KH_20070,SP_19393844,MIEN_NAM,2,627000.0,2025-02-04 11:24:02
TX_0003051,KH_20368,SP_149526326,MIEN_NAM,4,76600.0,2026-05-17 05:31:34
TX_0003053,KH_20412,SP_172192521,MIEN_BAC,1,118000.0,2025-07-27 18:36:33
TX_0003059,KH_20033,SP_222711462,MIEN_NAM,2,79000.0,2025-05-07 00:41:02
TX_0003067,KH_20079,SP_2297015,MIEN_NAM,1,250000.0,2025-10-26 03:59:03
TX_0003068,KH_20022,SP_205257951,MIEN_NAM,5,299000.0,2025-10-31 08:08:14
TX_0003069,KH_20261,SP_263025581,MIEN_NAM,1,35000.0,2026-03-15 02:15:10
TX_0003070,KH_20245,SP_262974199,MIEN_BAC,2,12000.0,2025-07-27 16:22:23
TX_0003076,KH_20440,SP_206106695,MIEN_NAM,3,5590000.0,2025-09-23 06:49:25
TX_0003077,KH_20178,SP_197107284,MIEN_NAM,1,538800.0,2026-09-10 23:14:57
TX_0003079,KH_20035,SP_141473132,MIEN_NAM,2,44000.0,2025-08-15 03:59:29
TX_0003081,KH_20149,SP_186313858,MIEN_BAC,2,99000.0,2026-08-08 22:43:03
TX_0003083,KH_20397,SP_160221466,MIEN_NAM,1,116900.0,2025-09-29 07:02:46
TX_0003085,KH_20064,SP_131903614,MIEN_NAM,1,1850000.0,2025-03-17 19:10:52
TX_0003087,KH_20246,SP_173798735,MIEN_BAC,1,18000.0,2026-02-12 07:57:33
TX_0003090,KH_20375,SP_258670196,MIEN_TRUNG,8,508000.0,2025-12-19 12:06:36
TX_0003091,KH_20222,SP_221231320,MIEN_TRUNG,5,225000.0,2025-05-16 14:22:58
TX_0003097,KH_20203,SP_164977727,MIEN_TRUNG,1,170000.0,2025-02-05 19:15:31
TX_0003101,KH_20357,SP_207417833,MIEN_NAM,1,90000.0,2026-07-12 21:27:41
TX_0003106,KH_20066,SP_124887395,MIEN_BAC,3,25000.0,2025-07-26 12:35:57
TX_0003111,KH_20332,SP_177569276,MIEN_TRUNG,1,220221.0,2025-12-21 17:57:58
TX_0003112,KH_20018,SP_129247050,MIEN_BAC,5,79394.0,2025-01-29 01:00:54
TX_0003122,KH_20343,SP_179758396,MIEN_BAC,2,1300000.0,2025-08-21 18:32:11
TX_0003126,KH_20395,SP_116729411,MIEN_NAM,1,226000.0,2025-05-07 18:32:33
TX_0003127,KH_20119,SP_248546151,MIEN_TRUNG,1,89000.0,2025-06-29 11:11:48
TX_0003131,KH_20483,SP_134507355,MIEN_NAM,1,22000.0,2026-07-17 07:32:03
TX_0003136,KH_20240,SP_151489431,MIEN_BAC,1,500000.0,2026-07-20 11:32:41
TX_0003139,KH_20185,SP_59505265,MIEN_BAC,4,35000.0,2025-04-16 02:38:47
TX_0003141,KH_20250,SP_202817098,MIEN_NAM,1,429000.0,2025-04-18 03:31:38
TX_0003142,KH_20010,SP_190681419,MIEN_BAC,1,69000.0,2026-02-11 10:43:09
TX_0003144,KH_20149,SP_68726981,MIEN_TRUNG,4,570000.0,2026-01-01 22:44:22
TX_0003145,KH_20333,SP_186192906,MIEN_BAC,3,850000.0,2025-02-17 18:17:09
TX_0003149,KH_20441,SP_263025421,MIEN_BAC,2,12000.0,2026-03-23 23:31:03
TX_0003151,KH_20030,SP_129949676,MIEN_NAM,4,19000.0,2025-06-29 09:51:20
TX_0003152,KH_20351,SP_66233031,MIEN_NAM,1,589000.0,2025-04-28 16:03:34
TX_0003153,KH_20454,SP_4091413,MIEN_NAM,1,439000.0,2026-01-16 18:29:19
TX_0003158,KH_20378,SP_4210909,MIEN_TRUNG,3,690000.0,2025-07-07 02:38:31
TX_0003159,KH_20187,SP_122300439,MIEN_NAM,1,120000.0,2026-05-21 13:12:26
TX_0003163,KH_20386,SP_103616299,MIEN_NAM,2,3490000.0,2025-03-08 12:31:55
TX_0003164,KH_20267,SP_57045167,MIEN_NAM,2,28500.0,2026-09-17 07:52:15
TX_0003165,KH_20497,SP_69861317,MIEN_NAM,2,180000.0,2025-03-19 22:01:31
TX_0003167,KH_20301,SP_263025691,MIEN_NAM,3,1500.0,2025-12-09 14:36:24
TX_0003168,KH_20421,SP_103616915,MIEN_NAM,2,999000.0,2025-08-25 01:59:34
TX_0003171,KH_20419,SP_105344417,MIEN_BAC,3,630000.0,2026-07-30 01:13:21
TX_0003176,KH_20369,SP_253299714,MIEN_BAC,1,519000.0,2025-09-22 04:28:26
TX_0003177,KH_20204,SP_119633634,MIEN_NAM,2,550000.0,2025-03-31 07:27:03
TX_0003179,KH_20388,SP_161532512,MIEN_NAM,4,752059.0,2026-03-19 04:27:36
TX_0003181,KH_20034,SP_168562965,MIEN_NAM,2,28000.0,2026-04-26 15:37:52
TX_0003183,KH_20085,SP_212561814,MIEN_TRUNG,1,89300.0,2026-03-11 07:45:31
TX_0003184,KH_20219,SP_136795914,MIEN_BAC,1,189000.0,2026-04-20 11:43:55
TX_0003186,KH_20239,SP_6476329,MIEN_BAC,1,79999.0,2025-02-04 04:35:16
TX_0003199,KH_20418,SP_179777265,MIEN_TRUNG,1,900000.0,2025-02-04 19:41:39
TX_0003202,KH_20243,SP_127670717,MIEN_NAM,3,65000.0,2025-09-11 05:18:50
TX_0003204,KH_20395,SP_24496785,MIEN_NAM,3,649000.0,2025-07-26 10:00:57
TX_0003210,KH_20488,SP_35733144,MIEN_NAM,3,1859000.0,2026-06-03 13:29:31
TX_0003213,KH_20007,SP_201057959,MIEN_NAM,2,194000.0,2025-11-24 05:12:00
TX_0003215,KH_20336,SP_255356354,MIEN_NAM,1,210000.0,2026-08-05 17:46:24
TX_0003222,KH_20192,SP_208676879,MIEN_NAM,3,487000.0,2025-10-06 22:16:29
TX_0003224,KH_20010,SP_145141473,MIEN_BAC,1,154700.0,2025-10-23 15:44:10
TX_0003226,KH_20097,SP_146492642,MIEN_NAM,5,55000.0,2026-09-30 04:38:47
TX_0003233,KH_20397,SP_122344237,MIEN_NAM,3,399000.0,2025-04-08 06:02:50
TX_0003235,KH_20020,SP_172574568,MIEN_TRUNG,1,25000.0,2025-02-06 14:29:58
TX_0003239,KH_20045,SP_120460252,MIEN_NAM,2,29000.0,2026-08-26 20:11:56
TX_0003241,KH_20222,SP_213497455,MIEN_TRUNG,4,239400.0,2026-02-18 07:30:21
TX_0003248,KH_20317,SP_213943374,MIEN_BAC,2,93100.0,2025-06-02 07:13:28
TX_0003255,KH_20376,SP_110298865,MIEN_NAM,1,34000.0,2025-12-11 14:54:40
TX_0003256,KH_20462,SP_72013733,MIEN_BAC,5,79200.0,2025-05-28 13:55:10
TX_0003267,KH_20110,SP_253146874,MIEN_NAM,1,2100000.0,2025-10-09 00:50:06
TX_0003271,KH_20193,SP_199683381,MIEN_NAM,1,1860000.0,2026-06-13 00:58:31
TX_0003272,KH_20043,SP_149568505,MIEN_BAC,1,260000.0,2025-05-16 18:06:55
TX_0003273,KH_20432,SP_149963861,MIEN_TRUNG,1,520000.0,2026-07-05 12:55:38
TX_0003277,KH_20168,SP_149754322,MIEN_TRUNG,1,756000.0,2025-10-11 09:04:22
TX_0003279,KH_20129,SP_207034833,MIEN_BAC,1,750000.0,2025-01-13 11:28:58
TX_0003281,KH_20475,SP_192919733,MIEN_BAC,2,540000.0,2026-09-04 20:12:54
TX_0003283,KH_20012,SP_263026038,MIEN_BAC,3,19000.0,2025-05-09 22:23:46
TX_0003286,KH_20393,SP_168494566,MIEN_NAM,1,309540.0,2026-01-20 05:35:09
TX_0003288,KH_20476,SP_71615009,MIEN_TRUNG,1,299000.0,2025-03-20 01:24:49
TX_0003295,KH_20324,SP_73507935,MIEN_TRUNG,1,62700.0,2025-07-28 11:42:23
TX_0003301,KH_20492,SP_258668677,MIEN_TRUNG,1,345000.0,2025-01-26 21:32:23
TX_0003303,KH_20415,SP_248582225,MIEN_TRUNG,1,49400.0,2026-03-04 09:23:49
TX_0003305,KH_20282,SP_248262324,MIEN_BAC,4,43000.0,2026-09-11 00:12:22
TX_0003306,KH_20065,SP_263027183,MIEN_BAC,1,1400.0,2025-03-31 10:05:35
TX_0003310,KH_20040,SP_173798735,MIEN_BAC,1,18000.0,2026-01-18 02:07:50
TX_0003311,KH_20441,SP_136939993,MIEN_TRUNG,3,25000.0,2026-04-07 16:00:57
TX_0003315,KH_20415,SP_57127803,MIEN_NAM,2,649000.0,2025-12-11 10:46:01
TX_0003318,KH_20309,SP_171236900,MIEN_NAM,1,428000.0,2026-02-08 21:38:26
TX_0003326,KH_20265,SP_150732364,MIEN_BAC,1,450000.0,2026-05-02 10:11:07
TX_0003330,KH_20068,SP_138623795,MIEN_NAM,5,78000.0,2026-08-19 10:26:49
TX_0003333,KH_20319,SP_75760811,MIEN_BAC,1,441000.0,2025-04-02 19:27:14
TX_0003334,KH_20314,SP_113367228,MIEN_BAC,3,1520000.0,2025-12-25 15:58:36
TX_0003336,KH_20185,SP_263025841,MIEN_BAC,2,26000.0,2026-05-01 22:38:38
TX_0003340,KH_20061,SP_248939475,MIEN_NAM,1,142500.0,2026-05-13 21:37:01
TX_0003343,KH_20013,SP_155773326,MIEN_BAC,1,60000.0,2025-01-01 06:28:20
TX_0003345,KH_20149,SP_198511450,MIEN_BAC,3,617000.0,2025-12-01 15:08:14
TX_0003350,KH_20247,SP_263202992,MIEN_BAC,2,513000.0,2025-02-06 12:24:40
TX_0003353,KH_20239,SP_82514117,MIEN_BAC,1,15000.0,2026-06-22 01:29:31
TX_0003354,KH_20433,SP_170651180,MIEN_NAM,1,59000.0,2026-05-03 16:47:14
TX_0003357,KH_20429,SP_71519142,MIEN_NAM,1,616000.0,2025-02-19 15:27:45
TX_0003358,KH_20420,SP_187010559,MIEN_TRUNG,2,485000.0,2025-04-10 00:16:51
TX_0003359,KH_20464,SP_164463787,MIEN_NAM,2,25000.0,2026-07-23 14:48:03
TX_0003362,KH_20299,SP_199103607,MIEN_NAM,1,559000.0,2026-05-09 11:06:11
TX_0003368,KH_20295,SP_91847536,MIEN_TRUNG,1,66000.0,2025-01-24 15:20:09
TX_0003371,KH_20359,SP_110378136,MIEN_NAM,1,39000.0,2026-05-01 14:27:21
TX_0003372,KH_20169,SP_188056810,MIEN_NAM,4,695000.0,2026-10-04 23:09:18
TX_0003374,KH_20238,SP_166071756,MIEN_NAM,1,36000.0,2025-04-15 11:25:20
TX_0003375,KH_20415,SP_263025878,MIEN_NAM,1,85000.0,2025-02-22 06:41:18
TX_0003378,KH_20068,SP_192125146,MIEN_BAC,2,799000.0,2026-04-10 14:04:15
TX_0003386,KH_20185,SP_195329423,MIEN_BAC,1,28000.0,2025-10-31 15:09:10
TX_0003388,KH_20313,SP_173252073,MIEN_BAC,2,179100.0,2025-12-08 13:18:57
TX_0003390,KH_20055,SP_184249588,MIEN_TRUNG,1,3090000.0,2025-11-05 09:32:14
TX_0003397,KH_20344,SP_99363231,MIEN_BAC,4,61908.0,2026-03-27 20:40:10
TX_0003398,KH_20183,SP_207048825,MIEN_NAM,2,450000.0,2025-03-06 15:21:25
TX_0003404,KH_20294,SP_147369216,MIEN_TRUNG,4,590000.0,2025-09-16 01:16:11
TX_0003406,KH_20491,SP_190522607,MIEN_BAC,4,289000.0,2025-07-08 07:28:27
TX_0003407,KH_20165,SP_109979200,MIEN_NAM,2,68329.0,2026-06-30 08:05:52
TX_0003414,KH_20262,SP_191650094,MIEN_NAM,1,430800.0,2026-06-25 21:10:06
TX_0003416,KH_20072,SP_191982252,MIEN_NAM,2,45000.0,2025-05-11 02:45:50
TX_0003419,KH_20082,SP_76247079,MIEN_NAM,4,74400.0,2025-06-14 08:54:37
TX_0003423,KH_20452,SP_149451547,MIEN_TRUNG,1,2600000.0,2025-09-08 14:06:38
TX_0003424,KH_20136,SP_188076795,MIEN_NAM,5,550000.0,2026-04-23 00:36:29
TX_0003426,KH_20133,SP_6242963,MIEN_BAC,4,96000.0,2026-08-18 13:36:25
TX_0003430,KH_20012,SP_5918861,MIEN_NAM,1,52000.0,2026-09-21 02:07:03
TX_0003431,KH_20013,SP_138899360,MIEN_BAC,3,47000.0,2026-09-19 06:37:12
TX_0003432,KH_20366,SP_253348023,MIEN_NAM,1,46000.0,2025-10-21 07:02:35
TX_0003438,KH_20209,SP_254019066,MIEN_BAC,2,600000.0,2026-02-28 08:39:27
TX_0003454,KH_20150,SP_20241668,MIEN_NAM,1,2683000.0,2026-01-15 18:46:32
TX_0003457,KH_20081,SP_249004786,MIEN_NAM,1,18000.0,2026-02-13 11:49:40
TX_0003459,KH_20360,SP_138386959,MIEN_BAC,5,28999.0,2025-02-06 18:46:34
TX_0003464,KH_20264,SP_68153910,MIEN_NAM,1,145041.0,2026-08-13 10:39:54
TX_0003465,KH_20425,SP_138661920,MIEN_BAC,4,59000.0,2026-07-08 16:31:04
TX_0003471,KH_20420,SP_22165365,MIEN_NAM,1,388000.0,2025-05-02 14:17:57
TX_0003475,KH_20101,SP_185978198,MIEN_NAM,2,455000.0,2025-11-15 23:26:29
TX_0003476,KH_20001,SP_198430776,MIEN_NAM,1,750000.0,2025-08-12 06:04:34
TX_0003477,KH_20382,SP_217267294,MIEN_NAM,8,695000.0,2025-06-19 14:45:32
TX_0003481,KH_20264,SP_138624016,MIEN_BAC,3,79000.0,2025-09-20 02:19:58
TX_0003486,KH_20153,SP_196346896,MIEN_NAM,1,49000.0,2025-04-05 20:52:33
TX_0003487,KH_20185,SP_207419440,MIEN_NAM,1,110000.0,2026-04-02 10:14:58
TX_0003488,KH_20113,SP_149526380,MIEN_NAM,1,71500.0,2026-05-10 04:56:05
TX_0003489,KH_20140,SP_253146874,MIEN_NAM,2,2100000.0,2026-04-29 05:48:22
TX_0003493,KH_20241,SP_170247381,MIEN_NAM,2,15000.0,2026-04-28 07:51:40
TX_0003494,KH_20352,SP_49128733,MIEN_BAC,1,419000.0,2025-06-11 04:42:47
TX_0003496,KH_20323,SP_121490970,MIEN_BAC,2,319000.0,2026-02-22 10:40:31
TX_0003497,KH_20398,SP_153978895,MIEN_NAM,1,577500.0,2025-02-07 02:47:45
TX_0003500,KH_20225,SP_145134818,MIEN_NAM,2,279000.0,2025-10-23 02:26:50
TX_0003503,KH_20421,SP_195950344,MIEN_NAM,1,422000.0,2025-03-09 01:04:26
TX_0003504,KH_20319,SP_121330153,MIEN_NAM,1,10000.0,2025-10-10 21:17:39
TX_0003506,KH_20131,SP_248635827,MIEN_NAM,1,149000.0,2026-06-14 17:56:42
TX_0003509,KH_20443,SP_138623898,MIEN_NAM,3,79000.0,2025-02-03 04:10:09
TX_0003511,KH_20484,SP_197366553,MIEN_NAM,8,45000.0,2026-01-01 15:47:04
TX_0003512,KH_20229,SP_213977313,MIEN_NAM,1,189050.0,2026-05-23 15:25:19
TX_0003513,KH_20096,SP_140429400,MIEN_TRUNG,1,25000.0,2026-01-23 00:18:33
TX_0003517,KH_20093,SP_173869110,MIEN_BAC,1,79900.0,2026-01-16 23:11:14
TX_0003519,KH_20091,SP_263026372,MIEN_NAM,1,1500.0,2025-06-02 14:45:31
TX_0003523,KH_20057,SP_184126082,MIEN_BAC,3,351000.0,2025-08-21 13:30:10
TX_0003527,KH_20113,SP_150946675,MIEN_BAC,1,490000.0,2025-06-27 07:23:10
TX_0003530,KH_20382,SP_251777698,MIEN_NAM,4,405000.0,2026-02-03 21:57:56
TX_0003531,KH_20044,SP_38076221,MIEN_BAC,2,1039500.0,2026-04-10 10:40:08
TX_0003539,KH_20182,SP_19328019,MIEN_BAC,1,54862.0,2026-05-04 13:10:49
TX_0003543,KH_20336,SP_115740385,MIEN_NAM,2,30000.0,2025-07-21 21:54:20
TX_0003547,KH_20056,SP_186843254,MIEN_BAC,3,187000.0,2026-02-10 14:30:00
TX_0003548,KH_20431,SP_21459829,MIEN_NAM,1,177450.0,2025-02-24 16:22:37
TX_0003552,KH_20112,SP_24846555,MIEN_TRUNG,2,186340.0,2026-06-25 06:55:41
TX_0003555,KH_20042,SP_177586172,MIEN_BAC,1,121221.0,2025-03-28 00:16:43
TX_0003556,KH_20170,SP_190681337,MIEN_NAM,2,59000.0,2025-09-08 15:26:42
TX_0003558,KH_20334,SP_41793235,MIEN_TRUNG,1,36000.0,2026-03-06 01:21:29
TX_0003562,KH_20403,SP_99100824,MIEN_BAC,4,240000.0,2026-07-13 06:28:25
TX_0003568,KH_20273,SP_68616418,MIEN_NAM,1,499000.0,2025-08-31 22:34:00
TX_0003577,KH_20443,SP_216202817,MIEN_NAM,1,184500.0,2026-03-08 23:57:05
TX_0003583,KH_20045,SP_263026372,MIEN_NAM,1,1500.0,2026-05-04 03:23:07
TX_0003586,KH_20443,SP_168495231,MIEN_NAM,1,422100.0,2026-05-18 19:45:29
TX_0003590,KH_20370,SP_263025565,MIEN_NAM,1,1000.0,2026-08-24 23:34:48
TX_0003593,KH_20211,SP_134229804,MIEN_NAM,1,315810.0,2026-08-27 08:12:56
TX_0003596,KH_20217,SP_205081783,MIEN_BAC,1,477000.0,2026-02-15 02:30:15
TX_0003597,KH_20256,SP_78955800,MIEN_NAM,8,388000.0,2026-06-03 20:34:47
TX_0003600,KH_20294,SP_2229669,MIEN_NAM,1,540000.0,2026-01-21 21:35:57
TX_0003602,KH_20048,SP_253043401,MIEN_BAC,2,320000.0,2026-09-07 04:02:22
TX_0003607,KH_20339,SP_178052721,MIEN_BAC,4,105000.0,2025-02-05 08:57:41
TX_0003612,KH_20025,SP_16326485,MIEN_BAC,2,64000.0,2025-09-20 08:24:20
TX_0003614,KH_20174,SP_79166480,MIEN_NAM,1,49000.0,2025-03-11 16:34:59
TX_0003617,KH_20477,SP_263025426,MIEN_NAM,2,45000.0,2026-07-11 05:00:00
TX_0003618,KH_20285,SP_200794754,MIEN_TRUNG,1,15000.0,2025-11-28 17:35:40
TX_0003619,KH_20099,SP_49125692,MIEN_TRUNG,3,593100.0,2025-08-12 23:56:46
TX_0003627,KH_20223,SP_94587194,MIEN_NAM,1,377000.0,2025-03-11 23:09:05
TX_0003628,KH_20399,SP_172872972,MIEN_BAC,3,50000.0,2025-08-31 08:35:25
TX_0003634,KH_20411,SP_73521796,MIEN_TRUNG,1,703000.0,2025-08-19 09:17:38
TX_0003636,KH_20332,SP_31695558,MIEN_NAM,2,22400.0,2026-02-23 22:56:20
TX_0003640,KH_20108,SP_263026406,MIEN_TRUNG,2,1000.0,2025-11-05 12:40:08
TX_0003641,KH_20112,SP_217568781,MIEN_NAM,1,65000.0,2025-03-26 03:07:08
TX_0003642,KH_20306,SP_21747380,MIEN_NAM,2,590000.0,2025-10-26 10:43:25
TX_0003646,KH_20439,SP_194517904,MIEN_BAC,1,890000.0,2025-04-17 10:28:08
TX_0003647,KH_20072,SP_35865431,MIEN_BAC,4,120000.0,2025-09-17 11:59:01
TX_0003650,KH_20134,SP_207400947,MIEN_BAC,2,479000.0,2025-01-23 12:00:39
TX_0003652,KH_20293,SP_103616915,MIEN_NAM,1,999000.0,2025-10-24 18:01:13
TX_0003653,KH_20392,SP_20240540,MIEN_BAC,2,2174000.0,2026-02-23 09:40:32
TX_0003654,KH_20116,SP_200702327,MIEN_NAM,2,590000.0,2025-10-06 22:50:20
TX_0003656,KH_20352,SP_193195969,MIEN_NAM,1,285000.0,2026-03-12 21:07:15
TX_0003658,KH_20024,SP_208797622,MIEN_BAC,1,655000.0,2026-08-05 17:04:50
TX_0003666,KH_20324,SP_22967660,MIEN_BAC,2,66000.0,2025-02-19 13:00:04
TX_0003668,KH_20332,SP_263026861,MIEN_TRUNG,2,2500.0,2025-02-17 20:16:03
TX_0003669,KH_20297,SP_190467042,MIEN_BAC,1,230000.0,2026-05-16 11:51:56
TX_0003670,KH_20121,SP_207419440,MIEN_NAM,1,110000.0,2025-05-23 01:19:07
TX_0003672,KH_20017,SP_76202712,MIEN_BAC,1,56600.0,2026-04-12 19:22:10
TX_0003677,KH_20052,SP_196759727,MIEN_BAC,1,660000.0,2025-08-23 05:13:08
TX_0003678,KH_20243,SP_49346246,MIEN_TRUNG,4,105000.0,2025-02-20 03:56:53
TX_0003682,KH_20402,SP_199103181,MIEN_NAM,1,839000.0,2026-08-17 13:17:59
TX_0003689,KH_20181,SP_253145813,MIEN_NAM,1,5400000.0,2026-04-12 11:23:36
TX_0003703,KH_20021,SP_5464845,MIEN_BAC,3,1859000.0,2025-07-02 19:05:14
TX_0003705,KH_20321,SP_252037063,MIEN_TRUNG,1,27000.0,2025-02-08 19:21:24
TX_0003706,KH_20108,SP_248544248,MIEN_BAC,1,399000.0,2026-09-21 03:32:30
TX_0003707,KH_20007,SP_57138134,MIEN_BAC,3,649000.0,2026-06-08 11:28:15
TX_0003709,KH_20108,SP_68752056,MIEN_NAM,1,570000.0,2025-06-18 03:02:48
TX_0003710,KH_20297,SP_181774663,MIEN_NAM,1,1249000.0,2026-01-04 03:16:04
TX_0003711,KH_20337,SP_71671585,MIEN_NAM,1,989000.0,2025-11-07 22:21:40
TX_0003713,KH_20034,SP_235879357,MIEN_BAC,1,1299000.0,2026-08-22 11:00:05
TX_0003715,KH_20004,SP_27880972,MIEN_BAC,3,51450.0,2025-03-30 20:14:43
TX_0003716,KH_20002,SP_219140473,MIEN_BAC,1,355500.0,2025-01-06 09:56:01
TX_0003720,KH_20037,SP_163315130,MIEN_TRUNG,1,3980000.0,2026-01-07 20:57:55
TX_0003724,KH_20007,SP_173252192,MIEN_NAM,1,66300.0,2026-08-11 12:52:39
TX_0003725,KH_20045,SP_910724,MIEN_TRUNG,1,99000.0,2025-01-23 18:56:32
TX_0003729,KH_20460,SP_251274640,MIEN_BAC,1,330000.0,2025-12-31 00:36:33
TX_0003734,KH_20190,SP_162214361,MIEN_TRUNG,8,580000.0,2025-02-26 20:00:07
TX_0003738,KH_20045,SP_146728934,MIEN_NAM,3,71000.0,2025-01-19 11:35:45
TX_0003739,KH_20153,SP_208185507,MIEN_BAC,2,190000.0,2025-09-22 22:39:29
TX_0003745,KH_20270,SP_214092751,MIEN_NAM,5,129000.0,2026-03-25 11:35:48
TX_0003747,KH_20182,SP_213974328,MIEN_NAM,3,1560000.0,2026-08-26 14:56:06
TX_0003748,KH_20015,SP_212559552,MIEN_NAM,2,50000.0,2026-05-23 16:22:26
TX_0003753,KH_20001,SP_81110759,MIEN_NAM,3,10000.0,2025-12-15 20:04:01
TX_0003758,KH_20317,SP_253072492,MIEN_BAC,2,27000.0,2025-07-25 05:16:11
TX_0003759,KH_20443,SP_171554622,MIEN_BAC,8,44400.0,2026-09-12 18:29:07
TX_0003760,KH_20284,SP_15948681,MIEN_NAM,1,36900.0,2025-07-25 01:52:08
TX_0003761,KH_20307,SP_90533052,MIEN_NAM,2,448200.0,2026-06-08 06:42:38
TX_0003763,KH_20106,SP_248800106,MIEN_NAM,3,69000.0,2025-07-27 16:48:44
TX_0003766,KH_20278,SP_195694462,MIEN_NAM,1,292000.0,2025-06-17 00:10:59
TX_0003767,KH_20337,SP_193596265,MIEN_NAM,2,650000.0,2026-05-01 19:09:15
TX_0003773,KH_20421,SP_160753875,MIEN_BAC,5,720000.0,2026-01-29 01:35:56
TX_0003774,KH_20216,SP_45623475,MIEN_NAM,3,41943.0,2025-12-19 01:09:35
TX_0003775,KH_20205,SP_263063126,MIEN_NAM,2,24000.0,2025-01-17 20:54:18
TX_0003781,KH_20271,SP_168496299,MIEN_BAC,2,420224.0,2025-11-20 15:06:23
TX_0003785,KH_20007,SP_138624016,MIEN_BAC,2,79000.0,2026-01-28 00:43:00
TX_0003786,KH_20402,SP_199103607,MIEN_NAM,2,559000.0,2026-04-28 13:16:55
TX_0003789,KH_20046,SP_163871144,MIEN_NAM,3,39000.0,2026-03-09 23:37:52
TX_0003792,KH_20257,SP_103619149,MIEN_BAC,4,329000.0,2025-02-05 02:27:41
TX_0003796,KH_20287,SP_111821157,MIEN_NAM,3,17000.0,2026-06-11 23:59:34
TX_0003798,KH_20346,SP_241892028,MIEN_BAC,4,79000.0,2026-09-13 19:01:42
TX_0003803,KH_20482,SP_35189065,MIEN_NAM,1,1155000.0,2026-04-17 12:24:26
TX_0003807,KH_20471,SP_176218409,MIEN_BAC,1,209000.0,2026-01-31 18:20:07
TX_0003811,KH_20048,SP_187156916,MIEN_NAM,1,278000.0,2025-02-25 06:14:07
TX_0003812,KH_20065,SP_205405630,MIEN_NAM,2,19000.0,2025-07-27 21:06:17
TX_0003820,KH_20077,SP_2549507,MIEN_BAC,3,297900.0,2025-07-27 18:15:15
TX_0003831,KH_20370,SP_242019690,MIEN_NAM,1,6800000.0,2025-10-04 09:18:47
TX_0003832,KH_20187,SP_149415334,MIEN_BAC,5,650000.0,2025-12-19 03:27:29
TX_0003834,KH_20085,SP_163871063,MIEN_NAM,3,179000.0,2026-04-09 04:52:17
TX_0003835,KH_20341,SP_263027191,MIEN_NAM,1,1200.0,2025-01-22 08:32:17
TX_0003839,KH_20247,SP_214636471,MIEN_BAC,2,68000.0,2026-04-01 03:39:53
TX_0003841,KH_20282,SP_162563204,MIEN_BAC,1,189000.0,2025-03-31 14:39:21
TX_0003845,KH_20345,SP_263027081,MIEN_NAM,1,3500.0,2026-01-31 20:15:46
TX_0003851,KH_20157,SP_68767421,MIEN_NAM,4,570000.0,2025-04-04 09:15:08
TX_0003852,KH_20396,SP_143997543,MIEN_NAM,1,25000.0,2026-02-17 08:33:41
TX_0003854,KH_20070,SP_3006993,MIEN_BAC,1,159000.0,2026-01-22 11:48:19
TX_0003856,KH_20245,SP_253074741,MIEN_BAC,1,27000.0,2026-04-02 06:57:33
TX_0003859,KH_20468,SP_217168183,MIEN_NAM,1,69500.0,2025-11-27 21:55:53
TX_0003861,KH_20062,SP_160205765,MIEN_NAM,5,169000.0,2026-05-27 10:31:49
TX_0003863,KH_20291,SP_90324667,MIEN_BAC,1,51000.0,2025-04-06 23:10:17
TX_0003866,KH_20087,SP_173867551,MIEN_NAM,1,79900.0,2026-01-06 14:41:25
TX_0003874,KH_20159,SP_200795273,MIEN_NAM,4,550000.0,2025-06-19 09:04:16
TX_0003875,KH_20464,SP_89944064,MIEN_BAC,1,28600.0,2026-09-14 12:40:45
TX_0003881,KH_20221,SP_157828713,MIEN_TRUNG,1,370500.0,2026-08-10 07:40:08
TX_0003882,KH_20486,SP_78629458,MIEN_NAM,4,729000.0,2026-02-24 11:54:31
TX_0003888,KH_20103,SP_168464711,MIEN_BAC,4,70000.0,2025-11-13 06:12:41
TX_0003889,KH_20328,SP_206675652,MIEN_NAM,1,25000.0,2026-01-14 19:18:39
TX_0003890,KH_20041,SP_192151159,MIEN_NAM,2,250000.0,2025-05-01 08:10:32
TX_0003899,KH_20309,SP_4266309,MIEN_BAC,3,55000.0,2026-04-16 23:47:14
TX_0003901,KH_20460,SP_177559174,MIEN_NAM,2,449000.0,2025-05-28 18:59:29
TX_0003908,KH_20327,SP_213559507,MIEN_NAM,3,15000.0,2026-08-05 21:36:59
TX_0003911,KH_20256,SP_205694412,MIEN_TRUNG,1,130000.0,2025-07-26 10:55:17
TX_0003914,KH_20238,SP_114688579,MIEN_NAM,3,20000.0,2025-03-26 20:56:20
TX_0003922,KH_20479,SP_72770584,MIEN_TRUNG,1,215496.0,2026-09-17 01:02:50
TX_0003926,KH_20356,SP_249694485,MIEN_BAC,2,1965600.0,2025-07-30 01:35:04
TX_0003929,KH_20343,SP_263202992,MIEN_BAC,1,513000.0,2026-09-20 01:39:03
TX_0003931,KH_20212,SP_135537905,MIEN_NAM,2,9000.0,2026-08-31 21:06:04
TX_0003936,KH_20212,SP_182838296,MIEN_NAM,4,985000.0,2026-08-28 05:35:58
TX_0003941,KH_20372,SP_247972660,MIEN_BAC,5,89000.0,2026-07-12 09:52:45
TX_0003944,KH_20403,SP_263062623,MIEN_NAM,1,20000.0,2025-04-01 01:49:53
TX_0003946,KH_20474,SP_263026393,MIEN_TRUNG,3,1000.0,2026-05-25 23:08:08
TX_0003948,KH_20012,SP_252174136,MIEN_NAM,1,389000.0,2025-04-29 22:03:07
TX_0003949,KH_20205,SP_101155192,MIEN_BAC,1,69000.0,2026-01-04 10:49:00
TX_0003950,KH_20413,SP_176610211,MIEN_NAM,3,65000.0,2025-11-20 01:14:38
TX_0003955,KH_20458,SP_72013733,MIEN_BAC,2,79200.0,2026-07-13 17:31:07
TX_0003956,KH_20484,SP_138385893,MIEN_NAM,1,26999.0,2026-01-04 10:44:36
TX_0003957,KH_20200,SP_169000412,MIEN_NAM,1,199000.0,2025-09-01 20:00:01
TX_0003959,KH_20378,SP_141474174,MIEN_NAM,1,58000.0,2026-04-06 09:08:12
TX_0003962,KH_20420,SP_124942154,MIEN_NAM,1,13500.0,2025-03-21 15:36:00
TX_0003964,KH_20214,SP_89427709,MIEN_NAM,1,9900.0,2025-09-05 16:24:03
TX_0003966,KH_20212,SP_164554574,MIEN_NAM,3,111000.0,2026-04-29 10:47:03
TX_0003969,KH_20319,SP_171766514,MIEN_NAM,2,857000.0,2025-02-17 11:42:39
TX_0003972,KH_20193,SP_225113256,MIEN_NAM,1,7900.0,2026-05-10 06:43:05
TX_0003973,KH_20081,SP_158850151,MIEN_NAM,2,12349.0,2026-04-23 00:40:02
TX_0003977,KH_20121,SP_207406605,MIEN_NAM,1,300000.0,2026-05-24 14:41:41
TX_0003979,KH_20284,SP_146729699,MIEN_NAM,1,74900.0,2026-07-07 19:42:18
TX_0003983,KH_20464,SP_176067708,MIEN_NAM,1,11858.0,2025-08-09 19:34:45
TX_0003986,KH_20246,SP_161923211,MIEN_BAC,4,891000.0,2026-02-28 20:20:45
TX_0003988,KH_20227,SP_193167426,MIEN_BAC,1,320000.0,2026-08-01 03:04:17
TX_0003992,KH_20082,SP_20241668,MIEN_NAM,2,2683000.0,2025-03-15 10:24:30
TX_0003993,KH_20236,SP_10108070,MIEN_NAM,1,1280000.0,2025-12-17 09:35:47
TX_0004001,KH_20064,SP_13158535,MIEN_TRUNG,1,81000.0,2025-03-31 23:11:50
TX_0004011,KH_20213,SP_220666690,MIEN_BAC,1,4340000.0,2025-05-14 12:24:29
TX_0004013,KH_20470,SP_96711017,MIEN_NAM,2,5100000.0,2025-09-28 09:13:39
TX_0004016,KH_20240,SP_207418557,MIEN_BAC,1,120000.0,2026-08-02 02:22:45
TX_0004017,KH_20112,SP_75762919,MIEN_NAM,1,250000.0,2026-02-24 21:51:21
TX_0004018,KH_20179,SP_138624527,MIEN_NAM,1,63000.0,2025-05-31 22:25:52
TX_0004019,KH_20088,SP_190680800,MIEN_BAC,4,62000.0,2025-04-26 21:37:37
TX_0004021,KH_20053,SP_35579070,MIEN_BAC,1,820000.0,2025-05-31 03:47:54
TX_0004025,KH_20187,SP_207936068,MIEN_TRUNG,2,10164000.0,2025-09-09 03:52:09
TX_0004026,KH_20468,SP_94157759,MIEN_NAM,1,239000.0,2025-04-05 06:33:13
TX_0004027,KH_20057,SP_51249281,MIEN_NAM,1,992000.0,2026-06-22 11:11:33
TX_0004029,KH_20447,SP_114696862,MIEN_NAM,5,28000.0,2026-04-06 00:19:06
TX_0004031,KH_20088,SP_123939703,MIEN_NAM,3,380000.0,2026-04-22 15:28:10
TX_0004034,KH_20405,SP_129147586,MIEN_TRUNG,1,701100.0,2026-02-28 22:23:49
TX_0004038,KH_20242,SP_242504242,MIEN_NAM,3,351000.0,2026-01-04 22:39:53
TX_0004039,KH_20062,SP_174665640,MIEN_TRUNG,3,949000.0,2026-01-16 13:27:32
TX_0004041,KH_20231,SP_263026042,MIEN_NAM,2,12000.0,2025-05-09 07:55:32
TX_0004044,KH_20216,SP_181998831,MIEN_BAC,1,15000.0,2026-05-13 22:44:23
TX_0004048,KH_20471,SP_74163432,MIEN_NAM,1,612000.0,2025-05-29 14:37:02
TX_0004054,KH_20481,SP_143114560,MIEN_BAC,2,390000.0,2025-11-25 06:49:16
TX_0004063,KH_20061,SP_101155669,MIEN_NAM,1,69000.0,2025-12-27 22:31:56
TX_0004067,KH_20430,SP_263107459,MIEN_NAM,5,499000.0,2026-06-03 01:40:20
TX_0004071,KH_20417,SP_184252647,MIEN_TRUNG,1,17680000.0,2025-05-03 04:12:20
TX_0004073,KH_20257,SP_263026390,MIEN_TRUNG,1,3500.0,2025-01-07 06:02:03
TX_0004074,KH_20127,SP_89661408,MIEN_NAM,2,14800.0,2026-10-06 15:01:41
TX_0004077,KH_20069,SP_194104680,MIEN_NAM,2,129000.0,2025-03-16 04:22:43
TX_0004084,KH_20483,SP_193200599,MIEN_NAM,1,270000.0,2026-08-20 02:10:50
TX_0004085,KH_20169,SP_121331481,MIEN_TRUNG,1,145000.0,2025-06-08 13:05:52
TX_0004086,KH_20139,SP_183487222,MIEN_NAM,5,308750.0,2025-08-02 15:05:29
TX_0004090,KH_20163,SP_31840634,MIEN_NAM,3,70499.0,2025-12-22 11:19:05
TX_0004092,KH_20119,SP_257867355,MIEN_NAM,4,389000.0,2026-09-13 14:29:21
TX_0004094,KH_20096,SP_174176026,MIEN_NAM,1,49000.0,2025-01-15 14:18:15
TX_0004097,KH_20134,SP_170649389,MIEN_TRUNG,4,59000.0,2026-06-22 23:53:35
TX_0004098,KH_20466,SP_19760057,MIEN_BAC,1,869000.0,2026-02-21 07:09:26
TX_0004101,KH_20213,SP_263026058,MIEN_NAM,1,2000.0,2025-02-01 08:28:06
TX_0004107,KH_20443,SP_74421679,MIEN_BAC,1,949050.0,2025-05-19 01:28:42
TX_0004113,KH_20478,SP_103031452,MIEN_NAM,2,300000.0,2026-07-17 22:57:12
TX_0004118,KH_20168,SP_41794061,MIEN_NAM,3,23513.0,2026-02-21 22:18:17
TX_0004119,KH_20241,SP_12728380,MIEN_TRUNG,3,35000.0,2026-05-10 10:15:57
TX_0004120,KH_20056,SP_263027424,MIEN_BAC,4,2000.0,2026-05-17 04:07:21
TX_0004121,KH_20173,SP_45999915,MIEN_BAC,2,200000.0,2025-11-07 13:22:18
TX_0004124,KH_20449,SP_177561335,MIEN_NAM,4,459000.0,2025-07-28 00:30:41
TX_0004126,KH_20093,SP_193003948,MIEN_BAC,1,69000.0,2025-03-22 04:28:04
TX_0004127,KH_20115,SP_192259615,MIEN_NAM,1,39000.0,2026-09-25 12:51:05
TX_0004129,KH_20449,SP_191777680,MIEN_NAM,2,850000.0,2025-02-18 10:21:41
TX_0004131,KH_20434,SP_263025592,MIEN_BAC,4,15000.0,2025-06-01 19:51:40
TX_0004133,KH_20220,SP_168499238,MIEN_BAC,1,420000.0,2025-03-31 08:41:48
TX_0004140,KH_20095,SP_253072571,MIEN_TRUNG,1,38000.0,2025-02-10 14:32:09
TX_0004141,KH_20064,SP_33337444,MIEN_BAC,2,188825.0,2026-05-18 18:12:59
TX_0004156,KH_20217,SP_198511771,MIEN_BAC,2,1200000.0,2025-06-26 20:37:09
TX_0004160,KH_20147,SP_159035535,MIEN_BAC,1,219000.0,2025-02-11 21:28:03
TX_0004161,KH_20177,SP_263026045,MIEN_NAM,1,1000.0,2025-02-27 17:20:16
TX_0004162,KH_20062,SP_999891,MIEN_TRUNG,3,179000.0,2026-07-03 14:34:16
TX_0004163,KH_20142,SP_135111833,MIEN_NAM,2,62900.0,2025-09-30 13:46:53
TX_0004164,KH_20050,SP_253172101,MIEN_TRUNG,2,2500000.0,2025-03-29 10:12:26
TX_0004167,KH_20426,SP_191469174,MIEN_BAC,1,945000.0,2026-05-22 18:03:23
TX_0004174,KH_20014,SP_15855202,MIEN_NAM,1,50000.0,2025-04-13 02:53:51
TX_0004175,KH_20489,SP_198057279,MIEN_BAC,1,19000.0,2026-01-10 09:08:38
TX_0004177,KH_20036,SP_199244647,MIEN_NAM,3,168960.0,2025-05-12 20:48:26
TX_0004183,KH_20292,SP_177274300,MIEN_NAM,5,990000.0,2026-01-25 09:09:01
TX_0004184,KH_20187,SP_148932243,MIEN_BAC,1,215000.0,2026-08-08 10:07:07
TX_0004185,KH_20398,SP_152989633,MIEN_BAC,4,12000.0,2026-01-09 15:43:39
TX_0004186,KH_20137,SP_181908917,MIEN_BAC,1,480000.0,2026-06-17 20:45:58
TX_0004187,KH_20165,SP_205242472,MIEN_NAM,2,220221.0,2025-04-09 17:29:00
TX_0004190,KH_20207,SP_257864003,MIEN_BAC,2,45500.0,2026-05-23 05:12:20
TX_0004197,KH_20159,SP_193964675,MIEN_NAM,1,220000.0,2026-04-11 12:33:11
TX_0004198,KH_20281,SP_87930461,MIEN_NAM,1,127360.0,2025-01-24 19:05:12
TX_0004199,KH_20061,SP_74188633,MIEN_NAM,2,68000.0,2025-01-29 23:40:17
TX_0004200,KH_20413,SP_181378997,MIEN_NAM,2,2190000.0,2025-04-30 17:22:10
TX_0004201,KH_20178,SP_208256031,MIEN_TRUNG,1,520000.0,2026-03-17 18:50:38
TX_0004202,KH_20391,SP_263026776,MIEN_BAC,1,3800.0,2025-04-10 12:30:40
TX_0004206,KH_20433,SP_263025793,MIEN_TRUNG,2,4000.0,2026-08-15 12:15:44
TX_0004210,KH_20455,SP_255356354,MIEN_NAM,2,210000.0,2025-08-01 02:41:32
TX_0004217,KH_20452,SP_125568712,MIEN_BAC,4,330000.0,2026-10-07 05:06:07
TX_0004219,KH_20066,SP_194568336,MIEN_NAM,2,10440000.0,2025-12-01 23:55:57
TX_0004220,KH_20213,SP_169847963,MIEN_BAC,1,150000.0,2026-02-16 08:56:22
TX_0004222,KH_20114,SP_186279143,MIEN_NAM,3,2790000.0,2025-07-12 04:31:37
TX_0004230,KH_20044,SP_173733798,MIEN_BAC,2,34000.0,2025-08-11 13:12:52
TX_0004231,KH_20079,SP_177567926,MIEN_NAM,1,320279.0,2025-12-16 12:24:23
TX_0004233,KH_20460,SP_44139086,MIEN_BAC,2,47000.0,2026-09-13 09:29:18
TX_0004236,KH_20264,SP_58374882,MIEN_BAC,3,2270000.0,2025-12-18 20:46:02
TX_0004248,KH_20458,SP_100425468,MIEN_NAM,2,509000.0,2025-08-13 02:38:18
TX_0004254,KH_20405,SP_150536479,MIEN_BAC,1,38000.0,2026-08-03 02:41:40
TX_0004256,KH_20205,SP_252560964,MIEN_TRUNG,1,477000.0,2025-07-04 23:56:09
TX_0004260,KH_20097,SP_263027154,MIEN_BAC,2,110000.0,2025-12-31 17:01:01
TX_0004261,KH_20029,SP_195510187,MIEN_NAM,1,3000000.0,2025-03-07 20:59:15
TX_0004264,KH_20322,SP_263027250,MIEN_BAC,2,3500.0,2025-07-06 06:33:11
TX_0004285,KH_20294,SP_253196083,MIEN_NAM,2,5200000.0,2026-08-20 07:50:07
TX_0004286,KH_20097,SP_263025806,MIEN_TRUNG,1,2500.0,2026-08-14 08:34:58
TX_0004287,KH_20299,SP_263026696,MIEN_BAC,1,4000.0,2025-07-27 10:50:26
TX_0004294,KH_20272,SP_149337505,MIEN_NAM,1,299000.0,2025-02-02 23:08:46
TX_0004296,KH_20318,SP_148850653,MIEN_NAM,1,349000.0,2025-12-09 19:17:00
TX_0004297,KH_20251,SP_67318898,MIEN_NAM,1,450000.0,2026-04-19 01:36:34
TX_0004303,KH_20191,SP_207400947,MIEN_BAC,1,479000.0,2025-05-22 20:36:59
TX_0004305,KH_20396,SP_20018739,MIEN_NAM,3,439000.0,2025-06-17 20:09:59
TX_0004308,KH_20295,SP_145620960,MIEN_BAC,1,42000.0,2026-01-24 18:40:54
TX_0004309,KH_20187,SP_259519444,MIEN_NAM,3,185000.0,2026-08-13 07:37:57
TX_0004315,KH_20468,SP_194568336,MIEN_NAM,2,10440000.0,2025-12-03 14:23:06
TX_0004317,KH_20452,SP_181908917,MIEN_BAC,1,480000.0,2026-02-07 12:26:25
TX_0004318,KH_20398,SP_263026238,MIEN_BAC,1,45500.0,2026-03-11 07:16:03
TX_0004320,KH_20293,SP_170379047,MIEN_NAM,4,199000.0,2026-06-14 09:55:55
TX_0004323,KH_20467,SP_213588948,MIEN_NAM,2,1900000.0,2026-02-26 16:55:36
TX_0004325,KH_20200,SP_121782226,MIEN_NAM,1,60000.0,2025-10-30 15:28:53
TX_0004326,KH_20009,SP_185949682,MIEN_NAM,8,1920000.0,2026-08-23 20:40:00
TX_0004329,KH_20069,SP_81110965,MIEN_NAM,1,10000.0,2025-10-29 20:15:02
TX_0004333,KH_20048,SP_149199159,MIEN_NAM,2,385000.0,2026-01-12 23:04:26
TX_0004334,KH_20398,SP_263026203,MIEN_TRUNG,1,13000.0,2025-05-27 21:36:35
TX_0004335,KH_20242,SP_207417252,MIEN_NAM,1,60000.0,2025-04-10 05:49:33
TX_0004336,KH_20387,SP_179758715,MIEN_BAC,2,2190000.0,2025-01-21 08:17:40
TX_0004338,KH_20417,SP_168497403,MIEN_BAC,1,450240.0,2026-02-11 09:40:14
TX_0004340,KH_20375,SP_174546378,MIEN_BAC,2,384230.0,2026-08-27 04:21:43
TX_0004343,KH_20164,SP_198257013,MIEN_BAC,1,73000.0,2025-09-10 17:43:09
TX_0004344,KH_20307,SP_13297482,MIEN_NAM,1,259000.0,2025-09-21 22:21:04
TX_0004346,KH_20197,SP_177612650,MIEN_TRUNG,1,78785.0,2026-05-01 09:46:21
TX_0004347,KH_20120,SP_88861601,MIEN_NAM,2,351000.0,2025-09-20 17:46:41
TX_0004350,KH_20079,SP_35910585,MIEN_BAC,2,79000.0,2026-04-05 05:55:09
TX_0004353,KH_20406,SP_144129890,MIEN_NAM,2,61950.0,2026-02-13 07:42:36
TX_0004356,KH_20461,SP_72663598,MIEN_TRUNG,1,145000.0,2026-09-06 11:40:12
TX_0004360,KH_20167,SP_194143871,MIEN_NAM,1,440000.0,2025-04-24 03:02:09
TX_0004362,KH_20310,SP_263025978,MIEN_NAM,1,22000.0,2025-04-09 13:12:13
TX_0004368,KH_20282,SP_147708706,MIEN_NAM,5,76900.0,2026-09-29 00:57:59
TX_0004371,KH_20355,SP_252611170,MIEN_NAM,2,1000.0,2025-04-19 18:50:43
TX_0004373,KH_20294,SP_115889781,MIEN_NAM,1,60900.0,2026-02-09 16:22:51
TX_0004374,KH_20065,SP_172992829,MIEN_NAM,1,224000.0,2026-08-20 12:46:04
TX_0004375,KH_20306,SP_249672392,MIEN_BAC,1,299000.0,2025-06-30 18:43:07
TX_0004378,KH_20218,SP_213497455,MIEN_TRUNG,4,239400.0,2025-11-20 20:29:52
TX_0004381,KH_20195,SP_146492642,MIEN_NAM,1,55000.0,2026-02-21 20:34:12
TX_0004382,KH_20299,SP_57844776,MIEN_TRUNG,2,149000.0,2025-01-12 04:26:50
TX_0004386,KH_20331,SP_205673567,MIEN_TRUNG,1,284800.0,2025-06-11 06:01:08
TX_0004387,KH_20162,SP_186479879,MIEN_TRUNG,3,25000.0,2026-02-23 17:29:08
TX_0004395,KH_20056,SP_4330919,MIEN_TRUNG,2,640000.0,2025-04-20 13:53:24
TX_0004397,KH_20101,SP_4258331,MIEN_TRUNG,1,612000.0,2026-03-26 15:37:45
TX_0004400,KH_20479,SP_45634092,MIEN_NAM,1,59532.0,2025-02-19 16:27:19
TX_0004404,KH_20305,SP_206106686,MIEN_NAM,1,6990000.0,2026-01-30 20:08:11
TX_0004405,KH_20280,SP_249221065,MIEN_NAM,1,10260.0,2025-03-06 12:27:15
TX_0004408,KH_20075,SP_173867591,MIEN_BAC,1,79900.0,2025-05-18 10:41:30
TX_0004412,KH_20120,SP_198508541,MIEN_NAM,1,320000.0,2025-06-24 11:20:51
TX_0004414,KH_20414,SP_96711017,MIEN_NAM,3,5100000.0,2025-01-28 12:00:38
TX_0004415,KH_20182,SP_34226398,MIEN_BAC,2,649000.0,2025-03-01 17:36:11
TX_0004416,KH_20457,SP_105251122,MIEN_BAC,5,690000.0,2025-08-14 22:31:10
TX_0004421,KH_20230,SP_197409678,MIEN_NAM,1,750000.0,2025-09-03 07:04:57
TX_0004422,KH_20041,SP_138661559,MIEN_TRUNG,4,59000.0,2025-01-16 03:04:43
TX_0004423,KH_20268,SP_100428164,MIEN_TRUNG,1,549000.0,2026-02-18 06:58:44
TX_0004432,KH_20408,SP_170381656,MIEN_NAM,1,199000.0,2025-01-30 03:10:04
TX_0004434,KH_20217,SP_168494002,MIEN_NAM,1,637000.0,2025-03-12 10:28:33
TX_0004442,KH_20143,SP_21024671,MIEN_NAM,3,115000.0,2025-08-04 16:45:11
TX_0004444,KH_20018,SP_171510716,MIEN_BAC,2,6000.0,2025-06-01 20:16:15
TX_0004447,KH_20500,SP_250567743,MIEN_BAC,4,480000.0,2025-11-13 10:39:08
TX_0004448,KH_20140,SP_80959619,MIEN_NAM,1,74999.0,2025-02-11 15:59:20
TX_0004453,KH_20200,SP_147708706,MIEN_NAM,5,76900.0,2025-02-27 00:53:47
TX_0004454,KH_20377,SP_179944230,MIEN_NAM,1,590000.0,2026-06-22 06:29:01
TX_0004457,KH_20205,SP_248947053,MIEN_BAC,2,142500.0,2025-12-09 14:00:58
TX_0004467,KH_20074,SP_162577553,MIEN_BAC,4,56999.0,2026-04-20 21:10:52
TX_0004470,KH_20393,SP_262974179,MIEN_BAC,1,4500.0,2026-10-04 16:59:25
TX_0004471,KH_20176,SP_176217968,MIEN_BAC,1,189000.0,2026-07-22 23:39:05
TX_0004472,KH_20474,SP_200729399,MIEN_BAC,4,1490000.0,2025-05-19 17:52:33
TX_0004479,KH_20170,SP_195574029,MIEN_BAC,1,334000.0,2025-01-11 05:51:02
TX_0004483,KH_20176,SP_145550452,MIEN_NAM,1,1390000.0,2025-01-07 12:03:54
TX_0004484,KH_20297,SP_213920905,MIEN_BAC,1,888000.0,2025-06-20 12:52:16
TX_0004485,KH_20181,SP_89428544,MIEN_TRUNG,2,39000.0,2026-05-27 02:44:02
TX_0004487,KH_20087,SP_202775080,MIEN_NAM,1,70000.0,2026-02-20 08:47:04
TX_0004489,KH_20483,SP_129863094,MIEN_BAC,2,5000.0,2025-07-28 15:53:24
TX_0004492,KH_20059,SP_26025061,MIEN_BAC,2,54450.0,2026-04-25 07:02:54
TX_0004511,KH_20156,SP_249672392,MIEN_BAC,1,299000.0,2026-09-08 17:13:50
TX_0004514,KH_20350,SP_50272534,MIEN_BAC,1,608000.0,2025-11-25 08:56:04
TX_0004516,KH_20050,SP_75980161,MIEN_BAC,1,258500.0,2025-01-16 05:30:07
TX_0004517,KH_20269,SP_4799335,MIEN_NAM,1,95200.0,2025-10-20 19:13:58
TX_0004519,KH_20254,SP_263025426,MIEN_NAM,1,45000.0,2025-05-31 07:50:10
TX_0004520,KH_20151,SP_76202565,MIEN_TRUNG,1,54400.0,2026-07-15 22:31:19
TX_0004521,KH_20360,SP_102739158,MIEN_BAC,1,1882000.0,2026-01-31 23:53:47
TX_0004522,KH_20347,SP_73894235,MIEN_BAC,2,52250.0,2026-10-07 15:04:38
TX_0004524,KH_20222,SP_263026195,MIEN_BAC,1,50000.0,2025-01-23 13:05:30
TX_0004529,KH_20258,SP_999891,MIEN_TRUNG,1,179000.0,2025-12-01 05:01:18
TX_0004533,KH_20418,SP_195624273,MIEN_NAM,1,391000.0,2026-04-21 08:50:34
TX_0004541,KH_20281,SP_34536440,MIEN_NAM,2,410000.0,2025-04-13 09:11:48
TX_0004543,KH_20106,SP_179731375,MIEN_NAM,8,14250.0,2026-03-16 06:10:55
TX_0004544,KH_20195,SP_18280900,MIEN_BAC,1,38000.0,2025-03-11 14:04:19
TX_0004545,KH_20161,SP_129147557,MIEN_NAM,5,422100.0,2025-11-23 08:09:57
TX_0004547,KH_20217,SP_102909134,MIEN_NAM,2,69900.0,2025-02-18 17:04:12
TX_0004552,KH_20455,SP_248546151,MIEN_TRUNG,1,89000.0,2026-03-02 22:57:38
TX_0004553,KH_20499,SP_194020028,MIEN_BAC,1,95000.0,2025-06-10 09:09:26
TX_0004554,KH_20238,SP_80974293,MIEN_NAM,2,19000.0,2026-03-10 14:14:43
TX_0004557,KH_20448,SP_202957056,MIEN_NAM,8,15000.0,2026-07-25 22:28:36
TX_0004558,KH_20375,SP_212561916,MIEN_BAC,4,89300.0,2026-04-08 13:02:17
TX_0004562,KH_20379,SP_96621714,MIEN_NAM,1,2912000.0,2025-03-08 23:34:57
TX_0004566,KH_20112,SP_186607653,MIEN_TRUNG,4,25000.0,2025-12-21 01:00:13
TX_0004568,KH_20185,SP_21713846,MIEN_NAM,2,50000.0,2025-08-30 01:27:43
TX_0004573,KH_20328,SP_33877972,MIEN_BAC,2,139000.0,2026-08-18 15:33:08
TX_0004575,KH_20371,SP_172995784,MIEN_NAM,2,76000.0,2026-01-19 15:33:54
TX_0004579,KH_20294,SP_102607010,MIEN_TRUNG,1,129000.0,2025-10-23 03:18:07
TX_0004582,KH_20448,SP_103617922,MIEN_NAM,1,599000.0,2026-02-02 08:03:04
TX_0004583,KH_20319,SP_193200599,MIEN_NAM,1,270000.0,2025-12-28 18:53:09
TX_0004586,KH_20462,SP_122344771,MIEN_BAC,3,350000.0,2026-08-27 02:32:54
TX_0004587,KH_20221,SP_16932501,MIEN_BAC,1,477000.0,2026-09-11 20:39:57
TX_0004588,KH_20294,SP_198427176,MIEN_NAM,1,650000.0,2025-12-01 10:33:24
TX_0004592,KH_20225,SP_160205747,MIEN_NAM,5,28000.0,2026-08-21 13:15:17
TX_0004600,KH_20195,SP_215327148,MIEN_TRUNG,1,10098.0,2025-12-19 07:55:19
TX_0004605,KH_20394,SP_263026181,MIEN_NAM,2,20000.0,2025-01-22 04:02:41
TX_0004606,KH_20115,SP_20738649,MIEN_NAM,3,69000.0,2026-10-06 04:39:07
TX_0004607,KH_20136,SP_81110965,MIEN_NAM,1,10000.0,2025-09-02 11:15:58
TX_0004608,KH_20494,SP_216379232,MIEN_NAM,2,4500000.0,2025-06-26 20:37:36
TX_0004610,KH_20398,SP_143886056,MIEN_BAC,1,828000.0,2026-01-05 17:42:50
TX_0004613,KH_20233,SP_189942757,MIEN_NAM,3,290000.0,2025-03-25 07:50:23
TX_0004622,KH_20480,SP_176811934,MIEN_BAC,1,200000.0,2025-03-03 13:41:40
TX_0004625,KH_20267,SP_219140473,MIEN_BAC,1,355500.0,2025-07-22 14:34:24
TX_0004626,KH_20008,SP_133704536,MIEN_NAM,1,56000.0,2025-03-13 14:08:52
TX_0004628,KH_20314,SP_206665012,MIEN_NAM,1,24990.0,2026-08-10 17:27:21
TX_0004630,KH_20256,SP_192919733,MIEN_BAC,4,540000.0,2025-01-31 19:34:42
TX_0004632,KH_20395,SP_171510735,MIEN_BAC,1,8000.0,2026-01-26 23:29:55
TX_0004636,KH_20434,SP_191316570,MIEN_BAC,2,441000.0,2025-05-02 18:12:06
TX_0004639,KH_20330,SP_208178373,MIEN_NAM,1,455000.0,2025-10-25 01:12:55
TX_0004647,KH_20265,SP_170381656,MIEN_NAM,1,199000.0,2026-07-08 19:57:15
TX_0004648,KH_20121,SP_148932243,MIEN_BAC,1,215000.0,2026-05-05 05:53:17
TX_0004649,KH_20150,SP_23792336,MIEN_NAM,1,580000.0,2026-06-09 12:06:43
TX_0004650,KH_20162,SP_190681063,MIEN_NAM,1,59000.0,2026-06-01 06:10:39
TX_0004654,KH_20015,SP_176933378,MIEN_NAM,4,657000.0,2025-11-26 22:17:17
TX_0004655,KH_20331,SP_198077601,MIEN_BAC,1,1055000.0,2025-04-29 00:54:13
TX_0004663,KH_20464,SP_201004395,MIEN_NAM,2,801000.0,2025-09-25 04:29:35
TX_0004664,KH_20127,SP_21747380,MIEN_NAM,3,590000.0,2025-04-04 20:13:39
TX_0004665,KH_20231,SP_181218556,MIEN_NAM,1,53000.0,2025-10-12 12:46:57
TX_0004671,KH_20176,SP_135111833,MIEN_NAM,5,62900.0,2026-07-26 20:35:44
TX_0004675,KH_20109,SP_180868620,MIEN_NAM,1,20000.0,2025-10-09 18:07:39
TX_0004677,KH_20092,SP_82228106,MIEN_BAC,1,349000.0,2025-10-31 13:31:40
TX_0004684,KH_20297,SP_166329947,MIEN_NAM,1,54000.0,2025-04-18 20:32:52
TX_0004686,KH_20188,SP_168495949,MIEN_NAM,1,289842.0,2025-12-02 22:35:12
TX_0004690,KH_20394,SP_142977292,MIEN_NAM,1,21000.0,2025-10-22 07:00:17
TX_0004694,KH_20447,SP_158900664,MIEN_NAM,4,299000.0,2025-10-16 09:19:15
TX_0004697,KH_20370,SP_220678116,MIEN_BAC,1,4200000.0,2026-07-12 21:03:14
TX_0004699,KH_20114,SP_263025647,MIEN_BAC,1,375000.0,2026-06-12 12:08:48
TX_0004712,KH_20118,SP_139970736,MIEN_NAM,2,5000.0,2025-09-02 18:35:03
TX_0004716,KH_20213,SP_184500495,MIEN_BAC,1,749000.0,2025-10-26 08:15:11
TX_0004717,KH_20312,SP_4229193,MIEN_NAM,4,49000.0,2025-07-23 01:26:04
TX_0004723,KH_20072,SP_253072571,MIEN_TRUNG,3,38000.0,2026-05-12 10:57:14
TX_0004725,KH_20230,SP_122344778,MIEN_TRUNG,4,319000.0,2025-09-22 21:23:57
TX_0004726,KH_20440,SP_186843254,MIEN_BAC,1,187000.0,2025-10-18 11:04:43
TX_0004728,KH_20477,SP_976121,MIEN_NAM,1,550000.0,2025-07-30 00:18:16
TX_0004731,KH_20179,SP_138899360,MIEN_BAC,3,47000.0,2025-10-03 08:22:06
TX_0004733,KH_20326,SP_187641694,MIEN_BAC,1,520000.0,2026-03-04 05:00:21
TX_0004735,KH_20061,SP_75706245,MIEN_TRUNG,1,76850.0,2026-08-27 08:33:58
TX_0004737,KH_20127,SP_249085059,MIEN_NAM,3,145000.0,2025-07-15 14:25:55
TX_0004739,KH_20013,SP_166332330,MIEN_TRUNG,2,53000.0,2026-01-22 19:55:59
TX_0004741,KH_20227,SP_166353180,MIEN_NAM,4,53000.0,2026-04-09 15:30:22
TX_0004743,KH_20177,SP_149568494,MIEN_BAC,2,239000.0,2025-07-03 21:25:44
TX_0004746,KH_20059,SP_71519142,MIEN_NAM,1,616000.0,2025-08-23 19:17:11
TX_0004748,KH_20228,SP_244131835,MIEN_NAM,1,55000.0,2025-06-21 08:17:00
TX_0004749,KH_20500,SP_200795079,MIEN_BAC,3,69000.0,2025-10-27 03:52:10
TX_0004750,KH_20431,SP_198817962,MIEN_NAM,3,125000.0,2026-05-04 00:24:23
TX_0004759,KH_20133,SP_170650108,MIEN_BAC,1,59000.0,2025-02-25 09:20:20
TX_0004761,KH_20136,SP_58249242,MIEN_BAC,3,120000.0,2025-08-11 08:09:08
TX_0004763,KH_20208,SP_146905522,MIEN_BAC,1,348000.0,2026-05-21 08:03:57
TX_0004766,KH_20094,SP_910724,MIEN_TRUNG,1,99000.0,2025-08-04 17:41:25
TX_0004768,KH_20421,SP_263026109,MIEN_TRUNG,1,4000.0,2025-08-22 07:38:55
TX_0004771,KH_20014,SP_190681076,MIEN_NAM,1,69000.0,2026-07-17 08:44:37
TX_0004773,KH_20367,SP_208413172,MIEN_BAC,2,80000.0,2025-11-20 05:19:34
TX_0004775,KH_20082,SP_263107459,MIEN_NAM,1,499000.0,2025-04-29 07:25:56
TX_0004776,KH_20047,SP_195177689,MIEN_NAM,1,39000.0,2025-05-09 09:44:42
TX_0004777,KH_20335,SP_113499949,MIEN_BAC,4,4581000.0,2025-11-01 15:54:17
TX_0004778,KH_20310,SP_198303847,MIEN_BAC,1,40000.0,2025-09-26 07:51:00
TX_0004781,KH_20471,SP_250103263,MIEN_NAM,1,1139000.0,2025-01-12 23:03:49
TX_0004782,KH_20146,SP_139192101,MIEN_BAC,1,59000.0,2025-03-10 18:18:22
TX_0004784,KH_20236,SP_72046668,MIEN_NAM,2,388000.0,2026-05-03 06:27:32
TX_0004786,KH_20335,SP_253377324,MIEN_BAC,8,399000.0,2026-09-10 04:35:12
TX_0004787,KH_20343,SP_253347953,MIEN_BAC,3,37000.0,2026-02-26 01:47:26
TX_0004788,KH_20071,SP_36775381,MIEN_BAC,2,35000.0,2026-07-10 03:17:35
TX_0004789,KH_20285,SP_135537904,MIEN_BAC,1,12000.0,2025-09-26 02:02:06
TX_0004791,KH_20012,SP_195569932,MIEN_BAC,5,50000.0,2026-07-05 17:09:09
TX_0004793,KH_20317,SP_153978779,MIEN_NAM,2,1897500.0,2026-01-24 22:23:02
TX_0004794,KH_20129,SP_201677793,MIEN_NAM,2,220000.0,2025-03-28 19:51:45
TX_0004795,KH_20402,SP_198270956,MIEN_TRUNG,2,80000.0,2025-04-19 23:09:33
TX_0004797,KH_20306,SP_140347898,MIEN_BAC,2,69000.0,2026-07-14 23:04:35
TX_0004800,KH_20337,SP_19991507,MIEN_BAC,2,18000.0,2025-06-12 09:09:08
TX_0004801,KH_20485,SP_205335870,MIEN_TRUNG,1,6180000.0,2025-10-27 20:50:38
TX_0004806,KH_20269,SP_138661689,MIEN_NAM,1,59000.0,2025-07-22 12:00:58
TX_0004807,KH_20121,SP_187009931,MIEN_NAM,1,500000.0,2025-03-06 02:50:24
TX_0004810,KH_20256,SP_248544248,MIEN_BAC,1,399000.0,2026-02-09 13:09:07
TX_0004814,KH_20493,SP_215197915,MIEN_TRUNG,1,41000.0,2025-09-26 22:52:54
TX_0004815,KH_20354,SP_147487728,MIEN_NAM,2,32000.0,2026-05-16 16:15:37
TX_0004819,KH_20379,SP_96079749,MIEN_NAM,1,25000.0,2026-09-21 10:22:48
TX_0004822,KH_20119,SP_177559174,MIEN_NAM,4,449000.0,2026-05-21 20:22:33
TX_0004823,KH_20135,SP_247972660,MIEN_BAC,3,89000.0,2026-05-15 15:53:12
TX_0004824,KH_20017,SP_179731411,MIEN_BAC,1,65550.0,2025-06-04 21:32:51
TX_0004829,KH_20089,SP_85920801,MIEN_BAC,3,39000.0,2025-11-28 08:00:39
TX_0004832,KH_20242,SP_138661954,MIEN_NAM,1,59000.0,2025-09-18 05:09:12
TX_0004834,KH_20240,SP_136074033,MIEN_BAC,1,69800.0,2025-04-10 15:33:37
TX_0004838,KH_20471,SP_170601088,MIEN_BAC,2,29000.0,2026-06-09 20:06:08
TX_0004841,KH_20277,SP_191575965,MIEN_BAC,1,1815000.0,2025-12-21 14:40:46
TX_0004844,KH_20110,SP_47869068,MIEN_NAM,5,769000.0,2025-01-23 10:17:03
TX_0004845,KH_20333,SP_179176306,MIEN_BAC,3,1489000.0,2026-03-28 07:13:22
TX_0004846,KH_20191,SP_19756963,MIEN_BAC,3,170000.0,2025-11-29 19:18:20
TX_0004851,KH_20227,SP_263027445,MIEN_NAM,8,3000.0,2025-05-15 05:17:15
TX_0004860,KH_20181,SP_159035535,MIEN_BAC,1,219000.0,2026-06-01 06:49:30
TX_0004861,KH_20445,SP_143888773,MIEN_TRUNG,2,598800.0,2025-03-03 02:18:23
TX_0004864,KH_20385,SP_185978071,MIEN_NAM,2,441000.0,2025-07-21 17:37:48
TX_0004866,KH_20194,SP_193702117,MIEN_NAM,1,69000.0,2026-09-27 21:47:35
TX_0004868,KH_20024,SP_146945982,MIEN_NAM,1,250000.0,2026-03-26 17:58:55
TX_0004869,KH_20223,SP_208631974,MIEN_NAM,2,44750.0,2025-08-15 23:29:48
TX_0004872,KH_20490,SP_82496924,MIEN_NAM,3,55000.0,2026-10-02 04:17:14
TX_0004873,KH_20091,SP_262974163,MIEN_BAC,1,8000.0,2025-01-16 05:29:10
TX_0004875,KH_20423,SP_90648841,MIEN_NAM,1,531000.0,2026-04-15 19:01:21
TX_0004877,KH_20280,SP_171510759,MIEN_NAM,1,3500.0,2026-02-11 23:38:39
TX_0004878,KH_20444,SP_103616185,MIEN_BAC,1,1199000.0,2025-05-19 06:40:03
TX_0004880,KH_20458,SP_145627104,MIEN_NAM,2,65750.0,2025-11-14 23:58:58
TX_0004882,KH_20113,SP_116801461,MIEN_NAM,1,45000.0,2025-12-26 23:35:36
TX_0004884,KH_20105,SP_216473204,MIEN_NAM,1,3500000.0,2025-01-06 16:08:04
TX_0004887,KH_20031,SP_175780881,MIEN_BAC,3,12840.0,2025-10-06 09:13:04
TX_0004889,KH_20480,SP_199648564,MIEN_NAM,2,785000.0,2025-02-22 09:31:07
TX_0004890,KH_20046,SP_253113184,MIEN_NAM,1,135000.0,2026-05-12 18:30:29
TX_0004893,KH_20207,SP_145626923,MIEN_NAM,2,44750.0,2026-08-10 13:51:28
TX_0004894,KH_20443,SP_34226398,MIEN_BAC,3,649000.0,2026-07-26 02:18:29
TX_0004897,KH_20482,SP_146493295,MIEN_BAC,1,85000.0,2026-10-03 05:42:54
TX_0004901,KH_20078,SP_120550501,MIEN_TRUNG,4,39000.0,2026-07-29 06:31:43
TX_0004905,KH_20277,SP_131903652,MIEN_NAM,2,5030000.0,2026-08-03 08:36:48
TX_0004907,KH_20494,SP_204027426,MIEN_NAM,1,755000.0,2026-07-30 01:25:14
TX_0004909,KH_20267,SP_192134657,MIEN_NAM,1,520000.0,2025-09-01 19:04:36
TX_0004921,KH_20465,SP_17009704,MIEN_NAM,3,108000.0,2025-03-21 07:56:41
TX_0004932,KH_20088,SP_212474358,MIEN_NAM,5,31500.0,2025-03-24 08:38:57
TX_0004934,KH_20462,SP_193684971,MIEN_NAM,1,2380000.0,2025-09-17 17:29:27
TX_0004940,KH_20305,SP_111106691,MIEN_BAC,2,175000.0,2025-12-26 08:47:27
TX_0004944,KH_20332,SP_110164651,MIEN_BAC,1,22800.0,2026-03-02 11:37:57
TX_0004950,KH_20295,SP_198511771,MIEN_BAC,2,1200000.0,2026-06-08 19:27:09
TX_0004959,KH_20162,SP_50273977,MIEN_NAM,1,44000.0,2025-06-06 22:41:40
TX_0004965,KH_20011,SP_71087115,MIEN_BAC,8,104500.0,2026-01-19 03:46:04
TX_0004966,KH_20133,SP_28911130,MIEN_NAM,1,29500.0,2025-01-24 10:12:48
TX_0004969,KH_20047,SP_249152994,MIEN_NAM,2,1099000.0,2026-05-07 02:04:13
TX_0004971,KH_20314,SP_263027016,MIEN_NAM,1,15000.0,2025-06-26 17:59:21
TX_0004975,KH_20263,SP_205257951,MIEN_NAM,5,299000.0,2025-03-21 22:56:05
TX_0004982,KH_20216,SP_195287279,MIEN_NAM,2,243000.0,2025-07-04 01:22:09
TX_0004983,KH_20262,SP_206713700,MIEN_BAC,1,3690000.0,2025-07-06 21:39:25
TX_0004985,KH_20445,SP_195964860,MIEN_NAM,2,45000.0,2026-05-28 06:18:55
TX_0004986,KH_20242,SP_263026150,MIEN_BAC,8,42000.0,2025-12-24 20:06:52
TX_0004988,KH_20446,SP_170650161,MIEN_NAM,1,123700.0,2025-11-24 18:08:49
TX_0004990,KH_20232,SP_204297975,MIEN_BAC,5,210000.0,2026-07-19 22:19:08
TX_0004996,KH_20155,SP_179731621,MIEN_BAC,1,65550.0,2026-05-18 23:07:28
TX_0005003,KH_20197,SP_160213612,MIEN_NAM,5,74000.0,2025-06-03 11:55:49
TX_0005010,KH_20360,SP_173867565,MIEN_BAC,3,79900.0,2026-01-07 17:06:57
TX_0005012,KH_20438,SP_252623542,MIEN_TRUNG,1,65000.0,2025-06-18 22:00:52
TX_0005019,KH_20415,SP_263027106,MIEN_TRUNG,1,25000.0,2026-02-10 15:44:11
TX_0005020,KH_20374,SP_20880298,MIEN_NAM,4,75000.0,2025-10-05 01:36:33
TX_0005022,KH_20195,SP_248277414,MIEN_NAM,2,567000.0,2026-08-15 22:51:33
TX_0005023,KH_20468,SP_32980009,MIEN_BAC,1,1099000.0,2025-06-25 23:35:01
TX_0005024,KH_20034,SP_190681119,MIEN_BAC,1,79000.0,2025-06-19 00:54:34
TX_0005026,KH_20345,SP_263026464,MIEN_TRUNG,4,45000.0,2026-03-27 22:47:24
TX_0005029,KH_20163,SP_196002059,MIEN_BAC,2,499000.0,2025-11-01 16:08:07
TX_0005039,KH_20273,SP_135092473,MIEN_NAM,2,79900.0,2025-12-09 22:29:14
TX_0005040,KH_20111,SP_94173605,MIEN_NAM,3,329000.0,2025-03-27 04:50:06
TX_0005045,KH_20186,SP_169928181,MIEN_NAM,2,18430.0,2026-07-04 03:50:24
TX_0005049,KH_20194,SP_263026919,MIEN_TRUNG,3,30000.0,2026-04-02 12:34:16
TX_0005060,KH_20296,SP_76755779,MIEN_NAM,2,310000.0,2026-08-22 16:02:33
TX_0005062,KH_20391,SP_122344096,MIEN_BAC,1,169000.0,2025-08-15 10:24:10
TX_0005064,KH_20322,SP_193215473,MIEN_TRUNG,1,65900.0,2025-06-11 07:50:03
TX_0005065,KH_20204,SP_147485306,MIEN_BAC,5,32000.0,2025-06-23 23:56:49
TX_0005069,KH_20442,SP_165898198,MIEN_BAC,3,59000.0,2025-08-11 23:28:04
TX_0005073,KH_20107,SP_263025731,MIEN_BAC,1,10500.0,2025-02-10 17:22:13
TX_0005076,KH_20102,SP_179013514,MIEN_NAM,5,184307.0,2025-09-04 05:15:45
TX_0005079,KH_20500,SP_201677793,MIEN_NAM,1,220000.0,2025-05-10 05:25:25
TX_0005083,KH_20438,SP_164537963,MIEN_NAM,3,12000.0,2025-10-14 14:15:41
TX_0005084,KH_20320,SP_146870336,MIEN_TRUNG,2,35100.0,2026-04-18 09:12:36
TX_0005086,KH_20260,SP_101135210,MIEN_NAM,1,69000.0,2026-08-13 20:32:03
TX_0005087,KH_20075,SP_263025508,MIEN_BAC,1,15000.0,2025-09-23 07:48:46
TX_0005088,KH_20196,SP_8575130,MIEN_TRUNG,3,97000.0,2025-04-30 06:09:34
TX_0005092,KH_20403,SP_56020162,MIEN_NAM,1,61908.0,2026-08-24 21:16:46
TX_0005096,KH_20247,SP_204237296,MIEN_NAM,5,550000.0,2026-06-26 15:08:58
TX_0005105,KH_20070,SP_263202992,MIEN_BAC,1,513000.0,2025-10-10 07:17:19
TX_0005111,KH_20302,SP_171438572,MIEN_NAM,5,79000.0,2026-01-05 23:04:32
TX_0005114,KH_20262,SP_149342716,MIEN_BAC,1,199000.0,2026-07-02 03:32:19
TX_0005119,KH_20400,SP_15665913,MIEN_NAM,1,159000.0,2026-09-26 00:35:21
TX_0005120,KH_20104,SP_182465056,MIEN_NAM,1,1820000.0,2026-08-03 13:32:14
TX_0005121,KH_20007,SP_7947255,MIEN_NAM,1,27900.0,2025-08-08 04:19:25
TX_0005122,KH_20368,SP_34631555,MIEN_NAM,1,82000.0,2025-04-02 12:25:42
TX_0005123,KH_20202,SP_34240769,MIEN_NAM,5,649000.0,2026-10-04 10:04:37
TX_0005131,KH_20087,SP_133673620,MIEN_NAM,3,15000.0,2025-04-13 05:03:12
TX_0005137,KH_20269,SP_217561388,MIEN_NAM,1,9700000.0,2025-01-18 19:02:17
TX_0005138,KH_20490,SP_213943589,MIEN_NAM,1,499000.0,2025-04-26 16:12:45
TX_0005139,KH_20242,SP_138661679,MIEN_NAM,2,59000.0,2026-09-10 21:32:04
TX_0005144,KH_20348,SP_171510717,MIEN_NAM,1,8000.0,2026-06-14 04:31:53
TX_0005146,KH_20004,SP_263026111,MIEN_NAM,1,6500.0,2025-01-21 03:49:03
TX_0005151,KH_20304,SP_194182048,MIEN_BAC,3,215000.0,2026-07-12 13:12:44
TX_0005153,KH_20177,SP_7006729,MIEN_BAC,1,625000.0,2025-12-01 08:08:28
TX_0005154,KH_20311,SP_10107993,MIEN_NAM,3,1349000.0,2026-05-02 00:24:32
TX_0005164,KH_20328,SP_186618284,MIEN_TRUNG,3,235000.0,2026-04-23 06:31:37
TX_0005171,KH_20016,SP_193622399,MIEN_BAC,1,23000.0,2025-10-09 15:53:24
TX_0005174,KH_20126,SP_157254194,MIEN_NAM,1,550000.0,2025-06-15 18:35:31
TX_0005176,KH_20001,SP_170639197,MIEN_NAM,1,10000.0,2025-05-29 14:12:43
TX_0005178,KH_20146,SP_248724168,MIEN_NAM,2,289750.0,2026-01-06 21:49:09
TX_0005179,KH_20384,SP_163871088,MIEN_NAM,3,219000.0,2026-08-03 17:11:44
TX_0005180,KH_20314,SP_262974904,MIEN_NAM,3,5000.0,2025-03-05 16:46:52
TX_0005181,KH_20265,SP_180572538,MIEN_NAM,1,149000.0,2025-01-23 22:09:29
TX_0005183,KH_20056,SP_190681076,MIEN_NAM,1,69000.0,2025-11-21 22:57:27
TX_0005185,KH_20250,SP_179777265,MIEN_TRUNG,2,900000.0,2026-06-23 10:16:30
TX_0005187,KH_20073,SP_208178610,MIEN_BAC,1,595000.0,2026-01-10 11:14:23
TX_0005188,KH_20159,SP_122344783,MIEN_NAM,1,250000.0,2026-09-11 09:22:49
TX_0005191,KH_20129,SP_198270956,MIEN_TRUNG,2,80000.0,2026-02-14 14:20:01
TX_0005194,KH_20273,SP_45597219,MIEN_NAM,5,412000.0,2026-04-23 20:50:34
TX_0005195,KH_20177,SP_146905522,MIEN_BAC,3,348000.0,2025-05-03 02:28:45
TX_0005202,KH_20256,SP_207925798,MIEN_NAM,2,441000.0,2026-03-13 16:51:55
TX_0005211,KH_20338,SP_199681917,MIEN_NAM,3,741000.0,2026-06-13 10:31:54
TX_0005216,KH_20286,SP_191580489,MIEN_BAC,4,2999000.0,2026-06-10 09:18:19
TX_0005217,KH_20234,SP_17891020,MIEN_NAM,1,40200.0,2026-06-16 00:08:06
TX_0005219,KH_20388,SP_146948901,MIEN_NAM,1,276000.0,2025-05-07 02:17:04
TX_0005220,KH_20213,SP_263025752,MIEN_NAM,1,7000.0,2026-04-06 14:42:12
TX_0005221,KH_20477,SP_95056417,MIEN_BAC,4,299000.0,2026-02-21 11:06:23
TX_0005223,KH_20019,SP_30735120,MIEN_BAC,3,175000.0,2026-09-25 02:49:51
TX_0005224,KH_20043,SP_200721591,MIEN_NAM,1,890000.0,2025-11-11 21:32:51
TX_0005228,KH_20411,SP_146944063,MIEN_NAM,1,263000.0,2026-03-14 08:36:07
TX_0005229,KH_20276,SP_33392256,MIEN_NAM,2,690000.0,2025-03-23 13:39:29
TX_0005235,KH_20090,SP_128291454,MIEN_BAC,3,127000.0,2025-11-18 16:11:03
TX_0005236,KH_20153,SP_101454362,MIEN_TRUNG,1,439000.0,2026-05-30 12:15:31
TX_0005239,KH_20347,SP_73272996,MIEN_BAC,1,366630.0,2025-04-03 18:31:39
TX_0005240,KH_20477,SP_170317459,MIEN_NAM,3,175000.0,2025-10-13 19:54:23
TX_0005243,KH_20284,SP_82499355,MIEN_NAM,8,40000.0,2025-06-04 11:29:48
TX_0005246,KH_20355,SP_112191397,MIEN_NAM,1,513000.0,2026-07-10 00:32:59
TX_0005247,KH_20015,SP_53446499,MIEN_BAC,1,335000.0,2026-01-18 00:54:20
TX_0005250,KH_20128,SP_133431734,MIEN_NAM,1,29000.0,2026-04-08 16:26:23
TX_0005252,KH_20091,SP_171762214,MIEN_BAC,1,478000.0,2026-02-05 18:15:01
TX_0005253,KH_20101,SP_106745787,MIEN_TRUNG,2,165000.0,2025-07-17 21:50:19
TX_0005256,KH_20097,SP_113151503,MIEN_NAM,2,450000.0,2025-01-01 14:24:41
TX_0005261,KH_20323,SP_91847536,MIEN_TRUNG,5,66000.0,2025-01-08 08:08:20
TX_0005262,KH_20031,SP_145627104,MIEN_NAM,3,65750.0,2025-11-07 16:33:43
TX_0005265,KH_20065,SP_163120467,MIEN_BAC,1,359000.0,2026-01-11 23:41:37
TX_0005267,KH_20349,SP_138624372,MIEN_TRUNG,3,79000.0,2025-04-30 12:52:30
TX_0005269,KH_20424,SP_242410663,MIEN_TRUNG,1,380000.0,2026-08-27 17:03:28
TX_0005270,KH_20362,SP_199684273,MIEN_BAC,2,900000.0,2026-05-06 00:31:44
TX_0005274,KH_20356,SP_124245735,MIEN_NAM,4,237500.0,2025-03-13 06:52:37
TX_0005275,KH_20105,SP_183338620,MIEN_TRUNG,1,79000.0,2025-10-15 01:04:37
TX_0005278,KH_20106,SP_41793235,MIEN_TRUNG,1,36000.0,2026-05-04 07:06:13
TX_0005279,KH_20414,SP_153979226,MIEN_NAM,2,1790000.0,2026-05-10 06:17:23
TX_0005280,KH_20036,SP_263027448,MIEN_TRUNG,4,2000.0,2025-09-06 18:25:31
TX_0005281,KH_20349,SP_199054267,MIEN_NAM,3,479000.0,2025-07-15 09:44:44
TX_0005282,KH_20356,SP_148932243,MIEN_BAC,1,215000.0,2026-03-21 21:16:23
TX_0005286,KH_20484,SP_89942494,MIEN_NAM,2,24700.0,2026-05-02 19:59:02
TX_0005287,KH_20347,SP_68616418,MIEN_NAM,1,499000.0,2025-10-26 09:09:55
TX_0005294,KH_20320,SP_195462638,MIEN_NAM,2,144000.0,2025-09-14 14:14:24
TX_0005296,KH_20386,SP_26344061,MIEN_NAM,1,289000.0,2026-08-31 05:16:09
TX_0005298,KH_20299,SP_44472755,MIEN_NAM,5,199000.0,2025-09-05 04:08:45
TX_0005299,KH_20178,SP_189944914,MIEN_TRUNG,8,220500.0,2025-10-15 16:17:59
TX_0005302,KH_20388,SP_771423,MIEN_BAC,3,350000.0,2025-07-01 02:05:37
TX_0005303,KH_20405,SP_263026176,MIEN_BAC,1,4500.0,2026-07-30 23:21:41
TX_0005307,KH_20215,SP_207034833,MIEN_BAC,2,750000.0,2025-02-13 20:34:30
TX_0005312,KH_20127,SP_166072268,MIEN_NAM,2,48000.0,2025-10-15 09:28:23
TX_0005315,KH_20245,SP_195694496,MIEN_TRUNG,1,443520.0,2025-10-19 22:44:49
TX_0005320,KH_20229,SP_263025520,MIEN_NAM,1,14000.0,2026-02-20 12:36:40
TX_0005322,KH_20097,SP_78878492,MIEN_NAM,2,199000.0,2025-05-03 22:49:05
TX_0005324,KH_20466,SP_190299253,MIEN_BAC,1,155400.0,2025-06-23 20:36:16
TX_0005335,KH_20406,SP_214637646,MIEN_BAC,3,325000.0,2026-09-16 11:49:18
TX_0005337,KH_20236,SP_209588775,MIEN_NAM,1,396000.0,2025-04-07 02:50:57
TX_0005339,KH_20142,SP_137464290,MIEN_NAM,2,358000.0,2025-01-22 09:04:45
TX_0005340,KH_20161,SP_263026779,MIEN_BAC,1,130000.0,2025-07-03 02:08:51
TX_0005345,KH_20188,SP_73282232,MIEN_NAM,1,373000.0,2025-03-21 04:39:58
TX_0005347,KH_20225,SP_76247079,MIEN_NAM,1,74400.0,2025-11-23 13:46:23
TX_0005348,KH_20332,SP_179731574,MIEN_NAM,1,132050.0,2025-12-27 13:22:29
TX_0005351,KH_20082,SP_170648991,MIEN_BAC,8,79000.0,2025-10-06 13:40:26
TX_0005352,KH_20115,SP_172993600,MIEN_NAM,1,80000.0,2026-03-21 03:47:57
TX_0005355,KH_20280,SP_192567983,MIEN_NAM,1,126000.0,2025-12-26 21:38:59
TX_0005356,KH_20340,SP_199103163,MIEN_BAC,1,449000.0,2026-07-07 08:23:31
TX_0005361,KH_20182,SP_194570419,MIEN_BAC,1,35000.0,2025-08-26 02:32:11
TX_0005362,KH_20451,SP_53446499,MIEN_BAC,1,335000.0,2025-05-24 04:31:31
TX_0005365,KH_20498,SP_147352741,MIEN_TRUNG,2,395802.0,2026-02-06 06:02:46
TX_0005371,KH_20078,SP_263026663,MIEN_BAC,2,30000.0,2025-06-09 15:51:05
TX_0005373,KH_20396,SP_71615009,MIEN_TRUNG,5,299000.0,2026-05-13 19:40:06
TX_0005374,KH_20250,SP_181714010,MIEN_NAM,3,14989.0,2025-01-30 22:53:44
TX_0005375,KH_20281,SP_179731517,MIEN_BAC,1,14250.0,2025-12-27 11:05:39
TX_0005376,KH_20281,SP_135537905,MIEN_NAM,2,9000.0,2025-07-10 06:17:48
TX_0005381,KH_20406,SP_253297096,MIEN_NAM,1,49900.0,2026-02-10 02:32:27
TX_0005382,KH_20122,SP_146492792,MIEN_NAM,1,51000.0,2025-05-22 04:01:39
TX_0005387,KH_20323,SP_116887666,MIEN_BAC,1,37000.0,2025-09-08 14:55:55
TX_0005388,KH_20343,SP_49126213,MIEN_NAM,2,422100.0,2026-08-29 19:55:27
TX_0005389,KH_20353,SP_162481676,MIEN_TRUNG,5,42000.0,2025-03-05 09:21:50
TX_0005391,KH_20379,SP_163812013,MIEN_TRUNG,2,30000.0,2026-03-11 07:07:40
TX_0005392,KH_20180,SP_75719081,MIEN_NAM,1,448200.0,2026-09-08 10:22:50
TX_0005396,KH_20175,SP_49304253,MIEN_BAC,3,292000.0,2026-05-07 16:05:50
TX_0005402,KH_20319,SP_170648900,MIEN_NAM,1,59000.0,2026-04-18 15:43:09
TX_0005404,KH_20142,SP_140770167,MIEN_BAC,3,40200.0,2025-07-26 22:35:55
TX_0005405,KH_20173,SP_217285507,MIEN_NAM,1,3190000.0,2026-06-26 12:15:16
TX_0005406,KH_20159,SP_161923211,MIEN_BAC,4,891000.0,2025-10-22 06:11:53
TX_0005411,KH_20063,SP_248640572,MIEN_NAM,3,2350000.0,2026-05-02 17:59:05
TX_0005412,KH_20036,SP_263026114,MIEN_NAM,2,1500.0,2025-04-24 18:53:14
TX_0005413,KH_20214,SP_167437235,MIEN_TRUNG,2,325000.0,2025-11-09 14:02:31
TX_0005425,KH_20292,SP_103616299,MIEN_NAM,2,3490000.0,2026-08-04 03:39:22
TX_0005430,KH_20070,SP_258857890,MIEN_TRUNG,1,4199000.0,2026-02-02 20:22:43
TX_0005437,KH_20002,SP_225231690,MIEN_NAM,4,11350000.0,2026-01-22 10:17:35
TX_0005440,KH_20040,SP_4210909,MIEN_TRUNG,2,690000.0,2025-02-05 15:58:36
TX_0005442,KH_20047,SP_18280900,MIEN_BAC,1,38000.0,2025-05-07 16:55:22
TX_0005444,KH_20116,SP_565575,MIEN_NAM,1,2585000.0,2025-12-27 21:31:26
TX_0005445,KH_20110,SP_36775381,MIEN_BAC,1,35000.0,2026-03-07 13:31:04
TX_0005448,KH_20163,SP_76825431,MIEN_NAM,1,1906000.0,2026-05-29 01:41:44
TX_0005452,KH_20329,SP_160205765,MIEN_NAM,1,169000.0,2025-06-29 21:51:56
TX_0005457,KH_20034,SP_78581882,MIEN_NAM,3,40000.0,2025-04-03 11:18:16
TX_0005462,KH_20351,SP_45162457,MIEN_BAC,3,29000.0,2025-12-18 13:39:50
TX_0005463,KH_20042,SP_195569934,MIEN_NAM,4,45000.0,2026-02-17 10:29:27
TX_0005466,KH_20055,SP_124274978,MIEN_NAM,1,46550.0,2026-05-16 10:02:28
TX_0005467,KH_20251,SP_177911920,MIEN_NAM,2,477000.0,2026-08-10 17:41:49
TX_0005468,KH_20066,SP_49158047,MIEN_NAM,2,329000.0,2025-04-14 07:25:49
TX_0005476,KH_20046,SP_107615328,MIEN_BAC,1,25000.0,2025-04-24 17:56:19
TX_0005483,KH_20205,SP_200681847,MIEN_BAC,2,2490000.0,2026-02-14 13:18:23
TX_0005485,KH_20127,SP_100428164,MIEN_TRUNG,2,549000.0,2026-06-13 02:34:54
TX_0005487,KH_20242,SP_138623852,MIEN_BAC,2,79000.0,2026-10-02 19:30:25
TX_0005490,KH_20279,SP_40770859,MIEN_NAM,3,1485000.0,2026-07-28 13:48:37
TX_0005493,KH_20432,SP_195151068,MIEN_NAM,2,99000.0,2025-06-12 13:27:02
TX_0005506,KH_20341,SP_121331905,MIEN_NAM,1,160000.0,2026-06-06 21:50:31
TX_0005507,KH_20325,SP_201125882,MIEN_BAC,3,131000.0,2025-09-05 06:22:13
TX_0005512,KH_20152,SP_35042297,MIEN_BAC,4,55000.0,2025-06-19 03:58:21
TX_0005513,KH_20182,SP_96079749,MIEN_NAM,1,25000.0,2026-07-10 04:57:28
TX_0005514,KH_20324,SP_14080572,MIEN_NAM,2,86000.0,2025-12-27 06:19:02
TX_0005516,KH_20048,SP_149773952,MIEN_NAM,2,38700.0,2025-04-04 14:43:32
TX_0005518,KH_20262,SP_13723956,MIEN_NAM,1,369100.0,2025-06-22 19:37:39
TX_0005520,KH_20305,SP_184243238,MIEN_TRUNG,2,449000.0,2025-12-25 06:42:07
TX_0005521,KH_20160,SP_252398599,MIEN_TRUNG,1,1650000.0,2025-05-30 12:35:57
TX_0005523,KH_20481,SP_7080831,MIEN_NAM,1,79999.0,2025-07-10 03:59:56
TX_0005534,KH_20182,SP_90523616,MIEN_BAC,3,670000.0,2026-08-17 17:46:07
TX_0005537,KH_20166,SP_205673305,MIEN_BAC,3,396000.0,2026-09-11 06:34:23
TX_0005546,KH_20022,SP_77871869,MIEN_NAM,5,218000.0,2025-01-06 10:10:49
TX_0005547,KH_20090,SP_207779736,MIEN_NAM,2,382500.0,2025-09-04 20:51:25
TX_0005548,KH_20068,SP_263025430,MIEN_NAM,1,50000.0,2025-01-31 23:31:10
TX_0005550,KH_20210,SP_222711462,MIEN_NAM,1,79000.0,2025-10-10 17:12:23
TX_0005553,KH_20057,SP_2297015,MIEN_NAM,1,250000.0,2025-10-06 18:09:03
TX_0005554,KH_20411,SP_162397744,MIEN_BAC,1,420000.0,2026-06-20 17:24:29
TX_0005559,KH_20026,SP_173798775,MIEN_NAM,1,22000.0,2026-07-05 11:47:13
TX_0005560,KH_20176,SP_136959426,MIEN_NAM,2,265000.0,2025-04-28 10:52:30
TX_0005561,KH_20245,SP_204875734,MIEN_NAM,8,199000.0,2025-11-02 13:58:47
TX_0005565,KH_20184,SP_41632683,MIEN_TRUNG,4,99000.0,2025-06-16 19:53:07
TX_0005566,KH_20149,SP_4330919,MIEN_TRUNG,2,640000.0,2026-09-04 10:10:00
TX_0005568,KH_20299,SP_51513897,MIEN_BAC,1,49000.0,2026-03-23 01:25:19
TX_0005574,KH_20323,SP_28446180,MIEN_BAC,3,82000.0,2025-03-24 14:46:23
TX_0005575,KH_20298,SP_263026461,MIEN_TRUNG,1,4000.0,2026-06-02 02:36:13
TX_0005582,KH_20039,SP_249774865,MIEN_NAM,2,899000.0,2025-12-13 10:22:46
TX_0005584,KH_20472,SP_119633198,MIEN_NAM,1,420000.0,2025-05-15 15:44:15
TX_0005587,KH_20152,SP_200721780,MIEN_BAC,1,1090000.0,2025-08-09 18:21:52
TX_0005589,KH_20391,SP_84205740,MIEN_NAM,4,119000.0,2026-05-20 17:28:24
TX_0005592,KH_20347,SP_248330063,MIEN_BAC,2,4900.0,2026-01-29 10:27:26
TX_0005593,KH_20357,SP_144332153,MIEN_BAC,1,84111.0,2026-10-08 06:47:35
TX_0005597,KH_20035,SP_138623774,MIEN_BAC,1,66000.0,2026-09-30 05:52:38
TX_0005600,KH_20108,SP_172993342,MIEN_NAM,1,260000.0,2026-05-18 17:36:39
TX_0005601,KH_20472,SP_28911130,MIEN_NAM,1,29500.0,2025-03-11 04:48:11
TX_0005605,KH_20279,SP_7462853,MIEN_TRUNG,1,232000.0,2026-07-29 16:35:17
TX_0005606,KH_20228,SP_59489066,MIEN_BAC,1,218000.0,2025-09-24 08:22:43
TX_0005608,KH_20155,SP_249923540,MIEN_BAC,3,175000.0,2025-05-20 07:32:52
TX_0005622,KH_20267,SP_263026086,MIEN_BAC,1,1900.0,2026-02-04 03:41:50
TX_0005630,KH_20492,SP_172574568,MIEN_TRUNG,2,25000.0,2025-01-28 12:02:29
TX_0005632,KH_20082,SP_244323808,MIEN_BAC,4,111400.0,2025-01-18 22:43:03
TX_0005634,KH_20331,SP_211299843,MIEN_NAM,3,129000.0,2026-03-31 10:34:48
TX_0005636,KH_20096,SP_138623850,MIEN_NAM,5,69000.0,2025-10-22 20:56:50
TX_0005637,KH_20327,SP_90322254,MIEN_BAC,2,73000.0,2026-01-22 01:10:44
TX_0005641,KH_20494,SP_75580703,MIEN_BAC,3,229000.0,2025-03-09 03:31:01
TX_0005642,KH_20425,SP_151778319,MIEN_NAM,1,120000.0,2025-12-16 10:16:00
TX_0005644,KH_20367,SP_110377793,MIEN_NAM,2,69000.0,2025-02-07 22:09:06
TX_0005647,KH_20196,SP_25954299,MIEN_NAM,4,1237500.0,2026-08-27 20:17:58
TX_0005650,KH_20207,SP_24911392,MIEN_NAM,1,120000.0,2026-09-03 11:08:36
TX_0005652,KH_20190,SP_200693076,MIEN_BAC,1,790000.0,2026-04-23 17:25:39
TX_0005653,KH_20211,SP_112085286,MIEN_BAC,1,450000.0,2025-03-26 17:47:06
TX_0005655,KH_20468,SP_195998491,MIEN_NAM,1,685000.0,2025-11-01 15:42:25
TX_0005658,KH_20371,SP_158900664,MIEN_NAM,4,299000.0,2025-02-09 22:48:14
TX_0005661,KH_20034,SP_148599708,MIEN_NAM,1,69000.0,2025-02-04 00:30:04
TX_0005662,KH_20320,SP_171775186,MIEN_NAM,1,120000.0,2026-09-03 12:19:41
TX_0005667,KH_20274,SP_206255295,MIEN_NAM,1,3100000.0,2025-07-10 06:09:40
TX_0005672,KH_20187,SP_22143702,MIEN_TRUNG,1,81461.0,2026-07-10 08:26:14
TX_0005674,KH_20197,SP_263025446,MIEN_NAM,5,22000.0,2026-07-22 04:38:25
TX_0005675,KH_20234,SP_181378997,MIEN_NAM,2,2190000.0,2026-03-31 15:03:56
TX_0005677,KH_20121,SP_68749889,MIEN_TRUNG,2,349000.0,2026-05-20 12:33:46
TX_0005682,KH_20130,SP_253376855,MIEN_NAM,1,539000.0,2025-12-13 14:43:20
TX_0005693,KH_20463,SP_178742319,MIEN_BAC,1,1090000.0,2026-06-15 13:50:21
TX_0005696,KH_20059,SP_100406480,MIEN_TRUNG,2,479000.0,2026-02-16 01:01:45
TX_0005697,KH_20499,SP_15653774,MIEN_BAC,3,267997.0,2025-05-22 18:50:23
TX_0005702,KH_20075,SP_146729955,MIEN_TRUNG,2,78000.0,2026-05-19 11:11:19
TX_0005709,KH_20346,SP_179758847,MIEN_NAM,3,890000.0,2026-01-12 10:26:46
TX_0005711,KH_20015,SP_162875072,MIEN_BAC,2,1879300.0,2025-12-14 02:23:14
TX_0005713,KH_20125,SP_98332959,MIEN_BAC,1,41000.0,2025-07-29 19:36:51
TX_0005719,KH_20178,SP_16832047,MIEN_TRUNG,2,1179000.0,2026-02-17 02:19:18
TX_0005720,KH_20150,SP_165769726,MIEN_BAC,1,58000.0,2025-08-18 08:38:20
TX_0005729,KH_20189,SP_73521796,MIEN_TRUNG,1,703000.0,2025-06-17 02:21:54
TX_0005731,KH_20047,SP_151488238,MIEN_NAM,1,79900.0,2025-05-06 07:34:24
TX_0005732,KH_20329,SP_199103625,MIEN_BAC,3,979000.0,2025-05-27 10:26:26
TX_0005734,KH_20435,SP_26417726,MIEN_BAC,1,75000.0,2026-07-31 08:52:23
TX_0005737,KH_20036,SP_138624150,MIEN_NAM,1,69000.0,2025-03-14 18:29:23
TX_0005738,KH_20246,SP_138661474,MIEN_BAC,3,130000.0,2025-02-19 22:32:54
TX_0005740,KH_20088,SP_90322254,MIEN_BAC,1,73000.0,2025-09-19 04:11:44
TX_0005748,KH_20006,SP_208677826,MIEN_TRUNG,2,1188000.0,2025-07-27 04:13:46
TX_0005750,KH_20072,SP_198077467,MIEN_NAM,1,755000.0,2025-11-20 20:15:13
TX_0005752,KH_20362,SP_8575130,MIEN_TRUNG,2,97000.0,2026-03-05 07:22:43
TX_0005754,KH_20026,SP_171510780,MIEN_BAC,2,3000.0,2026-06-04 07:05:12
TX_0005755,KH_20338,SP_253161872,MIEN_BAC,4,13000.0,2025-07-16 20:25:42
TX_0005756,KH_20299,SP_151972030,MIEN_BAC,2,457000.0,2026-09-01 14:14:34
TX_0005760,KH_20254,SP_202334878,MIEN_NAM,2,599000.0,2025-06-15 05:16:12
TX_0005765,KH_20460,SP_196998262,MIEN_BAC,1,59000.0,2025-04-17 13:32:49
TX_0005768,KH_20336,SP_149526777,MIEN_BAC,1,65500.0,2026-04-09 21:58:46
TX_0005771,KH_20249,SP_130069436,MIEN_NAM,2,397000.0,2025-09-20 15:29:35
TX_0005772,KH_20230,SP_101454362,MIEN_TRUNG,1,439000.0,2025-03-12 01:15:21
TX_0005773,KH_20405,SP_192859602,MIEN_NAM,2,329000.0,2025-03-19 04:37:34
TX_0005776,KH_20146,SP_216900791,MIEN_NAM,1,3750000.0,2025-08-22 22:17:04
TX_0005778,KH_20346,SP_263025520,MIEN_NAM,1,14000.0,2025-10-08 20:11:53
TX_0005779,KH_20042,SP_208915462,MIEN_BAC,4,399000.0,2025-04-18 10:04:58
TX_0005780,KH_20016,SP_164428599,MIEN_NAM,2,120000.0,2026-08-31 15:45:03
TX_0005782,KH_20310,SP_72458461,MIEN_NAM,2,3200000.0,2026-03-23 10:38:08
TX_0005790,KH_20212,SP_180593760,MIEN_TRUNG,1,40000.0,2026-06-07 23:00:07
TX_0005791,KH_20180,SP_140347898,MIEN_BAC,1,69000.0,2025-09-28 11:56:44
TX_0005793,KH_20004,SP_159035841,MIEN_NAM,1,175000.0,2025-07-19 13:27:02
TX_0005794,KH_20366,SP_141473998,MIEN_BAC,1,131000.0,2026-01-22 04:23:57
TX_0005795,KH_20288,SP_206473536,MIEN_NAM,5,27000.0,2026-07-26 11:32:38
TX_0005796,KH_20054,SP_190680805,MIEN_NAM,1,100000.0,2026-03-31 12:31:31
TX_0005797,KH_20017,SP_94901381,MIEN_NAM,3,640000.0,2025-02-20 01:12:00
TX_0005798,KH_20059,SP_171171588,MIEN_NAM,1,25000.0,2025-10-24 06:08:05
TX_0005800,KH_20202,SP_103619224,MIEN_TRUNG,5,1299000.0,2025-12-08 03:34:03
TX_0005812,KH_20205,SP_253146874,MIEN_NAM,1,2100000.0,2025-12-14 06:59:06
TX_0005814,KH_20136,SP_121329537,MIEN_NAM,1,130000.0,2026-05-11 15:00:06
TX_0005818,KH_20218,SP_152648587,MIEN_NAM,1,99000.0,2026-07-23 15:34:29
TX_0005820,KH_20144,SP_172192521,MIEN_BAC,2,118000.0,2026-03-25 21:38:07
TX_0005827,KH_20490,SP_172192367,MIEN_BAC,4,45000.0,2025-09-23 05:08:53
TX_0005828,KH_20245,SP_249923540,MIEN_BAC,3,175000.0,2026-02-25 16:54:21
TX_0005829,KH_20011,SP_4209859,MIEN_BAC,2,522000.0,2026-01-03 11:40:56
TX_0005831,KH_20137,SP_146949243,MIEN_NAM,3,144000.0,2025-09-30 19:58:13
TX_0005833,KH_20072,SP_167655053,MIEN_TRUNG,4,65000.0,2025-04-06 20:03:42
TX_0005837,KH_20213,SP_154906690,MIEN_TRUNG,3,71000.0,2026-05-10 11:55:49
TX_0005838,KH_20033,SP_82496924,MIEN_NAM,1,55000.0,2025-11-10 02:43:37
TX_0005840,KH_20325,SP_11058738,MIEN_BAC,2,59000.0,2025-04-12 19:16:35
TX_0005850,KH_20333,SP_179944230,MIEN_NAM,1,590000.0,2026-04-28 20:43:54
TX_0005852,KH_20498,SP_101155976,MIEN_BAC,1,69000.0,2026-07-26 13:32:53
TX_0005856,KH_20498,SP_32842442,MIEN_BAC,5,450000.0,2025-05-18 16:44:31
TX_0005857,KH_20101,SP_179013514,MIEN_NAM,5,184307.0,2025-09-19 14:08:28
TX_0005859,KH_20087,SP_117443207,MIEN_NAM,2,330750.0,2026-02-01 14:14:40
TX_0005863,KH_20126,SP_185904831,MIEN_BAC,2,531000.0,2025-08-22 03:41:21
TX_0005866,KH_20387,SP_38440078,MIEN_NAM,2,532000.0,2025-09-14 14:30:55
TX_0005870,KH_20313,SP_120464567,MIEN_TRUNG,1,56040.0,2026-03-31 13:13:02
TX_0005872,KH_20414,SP_154224820,MIEN_NAM,2,209000.0,2026-07-30 01:29:08
TX_0005873,KH_20415,SP_207419440,MIEN_NAM,1,110000.0,2025-02-23 00:23:43
TX_0005876,KH_20195,SP_87898740,MIEN_BAC,1,423000.0,2025-09-17 15:01:02
TX_0005878,KH_20090,SP_115740385,MIEN_NAM,1,30000.0,2026-07-21 18:31:40
TX_0005880,KH_20220,SP_109814433,MIEN_NAM,1,145000.0,2025-01-16 06:34:55
TX_0005881,KH_20032,SP_151971684,MIEN_NAM,1,800000.0,2025-04-13 05:52:49
TX_0005883,KH_20290,SP_176610187,MIEN_BAC,1,6000.0,2025-01-26 04:33:06
TX_0005885,KH_20027,SP_128292889,MIEN_NAM,1,65000.0,2026-08-21 13:54:13
TX_0005886,KH_20456,SP_198817962,MIEN_NAM,4,125000.0,2025-02-27 01:01:53
TX_0005887,KH_20110,SP_146729769,MIEN_NAM,4,80000.0,2026-03-25 22:14:43
TX_0005888,KH_20185,SP_179758387,MIEN_TRUNG,1,590000.0,2026-05-08 09:26:25
TX_0005890,KH_20314,SP_183348475,MIEN_NAM,1,450000.0,2025-03-05 08:23:23
TX_0005893,KH_20038,SP_263027263,MIEN_BAC,1,4000.0,2025-08-02 07:54:44
TX_0005900,KH_20059,SP_195694496,MIEN_TRUNG,1,443520.0,2025-03-09 01:14:29
TX_0005901,KH_20427,SP_174294156,MIEN_NAM,1,1688000.0,2026-08-28 04:13:31
TX_0005904,KH_20101,SP_116798137,MIEN_BAC,2,39000.0,2025-10-20 01:15:48
TX_0005906,KH_20063,SP_35314613,MIEN_NAM,5,65000.0,2026-03-14 02:24:08
TX_0005908,KH_20067,SP_217386781,MIEN_NAM,4,87000.0,2025-05-24 12:29:16
TX_0005910,KH_20451,SP_72534748,MIEN_BAC,1,173000.0,2025-05-30 00:00:51
TX_0005915,KH_20229,SP_145171636,MIEN_TRUNG,1,269500.0,2025-08-15 06:18:19
TX_0005917,KH_20056,SP_195967453,MIEN_BAC,1,229000.0,2026-06-14 12:28:38
TX_0005922,KH_20279,SP_190514909,MIEN_BAC,1,74349.0,2026-09-14 19:15:15
TX_0005926,KH_20014,SP_59489066,MIEN_BAC,1,218000.0,2025-09-01 09:47:13
TX_0005927,KH_20102,SP_129247093,MIEN_TRUNG,1,105990.0,2025-03-20 00:05:15
TX_0005928,KH_20369,SP_214089141,MIEN_NAM,2,248000.0,2025-02-28 11:01:14
TX_0005934,KH_20214,SP_262974162,MIEN_NAM,1,58000.0,2026-06-04 06:45:58
TX_0005935,KH_20066,SP_196056514,MIEN_TRUNG,1,69000.0,2025-11-21 16:20:47
TX_0005936,KH_20403,SP_184906825,MIEN_NAM,2,369000.0,2026-01-24 04:34:50
TX_0005939,KH_20372,SP_208178251,MIEN_NAM,2,455000.0,2026-07-23 05:11:29
TX_0005943,KH_20242,SP_198787275,MIEN_BAC,2,70040.0,2025-09-22 00:08:27
TX_0005945,KH_20304,SP_57767990,MIEN_NAM,3,149000.0,2025-03-26 01:31:47
TX_0005948,KH_20116,SP_252758240,MIEN_NAM,1,45900.0,2025-01-30 16:46:42
TX_0005950,KH_20284,SP_153610887,MIEN_NAM,2,752000.0,2026-10-01 03:32:56
TX_0005952,KH_20426,SP_137967136,MIEN_NAM,4,49000.0,2026-05-28 21:57:31
TX_0005953,KH_20281,SP_263027366,MIEN_BAC,2,37000.0,2026-09-23 06:17:29
TX_0005964,KH_20137,SP_263026721,MIEN_BAC,2,4000.0,2026-05-12 08:01:08
TX_0005965,KH_20006,SP_20364784,MIEN_NAM,2,48000.0,2025-03-16 05:58:26
TX_0005970,KH_20438,SP_173652365,MIEN_BAC,2,1090000.0,2025-11-19 20:10:55
TX_0005971,KH_20375,SP_114759923,MIEN_TRUNG,3,39000.0,2026-04-12 03:57:29
TX_0005972,KH_20373,SP_194498947,MIEN_TRUNG,4,430000.0,2026-09-16 07:16:40
TX_0005980,KH_20417,SP_94150141,MIEN_NAM,1,239000.0,2025-12-17 01:39:40
TX_0005981,KH_20154,SP_160221466,MIEN_NAM,3,116900.0,2025-05-12 21:56:03
TX_0005986,KH_20438,SP_204297975,MIEN_BAC,5,210000.0,2025-03-02 06:51:09
TX_0005989,KH_20018,SP_170649389,MIEN_TRUNG,3,59000.0,2025-08-21 04:01:50
TX_0005990,KH_20496,SP_207406605,MIEN_NAM,1,300000.0,2025-01-25 16:29:37
TX_0005997,KH_20010,SP_252178843,MIEN_BAC,2,790000.0,2026-08-29 15:58:17
TX_0006001,KH_20062,SP_195569940,MIEN_NAM,1,45000.0,2026-02-14 12:41:12
TX_0006002,KH_20184,SP_149568010,MIEN_BAC,1,289000.0,2025-04-25 21:48:03
TX_0006003,KH_20328,SP_116799452,MIEN_NAM,1,45000.0,2025-09-25 18:48:28
TX_0006004,KH_20467,SP_199007703,MIEN_BAC,2,259000.0,2026-07-19 04:18:31
TX_0006007,KH_20372,SP_7006729,MIEN_BAC,3,625000.0,2026-03-25 05:12:24
TX_0006011,KH_20285,SP_263026273,MIEN_BAC,8,10000.0,2025-03-16 23:57:42
TX_0006012,KH_20344,SP_217561388,MIEN_NAM,3,9700000.0,2025-12-08 15:07:38
TX_0006013,KH_20014,SP_263027495,MIEN_BAC,2,181000.0,2025-05-12 22:43:01
TX_0006019,KH_20042,SP_253377321,MIEN_BAC,1,385000.0,2025-06-18 03:14:11
TX_0006020,KH_20216,SP_161553597,MIEN_NAM,1,286300.0,2025-11-08 10:37:29
TX_0006022,KH_20441,SP_216210612,MIEN_TRUNG,1,1350000.0,2025-04-03 17:12:12
TX_0006024,KH_20025,SP_186279143,MIEN_NAM,3,2790000.0,2026-06-27 07:07:53
TX_0006029,KH_20284,SP_202817125,MIEN_BAC,4,429000.0,2026-05-04 07:29:14
TX_0006030,KH_20219,SP_89428547,MIEN_BAC,1,39000.0,2025-07-28 00:06:34
TX_0006035,KH_20472,SP_138661415,MIEN_NAM,2,59000.0,2025-12-16 20:42:57
TX_0006041,KH_20247,SP_145550452,MIEN_NAM,2,1390000.0,2025-01-17 15:54:53
TX_0006045,KH_20474,SP_263025555,MIEN_NAM,3,185000.0,2026-09-03 17:13:10
TX_0006046,KH_20438,SP_249091286,MIEN_NAM,1,1980000.0,2025-03-16 15:22:36
TX_0006051,KH_20426,SP_42409024,MIEN_NAM,1,115000.0,2025-10-20 05:27:45
TX_0006052,KH_20280,SP_89428380,MIEN_NAM,1,31900.0,2026-04-30 13:53:32
TX_0006054,KH_20010,SP_197109770,MIEN_BAC,1,936000.0,2026-09-26 05:57:49
TX_0006057,KH_20356,SP_198508541,MIEN_NAM,1,320000.0,2026-01-10 02:24:40
TX_0006063,KH_20207,SP_149451415,MIEN_NAM,4,2300000.0,2026-05-04 07:40:39
TX_0006067,KH_20385,SP_121331744,MIEN_NAM,2,120000.0,2025-05-04 14:32:53
TX_0006070,KH_20357,SP_262974179,MIEN_BAC,2,4500.0,2025-09-10 09:02:46
TX_0006072,KH_20394,SP_193181069,MIEN_TRUNG,2,225000.0,2025-04-02 05:06:13
TX_0006077,KH_20399,SP_10707349,MIEN_BAC,2,149000.0,2025-02-19 18:20:26
TX_0006078,KH_20468,SP_185978198,MIEN_NAM,5,455000.0,2025-04-29 14:40:36
TX_0006079,KH_20019,SP_27880972,MIEN_BAC,3,51450.0,2026-06-20 04:27:14
TX_0006080,KH_20331,SP_101155664,MIEN_BAC,3,69000.0,2025-10-02 11:54:20
TX_0006081,KH_20336,SP_215592285,MIEN_NAM,8,1090000.0,2025-05-12 04:49:15
TX_0006084,KH_20185,SP_97018455,MIEN_NAM,3,209000.0,2025-05-21 17:04:56
TX_0006086,KH_20322,SP_7377711,MIEN_BAC,3,1048500.0,2025-08-12 15:32:44
TX_0006088,KH_20368,SP_146949722,MIEN_BAC,2,144000.0,2026-04-24 20:50:14
TX_0006090,KH_20112,SP_89427467,MIEN_NAM,2,29000.0,2026-09-03 01:05:02
TX_0006091,KH_20055,SP_115828601,MIEN_BAC,1,1045000.0,2026-05-31 00:46:57
TX_0006092,KH_20478,SP_247841679,MIEN_BAC,5,1999000.0,2026-05-30 07:08:39
TX_0006093,KH_20229,SP_263026847,MIEN_BAC,1,7000.0,2026-05-25 22:41:06
TX_0006098,KH_20086,SP_116115646,MIEN_NAM,5,36100.0,2025-12-28 13:33:03
TX_0006102,KH_20279,SP_262974210,MIEN_NAM,2,11000.0,2025-02-07 14:31:53
TX_0006105,KH_20265,SP_263027450,MIEN_BAC,2,30000.0,2025-07-01 04:29:18
TX_0006106,KH_20082,SP_263026714,MIEN_NAM,3,25000.0,2026-02-19 10:12:38
TX_0006107,KH_20174,SP_72626600,MIEN_BAC,2,76500.0,2025-11-01 17:15:24
TX_0006116,KH_20130,SP_49094954,MIEN_BAC,1,36000.0,2025-01-16 18:13:34
TX_0006117,KH_20116,SP_263026834,MIEN_BAC,1,1000.0,2025-11-24 03:52:09
TX_0006118,KH_20476,SP_176662327,MIEN_NAM,5,34000.0,2025-06-20 07:44:26
TX_0006120,KH_20481,SP_263027371,MIEN_NAM,2,1000.0,2025-04-15 18:03:29
TX_0006124,KH_20051,SP_3651619,MIEN_NAM,1,255000.0,2026-05-15 22:25:59
TX_0006125,KH_20273,SP_168227320,MIEN_TRUNG,1,199500.0,2025-03-29 18:18:59
TX_0006130,KH_20124,SP_94157759,MIEN_NAM,1,239000.0,2026-06-14 20:25:22
TX_0006133,KH_20360,SP_189944836,MIEN_BAC,1,295000.0,2025-05-14 07:33:39
TX_0006134,KH_20358,SP_185171935,MIEN_NAM,1,335000.0,2025-12-25 01:47:08
TX_0006139,KH_20291,SP_203143579,MIEN_BAC,1,510000.0,2026-03-28 16:25:10
TX_0006142,KH_20011,SP_147325986,MIEN_BAC,3,559000.0,2025-10-10 09:03:14
TX_0006151,KH_20475,SP_190623924,MIEN_NAM,1,68000.0,2025-07-24 23:11:29
TX_0006152,KH_20190,SP_215388686,MIEN_NAM,1,39000.0,2025-10-28 22:51:34
TX_0006154,KH_20422,SP_173867565,MIEN_BAC,1,79900.0,2025-01-31 17:46:52
TX_0006160,KH_20204,SP_48161461,MIEN_NAM,2,441000.0,2025-01-08 09:29:40
TX_0006161,KH_20286,SP_250015583,MIEN_BAC,1,621000.0,2025-01-26 16:10:07
TX_0006165,KH_20480,SP_98605526,MIEN_BAC,1,230000.0,2025-09-14 10:25:06
TX_0006175,KH_20211,SP_79166480,MIEN_NAM,1,49000.0,2025-05-06 07:16:40
TX_0006176,KH_20231,SP_194520896,MIEN_NAM,3,890000.0,2026-01-04 13:42:36
TX_0006179,KH_20362,SP_263025596,MIEN_BAC,1,25000.0,2026-02-10 00:45:23
TX_0006180,KH_20373,SP_15082584,MIEN_NAM,5,58000.0,2026-07-09 21:53:16
TX_0006182,KH_20274,SP_263027446,MIEN_NAM,5,280000.0,2026-04-29 01:15:31
TX_0006185,KH_20247,SP_195544892,MIEN_BAC,1,949000.0,2026-08-23 17:16:38
TX_0006186,KH_20038,SP_138661549,MIEN_BAC,5,59000.0,2026-09-29 21:58:44
TX_0006187,KH_20016,SP_184246114,MIEN_NAM,2,616000.0,2025-05-17 18:06:28
TX_0006189,KH_20084,SP_132079697,MIEN_BAC,2,90000.0,2025-04-17 03:56:49
TX_0006192,KH_20112,SP_50261326,MIEN_NAM,1,448200.0,2025-02-14 19:02:24
TX_0006196,KH_20087,SP_161553630,MIEN_NAM,1,255600.0,2025-09-10 10:28:36
TX_0006198,KH_20079,SP_194568359,MIEN_NAM,2,10440000.0,2025-02-14 17:15:45
TX_0006200,KH_20211,SP_146491558,MIEN_NAM,2,20000.0,2026-07-31 14:00:29
TX_0006205,KH_20263,SP_110167125,MIEN_BAC,2,30000.0,2026-01-26 01:05:02
TX_0006208,KH_20079,SP_263026349,MIEN_NAM,2,17000.0,2025-03-22 15:07:35
TX_0006212,KH_20381,SP_263027440,MIEN_NAM,1,98000.0,2026-02-20 17:06:22
TX_0006218,KH_20270,SP_206106686,MIEN_NAM,2,6990000.0,2025-01-22 10:21:34
TX_0006221,KH_20161,SP_58900258,MIEN_BAC,1,588000.0,2025-09-15 16:59:48
TX_0006224,KH_20062,SP_175655363,MIEN_BAC,1,890000.0,2025-02-10 14:05:24
TX_0006225,KH_20498,SP_58025937,MIEN_NAM,1,399000.0,2026-09-28 10:36:34
TX_0006229,KH_20247,SP_206996379,MIEN_TRUNG,2,590750.0,2025-05-31 12:42:15
TX_0006237,KH_20338,SP_263025949,MIEN_NAM,3,1000.0,2025-05-05 08:23:54
TX_0006238,KH_20371,SP_259519444,MIEN_NAM,3,185000.0,2025-07-03 09:47:02
TX_0006242,KH_20109,SP_19879736,MIEN_BAC,3,39000.0,2025-08-05 23:56:20
TX_0006243,KH_20093,SP_101155442,MIEN_NAM,1,69000.0,2025-08-30 00:31:27
TX_0006244,KH_20109,SP_263027375,MIEN_NAM,3,130000.0,2025-01-15 05:45:34
TX_0006245,KH_20147,SP_130069436,MIEN_NAM,2,397000.0,2025-04-14 11:34:53
TX_0006247,KH_20236,SP_14433975,MIEN_NAM,3,77000.0,2025-05-04 12:41:26
TX_0006249,KH_20448,SP_263027369,MIEN_NAM,1,12000.0,2025-11-25 17:33:15
TX_0006250,KH_20256,SP_46314559,MIEN_BAC,1,34000.0,2025-01-23 05:36:38
TX_0006256,KH_20194,SP_148715360,MIEN_BAC,2,870000.0,2025-10-04 16:34:19
TX_0006257,KH_20130,SP_209414277,MIEN_NAM,1,282000.0,2026-05-12 04:28:54
TX_0006260,KH_20420,SP_177580851,MIEN_NAM,1,186853.0,2025-03-25 06:23:59
TX_0006263,KH_20203,SP_195231222,MIEN_NAM,1,64505.0,2025-01-15 10:46:55
TX_0006265,KH_20440,SP_205335870,MIEN_TRUNG,2,6180000.0,2025-11-09 07:51:52
TX_0006268,KH_20454,SP_242019690,MIEN_NAM,3,6800000.0,2025-03-17 22:38:55
TX_0006269,KH_20142,SP_142977292,MIEN_NAM,2,21000.0,2025-09-24 22:48:27
TX_0006270,KH_20291,SP_195569934,MIEN_NAM,4,45000.0,2025-08-24 00:55:01
TX_0006271,KH_20288,SP_229769703,MIEN_NAM,2,1090000.0,2025-03-30 08:40:09
TX_0006274,KH_20037,SP_72878203,MIEN_BAC,2,50900.0,2026-05-06 05:14:57
TX_0006283,KH_20398,SP_254416135,MIEN_TRUNG,4,456000.0,2026-07-02 14:39:05
TX_0006289,KH_20296,SP_179944077,MIEN_TRUNG,2,590000.0,2026-06-13 06:56:26
TX_0006291,KH_20405,SP_10707349,MIEN_BAC,2,149000.0,2026-09-24 17:19:38
TX_0006292,KH_20472,SP_220678111,MIEN_NAM,3,4600000.0,2026-08-05 07:00:48
TX_0006304,KH_20363,SP_231112116,MIEN_NAM,1,149000.0,2025-10-07 13:36:11
TX_0006306,KH_20195,SP_151971802,MIEN_TRUNG,8,731000.0,2025-02-10 08:23:14
TX_0006309,KH_20265,SP_258567220,MIEN_NAM,1,325000.0,2026-03-30 09:08:25
TX_0006316,KH_20355,SP_248765069,MIEN_TRUNG,1,455000.0,2025-09-20 15:42:01
TX_0006319,KH_20471,SP_82704182,MIEN_NAM,1,245000.0,2025-10-31 22:59:59
TX_0006322,KH_20114,SP_212047477,MIEN_TRUNG,1,29284.0,2026-06-07 18:44:38
TX_0006323,KH_20152,SP_195152936,MIEN_NAM,1,484000.0,2026-02-15 05:07:00
TX_0006324,KH_20027,SP_110721367,MIEN_NAM,5,299000.0,2026-07-09 21:46:07
TX_0006328,KH_20076,SP_136795311,MIEN_BAC,1,15000.0,2025-11-17 18:44:52
TX_0006333,KH_20336,SP_216379205,MIEN_BAC,3,1750000.0,2025-04-10 00:08:47
TX_0006335,KH_20254,SP_172916340,MIEN_NAM,1,25104.0,2025-11-17 15:14:29
TX_0006340,KH_20303,SP_147965437,MIEN_BAC,3,19000.0,2025-11-05 19:25:30
TX_0006341,KH_20303,SP_34822578,MIEN_NAM,3,410000.0,2025-06-16 10:57:19
TX_0006342,KH_20299,SP_122344163,MIEN_NAM,2,199000.0,2025-09-10 15:46:12
TX_0006346,KH_20086,SP_74346568,MIEN_TRUNG,3,187000.0,2025-01-10 16:17:06
TX_0006347,KH_20339,SP_202768106,MIEN_BAC,1,50000.0,2025-07-13 07:49:36
TX_0006348,KH_20066,SP_251534578,MIEN_NAM,1,1597000.0,2025-03-28 04:17:09
TX_0006350,KH_20330,SP_161944256,MIEN_NAM,1,801000.0,2025-02-05 09:43:33
TX_0006351,KH_20187,SP_139211174,MIEN_TRUNG,2,11909.0,2025-07-28 11:17:07
TX_0006355,KH_20211,SP_57045167,MIEN_NAM,2,28500.0,2026-05-08 05:53:40
TX_0006356,KH_20080,SP_248641410,MIEN_NAM,1,349500.0,2025-01-02 17:23:18
TX_0006357,KH_20498,SP_40950238,MIEN_BAC,4,266950.0,2025-10-26 21:59:04
TX_0006363,KH_20495,SP_184500495,MIEN_BAC,2,749000.0,2025-08-09 10:05:31
TX_0006367,KH_20143,SP_135538717,MIEN_BAC,2,48000.0,2025-01-25 06:01:23
TX_0006368,KH_20357,SP_176217689,MIEN_NAM,1,209000.0,2026-08-30 21:05:45
TX_0006370,KH_20319,SP_248792284,MIEN_TRUNG,1,489000.0,2026-02-25 00:27:53
TX_0006373,KH_20179,SP_6190237,MIEN_BAC,4,980000.0,2026-08-30 19:24:18
TX_0006374,KH_20414,SP_253347908,MIEN_BAC,3,72000.0,2025-07-20 13:57:06
TX_0006375,KH_20139,SP_252763609,MIEN_NAM,4,45000.0,2026-03-19 02:38:48
TX_0006376,KH_20225,SP_151453619,MIEN_BAC,4,5900.0,2025-05-27 11:49:06
TX_0006378,KH_20268,SP_198257013,MIEN_BAC,2,73000.0,2025-05-13 22:25:22
TX_0006379,KH_20425,SP_263020113,MIEN_NAM,1,2500.0,2025-10-02 17:44:26
TX_0006382,KH_20445,SP_151801542,MIEN_NAM,1,89000.0,2025-10-05 02:15:58
TX_0006383,KH_20368,SP_261819144,MIEN_BAC,1,39000.0,2026-07-01 23:23:17
TX_0006386,KH_20277,SP_27734448,MIEN_NAM,1,25750.0,2026-05-15 05:18:53
TX_0006388,KH_20092,SP_194472995,MIEN_NAM,4,855000.0,2026-04-20 19:23:50
TX_0006393,KH_20103,SP_74389796,MIEN_TRUNG,1,949050.0,2025-06-19 23:43:14
TX_0006395,KH_20181,SP_200689768,MIEN_NAM,2,990000.0,2026-03-16 17:34:34
TX_0006401,KH_20123,SP_202775080,MIEN_NAM,1,70000.0,2025-10-04 02:31:40
TX_0006403,KH_20111,SP_200998803,MIEN_NAM,1,58000.0,2026-01-22 03:03:53
TX_0006404,KH_20446,SP_149753111,MIEN_NAM,3,150000.0,2025-09-05 09:23:04
TX_0006405,KH_20159,SP_4696501,MIEN_NAM,1,126500.0,2025-02-13 21:09:02
TX_0006407,KH_20431,SP_202346208,MIEN_NAM,1,155965.0,2025-12-29 23:16:06
TX_0006414,KH_20194,SP_145171402,MIEN_TRUNG,2,569000.0,2025-10-18 00:04:14
TX_0006415,KH_20014,SP_134407847,MIEN_NAM,2,25750.0,2025-12-25 23:28:37
TX_0006418,KH_20022,SP_262974167,MIEN_BAC,3,44000.0,2025-08-01 22:18:39
TX_0006419,KH_20181,SP_102066729,MIEN_NAM,1,231000.0,2025-02-04 02:04:41
TX_0006422,KH_20488,SP_107553897,MIEN_BAC,1,12000.0,2026-02-02 13:04:00
TX_0006423,KH_20153,SP_90648841,MIEN_NAM,1,531000.0,2026-03-28 00:18:32
TX_0006425,KH_20307,SP_481290,MIEN_TRUNG,2,299000.0,2025-09-29 06:10:18
TX_0006428,KH_20442,SP_14754609,MIEN_NAM,3,389000.0,2025-07-04 14:10:23
TX_0006440,KH_20246,SP_76017141,MIEN_TRUNG,1,799000.0,2025-08-14 03:33:00
TX_0006441,KH_20168,SP_56539121,MIEN_NAM,1,899000.0,2026-01-12 08:56:33
TX_0006443,KH_20244,SP_160888132,MIEN_NAM,1,30000.0,2025-11-26 14:53:51
TX_0006444,KH_20442,SP_188900643,MIEN_BAC,5,1785540.0,2026-06-12 02:05:05
TX_0006445,KH_20005,SP_212553341,MIEN_NAM,1,208000.0,2025-06-01 12:57:44
TX_0006453,KH_20153,SP_138623871,MIEN_BAC,1,69000.0,2026-07-26 14:56:44
TX_0006457,KH_20428,SP_145620844,MIEN_BAC,2,34250.0,2025-06-17 15:37:16
TX_0006459,KH_20424,SP_114696819,MIEN_BAC,2,26000.0,2025-08-14 16:52:49
TX_0006460,KH_20336,SP_151488467,MIEN_NAM,4,56490.0,2025-07-11 07:27:47
TX_0006462,KH_20150,SP_198270956,MIEN_TRUNG,5,80000.0,2025-01-24 21:16:36
TX_0006464,KH_20277,SP_263027161,MIEN_TRUNG,2,4000.0,2025-03-14 14:22:59
TX_0006466,KH_20222,SP_57315316,MIEN_BAC,4,70000.0,2025-11-25 15:04:11
TX_0006469,KH_20003,SP_76357701,MIEN_NAM,3,78900.0,2026-05-05 05:36:04
TX_0006473,KH_20044,SP_135092652,MIEN_TRUNG,1,95000.0,2025-03-20 20:04:13
TX_0006475,KH_20397,SP_98868238,MIEN_BAC,2,40000.0,2025-11-06 01:16:45
TX_0006481,KH_20165,SP_253072571,MIEN_TRUNG,1,38000.0,2025-08-30 06:06:29
TX_0006485,KH_20008,SP_190681372,MIEN_TRUNG,1,69000.0,2025-09-23 18:27:20
TX_0006486,KH_20420,SP_258044613,MIEN_NAM,2,299000.0,2025-05-03 10:44:07
TX_0006492,KH_20496,SP_146730018,MIEN_BAC,1,78000.0,2025-06-28 12:00:29
TX_0006495,KH_20449,SP_28684572,MIEN_NAM,8,45100.0,2025-08-04 19:23:05
TX_0006499,KH_20228,SP_82228106,MIEN_BAC,3,349000.0,2025-07-24 18:17:15
TX_0006502,KH_20265,SP_185466512,MIEN_NAM,1,990000.0,2025-08-19 21:26:32
TX_0006509,KH_20058,SP_248546151,MIEN_TRUNG,2,89000.0,2025-04-01 19:14:21
TX_0006511,KH_20185,SP_144197246,MIEN_NAM,4,54000.0,2026-04-16 12:52:14
TX_0006514,KH_20037,SP_163874813,MIEN_NAM,2,15000.0,2025-07-22 01:36:37
TX_0006519,KH_20166,SP_174023385,MIEN_NAM,2,395250.0,2026-01-08 07:10:44
TX_0006520,KH_20495,SP_160665469,MIEN_BAC,2,1920000.0,2026-01-31 04:00:04
TX_0006521,KH_20485,SP_198256139,MIEN_BAC,1,68000.0,2025-03-24 21:14:26
TX_0006522,KH_20230,SP_19918809,MIEN_NAM,2,389000.0,2025-10-16 08:36:46
TX_0006523,KH_20221,SP_263025952,MIEN_NAM,1,4000.0,2025-03-07 23:00:01
TX_0006528,KH_20325,SP_195937634,MIEN_BAC,2,13680000.0,2026-04-25 13:20:49
TX_0006534,KH_20382,SP_196596635,MIEN_TRUNG,2,149000.0,2026-05-28 08:46:53
TX_0006535,KH_20074,SP_114686052,MIEN_TRUNG,3,33000.0,2025-03-31 00:47:41
TX_0006536,KH_20066,SP_214710805,MIEN_NAM,1,135000.0,2026-02-19 15:45:07
TX_0006538,KH_20279,SP_149337505,MIEN_NAM,1,299000.0,2025-09-01 22:44:54
TX_0006540,KH_20188,SP_199103321,MIEN_BAC,1,559000.0,2025-04-22 00:53:39
TX_0006544,KH_20062,SP_159299551,MIEN_TRUNG,2,459000.0,2026-06-28 19:17:56
TX_0006546,KH_20251,SP_166072268,MIEN_NAM,1,48000.0,2026-05-01 06:42:24
TX_0006549,KH_20020,SP_176699837,MIEN_TRUNG,2,465000.0,2025-03-14 11:28:16
TX_0006552,KH_20177,SP_89427489,MIEN_TRUNG,1,28900.0,2026-08-25 08:51:23
TX_0006554,KH_20196,SP_263062866,MIEN_BAC,1,2500.0,2026-01-12 00:57:28
TX_0006556,KH_20109,SP_2298295,MIEN_TRUNG,1,250000.0,2026-09-07 22:00:43
TX_0006559,KH_20198,SP_178099293,MIEN_NAM,1,939000.0,2025-06-01 01:33:26
TX_0006561,KH_20456,SP_151972128,MIEN_NAM,1,1273000.0,2025-05-13 11:25:08
TX_0006565,KH_20331,SP_263025431,MIEN_BAC,1,58000.0,2025-04-07 06:14:08
TX_0006568,KH_20408,SP_22967866,MIEN_BAC,1,41000.0,2025-04-11 00:37:54
TX_0006569,KH_20450,SP_263025499,MIEN_BAC,2,25000.0,2025-01-16 21:35:07
TX_0006573,KH_20061,SP_68616418,MIEN_NAM,1,499000.0,2026-05-24 05:35:17
TX_0006577,KH_20447,SP_168495862,MIEN_NAM,2,938000.0,2025-09-04 20:29:49
TX_0006578,KH_20141,SP_216851680,MIEN_NAM,1,34000.0,2025-11-25 16:07:49
TX_0006579,KH_20052,SP_263026181,MIEN_NAM,2,20000.0,2026-02-02 20:08:21
TX_0006582,KH_20490,SP_10760422,MIEN_NAM,3,199000.0,2025-08-21 20:51:49
TX_0006585,KH_20319,SP_239660723,MIEN_TRUNG,4,109000.0,2025-11-12 13:06:29
TX_0006587,KH_20492,SP_197583078,MIEN_BAC,2,1188000.0,2025-05-31 05:29:46
TX_0006593,KH_20423,SP_217318892,MIEN_BAC,1,120000.0,2026-08-01 16:39:17
TX_0006597,KH_20251,SP_170648991,MIEN_BAC,1,79000.0,2025-04-14 11:40:03
TX_0006599,KH_20223,SP_169820127,MIEN_BAC,1,269500.0,2025-06-29 17:59:00
TX_0006603,KH_20372,SP_646568,MIEN_NAM,1,195000.0,2025-03-12 18:15:27
TX_0006609,KH_20237,SP_96079749,MIEN_NAM,1,25000.0,2025-12-30 22:34:44
TX_0006615,KH_20227,SP_38496208,MIEN_BAC,2,69000.0,2025-07-28 03:45:56
TX_0006622,KH_20493,SP_216202817,MIEN_NAM,4,184500.0,2026-04-26 15:37:35
TX_0006627,KH_20221,SP_102862458,MIEN_TRUNG,1,45999.0,2025-07-03 21:19:25
TX_0006628,KH_20023,SP_215905517,MIEN_BAC,1,6990000.0,2025-07-16 06:59:41
TX_0006629,KH_20448,SP_150851761,MIEN_BAC,2,43000.0,2026-03-13 03:25:18
TX_0006633,KH_20340,SP_49158047,MIEN_NAM,2,329000.0,2025-06-05 18:32:09
TX_0006636,KH_20043,SP_263025618,MIEN_BAC,2,2200.0,2025-04-17 16:54:34
TX_0006637,KH_20349,SP_112550057,MIEN_NAM,2,189000.0,2026-04-03 12:53:19
TX_0006640,KH_20140,SP_217561523,MIEN_TRUNG,4,5950000.0,2025-02-15 04:06:00
TX_0006644,KH_20085,SP_127348313,MIEN_NAM,4,403750.0,2025-10-13 18:08:17
TX_0006652,KH_20341,SP_151971932,MIEN_NAM,1,449000.0,2025-10-20 15:54:44
TX_0006653,KH_20457,SP_68729611,MIEN_NAM,3,950000.0,2025-06-24 01:14:45
TX_0006655,KH_20410,SP_171934301,MIEN_NAM,1,22000.0,2026-10-02 09:07:59
TX_0006657,KH_20050,SP_184904536,MIEN_NAM,1,2790000.0,2025-02-05 02:22:46
TX_0006658,KH_20078,SP_138662153,MIEN_BAC,1,52500.0,2026-06-26 16:38:47
TX_0006660,KH_20283,SP_194454994,MIEN_BAC,4,25000.0,2026-09-15 20:02:56
TX_0006664,KH_20469,SP_174023385,MIEN_NAM,1,395250.0,2026-07-06 04:43:38
TX_0006665,KH_20017,SP_263025735,MIEN_TRUNG,1,2500.0,2025-01-12 18:03:25
TX_0006668,KH_20137,SP_4902541,MIEN_NAM,1,149000.0,2026-04-14 06:49:18
TX_0006670,KH_20344,SP_263026122,MIEN_TRUNG,2,5500.0,2026-03-17 05:04:53
TX_0006674,KH_20187,SP_193160877,MIEN_TRUNG,1,320000.0,2025-04-09 12:34:54
TX_0006681,KH_20398,SP_208676879,MIEN_NAM,3,487000.0,2025-01-30 14:29:26
TX_0006683,KH_20071,SP_135538513,MIEN_BAC,4,47000.0,2025-05-05 13:53:56
TX_0006684,KH_20467,SP_196190655,MIEN_NAM,1,269000.0,2025-04-11 03:38:37
TX_0006686,KH_20459,SP_55578802,MIEN_BAC,1,49500.0,2025-05-11 07:49:06
TX_0006688,KH_20015,SP_72881680,MIEN_BAC,1,119900.0,2025-03-13 07:39:04
TX_0006690,KH_20367,SP_192568003,MIEN_NAM,3,176000.0,2026-01-15 11:51:28
TX_0006692,KH_20467,SP_185949473,MIEN_BAC,1,2530000.0,2025-04-05 10:26:47
TX_0006694,KH_20407,SP_196382113,MIEN_NAM,2,5500.0,2025-09-17 21:55:00
TX_0006695,KH_20494,SP_191982252,MIEN_NAM,1,45000.0,2026-02-24 16:16:47
TX_0006699,KH_20452,SP_208185507,MIEN_BAC,2,190000.0,2025-12-27 09:11:04
TX_0006700,KH_20095,SP_26048365,MIEN_BAC,1,79000.0,2026-04-20 04:56:46
TX_0006702,KH_20113,SP_166332330,MIEN_TRUNG,2,53000.0,2025-04-10 12:29:48
TX_0006705,KH_20369,SP_119446321,MIEN_NAM,2,49000.0,2025-05-03 13:55:36
TX_0006711,KH_20410,SP_199629565,MIEN_NAM,3,1252800.0,2025-03-28 01:50:40
TX_0006712,KH_20377,SP_193062669,MIEN_BAC,1,20000.0,2026-05-14 11:52:41
TX_0006715,KH_20293,SP_116619208,MIEN_BAC,2,169000.0,2025-04-13 05:40:18
TX_0006716,KH_20273,SP_999885,MIEN_NAM,1,149000.0,2026-03-27 13:15:44
TX_0006718,KH_20095,SP_138623769,MIEN_NAM,4,76000.0,2025-04-01 19:02:10
TX_0006726,KH_20075,SP_23446821,MIEN_NAM,1,54000.0,2026-05-30 13:55:42
TX_0006732,KH_20279,SP_263026464,MIEN_TRUNG,1,45000.0,2025-09-02 11:18:22
TX_0006733,KH_20498,SP_198272723,MIEN_BAC,1,790000.0,2025-04-22 10:22:43
TX_0006736,KH_20442,SP_209414277,MIEN_NAM,1,282000.0,2025-02-20 03:22:45
TX_0006737,KH_20090,SP_89945252,MIEN_NAM,1,109800.0,2025-03-23 17:04:30
TX_0006738,KH_20165,SP_241892076,MIEN_BAC,2,28000.0,2026-01-18 16:17:35
TX_0006746,KH_20112,SP_57127803,MIEN_NAM,1,649000.0,2025-07-22 13:09:57
TX_0006750,KH_20313,SP_144045322,MIEN_NAM,1,200000.0,2025-06-13 03:09:37
TX_0006757,KH_20480,SP_253043401,MIEN_BAC,2,320000.0,2025-09-30 02:11:32
TX_0006764,KH_20057,SP_143888675,MIEN_BAC,3,828000.0,2025-08-09 08:10:43
TX_0006769,KH_20192,SP_189944020,MIEN_BAC,1,305550.0,2025-06-30 04:15:20
TX_0006774,KH_20091,SP_189326462,MIEN_TRUNG,1,285000.0,2025-09-11 01:09:07
TX_0006781,KH_20094,SP_191319980,MIEN_TRUNG,1,29000.0,2025-03-31 04:03:25
TX_0006784,KH_20160,SP_138624016,MIEN_BAC,1,79000.0,2026-10-02 17:46:41
TX_0006785,KH_20186,SP_172995568,MIEN_NAM,1,197000.0,2025-01-18 19:58:43
TX_0006788,KH_20455,SP_136871832,MIEN_NAM,1,35000.0,2025-04-01 15:23:54
TX_0006795,KH_20303,SP_167472202,MIEN_BAC,1,315000.0,2025-02-02 12:34:25
TX_0006797,KH_20213,SP_247425503,MIEN_NAM,1,6700000.0,2026-02-27 04:10:34
TX_0006802,KH_20286,SP_263063240,MIEN_NAM,3,1800.0,2026-05-31 15:56:49
TX_0006803,KH_20498,SP_116856915,MIEN_BAC,1,10000.0,2026-04-20 22:24:51
TX_0006804,KH_20101,SP_181219116,MIEN_NAM,2,56000.0,2026-02-23 04:00:18
TX_0006805,KH_20420,SP_164537963,MIEN_NAM,2,12000.0,2025-08-18 21:25:46
TX_0006806,KH_20180,SP_206667991,MIEN_BAC,3,678000.0,2025-03-11 18:04:01
TX_0006808,KH_20489,SP_199999227,MIEN_TRUNG,1,690000.0,2025-03-14 07:52:30
TX_0006810,KH_20397,SP_220678111,MIEN_NAM,1,4600000.0,2025-10-14 18:15:12
TX_0006811,KH_20226,SP_76017141,MIEN_TRUNG,3,799000.0,2025-06-16 01:19:09
TX_0006812,KH_20488,SP_133675892,MIEN_NAM,1,29000.0,2026-02-02 07:51:02
TX_0006813,KH_20102,SP_146950177,MIEN_BAC,1,250000.0,2026-04-12 17:01:31
TX_0006814,KH_20198,SP_79696808,MIEN_NAM,2,450000.0,2026-07-27 23:37:26
TX_0006817,KH_20280,SP_28961343,MIEN_NAM,2,43000.0,2026-05-02 21:49:50
TX_0006818,KH_20238,SP_8294422,MIEN_BAC,2,42998.0,2025-02-20 10:03:01
TX_0006819,KH_20493,SP_127193748,MIEN_BAC,1,918000.0,2026-07-07 20:01:21
TX_0006824,KH_20401,SP_206990795,MIEN_BAC,4,109000.0,2026-01-08 16:12:23
TX_0006827,KH_20251,SP_213588948,MIEN_NAM,1,1900000.0,2026-04-01 00:41:49
TX_0006828,KH_20096,SP_255223163,MIEN_BAC,1,446000.0,2026-06-23 06:10:06
TX_0006833,KH_20232,SP_197894739,MIEN_NAM,1,69000.0,2025-08-27 15:19:01
TX_0006841,KH_20402,SP_225304455,MIEN_TRUNG,4,39000.0,2026-08-31 17:12:02
TX_0006842,KH_20477,SP_13373242,MIEN_BAC,2,69000.0,2025-02-07 10:16:45
TX_0006849,KH_20476,SP_187855150,MIEN_BAC,4,250000.0,2026-01-23 19:59:50
TX_0006851,KH_20392,SP_134614273,MIEN_NAM,1,19000.0,2025-12-01 08:17:58
TX_0006856,KH_20127,SP_199629565,MIEN_NAM,1,1252800.0,2025-10-29 14:26:50
TX_0006859,KH_20367,SP_253348023,MIEN_NAM,1,46000.0,2026-09-02 19:01:37
TX_0006861,KH_20422,SP_162228344,MIEN_BAC,2,799000.0,2025-01-23 12:24:34
TX_0006862,KH_20300,SP_24496785,MIEN_NAM,1,649000.0,2026-04-29 10:18:42
TX_0006868,KH_20138,SP_184786598,MIEN_BAC,1,499000.0,2026-06-05 15:26:05
TX_0006871,KH_20199,SP_133808234,MIEN_NAM,2,29600.0,2026-08-13 11:23:11
TX_0006875,KH_20291,SP_108037378,MIEN_TRUNG,1,28000.0,2025-03-08 22:20:56
TX_0006884,KH_20065,SP_19283982,MIEN_BAC,5,30000.0,2026-03-21 13:15:04
TX_0006886,KH_20360,SP_46325529,MIEN_BAC,5,119000.0,2026-09-22 01:35:33
TX_0006887,KH_20076,SP_168464521,MIEN_BAC,1,40000.0,2025-09-08 22:26:37
TX_0006891,KH_20224,SP_115125443,MIEN_NAM,2,84000.0,2025-01-19 09:06:58
TX_0006893,KH_20216,SP_33392256,MIEN_NAM,2,690000.0,2025-06-12 19:09:18
TX_0006895,KH_20369,SP_148932243,MIEN_BAC,1,215000.0,2025-08-03 09:59:23
TX_0006898,KH_20176,SP_25730406,MIEN_TRUNG,1,35000.0,2025-12-09 23:41:54
TX_0006900,KH_20196,SP_194816086,MIEN_NAM,2,25545.0,2025-09-24 21:35:29
TX_0006901,KH_20296,SP_225211444,MIEN_BAC,2,390000.0,2025-11-10 20:42:31
TX_0006902,KH_20432,SP_23446821,MIEN_NAM,5,54000.0,2025-02-21 11:16:46
TX_0006907,KH_20086,SP_194517781,MIEN_NAM,2,430000.0,2025-10-29 21:52:31
TX_0006908,KH_20223,SP_177561335,MIEN_NAM,1,459000.0,2026-04-10 08:51:55
TX_0006910,KH_20121,SP_149199159,MIEN_NAM,1,385000.0,2025-04-12 21:45:22
TX_0006912,KH_20158,SP_177713214,MIEN_NAM,1,379000.0,2025-12-30 01:53:56
TX_0006916,KH_20378,SP_138826069,MIEN_TRUNG,1,32400.0,2025-05-16 17:58:30
TX_0006917,KH_20010,SP_229780563,MIEN_BAC,1,1290000.0,2025-01-25 10:40:57
TX_0006921,KH_20283,SP_179954110,MIEN_TRUNG,5,1090000.0,2025-06-19 23:41:22
TX_0006923,KH_20257,SP_59378578,MIEN_NAM,1,479000.0,2025-07-20 11:39:00
TX_0006932,KH_20368,SP_108157821,MIEN_TRUNG,1,79900.0,2025-11-17 01:59:30
TX_0006940,KH_20097,SP_20364784,MIEN_NAM,1,48000.0,2025-12-23 04:30:29
TX_0006942,KH_20449,SP_10670915,MIEN_NAM,5,1234000.0,2025-06-24 03:06:04
TX_0006946,KH_20169,SP_194808591,MIEN_NAM,1,66066.0,2026-05-07 07:56:00
TX_0006947,KH_20018,SP_251420297,MIEN_NAM,3,295000.0,2026-07-13 09:32:45
TX_0006949,KH_20203,SP_98598297,MIEN_NAM,2,180000.0,2025-06-11 07:09:58
TX_0006954,KH_20272,SP_56020153,MIEN_NAM,4,63455.0,2025-06-28 06:02:52
TX_0006962,KH_20076,SP_144758274,MIEN_BAC,3,90000.0,2025-08-18 00:04:19
TX_0006963,KH_20007,SP_132321602,MIEN_BAC,4,344500.0,2025-12-12 05:13:59
TX_0006964,KH_20069,SP_74157421,MIEN_BAC,2,612000.0,2025-01-21 15:32:58
TX_0006968,KH_20243,SP_168766856,MIEN_TRUNG,1,65000.0,2025-12-08 08:03:32
TX_0006971,KH_20272,SP_239476047,MIEN_NAM,1,1330000.0,2025-12-24 21:21:57
TX_0006978,KH_20180,SP_72770584,MIEN_TRUNG,2,215496.0,2025-12-22 11:48:21
TX_0006979,KH_20180,SP_4941937,MIEN_BAC,1,724500.0,2026-07-25 01:20:14
TX_0006980,KH_20402,SP_179944876,MIEN_BAC,1,12480000.0,2026-06-10 11:34:21
TX_0006983,KH_20259,SP_253227064,MIEN_BAC,1,1149000.0,2025-05-21 15:25:48
TX_0006990,KH_20156,SP_199103181,MIEN_NAM,1,839000.0,2026-02-07 20:30:18
TX_0006991,KH_20453,SP_115740385,MIEN_NAM,1,30000.0,2025-01-13 08:35:51
TX_0006994,KH_20084,SP_246164938,MIEN_TRUNG,1,26900.0,2026-09-16 08:18:31
TX_0006998,KH_20438,SP_199103377,MIEN_TRUNG,2,749000.0,2025-05-09 19:28:09
TX_0007000,KH_20079,SP_248696714,MIEN_NAM,4,239000.0,2025-09-22 09:12:16
TX_0007002,KH_20216,SP_173856845,MIEN_TRUNG,2,99000.0,2025-07-22 23:35:48
TX_0007006,KH_20330,SP_199103404,MIEN_NAM,8,529000.0,2025-06-03 01:45:45
TX_0007008,KH_20339,SP_52791759,MIEN_NAM,2,1349000.0,2026-05-02 20:29:51
TX_0007009,KH_20067,SP_106684646,MIEN_NAM,2,952226.0,2025-09-26 23:15:23
TX_0007010,KH_20192,SP_41246072,MIEN_NAM,1,72299.0,2025-01-09 00:33:34
TX_0007011,KH_20189,SP_161553630,MIEN_NAM,1,255600.0,2026-04-05 01:54:18
TX_0007018,KH_20230,SP_153979164,MIEN_BAC,1,467500.0,2026-01-05 09:20:52
TX_0007020,KH_20307,SP_201125882,MIEN_BAC,2,131000.0,2026-04-19 19:34:15
TX_0007023,KH_20184,SP_171783683,MIEN_NAM,1,518000.0,2026-09-25 20:23:51
TX_0007024,KH_20495,SP_169655403,MIEN_BAC,1,66000.0,2026-06-14 22:12:55
TX_0007028,KH_20350,SP_189034844,MIEN_TRUNG,1,300000.0,2025-02-05 17:43:59
TX_0007029,KH_20184,SP_103620159,MIEN_BAC,1,3490000.0,2026-06-10 03:30:46
TX_0007030,KH_20157,SP_52024141,MIEN_TRUNG,4,5250000.0,2025-08-24 10:28:17
TX_0007031,KH_20163,SP_95393783,MIEN_TRUNG,4,27300.0,2026-07-31 03:53:07
TX_0007035,KH_20314,SP_263026810,MIEN_NAM,2,5000.0,2025-08-27 13:16:16
TX_0007040,KH_20373,SP_12638214,MIEN_NAM,1,68000.0,2025-12-14 17:12:30
TX_0007046,KH_20046,SP_263025537,MIEN_BAC,1,2500.0,2025-03-30 18:19:17
TX_0007048,KH_20293,SP_173636760,MIEN_BAC,1,59000.0,2026-08-03 09:32:33
TX_0007049,KH_20422,SP_159035841,MIEN_NAM,3,175000.0,2026-02-10 05:29:23
TX_0007051,KH_20039,SP_262974219,MIEN_TRUNG,1,98000.0,2026-03-19 06:56:10
TX_0007055,KH_20183,SP_82508713,MIEN_NAM,1,199000.0,2025-10-02 11:49:42
TX_0007057,KH_20151,SP_159848418,MIEN_BAC,1,139000.0,2025-05-10 04:52:41
TX_0007061,KH_20001,SP_149568238,MIEN_BAC,5,499000.0,2026-09-08 20:59:13
TX_0007062,KH_20304,SP_227412388,MIEN_NAM,1,250000.0,2025-02-21 04:31:17
TX_0007066,KH_20251,SP_119446321,MIEN_NAM,2,49000.0,2025-04-17 03:34:58
TX_0007071,KH_20355,SP_216201652,MIEN_NAM,4,65600.0,2025-01-05 09:11:57
TX_0007078,KH_20412,SP_200998803,MIEN_NAM,5,58000.0,2026-05-17 12:02:00
TX_0007085,KH_20159,SP_213920905,MIEN_BAC,1,888000.0,2026-03-24 10:28:43
TX_0007086,KH_20499,SP_186634977,MIEN_NAM,3,49000.0,2026-02-10 19:02:31
TX_0007088,KH_20250,SP_179943899,MIEN_BAC,4,13800000.0,2026-01-07 19:30:02
TX_0007095,KH_20278,SP_191777680,MIEN_NAM,4,850000.0,2025-09-24 00:21:41
TX_0007099,KH_20115,SP_248262816,MIEN_NAM,3,66000.0,2025-10-13 07:27:59
TX_0007102,KH_20482,SP_74446357,MIEN_TRUNG,3,230000.0,2026-09-29 15:30:22
TX_0007103,KH_20290,SP_200702327,MIEN_NAM,1,590000.0,2026-06-11 13:30:27
TX_0007104,KH_20128,SP_177713214,MIEN_NAM,1,379000.0,2025-03-15 08:13:20
TX_0007105,KH_20479,SP_170316829,MIEN_TRUNG,4,279000.0,2026-03-11 04:49:47
TX_0007114,KH_20207,SP_2298327,MIEN_BAC,1,175000.0,2026-02-22 07:59:48
TX_0007123,KH_20310,SP_138625239,MIEN_BAC,1,69000.0,2025-09-15 05:33:03
TX_0007124,KH_20324,SP_4670825,MIEN_BAC,1,1150000.0,2025-12-12 07:42:03
TX_0007126,KH_20109,SP_200543855,MIEN_BAC,3,75000.0,2025-08-13 09:18:16
TX_0007130,KH_20207,SP_179945968,MIEN_NAM,3,12480000.0,2026-01-29 11:49:32
TX_0007131,KH_20004,SP_263025537,MIEN_BAC,1,2500.0,2025-02-15 04:21:09
TX_0007132,KH_20112,SP_71509352,MIEN_BAC,2,71900.0,2025-08-18 11:01:35
TX_0007133,KH_20344,SP_181219806,MIEN_TRUNG,1,26000.0,2025-11-17 00:42:55
TX_0007138,KH_20349,SP_190681197,MIEN_BAC,1,59000.0,2026-07-06 19:23:44
TX_0007141,KH_20497,SP_247471915,MIEN_BAC,2,249000.0,2025-01-28 19:23:55
TX_0007146,KH_20366,SP_101155944,MIEN_BAC,1,69000.0,2026-01-11 07:08:17
TX_0007148,KH_20162,SP_1918669,MIEN_NAM,5,68000.0,2025-01-11 06:30:28
TX_0007150,KH_20210,SP_92493824,MIEN_TRUNG,3,79800.0,2025-12-20 12:45:23
TX_0007153,KH_20499,SP_243089051,MIEN_TRUNG,1,42500.0,2025-06-05 00:31:11
TX_0007157,KH_20418,SP_114878236,MIEN_BAC,1,90000.0,2026-08-30 23:45:47
TX_0007167,KH_20197,SP_215591375,MIEN_NAM,1,1650000.0,2025-09-21 17:43:10
TX_0007171,KH_20147,SP_253146898,MIEN_BAC,3,1350000.0,2025-11-25 06:09:28
TX_0007201,KH_20254,SP_57315780,MIEN_BAC,3,70000.0,2025-02-12 16:10:37
TX_0007202,KH_20429,SP_145139154,MIEN_TRUNG,1,186900.0,2026-07-25 09:58:43
TX_0007205,KH_20158,SP_52811980,MIEN_BAC,2,1393000.0,2026-04-30 03:50:33
TX_0007206,KH_20305,SP_197584677,MIEN_BAC,1,1189000.0,2025-04-16 02:08:56
TX_0007207,KH_20383,SP_207936022,MIEN_BAC,1,8736000.0,2026-02-17 15:14:02
TX_0007211,KH_20103,SP_44472717,MIEN_BAC,8,250000.0,2026-03-04 17:08:27
TX_0007223,KH_20492,SP_139725639,MIEN_NAM,1,44000.0,2025-11-20 02:54:11
TX_0007232,KH_20408,SP_157254251,MIEN_BAC,2,590000.0,2026-02-13 02:06:51
TX_0007233,KH_20298,SP_19373284,MIEN_NAM,1,558000.0,2025-02-12 02:07:52
TX_0007235,KH_20315,SP_21301528,MIEN_NAM,1,159000.0,2025-09-22 12:54:58
TX_0007237,KH_20390,SP_75706245,MIEN_TRUNG,1,76850.0,2025-01-12 00:31:26
TX_0007239,KH_20001,SP_198077551,MIEN_NAM,4,605000.0,2026-04-07 07:24:38
TX_0007241,KH_20498,SP_159299551,MIEN_TRUNG,3,459000.0,2026-01-29 14:32:13
TX_0007244,KH_20161,SP_188903533,MIEN_BAC,3,110000.0,2025-06-17 11:21:17
TX_0007245,KH_20375,SP_253259518,MIEN_BAC,1,51000.0,2025-06-16 13:21:32
TX_0007247,KH_20299,SP_53575098,MIEN_NAM,2,46750.0,2025-02-24 06:26:58
TX_0007249,KH_20067,SP_87910864,MIEN_TRUNG,1,477000.0,2026-01-30 05:44:29
TX_0007251,KH_20203,SP_34483375,MIEN_BAC,1,319000.0,2026-04-08 14:28:00
TX_0007254,KH_20135,SP_200032454,MIEN_TRUNG,3,441000.0,2026-08-31 13:12:09
TX_0007255,KH_20155,SP_149199159,MIEN_NAM,3,385000.0,2025-07-26 03:43:02
TX_0007258,KH_20001,SP_10228865,MIEN_NAM,1,234900.0,2025-03-28 14:22:20
TX_0007261,KH_20087,SP_179731574,MIEN_NAM,1,132050.0,2025-05-25 21:57:19
TX_0007262,KH_20230,SP_183040437,MIEN_NAM,2,50000.0,2025-03-18 00:26:25
TX_0007269,KH_20283,SP_164554574,MIEN_NAM,1,111000.0,2025-07-15 18:21:00
TX_0007270,KH_20192,SP_145626742,MIEN_NAM,2,42000.0,2026-08-11 11:16:18
TX_0007272,KH_20218,SP_137464290,MIEN_NAM,2,358000.0,2025-10-01 12:44:47
TX_0007274,KH_20414,SP_85435333,MIEN_NAM,2,204600.0,2026-08-01 00:46:09
TX_0007280,KH_20175,SP_74683737,MIEN_TRUNG,3,72350.0,2026-08-24 18:15:29
TX_0007284,KH_20278,SP_138624790,MIEN_BAC,1,76000.0,2025-05-20 23:18:00
TX_0007288,KH_20387,SP_136795914,MIEN_BAC,1,189000.0,2025-11-16 22:41:40
TX_0007292,KH_20331,SP_263027375,MIEN_NAM,1,130000.0,2026-07-01 19:03:18
TX_0007293,KH_20309,SP_200693921,MIEN_BAC,4,990000.0,2025-05-14 23:05:59
TX_0007294,KH_20415,SP_204611745,MIEN_BAC,1,26000.0,2026-05-12 11:58:44
TX_0007296,KH_20368,SP_184622432,MIEN_NAM,2,29500.0,2025-04-20 06:02:23
TX_0007297,KH_20406,SP_263026203,MIEN_TRUNG,1,13000.0,2026-01-25 12:55:01
TX_0007299,KH_20342,SP_205499001,MIEN_NAM,1,370500.0,2025-01-27 19:34:17
TX_0007300,KH_20459,SP_139725639,MIEN_NAM,1,44000.0,2025-01-10 21:09:36
TX_0007306,KH_20327,SP_171773847,MIEN_NAM,1,827000.0,2025-07-22 11:54:30
TX_0007307,KH_20127,SP_138624653,MIEN_NAM,1,69000.0,2025-07-19 21:47:53
TX_0007310,KH_20417,SP_910724,MIEN_TRUNG,1,99000.0,2026-09-11 01:29:26
TX_0007314,KH_20204,SP_45631166,MIEN_NAM,2,59532.0,2025-07-18 01:03:56
TX_0007315,KH_20267,SP_263025531,MIEN_BAC,1,35000.0,2025-12-12 15:25:11
TX_0007318,KH_20183,SP_138661954,MIEN_NAM,1,59000.0,2026-06-23 22:34:06
TX_0007320,KH_20183,SP_252462204,MIEN_BAC,5,531050.0,2025-05-01 04:57:08
TX_0007323,KH_20401,SP_248936153,MIEN_BAC,2,142500.0,2025-07-27 13:47:25
TX_0007337,KH_20442,SP_22167301,MIEN_NAM,2,379100.0,2026-04-29 00:01:22
TX_0007338,KH_20040,SP_131903614,MIEN_NAM,1,1850000.0,2025-05-13 10:56:01
TX_0007339,KH_20170,SP_177603844,MIEN_TRUNG,1,79926.0,2025-12-02 08:30:18
TX_0007341,KH_20282,SP_148696819,MIEN_TRUNG,1,474000.0,2026-07-25 07:25:26
TX_0007346,KH_20291,SP_216918211,MIEN_NAM,8,29000.0,2026-02-06 10:11:15
TX_0007348,KH_20293,SP_177561208,MIEN_BAC,1,186219.0,2025-02-17 15:30:10
TX_0007349,KH_20228,SP_207294871,MIEN_BAC,1,399000.0,2025-12-29 03:43:46
TX_0007354,KH_20203,SP_249650558,MIEN_BAC,4,15000.0,2026-06-24 19:48:51
TX_0007357,KH_20290,SP_198783708,MIEN_NAM,1,799000.0,2025-12-31 11:45:29
TX_0007360,KH_20312,SP_133711470,MIEN_NAM,1,890000.0,2026-07-27 21:36:51
TX_0007361,KH_20476,SP_14722011,MIEN_BAC,2,71999.0,2025-06-13 01:45:15
TX_0007362,KH_20066,SP_133932838,MIEN_NAM,1,79900.0,2026-08-21 12:03:00
TX_0007367,KH_20024,SP_171436877,MIEN_TRUNG,5,49000.0,2025-02-06 14:16:47
TX_0007368,KH_20346,SP_139217538,MIEN_NAM,2,16000.0,2025-11-15 04:37:10
TX_0007369,KH_20168,SP_177603844,MIEN_TRUNG,1,79926.0,2025-12-21 10:13:03
TX_0007370,KH_20135,SP_160133072,MIEN_BAC,1,38880.0,2026-07-17 11:39:40
TX_0007375,KH_20299,SP_207419440,MIEN_NAM,1,110000.0,2025-01-09 19:04:27
TX_0007377,KH_20449,SP_124208687,MIEN_NAM,1,24000.0,2026-05-18 14:32:40
TX_0007379,KH_20457,SP_198510423,MIEN_NAM,3,39000.0,2025-09-09 04:13:27
TX_0007380,KH_20424,SP_68247288,MIEN_NAM,3,125000.0,2025-12-04 03:48:22
TX_0007383,KH_20064,SP_252888016,MIEN_BAC,1,58000.0,2025-12-22 05:53:43
TX_0007385,KH_20133,SP_191316570,MIEN_BAC,2,441000.0,2026-04-29 09:37:48
TX_0007386,KH_20390,SP_214771530,MIEN_BAC,3,28000.0,2025-09-14 17:05:09
TX_0007387,KH_20029,SP_253347512,MIEN_NAM,2,87000.0,2025-02-22 03:41:05
TX_0007392,KH_20143,SP_20238711,MIEN_BAC,3,1848000.0,2025-05-15 08:24:08
TX_0007396,KH_20247,SP_217317802,MIEN_NAM,1,11000000.0,2025-03-13 06:35:51
TX_0007397,KH_20055,SP_146729699,MIEN_NAM,1,74900.0,2025-07-03 09:41:14
TX_0007404,KH_20166,SP_179944053,MIEN_TRUNG,3,18840000.0,2025-06-25 04:19:38
TX_0007408,KH_20477,SP_197907277,MIEN_TRUNG,3,1100000.0,2025-12-21 05:59:51
TX_0007411,KH_20021,SP_116298388,MIEN_NAM,2,66300.0,2026-01-02 22:24:01
TX_0007412,KH_20039,SP_177991665,MIEN_NAM,2,590000.0,2025-09-22 16:34:33
TX_0007416,KH_20194,SP_263025626,MIEN_NAM,1,4000.0,2026-04-06 23:58:00
TX_0007418,KH_20256,SP_193513052,MIEN_NAM,2,9000.0,2025-01-18 06:39:06
TX_0007421,KH_20333,SP_163315130,MIEN_TRUNG,1,3980000.0,2025-10-27 15:27:00
TX_0007422,KH_20434,SP_4209833,MIEN_BAC,2,621000.0,2025-05-30 09:30:20
TX_0007427,KH_20344,SP_151489431,MIEN_BAC,1,500000.0,2025-02-10 06:36:59
TX_0007430,KH_20463,SP_144755348,MIEN_BAC,1,66000.0,2025-01-15 06:06:51
TX_0007432,KH_20444,SP_262705647,MIEN_NAM,2,216000.0,2026-06-30 20:30:43
TX_0007434,KH_20173,SP_143887123,MIEN_NAM,1,474000.0,2025-10-01 00:00:16
TX_0007435,KH_20451,SP_19418352,MIEN_BAC,1,65000.0,2026-03-07 13:48:44
TX_0007437,KH_20090,SP_15375538,MIEN_NAM,4,289000.0,2026-01-17 00:07:59
TX_0007438,KH_20233,SP_22277988,MIEN_NAM,2,95000.0,2026-05-09 02:17:20
TX_0007440,KH_20177,SP_44198384,MIEN_NAM,1,325000.0,2025-05-16 16:32:59
TX_0007441,KH_20287,SP_145627017,MIEN_NAM,3,55250.0,2025-06-22 21:24:17
TX_0007442,KH_20064,SP_108157821,MIEN_TRUNG,4,79900.0,2025-01-22 21:00:41
TX_0007444,KH_20500,SP_161544767,MIEN_TRUNG,1,100000.0,2025-01-05 11:35:07
TX_0007445,KH_20300,SP_262974219,MIEN_TRUNG,1,98000.0,2026-08-11 06:30:37
TX_0007446,KH_20450,SP_192987246,MIEN_TRUNG,1,599000.0,2025-09-06 09:34:57
TX_0007450,KH_20324,SP_263063292,MIEN_BAC,2,12000.0,2025-02-09 09:12:39
TX_0007454,KH_20228,SP_127670718,MIEN_BAC,3,65000.0,2025-11-06 09:07:08
TX_0007455,KH_20415,SP_248640599,MIEN_TRUNG,3,3650000.0,2026-06-07 16:25:24
TX_0007456,KH_20007,SP_90192256,MIEN_NAM,1,290000.0,2026-08-17 01:50:54
TX_0007458,KH_20321,SP_58567050,MIEN_NAM,5,123948.0,2025-07-03 19:35:46
TX_0007462,KH_20328,SP_114689050,MIEN_NAM,1,50599.0,2026-05-12 23:05:08
TX_0007468,KH_20015,SP_16049716,MIEN_NAM,1,45000.0,2025-07-30 09:28:11
TX_0007469,KH_20481,SP_56020153,MIEN_NAM,2,63455.0,2025-01-02 16:10:51
TX_0007471,KH_20352,SP_146950180,MIEN_BAC,1,131000.0,2026-05-01 02:26:30
TX_0007479,KH_20193,SP_263026045,MIEN_NAM,1,1000.0,2025-05-05 21:17:13
TX_0007481,KH_20041,SP_263020074,MIEN_NAM,5,5000.0,2026-03-30 18:56:34
TX_0007486,KH_20146,SP_253052536,MIEN_NAM,3,599000.0,2026-03-14 22:36:12
TX_0007490,KH_20281,SP_249152045,MIEN_NAM,1,529000.0,2026-09-14 05:23:23
TX_0007491,KH_20289,SP_216379203,MIEN_NAM,3,1600000.0,2025-10-19 20:02:31
TX_0007493,KH_20333,SP_84447153,MIEN_NAM,1,25000.0,2025-03-20 04:28:26
TX_0007497,KH_20345,SP_144754292,MIEN_NAM,3,39000.0,2026-07-24 10:04:17
TX_0007499,KH_20462,SP_146491558,MIEN_NAM,2,20000.0,2026-08-16 22:13:10
TX_0007500,KH_20331,SP_86599717,MIEN_BAC,2,1490000.0,2026-03-21 11:13:00
